antecedents,consequents,antecedent support,consequent support,support,confidence,lift,representativity,leverage,conviction,zhangs_metric,jaccard,certainty,kulczynski
Firewalls,Network Security,0.0355,0.0355,0.031,0.8732394366197184,24.598293989287843,1.0,0.02973975,7.608833333333337,0.9946571012893192,0.7750000000000001,0.8685738067596873,0.8732394366197184
Network Security,Firewalls,0.0355,0.0355,0.031,0.8732394366197184,24.598293989287843,1.0,0.02973975,7.608833333333337,0.9946571012893192,0.7750000000000001,0.8685738067596873,0.8732394366197184
Data Science,"Market Research, Stakeholder Management",0.0405,0.036,0.034,0.8395061728395062,23.31961591220851,1.0,0.032542,6.006461538461541,0.9975170891702172,0.8000000000000002,0.8335126274268737,0.8919753086419754
"Market Research, Stakeholder Management",Data Science,0.036,0.0405,0.034,0.9444444444444444,23.319615912208505,1.0,0.032542,17.271000000000026,0.99286062972907,0.8000000000000002,0.9420994731052054,0.8919753086419754
"Mvp, Data Science",Market Research,0.036,0.0415,0.0345,0.9583333333333336,23.09236947791165,1.0,0.033006,23.004000000000083,0.9924228756990798,0.8023255813953489,0.956529299252304,0.8948293172690764
Market Research,"Mvp, Data Science",0.0415,0.036,0.0345,0.8313253012048193,23.09236947791165,1.0,0.033006,5.715142857142857,0.998117529654578,0.8023255813953489,0.8250262460630905,0.8948293172690764
"Product Strategy, Data Science",Market Research,0.035,0.0415,0.033,0.9428571428571428,22.71944922547332,1.0,0.0315475,16.773749999999996,0.9906578740775632,0.7586206896551723,0.9403830389745884,0.8690189328743545
Market Research,"Product Strategy, Data Science",0.0415,0.035,0.033,0.7951807228915663,22.71944922547332,1.0,0.0315475,4.711470588235295,0.9973759504275936,0.7586206896551723,0.7877520444472189,0.8690189328743545
"Mvp, Market Research",Data Science,0.0375,0.0405,0.0345,0.9200000000000002,22.71604938271605,1.0,0.03298125,11.993750000000023,0.9932241671372104,0.7931034482758622,0.9166232412714956,0.885925925925926
Data Science,"Mvp, Market Research",0.0405,0.0375,0.0345,0.8518518518518519,22.71604938271605,1.0,0.03298125,6.496875,0.9963296100777128,0.7931034482758622,0.8460798460798461,0.885925925925926
Data Science,"Mvp, Stakeholder Management",0.0405,0.036,0.033,0.8148148148148149,22.63374485596708,1.0,0.031542,5.205600000000001,0.996162774172154,0.7586206896551725,0.8078991854925466,0.8657407407407408
"Mvp, Stakeholder Management",Data Science,0.036,0.0405,0.033,0.9166666666666669,22.63374485596708,1.0,0.031542,11.51400000000001,0.9915126367408524,0.7586206896551725,0.913149209657808,0.8657407407407408
"Mvp, Product Strategy",Market Research,0.0365,0.0415,0.034,0.9315068493150688,22.445948176266715,1.0,0.03248525,13.994100000000037,0.991643517811899,0.7727272727272728,0.928541313839404,0.8753919788744018
"Stakeholder Management, Data Science",Market Research,0.0365,0.0415,0.034,0.9315068493150688,22.445948176266715,1.0,0.03248525,13.994100000000037,0.991643517811899,0.7727272727272728,0.928541313839404,0.8753919788744018
Market Research,"Stakeholder Management, Data Science",0.0415,0.0365,0.034,0.8192771084337349,22.44594817626671,1.0,0.03248525,5.331366666666666,0.9968164104452424,0.7727272727272728,0.8124308338699895,0.8753919788744018
Market Research,"Mvp, Product Strategy",0.0415,0.0365,0.034,0.8192771084337349,22.44594817626671,1.0,0.03248525,5.331366666666666,0.9968164104452424,0.7727272727272728,0.8124308338699895,0.8753919788744018
"Market Research, Data Science",Mvp,0.0375,0.041,0.0345,0.9200000000000002,22.439024390243905,1.0,0.0329625,11.987500000000022,0.9926595143986447,0.7840909090909092,0.9165797705943692,0.8807317073170733
Mvp,"Market Research, Data Science",0.041,0.0375,0.0345,0.8414634146341464,22.439024390243905,1.0,0.0329625,6.071153846153849,0.9962823593417056,0.7840909090909092,0.8352866645549574,0.8807317073170733
Mvp,"Product Strategy, Market Research",0.041,0.037,0.034,0.8292682926829269,22.412656558998027,1.0,0.032483,5.640428571428574,0.9962276881555544,0.7727272727272728,0.8227085074589064,0.874093605800923
"Product Strategy, Market Research",Mvp,0.037,0.041,0.034,0.9189189189189192,22.412656558998027,1.0,0.032483,11.82766666666669,0.9920896707592696,0.7727272727272728,0.915452470196996,0.874093605800923
Market Research,"Roadmapping, Data Science",0.0415,0.035,0.0325,0.7831325301204819,22.37521514629948,1.0,0.0310475,4.4497222222222215,0.996669475542715,0.7386363636363634,0.7752668705911729,0.8558519793459551
"Roadmapping, Data Science",Market Research,0.035,0.0415,0.0325,0.9285714285714284,22.37521514629948,1.0,0.0310475,13.418999999999984,0.9899561578318056,0.7386363636363634,0.9254787987182352,0.8558519793459551
Data Science,Market Research,0.0405,0.0415,0.0375,0.9259259259259258,22.31146809460062,1.0,0.03581925,12.939749999999982,0.9954976550286608,0.842696629213483,0.922718754226318,0.9147701918786256
Market Research,Data Science,0.0415,0.0405,0.0375,0.9036144578313252,22.31146809460062,1.0,0.03581925,9.95481249999999,0.9965362545644236,0.842696629213483,0.8995460738210789,0.9147701918786256
"Product Strategy, Data Science",Mvp,0.035,0.041,0.032,0.9142857142857144,22.29965156794425,1.0,0.030565,11.188333333333327,0.9897992227979276,0.7272727272727271,0.9106211827796812,0.8473867595818816
Mvp,"Product Strategy, Data Science",0.041,0.035,0.032,0.7804878048780488,22.29965156794425,1.0,0.030565,4.396111111111112,0.9959919186652764,0.7272727272727271,0.7725262226715531,0.8473867595818816
Data Science,"Roadmapping, Market Research",0.0405,0.036,0.0325,0.8024691358024691,22.290809327846368,1.0,0.031042,4.88025,0.99545436325009,0.7386363636363638,0.795092464525383,0.8526234567901235
"Roadmapping, Market Research",Data Science,0.036,0.0405,0.0325,0.902777777777778,22.290809327846368,1.0,0.031042,9.86914285714287,0.9908075327162466,0.7386363636363638,0.8986740779341094,0.8526234567901235
Swift,React Native,0.037,0.037,0.0305,0.8243243243243243,22.27903579254931,1.0,0.029131,5.481692307692308,0.9918117903409768,0.7011494252873564,0.8175745839297242,0.8243243243243243
React Native,Swift,0.037,0.037,0.0305,0.8243243243243243,22.27903579254931,1.0,0.029131,5.481692307692308,0.9918117903409768,0.7011494252873564,0.8175745839297242,0.8243243243243243
TensorFlow,"Statistics, NumPy",0.0385,0.0365,0.031,0.8051948051948052,22.060131649172742,1.0,0.02959475,4.945966666666668,0.9928958448660528,0.7045454545454546,0.7978150546910278,0.827254936843978
"Statistics, NumPy",TensorFlow,0.0365,0.0385,0.031,0.8493150684931507,22.060131649172742,1.0,0.02959475,6.380863636363639,0.990834825987244,0.7045454545454546,0.8432814024889763,0.827254936843978
"Mvp, Roadmapping",Market Research,0.0355,0.0415,0.0325,0.915492957746479,22.060071270999494,1.0,0.03102675,11.342250000000016,0.9898073932288552,0.7303370786516854,0.9118340717229828,0.8493127439334804
Market Research,"Mvp, Roadmapping",0.0415,0.0355,0.0325,0.7831325301204819,22.060071270999494,1.0,0.03102675,4.447416666666666,0.996003370651258,0.7303370786516854,0.775150368191272,0.8493127439334804
Dart,Flutter,0.04,0.034,0.03,0.75,22.058823529411764,1.0,0.02864,3.864,0.9944444444444444,0.6818181818181817,0.7412008281573499,0.8161764705882353
Flutter,Dart,0.034,0.04,0.03,0.8823529411764705,22.05882352941176,1.0,0.02864,8.15999999999999,0.9882677708764666,0.6818181818181817,0.8774509803921567,0.8161764705882353
Mvp,"Data Science, Stakeholder Management",0.041,0.0365,0.033,0.8048780487804879,22.051453391246245,1.0,0.0315035,4.937937500000001,0.995465604954656,0.7415730337078652,0.7974862986823953,0.8544938189107919
"Data Science, Stakeholder Management",Mvp,0.0365,0.041,0.033,0.904109589041096,22.05145339124624,1.0,0.0315035,10.001000000000008,0.990816310484188,0.7415730337078652,0.9000099990001,0.8544938189107919
Mvp,Market Research,0.041,0.0415,0.0375,0.9146341463414632,22.039377020276223,1.0,0.0357985,11.228142857142847,0.9954396941258256,0.8333333333333333,0.9109380765169152,0.9091243020863944
Market Research,Mvp,0.0415,0.041,0.0375,0.9036144578313252,22.039377020276223,1.0,0.0357985,9.94962499999999,0.9959589636584942,0.8333333333333333,0.899493699511288,0.9091243020863944
Data Science,"Product Strategy, Market Research",0.0405,0.037,0.033,0.8148148148148149,22.022022022022025,1.0,0.0315015,5.2002000000000015,0.9948836988962052,0.7415730337078652,0.807699703857544,0.8533533533533535
"Product Strategy, Market Research",Data Science,0.037,0.0405,0.033,0.891891891891892,22.022022022022025,1.0,0.0315015,8.875375000000009,0.991267818370622,0.7415730337078652,0.88732870442094,0.8533533533533535
"Roadmapping, Market Research",Mvp,0.036,0.041,0.0325,0.902777777777778,22.0189701897019,1.0,0.031024,9.864000000000011,0.990233003511012,0.7303370786516854,0.8986212489862127,0.8477303523035231
Mvp,"Market Research, Stakeholder Management",0.041,0.036,0.0325,0.7926829268292683,22.0189701897019,1.0,0.031024,4.6498823529411775,0.9953958450308816,0.7303370786516854,0.784940795466046,0.8477303523035231
"Market Research, Stakeholder Management",Mvp,0.036,0.041,0.0325,0.902777777777778,22.0189701897019,1.0,0.031024,9.864000000000011,0.990233003511012,0.7303370786516854,0.8986212489862127,0.8477303523035231
Mvp,"Roadmapping, Market Research",0.041,0.036,0.0325,0.7926829268292683,22.0189701897019,1.0,0.031024,4.6498823529411775,0.9953958450308816,0.7303370786516854,0.784940795466046,0.8477303523035231
Product Strategy,"Roadmapping, Stakeholder Management",0.042,0.0365,0.0335,0.7976190476190477,21.8525766470972,1.0,0.031967,4.760823529411766,0.9960739101984856,0.7444444444444445,0.7899523068179011,0.857713633398565
"Roadmapping, Stakeholder Management",Product Strategy,0.0365,0.042,0.0335,0.9178082191780824,21.8525766470972,1.0,0.031967,11.655666666666685,0.9903879667567714,0.7444444444444445,0.9142048216890212,0.857713633398565
Stakeholder Management,"Mvp, Data Science",0.042,0.036,0.033,0.7857142857142857,21.825396825396822,1.0,0.031488,4.498666666666666,0.9960144239893718,0.7333333333333334,0.7777119146413752,0.8511904761904763
"Mvp, Data Science",Stakeholder Management,0.036,0.042,0.033,0.9166666666666669,21.825396825396822,1.0,0.031488,11.49600000000001,0.989815164089023,0.7333333333333334,0.9130132219902576,0.8511904761904763
"Roadmapping, Market Research",Product Strategy,0.036,0.042,0.033,0.9166666666666669,21.825396825396822,1.0,0.031488,11.49600000000001,0.989815164089023,0.7333333333333334,0.9130132219902576,0.8511904761904763
Product Strategy,"Roadmapping, Market Research",0.042,0.036,0.033,0.7857142857142857,21.825396825396822,1.0,0.031488,4.498666666666666,0.9960144239893718,0.7333333333333334,0.7777119146413752,0.8511904761904763
Product Strategy,"Mvp, Roadmapping",0.042,0.0355,0.0325,0.7738095238095238,21.797451374916168,1.0,0.031009,4.264105263157895,0.9959531074353624,0.7222222222222223,0.76548421338468,0.8446512407780014
"Mvp, Roadmapping",Product Strategy,0.0355,0.042,0.0325,0.915492957746479,21.797451374916164,1.0,0.031009,11.336333333333348,0.9892411372971248,0.7222222222222223,0.9117880561027965,0.8446512407780014
"Product Strategy, Data Science",Stakeholder Management,0.035,0.042,0.032,0.9142857142857144,21.7687074829932,1.0,0.03053,11.176666666666662,0.9886658031088082,0.7111111111111109,0.9105278854756934,0.838095238095238
Stakeholder Management,"Product Strategy, Data Science",0.042,0.035,0.032,0.7619047619047619,21.768707482993197,1.0,0.03053,4.052999999999999,0.9958898747390398,0.7111111111111109,0.7532691833209968,0.838095238095238
"Mvp, Stakeholder Management",Market Research,0.036,0.0415,0.0325,0.902777777777778,21.75368139223561,1.0,0.031006,9.858857142857156,0.9896584743057774,0.7222222222222223,0.8985683649220427,0.8429551539491299
Market Research,"Mvp, Stakeholder Management",0.0415,0.036,0.0325,0.7831325301204819,21.75368139223561,1.0,0.031006,4.44511111111111,0.995337265759801,0.7222222222222223,0.7750337449382593,0.8429551539491299
Dart,Kotlin,0.04,0.038,0.033,0.8250000000000001,21.71052631578948,1.0,0.03148,5.497142857142859,0.9936868686868688,0.7333333333333334,0.8180873180873182,0.8467105263157895
Kotlin,Dart,0.038,0.04,0.033,0.868421052631579,21.710526315789476,1.0,0.03148,7.296000000000002,0.9916209916209916,0.7333333333333334,0.8629385964912281,0.8467105263157895
Mvp,Data Science,0.041,0.0405,0.036,0.8780487804878048,21.68021680216802,1.0,0.0343394999999999,7.8678999999999935,0.9946558915537016,0.7912087912087911,0.8729012824260602,0.8834688346883468
Data Science,Mvp,0.0405,0.041,0.036,0.8888888888888888,21.68021680216802,1.0,0.0343394999999999,8.630999999999997,0.994137571651902,0.7912087912087911,0.8841385702699571,0.8834688346883468
"Mvp, Product Strategy",Data Science,0.0365,0.0405,0.032,0.8767123287671234,21.64721799424996,1.0,0.03052175,7.782611111111115,0.9899374026984952,0.7111111111111111,0.8715084197677159,0.8334178927786233
Data Science,"Mvp, Product Strategy",0.0405,0.0365,0.032,0.7901234567901234,21.64721799424996,1.0,0.03052175,4.590794117647058,0.9940642912975508,0.7111111111111111,0.7821727626259714,0.8334178927786233
Mvp,"Roadmapping, Data Science",0.041,0.035,0.031,0.7560975609756098,21.60278745644599,1.0,0.029565,3.9565,0.99448350095866,0.6888888888888887,0.747251358523948,0.8209059233449477
"Roadmapping, Data Science",Mvp,0.035,0.041,0.031,0.8857142857142857,21.60278745644599,1.0,0.029565,8.391249999999998,0.988300183854254,0.6888888888888887,0.8808282437062416,0.8209059233449477
Product Strategy,"Mvp, Market Research",0.042,0.0375,0.034,0.8095238095238095,21.58730158730159,1.0,0.032425,5.0531250000000005,0.9954869212820828,0.7472527472527474,0.8021026592455164,0.8580952380952381
"Mvp, Market Research",Product Strategy,0.0375,0.042,0.034,0.9066666666666668,21.58730158730159,1.0,0.032425,10.26428571428572,0.9908326967150496,0.7472527472527474,0.9025748086290885,0.8580952380952381
Stakeholder Management,"Market Research, Data Science",0.042,0.0375,0.034,0.8095238095238095,21.58730158730159,1.0,0.032425,5.0531250000000005,0.9954869212820828,0.7472527472527474,0.8021026592455164,0.8580952380952381
"Market Research, Data Science",Stakeholder Management,0.0375,0.042,0.034,0.9066666666666668,21.58730158730159,1.0,0.032425,10.26428571428572,0.9908326967150496,0.7472527472527474,0.9025748086290885,0.8580952380952381
Data Science,"Mvp, Roadmapping",0.0405,0.0355,0.031,0.7654320987654321,21.561467570857243,1.0,0.0295622499999999,4.111815789473684,0.9938728168232782,0.6888888888888889,0.7567984435100384,0.8193357676925752
"Mvp, Roadmapping",Data Science,0.0355,0.0405,0.031,0.8732394366197184,21.561467570857243,1.0,0.0295622499999999,7.569388888888892,0.9887205471663404,0.6888888888888889,0.8678889386344121,0.8193357676925752
Roadmapping,"Product Strategy, Stakeholder Management",0.042,0.037,0.0335,0.7976190476190477,21.55727155727156,1.0,0.031946,4.758352941176471,0.9954195618982332,0.7362637362637363,0.7898432477871731,0.8515122265122266
"Product Strategy, Stakeholder Management",Roadmapping,0.037,0.042,0.0335,0.9054054054054056,21.55727155727156,1.0,0.031946,10.12742857142858,0.9902512360316796,0.7362637362637363,0.901258251988941,0.8515122265122266
Product Strategy,Roadmapping,0.042,0.042,0.038,0.9047619047619048,21.54195011337868,1.0,0.036236,10.058999999999989,0.9953851225140096,0.826086956521739,0.900586539417437,0.9047619047619048
Roadmapping,Product Strategy,0.042,0.042,0.038,0.9047619047619048,21.54195011337868,1.0,0.036236,10.058999999999989,0.9953851225140096,0.826086956521739,0.900586539417437,0.9047619047619048
Stakeholder Management,Data Science,0.042,0.0405,0.0365,0.869047619047619,21.457965902410344,1.0,0.034799,7.327090909090904,0.9951954700145852,0.7934782608695651,0.8635201866051266,0.8851410934744267
Data Science,Stakeholder Management,0.0405,0.042,0.0365,0.9012345679012344,21.457965902410344,1.0,0.034799,9.69974999999999,0.993639666778502,0.7934782608695651,0.8969045593958606,0.8851410934744267
Product Strategy,"Roadmapping, Data Science",0.042,0.035,0.0315,0.75,21.428571428571427,1.0,0.03003,3.86,0.9951287404314544,0.6923076923076921,0.7409326424870466,0.825
Stakeholder Management,"Roadmapping, Data Science",0.042,0.035,0.0315,0.75,21.428571428571427,1.0,0.03003,3.86,0.9951287404314544,0.6923076923076921,0.7409326424870466,0.825
Roadmapping,"Product Strategy, Data Science",0.042,0.035,0.0315,0.75,21.428571428571427,1.0,0.03003,3.86,0.9951287404314544,0.6923076923076921,0.7409326424870466,0.825
"Roadmapping, Data Science",Stakeholder Management,0.035,0.042,0.0315,0.8999999999999999,21.428571428571423,1.0,0.03003,9.579999999999991,0.9879101899827288,0.6923076923076921,0.8956158663883089,0.825
"Product Strategy, Data Science",Roadmapping,0.035,0.042,0.0315,0.8999999999999999,21.428571428571423,1.0,0.03003,9.579999999999991,0.9879101899827288,0.6923076923076921,0.8956158663883089,0.825
"Roadmapping, Data Science",Product Strategy,0.035,0.042,0.0315,0.8999999999999999,21.428571428571423,1.0,0.03003,9.579999999999991,0.9879101899827288,0.6923076923076921,0.8956158663883089,0.825
"Product Strategy, Stakeholder Management",Data Science,0.037,0.0405,0.032,0.8648648648648649,21.35468802135469,1.0,0.0305015,7.1003000000000025,0.9897942627206646,0.7032967032967034,0.859160880526175,0.8274941608274942
Data Science,"Product Strategy, Stakeholder Management",0.0405,0.037,0.032,0.7901234567901234,21.354688021354686,1.0,0.0305015,4.5884117647058815,0.9934047681083896,0.7032967032967034,0.7820596643718831,0.8274941608274942
Kotlin,Swift,0.038,0.037,0.03,0.7894736842105263,21.337126600284492,1.0,0.0285939999999999,4.57425,0.9907830907830908,0.6666666666666666,0.7813849264906816,0.8001422475106685
Swift,Kotlin,0.037,0.038,0.03,0.8108108108108109,21.337126600284492,1.0,0.0285939999999999,5.084857142857144,0.98975424022153,0.6666666666666666,0.803337641175479,0.8001422475106685
Data Science,"Roadmapping, Stakeholder Management",0.0405,0.0365,0.0315,0.7777777777777778,21.308980213089804,1.0,0.03002175,4.33575,0.993300081887888,0.6923076923076923,0.7693593957216168,0.8203957382039574
"Roadmapping, Stakeholder Management",Data Science,0.0365,0.0405,0.0315,0.863013698630137,21.3089802130898,1.0,0.03002175,7.0043500000000005,0.9891763659277928,0.6923076923076923,0.8572315775196843,0.8203957382039574
Dart,Ios,0.04,0.037,0.0315,0.7875,21.283783783783782,1.0,0.03002,4.5317647058823525,0.9927248677248678,0.6923076923076923,0.7793354101765316,0.8194256756756757
Ios,Dart,0.037,0.04,0.0315,0.8513513513513514,21.283783783783782,1.0,0.03002,6.458181818181822,0.989632266890834,0.6923076923076923,0.8451576576576577,0.8194256756756757
"Product Strategy, Market Research",Roadmapping,0.037,0.042,0.033,0.891891891891892,21.23552123552124,1.0,0.031446,8.861500000000008,0.9895213820447464,0.7173913043478262,0.8871522879873611,0.8388030888030888
Roadmapping,"Product Strategy, Market Research",0.042,0.037,0.033,0.7857142857142857,21.23552123552124,1.0,0.031446,4.494,0.9946858986524956,0.7173913043478262,0.7774810858923008,0.8388030888030888
Product Strategy,Market Research,0.042,0.0415,0.037,0.8809523809523808,21.22776821572002,1.0,0.035257,8.05139999999999,0.9946679456074028,0.7956989247311826,0.8757979978637255,0.8862593230063108
Market Research,Product Strategy,0.0415,0.042,0.037,0.8915662650602408,21.22776821572002,1.0,0.035257,8.834888888888878,0.9941490786561208,0.7956989247311826,0.8868123852403349,0.8862593230063108
Roadmapping,"Mvp, Product Strategy",0.042,0.0365,0.0325,0.7738095238095238,21.20026092628833,1.0,0.030967,4.259684210526316,0.9946041432471496,0.7065217391304348,0.76524081350236,0.8321102413568168
"Mvp, Product Strategy",Roadmapping,0.0365,0.042,0.0325,0.8904109589041097,21.20026092628833,1.0,0.030967,8.741750000000009,0.988926589756896,0.7065217391304348,0.8856064289186949,0.8321102413568168
Product Strategy,Mvp,0.042,0.041,0.0365,0.869047619047619,21.19628339140534,1.0,0.0347779999999999,7.323272727272722,0.9945949037664082,0.7849462365591396,0.8634490292467351,0.8796457607433217
Mvp,Product Strategy,0.041,0.042,0.0365,0.8902439024390243,21.196283391405338,1.0,0.0347779999999999,8.728444444444436,0.9935577870784348,0.7849462365591396,0.8854320484749731,0.8796457607433217
"Market Research, Stakeholder Management",Product Strategy,0.036,0.042,0.032,0.888888888888889,21.164021164021165,1.0,0.030488,8.622000000000005,0.9883298755186722,0.6956521739130435,0.8840176293203433,0.8253968253968254
Product Strategy,"Market Research, Stakeholder Management",0.042,0.036,0.032,0.7619047619047619,21.164021164021165,1.0,0.030488,4.048799999999999,0.9945198329853864,0.6956521739130435,0.7530132384904169,0.8253968253968254
"Mvp, Data Science",Product Strategy,0.036,0.042,0.032,0.888888888888889,21.164021164021165,1.0,0.030488,8.622000000000005,0.9883298755186722,0.6956521739130435,0.8840176293203433,0.8253968253968254
Product Strategy,"Mvp, Data Science",0.042,0.036,0.032,0.7619047619047619,21.164021164021165,1.0,0.030488,4.048799999999999,0.9945198329853864,0.6956521739130435,0.7530132384904169,0.8253968253968254
TensorFlow,NumPy,0.0385,0.04,0.0325,0.8441558441558442,21.103896103896105,1.0,0.03096,6.160000000000002,0.9907596303852154,0.7065217391304348,0.8376623376623377,0.828327922077922
NumPy,TensorFlow,0.04,0.0385,0.0325,0.8125,21.103896103896105,1.0,0.03096,5.128,0.9923076923076924,0.7065217391304348,0.8049921996879875,0.828327922077922
Pandas,Scikit-Learn,0.0375,0.04,0.0315,0.8400000000000001,21.0,1.0,0.03,6.000000000000003,0.989486703772418,0.6847826086956522,0.8333333333333334,0.81375
Scikit-Learn,Pandas,0.04,0.0375,0.0315,0.7875,21.0,1.0,0.03,4.529411764705882,0.992063492063492,0.6847826086956522,0.7792207792207793,0.81375
"Roadmapping, Product Strategy",Stakeholder Management,0.038,0.042,0.0335,0.8815789473684211,20.98997493734336,1.0,0.031904,8.089777777777783,0.9899773481863036,0.7204301075268817,0.8763872101966818,0.8395989974937343
Stakeholder Management,"Roadmapping, Product Strategy",0.042,0.038,0.0335,0.7976190476190477,20.98997493734336,1.0,0.031904,4.753411764705883,0.9941108652977284,0.7204301075268817,0.7896247896247897,0.8395989974937343
Stakeholder Management,Product Strategy,0.042,0.042,0.037,0.8809523809523808,20.9750566893424,1.0,0.0352359999999999,8.047199999999991,0.9940754951193363,0.7872340425531913,0.8757331742717963,0.8809523809523808
Product Strategy,Stakeholder Management,0.042,0.042,0.037,0.8809523809523808,20.9750566893424,1.0,0.0352359999999999,8.047199999999991,0.9940754951193363,0.7872340425531913,0.8757331742717963,0.8809523809523808
Product Strategy,"Market Research, Data Science",0.042,0.0375,0.033,0.7857142857142857,20.952380952380956,1.0,0.031425,4.491666666666666,0.9940216359840576,0.7096774193548387,0.7773654916512059,0.832857142857143
"Market Research, Data Science",Product Strategy,0.0375,0.042,0.033,0.8800000000000001,20.952380952380956,1.0,0.031425,7.9833333333333405,0.9893742621015348,0.7096774193548387,0.8747390396659709,0.832857142857143
Dart,React Native,0.04,0.037,0.031,0.775,20.945945945945947,1.0,0.02952,4.28,0.991935483870968,0.6739130434782609,0.7663551401869159,0.8064189189189189
Dart,Swift,0.04,0.037,0.031,0.775,20.945945945945947,1.0,0.02952,4.28,0.991935483870968,0.6739130434782609,0.7663551401869159,0.8064189189189189
NumPy,"TensorFlow, Statistics",0.04,0.037,0.031,0.775,20.945945945945947,1.0,0.02952,4.28,0.991935483870968,0.6739130434782609,0.7663551401869159,0.8064189189189189
Scikit-Learn,Deep Learning,0.04,0.037,0.031,0.775,20.945945945945947,1.0,0.02952,4.28,0.991935483870968,0.6739130434782609,0.7663551401869159,0.8064189189189189
"TensorFlow, Statistics",NumPy,0.037,0.04,0.031,0.8378378378378378,20.945945945945944,1.0,0.02952,5.919999999999999,0.9888453421766658,0.6739130434782609,0.831081081081081,0.8064189189189189
Deep Learning,Scikit-Learn,0.037,0.04,0.031,0.8378378378378378,20.945945945945944,1.0,0.02952,5.919999999999999,0.9888453421766658,0.6739130434782609,0.831081081081081,0.8064189189189189
React Native,Dart,0.037,0.04,0.031,0.8378378378378378,20.945945945945944,1.0,0.02952,5.919999999999999,0.9888453421766658,0.6739130434782609,0.831081081081081,0.8064189189189189
Swift,Dart,0.037,0.04,0.031,0.8378378378378378,20.945945945945944,1.0,0.02952,5.919999999999999,0.9888453421766658,0.6739130434782609,0.831081081081081,0.8064189189189189
Market Research,"Roadmapping, Product Strategy",0.0415,0.038,0.033,0.7951807228915663,20.92580849714648,1.0,0.031423,4.696823529411764,0.993439876068984,0.7096774193548387,0.7870901485359316,0.8318008877615726
"Roadmapping, Product Strategy",Market Research,0.038,0.0415,0.033,0.868421052631579,20.92580849714648,1.0,0.031423,7.284600000000002,0.9898254898254896,0.7096774193548387,0.8627241029020125,0.8318008877615726
Stakeholder Management,Mvp,0.042,0.041,0.036,0.857142857142857,20.90592334494773,1.0,0.0342779999999999,6.712999999999992,0.993910925539318,0.7659574468085104,0.8510353046328019,0.8675958188153309
Mvp,Stakeholder Management,0.041,0.042,0.036,0.8780487804878048,20.90592334494773,1.0,0.0342779999999999,7.855599999999993,0.9928745220716024,0.7659574468085104,0.8727022760833035,0.8675958188153309
"Data Science, Stakeholder Management",Product Strategy,0.0365,0.042,0.032,0.8767123287671234,20.874103065883887,1.0,0.030467,7.770444444444448,0.9881616502335236,0.6881720430107527,0.8713072325335317,0.8193085453359426
Product Strategy,"Data Science, Stakeholder Management",0.042,0.0365,0.032,0.7619047619047619,20.874103065883887,1.0,0.030467,4.0467,0.9938348121085596,0.6881720430107527,0.7528850668445893,0.8193085453359426
"Roadmapping, Product Strategy",Mvp,0.038,0.041,0.0325,0.855263157894737,20.86007702182285,1.0,0.030942,6.625818181818186,0.9896689588997282,0.6989247311827957,0.8490752428516548,0.8239730423620026
Mvp,"Roadmapping, Product Strategy",0.041,0.038,0.0325,0.7926829268292683,20.86007702182285,1.0,0.030942,4.640235294117648,0.9927648993342424,0.6989247311827957,0.7844936869327114,0.8239730423620026
"Product Strategy, Stakeholder Management",Market Research,0.037,0.0415,0.032,0.8648648648648649,20.840117225659395,1.0,0.0304645,7.092900000000003,0.9885935877466252,0.6881720430107527,0.8590139435209858,0.8179746011071312
Market Research,"Product Strategy, Stakeholder Management",0.0415,0.037,0.032,0.7710843373493975,20.840117225659395,1.0,0.0304645,4.206789473684209,0.9932348721961398,0.6881720430107527,0.7622890315154699,0.8179746011071312
Product Strategy,"Mvp, Stakeholder Management",0.042,0.036,0.0315,0.75,20.833333333333336,1.0,0.029988,3.856,0.9937369519832986,0.6774193548387097,0.7406639004149378,0.8125
"Mvp, Stakeholder Management",Product Strategy,0.036,0.042,0.0315,0.8750000000000001,20.833333333333336,1.0,0.029988,7.664000000000007,0.9875518672199172,0.6774193548387097,0.8695198329853864,0.8125
Stakeholder Management,"Mvp, Roadmapping",0.042,0.0355,0.031,0.738095238095238,20.79141515761234,1.0,0.029509,3.682636363636363,0.9936359350798034,0.6666666666666666,0.7284554049717347,0.8056673373574782
"Mvp, Roadmapping",Stakeholder Management,0.0355,0.042,0.031,0.8732394366197184,20.79141515761234,1.0,0.029509,7.557555555555559,0.986939580929447,0.6666666666666666,0.8676820841541946,0.8056673373574782
TensorFlow,Pandas,0.0385,0.0375,0.03,0.7792207792207791,20.77922077922078,1.0,0.02855625,4.359558823529411,0.9899895995839834,0.6521739130434783,0.7706189913982121,0.7896103896103897
Pandas,TensorFlow,0.0375,0.0385,0.03,0.8,20.77922077922078,1.0,0.02855625,4.807500000000001,0.9889610389610388,0.6521739130434783,0.7919916796671868,0.7896103896103897
"Product Strategy, Stakeholder Management",Mvp,0.037,0.041,0.0315,0.8513513513513514,20.76466710613052,1.0,0.029983,6.451454545454548,0.9884125335838732,0.6774193548387097,0.8449961953611589,0.8098220171390904
Mvp,"Product Strategy, Stakeholder Management",0.041,0.037,0.0315,0.7682926829268293,20.76466710613052,1.0,0.029983,4.156105263157895,0.9925352135988216,0.6774193548387097,0.7593901172656586,0.8098220171390904
Mvp,"Roadmapping, Stakeholder Management",0.041,0.0365,0.031,0.7560975609756098,20.715001670564654,1.0,0.0295035,3.95035,0.9924148138181572,0.6666666666666666,0.746857873352994,0.8027063147343803
"Roadmapping, Stakeholder Management",Mvp,0.0365,0.041,0.031,0.8493150684931507,20.71500167056465,1.0,0.0295035,6.36427272727273,0.987779767982992,0.6666666666666666,0.8428728555715858,0.8027063147343803
Stakeholder Management,Roadmapping,0.042,0.042,0.0365,0.869047619047619,20.69160997732426,1.0,0.0347359999999999,7.315636363636358,0.9933937712700546,0.7684210526315788,0.863306491698976,0.869047619047619
Roadmapping,Stakeholder Management,0.042,0.042,0.0365,0.869047619047619,20.69160997732426,1.0,0.0347359999999999,7.315636363636358,0.9933937712700546,0.7684210526315788,0.863306491698976,0.869047619047619
NumPy,Pandas,0.04,0.0375,0.031,0.775,20.666666666666668,1.0,0.0295,4.277777777777779,0.991263440860215,0.6666666666666666,0.7662337662337663,0.8008333333333333
Pandas,NumPy,0.0375,0.04,0.031,0.8266666666666667,20.666666666666668,1.0,0.0295,5.538461538461538,0.9886887306242144,0.6666666666666666,0.8194444444444444,0.8008333333333333
Market Research,Roadmapping,0.0415,0.042,0.036,0.8674698795180722,20.654044750430288,1.0,0.0342569999999999,7.228545454545449,0.9927838636758824,0.7578947368421051,0.8616595819604094,0.8623063683304646
Market Research,Stakeholder Management,0.0415,0.042,0.036,0.8674698795180722,20.654044750430288,1.0,0.0342569999999999,7.228545454545449,0.9927838636758824,0.7578947368421051,0.8616595819604094,0.8623063683304646
Stakeholder Management,Market Research,0.042,0.0415,0.036,0.857142857142857,20.654044750430288,1.0,0.0342569999999999,6.709499999999992,0.9933020180932498,0.7578947368421051,0.8509575974364705,0.8623063683304646
Roadmapping,Market Research,0.042,0.0415,0.036,0.857142857142857,20.654044750430288,1.0,0.0342569999999999,6.709499999999992,0.9933020180932498,0.7578947368421051,0.8509575974364705,0.8623063683304646
Roadmapping,"Mvp, Market Research",0.042,0.0375,0.0325,0.7738095238095238,20.63492063492064,1.0,0.030925,4.2552631578947375,0.9932551790589368,0.6914893617021277,0.7649969078540507,0.8202380952380952
Roadmapping,"Market Research, Data Science",0.042,0.0375,0.0325,0.7738095238095238,20.63492063492064,1.0,0.030925,4.2552631578947375,0.9932551790589368,0.6914893617021277,0.7649969078540507,0.8202380952380952
Stakeholder Management,"Mvp, Market Research",0.042,0.0375,0.0325,0.7738095238095238,20.63492063492064,1.0,0.030925,4.2552631578947375,0.9932551790589368,0.6914893617021277,0.7649969078540507,0.8202380952380952
"Market Research, Data Science",Roadmapping,0.0375,0.042,0.0325,0.8666666666666667,20.634920634920636,1.0,0.030925,7.185000000000001,0.9886113886113884,0.6914893617021277,0.860821155184412,0.8202380952380952
"Mvp, Market Research",Roadmapping,0.0375,0.042,0.0325,0.8666666666666667,20.634920634920636,1.0,0.030925,7.185000000000001,0.9886113886113884,0.6914893617021277,0.860821155184412,0.8202380952380952
"Mvp, Market Research",Stakeholder Management,0.0375,0.042,0.0325,0.8666666666666667,20.634920634920636,1.0,0.030925,7.185000000000001,0.9886113886113884,0.6914893617021277,0.860821155184412,0.8202380952380952
Mvp,Roadmapping,0.041,0.042,0.0355,0.8658536585365852,20.615563298490123,1.0,0.0337779999999999,7.141454545454539,0.9921720101631688,0.7473684210526313,0.8599725036916339,0.8555458768873402
Roadmapping,Mvp,0.042,0.041,0.0355,0.8452380952380951,20.615563298490123,1.0,0.0337779999999999,6.19661538461538,0.9932076803199152,0.7473684210526313,0.8386215800188688,0.8555458768873402
Stakeholder Management,"Product Strategy, Market Research",0.042,0.037,0.032,0.7619047619047619,20.592020592020592,1.0,0.030446,4.044599999999999,0.9931497912317327,0.6808510638297872,0.7527567621025565,0.8133848133848134
"Product Strategy, Market Research",Stakeholder Management,0.037,0.042,0.032,0.8648648648648649,20.592020592020592,1.0,0.030446,7.089200000000003,0.9879932502596056,0.6808510638297872,0.8589403599842014,0.8133848133848134
Roadmapping,Data Science,0.042,0.0405,0.035,0.8333333333333334,20.5761316872428,1.0,0.033299,5.7570000000000014,0.9931106471816284,0.736842105263158,0.8262984193156158,0.8487654320987654
Data Science,Product Strategy,0.0405,0.042,0.035,0.8641975308641976,20.5761316872428,1.0,0.033299,7.05436363636364,0.9915581031787388,0.736842105263158,0.8582437691693086,0.8487654320987654
Data Science,Roadmapping,0.0405,0.042,0.035,0.8641975308641976,20.5761316872428,1.0,0.033299,7.05436363636364,0.9915581031787388,0.736842105263158,0.8582437691693086,0.8487654320987654
Product Strategy,Data Science,0.042,0.0405,0.035,0.8333333333333334,20.5761316872428,1.0,0.033299,5.7570000000000014,0.9931106471816284,0.736842105263158,0.8262984193156158,0.8487654320987654
Roadmapping,"Data Science, Stakeholder Management",0.042,0.0365,0.0315,0.75,20.54794520547945,1.0,0.029967,3.854,0.9930410577592208,0.6702127659574468,0.7405293201868189,0.8065068493150684
Stakeholder Management,"Mvp, Product Strategy",0.042,0.0365,0.0315,0.75,20.54794520547945,1.0,0.029967,3.854,0.9930410577592208,0.6702127659574468,0.7405293201868189,0.8065068493150684
"Data Science, Stakeholder Management",Roadmapping,0.0365,0.042,0.0315,0.863013698630137,20.54794520547945,1.0,0.029967,6.9934,0.9873724269157584,0.6702127659574468,0.8570080361483685,0.8065068493150684
"Mvp, Product Strategy",Stakeholder Management,0.0365,0.042,0.0315,0.863013698630137,20.54794520547945,1.0,0.029967,6.9934,0.9873724269157584,0.6702127659574468,0.8570080361483685,0.8065068493150684
"Market Research, Stakeholder Management",Roadmapping,0.036,0.042,0.031,0.8611111111111112,20.502645502645503,1.0,0.029488,6.897600000000002,0.9867487618792666,0.6595744680851063,0.8550220366504292,0.7996031746031746
Roadmapping,"Market Research, Stakeholder Management",0.042,0.036,0.031,0.738095238095238,20.502645502645503,1.0,0.029488,3.680727272727272,0.9929288167553372,0.6595744680851063,0.7283145623394586,0.7996031746031746
"Roadmapping, Market Research",Stakeholder Management,0.036,0.042,0.031,0.8611111111111112,20.502645502645503,1.0,0.029488,6.897600000000002,0.9867487618792666,0.6595744680851063,0.8550220366504292,0.7996031746031746
Roadmapping,"Mvp, Data Science",0.042,0.036,0.031,0.738095238095238,20.502645502645503,1.0,0.029488,3.680727272727272,0.9929288167553372,0.6595744680851063,0.7283145623394586,0.7996031746031746
Roadmapping,"Mvp, Stakeholder Management",0.042,0.036,0.031,0.738095238095238,20.502645502645503,1.0,0.029488,3.680727272727272,0.9929288167553372,0.6595744680851063,0.7283145623394586,0.7996031746031746
Stakeholder Management,"Roadmapping, Market Research",0.042,0.036,0.031,0.738095238095238,20.502645502645503,1.0,0.029488,3.680727272727272,0.9929288167553372,0.6595744680851063,0.7283145623394586,0.7996031746031746
"Mvp, Data Science",Roadmapping,0.036,0.042,0.031,0.8611111111111112,20.502645502645503,1.0,0.029488,6.897600000000002,0.9867487618792666,0.6595744680851063,0.8550220366504292,0.7996031746031746
"Mvp, Stakeholder Management",Roadmapping,0.036,0.042,0.031,0.8611111111111112,20.502645502645503,1.0,0.029488,6.897600000000002,0.9867487618792666,0.6595744680851063,0.8550220366504292,0.7996031746031746
"Roadmapping, Product Strategy",Data Science,0.038,0.0405,0.0315,0.8289473684210527,20.46783625730994,1.0,0.029961,5.6093846153846165,0.9887139887139887,0.6702127659574468,0.8217273250870794,0.8033625730994152
Data Science,"Roadmapping, Product Strategy",0.0405,0.038,0.0315,0.7777777777777778,20.46783625730994,1.0,0.029961,4.329,0.9912901064542544,0.6702127659574468,0.768999768999769,0.8033625730994152
Market Research,"Roadmapping, Stakeholder Management",0.0415,0.0365,0.031,0.7469879518072289,20.465423337184355,1.0,0.02948525,3.808119047619047,0.9923183064936814,0.6595744680851063,0.7374031674179854,0.7981515101501898
"Roadmapping, Stakeholder Management",Market Research,0.0365,0.0415,0.031,0.8493150684931507,20.465423337184355,1.0,0.02948525,6.360954545454549,0.9871687563821416,0.6595744680851063,0.8427908904466883,0.7981515101501898
Scikit-Learn,NumPy,0.04,0.04,0.0325,0.8125,20.3125,1.0,0.0309,5.12,0.9903846153846154,0.6842105263157895,0.8046875,0.8125
NumPy,Scikit-Learn,0.04,0.04,0.0325,0.8125,20.3125,1.0,0.0309,5.12,0.9903846153846154,0.6842105263157895,0.8046875,0.8125
Scikit-Learn,TensorFlow,0.04,0.0385,0.031,0.775,20.12987012987013,1.0,0.02946,4.273333333333333,0.9899193548387096,0.6526315789473685,0.765990639625585,0.7900974025974026
TensorFlow,Scikit-Learn,0.0385,0.04,0.031,0.8051948051948052,20.12987012987013,1.0,0.02946,4.928000000000001,0.9883750188717226,0.6526315789473685,0.7970779220779222,0.7900974025974026
"Tableau, Data Cleaning",Power BI,0.048,0.056,0.0445,0.9270833333333331,16.555059523809522,1.0,0.0418119999999999,12.9462857142857,0.9869700689264468,0.7478991596638653,0.922757768361582,0.8608630952380951
Power BI,"Tableau, Data Cleaning",0.056,0.048,0.0445,0.7946428571428571,16.555059523809522,1.0,0.0418119999999999,4.635826086956521,0.9953342220529424,0.7478991596638653,0.7842887154861944,0.8608630952380951
Bash,Grafana,0.046,0.0415,0.0315,0.6847826086956522,16.500785751702463,1.0,0.029591,3.0407586206896555,0.9846926890952048,0.5625000000000001,0.6711346986913429,0.7219093766369827
Grafana,Bash,0.0415,0.046,0.0315,0.7590361445783133,16.500785751702463,1.0,0.029591,3.9591,0.9800697187238656,0.5625000000000001,0.7474173423252759,0.7219093766369827
"Python, Power BI",Business Intelligence,0.0475,0.0555,0.0435,0.9157894736842104,16.500711237553343,1.0,0.04086375,11.215937499999995,0.9862430989229796,0.7310924369747898,0.9108411579504612,0.8497866287339971
Business Intelligence,"Python, Power BI",0.0555,0.0475,0.0435,0.7837837837837838,16.500711237553343,1.0,0.04086375,4.4053125,0.994596666727515,0.7310924369747898,0.7730013478044974,0.8497866287339971
"Tableau, Business Intelligence",Power BI,0.0455,0.056,0.042,0.9230769230769232,16.483516483516485,1.0,0.039452,12.272000000000007,0.9841103544613234,0.7058823529411765,0.9185136897001304,0.8365384615384616
Power BI,"Tableau, Business Intelligence",0.056,0.0455,0.042,0.75,16.483516483516485,1.0,0.039452,3.818,0.9950564971751412,0.7058823529411765,0.7380827658459926,0.8365384615384616
Business Intelligence,"Power BI, Looker",0.0555,0.049,0.0445,0.8018018018018017,16.36330207758779,1.0,0.0417805,4.798227272727271,0.9940578511905116,0.7416666666666665,0.7915896969524728,0.854982533553962
"Power BI, Looker",Business Intelligence,0.049,0.0555,0.0445,0.9081632653061223,16.36330207758779,1.0,0.0417805,10.284555555555544,0.987263554626118,0.7416666666666665,0.9027668240403623,0.854982533553962
Business Intelligence,"Data Cleaning, Statistics",0.0555,0.0525,0.0475,0.8558558558558559,16.302016302016302,1.0,0.04458625,6.573281250000002,0.9938146053328132,0.7851239669421488,0.8478689771565762,0.8803088803088803
"Data Cleaning, Statistics",Business Intelligence,0.0525,0.0555,0.0475,0.9047619047619048,16.302016302016302,1.0,0.04458625,9.91725,0.9906679627829468,0.7851239669421488,0.8991655953011167,0.8803088803088803
Business Intelligence,"Statistics, Power BI",0.0555,0.049,0.044,0.7927927927927927,16.17944475087332,1.0,0.0412805,4.589608695652172,0.9933225853024688,0.7272727272727271,0.7821165013594035,0.845375988233131
"Statistics, Power BI",Business Intelligence,0.049,0.0555,0.044,0.8979591836734693,16.17944475087332,1.0,0.0412805,9.25609999999999,0.9865333142147024,0.7272727272727271,0.8919631378226249,0.845375988233131
"Tableau, Data Cleaning",Business Intelligence,0.048,0.0555,0.043,0.8958333333333333,16.14114114114114,1.0,0.040336,9.067199999999994,0.985342974399062,0.7107438016528924,0.8897123698605963,0.835304054054054
Business Intelligence,"Tableau, Data Cleaning",0.0555,0.048,0.043,0.7747747747747747,16.14114114114114,1.0,0.040336,4.22688,0.9931672965885728,0.7107438016528924,0.7634188810659398,0.835304054054054
"Data Cleaning, Business Intelligence",Power BI,0.0515,0.056,0.0465,0.9029126213592232,16.123439667128988,1.0,0.043616,9.723200000000004,0.9889072162611028,0.7622950819672131,0.8971532005923976,0.8666348821081831
Power BI,"Data Cleaning, Business Intelligence",0.056,0.0515,0.0465,0.8303571428571428,16.123439667128988,1.0,0.043616,5.59115789473684,0.9936212866776016,0.7622950819672131,0.8211461706453799,0.8666348821081831
Business Intelligence,"Tableau, Power BI",0.0555,0.047,0.042,0.7567567567567568,16.101207590569295,1.0,0.0393915,3.917888888888889,0.993004613174015,0.6942148760330579,0.7447605002694195,0.8251868890166763
"Tableau, Power BI",Business Intelligence,0.047,0.0555,0.042,0.8936170212765958,16.101207590569295,1.0,0.0393915,8.878300000000007,0.9841478039274472,0.6942148760330579,0.8873658245384816,0.8251868890166763
Business Intelligence,"Tableau, Looker",0.0555,0.0465,0.0415,0.7477477477477478,16.080596725758017,1.0,0.03891925,3.779946428571429,0.9929203314050272,0.6859504132231404,0.7354459861014659,0.8201104330136588
"Tableau, Looker",Business Intelligence,0.0465,0.0555,0.0415,0.89247311827957,16.080596725758017,1.0,0.03891925,8.783850000000008,0.9835482464730448,0.6859504132231404,0.8861547043722287,0.8201104330136588
"Statistics, Looker",Business Intelligence,0.051,0.0555,0.0455,0.8921568627450981,16.074898427839607,1.0,0.0426695,8.758090909090914,0.9881888396113896,0.7459016393442623,0.885819865267441,0.8559883412824589
"Data Cleaning, Python",Business Intelligence,0.051,0.0555,0.0455,0.8921568627450981,16.074898427839607,1.0,0.0426695,8.758090909090914,0.9881888396113896,0.7459016393442623,0.885819865267441,0.8559883412824589
Business Intelligence,"Data Cleaning, Python",0.0555,0.051,0.0455,0.8198198198198198,16.074898427839603,1.0,0.0426695,5.266949999999999,0.9928969918382304,0.7459016393442623,0.8101367964381663,0.8559883412824589
Business Intelligence,"Statistics, Looker",0.0555,0.051,0.0455,0.8198198198198198,16.074898427839603,1.0,0.0426695,5.266949999999999,0.9928969918382304,0.7459016393442623,0.8101367964381663,0.8559883412824589
Power BI,"Data Visualization, Business Intelligence",0.056,0.05,0.045,0.8035714285714285,16.07142857142857,1.0,0.0422,4.836363636363634,0.9934086629001884,0.7377049180327867,0.7932330827067668,0.8517857142857141
"Data Visualization, Business Intelligence",Power BI,0.05,0.056,0.045,0.8999999999999999,16.07142857142857,1.0,0.0422,9.43999999999999,0.9871345029239768,0.7377049180327867,0.8940677966101694,0.8517857142857141
"Data Visualization, Data Cleaning",Power BI,0.0535,0.056,0.048,0.897196261682243,16.02136181575434,1.0,0.045004,9.182545454545451,0.990579327346364,0.7804878048780488,0.8910977348328845,0.87716955941255
Power BI,"Data Visualization, Data Cleaning",0.056,0.0535,0.048,0.8571428571428571,16.02136181575434,1.0,0.045004,6.625499999999998,0.9932026836158192,0.7804878048780488,0.8490679948683117,0.87716955941255
Data Cleaning,"Power BI, Business Intelligence",0.06,0.0485,0.0465,0.775,15.97938144329897,1.0,0.04359,4.228888888888889,0.997254632807138,0.75,0.7635312664214399,0.8668814432989691
"Power BI, Business Intelligence",Data Cleaning,0.0485,0.06,0.0465,0.958762886597938,15.97938144329897,1.0,0.04359,22.79499999999996,0.9852016340921804,0.75,0.9561307304233384,0.8668814432989691
"Python, Power BI",Data Cleaning,0.0475,0.06,0.0455,0.9578947368421052,15.964912280701755,1.0,0.04265,22.32499999999999,0.984107755761299,0.7338709677419355,0.9552071668533036,0.8581140350877192
Data Cleaning,"Python, Power BI",0.06,0.0475,0.0455,0.7583333333333333,15.964912280701752,1.0,0.04265,3.941379310344827,0.9971942950666356,0.7338709677419355,0.7462817147856518,0.8581140350877192
"Data Cleaning, Power BI",Business Intelligence,0.0525,0.0555,0.0465,0.8857142857142858,15.95881595881596,1.0,0.04358625,8.264375000000005,0.9892756830368542,0.7560975609756098,0.8789987143613401,0.8617760617760618
Business Intelligence,"Data Cleaning, Power BI",0.0555,0.0525,0.0465,0.8378378378378378,15.95881595881596,1.0,0.04358625,5.8429166666666665,0.9924179033111904,0.7560975609756098,0.8288525993011481,0.8617760617760618
Data Cleaning,"SQL, Business Intelligence",0.06,0.047,0.045,0.75,15.95744680851064,1.0,0.0421799999999999,3.812,0.997163120567376,0.7258064516129032,0.7376705141657922,0.8537234042553191
"SQL, Business Intelligence",Data Cleaning,0.047,0.06,0.045,0.9574468085106382,15.957446808510635,1.0,0.0421799999999999,22.089999999999968,0.9835606855543896,0.7258064516129032,0.9547306473517428,0.8537234042553191
Data Cleaning,"Power BI, SQL",0.06,0.0465,0.0445,0.7416666666666667,15.949820788530468,1.0,0.04171,3.690967741935484,0.9971312455175712,0.7177419354838709,0.7290683446949834,0.8493279569892473
"Power BI, SQL",Data Cleaning,0.0465,0.06,0.0445,0.956989247311828,15.949820788530465,1.0,0.04171,21.85499999999996,0.9830134984651462,0.7177419354838709,0.954243880118966,0.8493279569892473
"Data Cleaning, Python",Power BI,0.051,0.056,0.0455,0.8921568627450981,15.931372549019608,1.0,0.042644,8.753454545454549,0.9875982815919592,0.7398373983739838,0.8857593885011632,0.852328431372549
Power BI,"Data Cleaning, Python",0.056,0.051,0.0455,0.8125,15.931372549019608,1.0,0.042644,5.061333333333333,0.9928292046936116,0.7398373983739838,0.8024236037934668,0.852328431372549
Power BI,"Looker, Business Intelligence",0.056,0.05,0.0445,0.7946428571428571,15.89285714285714,1.0,0.0417,4.626086956521738,0.9926680632260524,0.7235772357723576,0.7838345864661653,0.8423214285714284
"Looker, Business Intelligence",Power BI,0.05,0.056,0.0445,0.8899999999999999,15.89285714285714,1.0,0.0417,8.581818181818173,0.9863985807214668,0.7235772357723576,0.8834745762711863,0.8423214285714284
"Power BI, SQL",Business Intelligence,0.0465,0.0555,0.041,0.8817204301075269,15.886854596532016,1.0,0.03841925,7.985318181818181,0.982752887308632,0.6721311475409836,0.8747701748094514,0.8102295844231329
Business Intelligence,"Power BI, SQL",0.0555,0.0465,0.041,0.7387387387387387,15.886854596532016,1.0,0.03841925,3.649603448275862,0.992117393381451,0.6721311475409836,0.7259976284622326,0.8102295844231329
"Python, Looker",Business Intelligence,0.0505,0.0555,0.0445,0.8811881188118811,15.877263402015876,1.0,0.04169725,7.94954166666666,0.9868529267325796,0.7235772357723576,0.8742065842370366,0.8414949603068413
Business Intelligence,"Python, Looker",0.0555,0.0505,0.0445,0.8018018018018017,15.877263402015874,1.0,0.04169725,4.790659090909089,0.9920771349206822,0.7235772357723576,0.7912604547675637,0.8414949603068413
"Excel, Tableau",Power BI,0.0495,0.056,0.044,0.8888888888888888,15.873015873015872,1.0,0.041228,8.495999999999995,0.9857969489742242,0.7154471544715445,0.8822975517890772,0.8373015873015872
Power BI,"Excel, Tableau",0.056,0.0495,0.044,0.7857142857142857,15.873015873015872,1.0,0.041228,4.435666666666666,0.992584745762712,0.7154471544715445,0.7745547456226046,0.8373015873015872
Data Cleaning,"Excel, Power BI",0.06,0.0515,0.049,0.8166666666666668,15.85760517799353,1.0,0.04591,5.173636363636367,0.9967433782023448,0.7840000000000003,0.8067123528378142,0.8840614886731393
"Excel, Power BI",Data Cleaning,0.0515,0.06,0.049,0.9514563106796118,15.85760517799353,1.0,0.04591,19.36400000000005,0.9878110442912008,0.7840000000000003,0.948357777318736,0.8840614886731393
Power BI,"Python, Business Intelligence",0.056,0.049,0.0435,0.7767857142857142,15.85276967930029,1.0,0.0407559999999999,4.260479999999998,0.9924995129553866,0.7073170731707316,0.7652846627610034,0.8322704081632653
"Python, Business Intelligence",Power BI,0.049,0.056,0.0435,0.8877551020408162,15.85276967930029,1.0,0.0407559999999999,8.410181818181808,0.9851940486118664,0.7073170731707316,0.8810965063991697,0.8322704081632653
Data Cleaning,"Statistics, Business Intelligence",0.06,0.05,0.0475,0.7916666666666667,15.833333333333334,1.0,0.0445,4.560000000000001,0.9966405375139978,0.76,0.780701754385965,0.8708333333333333
"Statistics, Business Intelligence",Data Cleaning,0.05,0.06,0.0475,0.95,15.833333333333334,1.0,0.0445,18.799999999999983,0.9861495844875346,0.76,0.946808510638298,0.8708333333333333
"Data Cleaning, Statistics",Power BI,0.0525,0.056,0.0465,0.8857142857142858,15.816326530612246,1.0,0.04356,8.260000000000005,0.9886798876500128,0.75,0.8789346246973366,0.8580357142857142
"Statistics, Power BI",Data Cleaning,0.049,0.06,0.0465,0.9489795918367346,15.816326530612244,1.0,0.04356,18.423999999999975,0.9850412129846344,0.744,0.9457229700390796,0.8619897959183673
Data Cleaning,"Statistics, Power BI",0.06,0.049,0.0465,0.775,15.816326530612244,1.0,0.04356,4.226666666666667,0.9965682910089224,0.744,0.7634069400630915,0.8619897959183673
Power BI,"Data Cleaning, Statistics",0.056,0.0525,0.0465,0.8303571428571428,15.816326530612244,1.0,0.04356,5.585263157894735,0.992345544013122,0.75,0.8209574067093856,0.8580357142857142
Data Cleaning,"Power BI, Looker",0.06,0.049,0.0465,0.775,15.816326530612244,1.0,0.04356,4.226666666666667,0.9965682910089224,0.744,0.7634069400630915,0.8619897959183673
"Power BI, Looker",Data Cleaning,0.049,0.06,0.0465,0.9489795918367346,15.816326530612244,1.0,0.04356,18.423999999999975,0.9850412129846344,0.744,0.9457229700390796,0.8619897959183673
Business Intelligence,"Data Cleaning, Looker",0.0555,0.053,0.0465,0.8378378378378378,15.80826109127996,1.0,0.0435585,5.839833333333333,0.9917860619204564,0.75,0.8287622363651931,0.8575981642019378
"Data Cleaning, Looker",Business Intelligence,0.053,0.0555,0.0465,0.8773584905660378,15.80826109127996,1.0,0.0435585,7.701307692307694,0.9891678305003918,0.75,0.8701519222509664,0.8575981642019378
Data Cleaning,"Tableau, Power BI",0.06,0.047,0.0445,0.7416666666666667,15.780141843971633,1.0,0.0416799999999999,3.689032258064517,0.996414056896964,0.712,0.7289261979713186,0.8442375886524822
"Tableau, Power BI",Data Cleaning,0.047,0.06,0.0445,0.946808510638298,15.78014184397163,1.0,0.0416799999999999,17.671999999999993,0.9828218399613284,0.712,0.9434133091896788,0.8442375886524822
Looker,"Excel, Python",0.0585,0.0515,0.0475,0.811965811965812,15.766326445938097,1.0,0.04448725,5.044295454545455,0.9947675881152694,0.76,0.8017562593208349,0.8671479545265953
"Excel, Python",Looker,0.0515,0.0585,0.0475,0.9223300970873788,15.766326445938097,1.0,0.04448725,12.121812500000006,0.9874261299003968,0.76,0.917504086125734,0.8671479545265953
Power BI,"Excel, Data Cleaning",0.056,0.0555,0.049,0.875,15.765765765765764,1.0,0.045892,7.556,0.992130750605327,0.784,0.8676548438327157,0.8789414414414414
"Excel, Data Cleaning",Power BI,0.0555,0.056,0.049,0.8828828828828829,15.765765765765764,1.0,0.045892,8.06030769230769,0.991605535808818,0.784,0.8759352572911895,0.8789414414414414
Data Cleaning,"Tableau, Business Intelligence",0.06,0.0455,0.043,0.7166666666666667,15.750915750915752,1.0,0.04027,3.368823529411765,0.996288965858486,0.688,0.7031604679587917,0.8308608058608058
"Tableau, Business Intelligence",Data Cleaning,0.0455,0.06,0.043,0.945054945054945,15.750915750915752,1.0,0.04027,17.10799999999999,0.981154141337849,0.688,0.9415478138882394,0.8308608058608058
Power BI,"Tableau, Looker",0.056,0.0465,0.041,0.7321428571428572,15.745007680491552,1.0,0.038396,3.5597333333333343,0.9920421661843736,0.6666666666666666,0.7190800809049368,0.8069316436251921
"Tableau, Looker",Power BI,0.0465,0.056,0.041,0.8817204301075269,15.74500768049155,1.0,0.038396,7.981090909090908,0.9821581592847914,0.6666666666666666,0.8747038454528886,0.8069316436251921
"Data Visualization, Power BI",Business Intelligence,0.0515,0.0555,0.045,0.8737864077669903,15.743899239044872,1.0,0.04214175,7.483346153846157,0.9873308733087331,0.7258064516129032,0.8663699394039072,0.8422986092889005
"Excel, Python",Business Intelligence,0.0515,0.0555,0.045,0.8737864077669903,15.743899239044872,1.0,0.04214175,7.483346153846157,0.9873308733087331,0.7258064516129032,0.8663699394039072,0.8422986092889005
Business Intelligence,"Data Visualization, Power BI",0.0555,0.0515,0.045,0.8108108108108107,15.74389923904487,1.0,0.04214175,5.013499999999999,0.9915122639844716,0.7258064516129032,0.8005385459259997,0.8422986092889005
Business Intelligence,"Excel, Python",0.0555,0.0515,0.045,0.8108108108108107,15.74389923904487,1.0,0.04214175,5.013499999999999,0.9915122639844716,0.7258064516129032,0.8005385459259997,0.8422986092889005
Looker,"Excel, Business Intelligence",0.0585,0.0505,0.0465,0.7948717948717948,15.740035542015738,1.0,0.04354575,4.628812499999999,0.9946550631285012,0.7439999999999999,0.7839618692699261,0.8578319370398577
"Excel, Business Intelligence",Looker,0.0505,0.0585,0.0465,0.9207920792079208,15.740035542015738,1.0,0.04354575,11.886437499999989,0.9862746097266812,0.7439999999999999,0.9158705036727782,0.8578319370398577
Power BI,"Excel, Business Intelligence",0.056,0.0505,0.0445,0.7946428571428571,15.735502121640732,1.0,0.041672,4.623652173913042,0.9920015235193298,0.7177419354838708,0.7837207552847363,0.8379154879773691
"Excel, Business Intelligence",Power BI,0.0505,0.056,0.0445,0.8811881188118811,15.735502121640732,1.0,0.041672,7.945333333333326,0.9862553324931512,0.7177419354838708,0.874139956368518,0.8379154879773691
"Looker, SQL",Excel,0.0495,0.061,0.0475,0.9595959595959596,15.731081304851797,1.0,0.0444805,23.24024999999998,0.9851989257731388,0.753968253968254,0.9569712029775927,0.8691422420930617
Excel,"Looker, SQL",0.061,0.0495,0.0475,0.7786885245901639,15.731081304851797,1.0,0.0444805,4.294851851851852,0.9972647273134913,0.753968253968254,0.7671630979380999,0.8691422420930617
Power BI,"Statistics, Business Intelligence",0.056,0.05,0.044,0.7857142857142857,15.714285714285714,1.0,0.0412,4.433333333333333,0.9919106317411404,0.7096774193548385,0.7744360902255639,0.8328571428571427
"Statistics, Business Intelligence",Power BI,0.05,0.056,0.044,0.8799999999999999,15.714285714285712,1.0,0.0412,7.866666666666659,0.985645933014354,0.7096774193548385,0.8728813559322033,0.8328571428571427
Looker,"Power BI, Business Intelligence",0.0585,0.0485,0.0445,0.7606837606837606,15.68420125121156,1.0,0.04166275,3.9759107142857135,0.994414841246636,0.7119999999999999,0.7484852976182456,0.8391047669398184
"Power BI, Business Intelligence",Looker,0.0485,0.0585,0.0445,0.9175257731958762,15.684201251211558,1.0,0.04166275,11.415687499999995,0.9839638182172442,0.7119999999999999,0.9124012460922742,0.8391047669398184
"Excel, Business Intelligence",Data Cleaning,0.0505,0.06,0.0475,0.9405940594059404,15.676567656765677,1.0,0.04447,15.823333333333318,0.9860037138660236,0.753968253968254,0.9368021908573836,0.8661303630363036
Data Cleaning,"Excel, Business Intelligence",0.06,0.0505,0.0475,0.7916666666666667,15.676567656765677,1.0,0.04447,4.557600000000002,0.9959686450167976,0.753968253968254,0.7805862734772688,0.8661303630363036
"Data Cleaning, Looker",Power BI,0.053,0.056,0.0465,0.8773584905660378,15.66711590296496,1.0,0.043532,7.697230769230771,0.9885660433059692,0.744,0.8700831467860569,0.8538578167115902
Power BI,"Data Cleaning, Looker",0.056,0.053,0.0465,0.8303571428571428,15.66711590296496,1.0,0.043532,5.5823157894736815,0.9917076726808822,0.744,0.8208628752451349,0.8538578167115902
"Data Visualization, Data Cleaning",Business Intelligence,0.0535,0.0555,0.0465,0.8691588785046729,15.66052033341753,1.0,0.04353075,7.218678571428571,0.989059864015132,0.744,0.8614704907407865,0.8534983581712554
Business Intelligence,"Data Visualization, Data Cleaning",0.0555,0.0535,0.0465,0.8378378378378378,15.66052033341753,1.0,0.04353075,5.836749999999999,0.991154220529722,0.744,0.8286717779586242,0.8534983581712554
Data Cleaning,"Looker, SQL",0.06,0.0495,0.0465,0.775,15.656565656565656,1.0,0.04353,4.224444444444445,0.9958819492107068,0.7380952380952381,0.7632824829037349,0.8571969696969697
"Looker, SQL",Data Cleaning,0.0495,0.06,0.0465,0.9393939393939392,15.656565656565656,1.0,0.04353,15.509999999999984,0.9848806231015932,0.7380952380952381,0.9355254674403612,0.8571969696969697
Data Cleaning,Power BI,0.06,0.056,0.0525,0.875,15.625,1.0,0.0491399999999999,7.552,0.9957446808510638,0.8267716535433071,0.8675847457627118,0.90625
Power BI,Data Cleaning,0.056,0.06,0.0525,0.9375,15.625,1.0,0.0491399999999999,15.04,0.9915254237288136,0.8267716535433071,0.9335106382978724,0.90625
Business Intelligence,Power BI,0.0555,0.056,0.0485,0.8738738738738739,15.604890604890606,1.0,0.045392,7.484571428571432,0.9909132088652152,0.7698412698412699,0.866391815544358,0.8699726512226513
Power BI,Business Intelligence,0.056,0.0555,0.0485,0.8660714285714286,15.604890604890604,1.0,0.045392,7.052266666666668,0.9914380569631313,0.7698412698412699,0.8582016183921954,0.8699726512226513
Business Intelligence,"Data Visualization, Looker",0.0555,0.052,0.045,0.8108108108108107,15.592515592515593,1.0,0.042114,5.010857142857141,0.9908593612140464,0.72,0.8004333447371421,0.8380977130977131
"Data Cleaning, SQL",Business Intelligence,0.052,0.0555,0.045,0.8653846153846154,15.592515592515593,1.0,0.042114,7.016285714285716,0.9872011251758088,0.72,0.8574744472044631,0.8380977130977131
Business Intelligence,"Data Cleaning, SQL",0.0555,0.052,0.045,0.8108108108108107,15.592515592515593,1.0,0.042114,5.010857142857141,0.9908593612140464,0.72,0.8004333447371421,0.8380977130977131
"Data Visualization, Looker",Business Intelligence,0.052,0.0555,0.045,0.8653846153846154,15.592515592515593,1.0,0.042114,7.016285714285716,0.9872011251758088,0.72,0.8574744472044631,0.8380977130977131
Looker,"Tableau, Business Intelligence",0.0585,0.0455,0.0415,0.7094017094017094,15.59124636047713,1.0,0.03883825,3.284602941176471,0.9940110948307302,0.664,0.6955491979064531,0.8107448107448108
"Tableau, Business Intelligence",Looker,0.0455,0.0585,0.0415,0.9120879120879122,15.59124636047713,1.0,0.03883825,10.709562500000011,0.9804729657235544,0.664,0.9066255040763804,0.8107448107448108
Power BI,"SQL, Business Intelligence",0.056,0.047,0.041,0.7321428571428572,15.577507598784196,1.0,0.038368,3.5578666666666674,0.9913187267465894,0.6612903225806451,0.7189326937490632,0.8022416413373861
"SQL, Business Intelligence",Power BI,0.047,0.056,0.041,0.8723404255319149,15.577507598784194,1.0,0.038368,7.3946666666666685,0.9819568499987203,0.6612903225806451,0.864767399927876,0.8022416413373861
"Excel, Power BI",Business Intelligence,0.0515,0.0555,0.0445,0.8640776699029127,15.568967025277706,1.0,0.04164175,6.948821428571431,0.9865784532644684,0.712,0.8560907039734386,0.8329397358523571
Business Intelligence,"Excel, Power BI",0.0555,0.0515,0.0445,0.8018018018018017,15.568967025277704,1.0,0.04164175,4.785613636363634,0.9907566574074624,0.712,0.7910403814462854,0.8329397358523571
Power BI,"Excel, Data Visualization",0.056,0.0545,0.0475,0.8482142857142857,15.56356487549148,1.0,0.044448,6.229176470588235,0.991257805530776,0.753968253968254,0.8394651356047442,0.8598869593709043
"Excel, Data Visualization",Power BI,0.0545,0.056,0.0475,0.8715596330275229,15.56356487549148,1.0,0.044448,7.349714285714285,0.9896852125024354,0.753968253968254,0.8639402892240708,0.8598869593709043
"Excel, SQL",Data Cleaning,0.0525,0.06,0.049,0.9333333333333336,15.55555555555556,1.0,0.04585,14.100000000000026,0.9875612514134942,0.7716535433070868,0.9290780141843974,0.8750000000000001
Data Cleaning,"Excel, SQL",0.06,0.0525,0.049,0.8166666666666668,15.555555555555555,1.0,0.04585,5.168181818181821,0.9954407294832828,0.7716535433070868,0.8065083553210204,0.8750000000000001
"Statistics, Business Intelligence",Looker,0.05,0.0585,0.0455,0.91,15.555555555555554,1.0,0.042575,10.4611111111111,0.9849624060150376,0.722222222222222,0.9044078597981944,0.8438888888888888
Looker,"Statistics, Business Intelligence",0.0585,0.05,0.0455,0.7777777777777777,15.555555555555554,1.0,0.042575,4.274999999999998,0.9938547909870268,0.722222222222222,0.7660818713450291,0.8438888888888888
Excel,"Tableau, Data Cleaning",0.061,0.048,0.0455,0.7459016393442623,15.539617486338798,1.0,0.042572,3.746580645161291,0.9964306194338144,0.7165354330708661,0.7330899572943932,0.8469091530054644
"Tableau, Data Cleaning",Excel,0.048,0.061,0.0455,0.9479166666666666,15.539617486338798,1.0,0.042572,18.02879999999999,0.9828238987902852,0.7165354330708661,0.944533191338303,0.8469091530054644
Data Cleaning,"Data Visualization, Power BI",0.06,0.0515,0.048,0.8,15.533980582524274,1.0,0.04491,4.7425000000000015,0.995345744680851,0.7559055118110238,0.7891407485503427,0.8660194174757282
"Data Visualization, Power BI",Data Cleaning,0.0515,0.06,0.048,0.9320388349514565,15.533980582524272,1.0,0.04491,13.831428571428576,0.9864259356879282,0.7559055118110238,0.92770088824623,0.8660194174757282
Looker,"Python, Business Intelligence",0.0585,0.049,0.0445,0.7606837606837606,15.524158381301238,1.0,0.0416335,3.973821428571428,0.9937166964024656,0.7063492063492062,0.7483530606558997,0.8344235129949416
"Python, Business Intelligence",Looker,0.049,0.0585,0.0445,0.9081632653061223,15.524158381301236,1.0,0.0416335,10.251888888888878,0.9837899786150592,0.7063492063492062,0.9024569997940758,0.8344235129949416
"Looker, Business Intelligence",Data Cleaning,0.05,0.06,0.0465,0.93,15.5,1.0,0.0435,13.428571428571416,0.9847198641765704,0.7322834645669292,0.925531914893617,0.8525
Data Cleaning,"Looker, Business Intelligence",0.06,0.05,0.0465,0.775,15.5,1.0,0.0435,4.222222222222222,0.9951956074124914,0.7322834645669292,0.7631578947368421,0.8525
Data Cleaning,"Data Visualization, Business Intelligence",0.06,0.05,0.0465,0.775,15.5,1.0,0.0435,4.222222222222222,0.9951956074124914,0.7322834645669292,0.7631578947368421,0.8525
"Data Visualization, Business Intelligence",Data Cleaning,0.05,0.06,0.0465,0.93,15.5,1.0,0.0435,13.428571428571416,0.9847198641765704,0.7322834645669292,0.925531914893617,0.8525
"Python, Business Intelligence",Data Cleaning,0.049,0.06,0.0455,0.9285714285714284,15.476190476190476,1.0,0.04256,13.159999999999984,0.9835800372077976,0.7165354330708661,0.9240121580547112,0.8434523809523808
Data Cleaning,"Python, Business Intelligence",0.06,0.049,0.0455,0.7583333333333333,15.476190476190474,1.0,0.04256,3.935172413793103,0.9950900163666122,0.7165354330708661,0.745881528215913,0.8434523809523808
Looker,"Python, Power BI",0.0585,0.0475,0.043,0.735042735042735,15.474583895636526,1.0,0.0402212499999999,3.594919354838709,0.9934975113932492,0.6825396825396823,0.7218296430894856,0.8201529464687358
"Python, Power BI",Looker,0.0475,0.0585,0.043,0.9052631578947368,15.474583895636526,1.0,0.0402212499999999,9.938055555555549,0.9820240493194164,0.6825396825396823,0.899376694524415,0.8201529464687358
Business Intelligence,"Excel, Tableau",0.0555,0.0495,0.0425,0.7657657657657658,15.47001547001547,1.0,0.03975275,4.057903846153847,0.9903216765795784,0.68,0.7535673495694538,0.8121758121758123
Business Intelligence,"Looker, SQL",0.0555,0.0495,0.0425,0.7657657657657658,15.47001547001547,1.0,0.03975275,4.057903846153847,0.9903216765795784,0.68,0.7535673495694538,0.8121758121758123
"Excel, Tableau",Business Intelligence,0.0495,0.0555,0.0425,0.8585858585858586,15.47001547001547,1.0,0.03975275,6.678964285714285,0.9840703035554044,0.68,0.8502761869622643,0.8121758121758123
"Looker, SQL",Business Intelligence,0.0495,0.0555,0.0425,0.8585858585858586,15.47001547001547,1.0,0.03975275,6.678964285714285,0.9840703035554044,0.68,0.8502761869622643,0.8121758121758123
Looker,"Excel, Statistics",0.0585,0.0525,0.0475,0.811965811965812,15.466015466015469,1.0,0.04442875,5.038977272727273,0.993459485144087,0.7480314960629921,0.8015470310984822,0.8583638583638584
Looker,"Excel, SQL",0.0585,0.0525,0.0475,0.811965811965812,15.466015466015469,1.0,0.04442875,5.038977272727273,0.993459485144087,0.7480314960629921,0.8015470310984822,0.8583638583638584
"Excel, Statistics",Looker,0.0525,0.0585,0.0475,0.9047619047619048,15.466015466015463,1.0,0.04442875,9.88575,0.987168448826552,0.7480314960629921,0.8988442960827454,0.8583638583638584
"Excel, SQL",Looker,0.0525,0.0585,0.0475,0.9047619047619048,15.466015466015463,1.0,0.04442875,9.88575,0.987168448826552,0.7480314960629921,0.8988442960827454,0.8583638583638584
"Data Cleaning, Looker",Excel,0.053,0.061,0.05,0.9433962264150944,15.465511908444173,1.0,0.046767,16.589000000000038,0.987687434002112,0.7812500000000002,0.9397190909638916,0.8815341787813178
Excel,"Data Cleaning, Looker",0.061,0.053,0.05,0.819672131147541,15.46551190844417,1.0,0.046767,5.251545454545455,0.9961022364217252,0.7812500000000002,0.8095798639361573,0.8815341787813178
Business Intelligence,Data Cleaning,0.0555,0.06,0.0515,0.927927927927928,15.465465465465464,1.0,0.04817,13.042499999999992,0.9903015413713528,0.8046874999999999,0.9233275829020512,0.8931306306306306
Data Cleaning,Business Intelligence,0.06,0.0555,0.0515,0.8583333333333333,15.465465465465464,1.0,0.04817,6.667058823529409,0.9950423466225988,0.8046874999999999,0.8500088230104111,0.8931306306306306
"SQL, Business Intelligence",Looker,0.047,0.0585,0.0425,0.9042553191489362,15.457355882887798,1.0,0.0397505,9.833444444444448,0.9814332448614282,0.6746031746031746,0.8983062338278663,0.8153755228223314
Looker,"SQL, Business Intelligence",0.0585,0.047,0.0425,0.7264957264957265,15.457355882887796,1.0,0.0397505,3.48440625,0.9934210115272876,0.6746031746031746,0.7130070582326615,0.8153755228223314
"Data Cleaning, SQL",Excel,0.052,0.061,0.049,0.9423076923076924,15.447667087011352,1.0,0.045828,16.276000000000028,0.9865667786101784,0.7656250000000002,0.9385598427131974,0.8727931904161412
Excel,"Data Cleaning, SQL",0.061,0.052,0.049,0.8032786885245902,15.44766708701135,1.0,0.045828,4.819,0.9960226902262502,0.7656250000000002,0.7924880680639137,0.8727931904161412
"Excel, Statistics",Business Intelligence,0.0525,0.0555,0.045,0.8571428571428571,15.444015444015443,1.0,0.04208625,6.611499999999998,0.9870712401055408,0.7142857142857143,0.848748392951675,0.8339768339768339
Business Intelligence,"Excel, Statistics",0.0555,0.0525,0.045,0.8108108108108107,15.444015444015443,1.0,0.04208625,5.008214285714284,0.990206458443621,0.7142857142857143,0.8003280325180061,0.8339768339768339
"Data Cleaning, Business Intelligence",Looker,0.0515,0.0585,0.0465,0.9029126213592232,15.434403783918349,1.0,0.04348725,9.697450000000003,0.9859880626456036,0.7322834645669292,0.8968801076571676,0.848892208115509
Looker,"Data Cleaning, Business Intelligence",0.0585,0.0515,0.0465,0.7948717948717948,15.434403783918349,1.0,0.04348725,4.623937499999999,0.9933188289106264,0.7322834645669292,0.7837341010772745,0.848892208115509
Business Intelligence,"Excel, Data Cleaning",0.0555,0.0555,0.0475,0.8558558558558559,15.420826231637042,1.0,0.04441975,6.552468750000001,0.9901033685325012,0.7480314960629921,0.8473857658611497,0.8558558558558559
"Excel, Data Cleaning",Business Intelligence,0.0555,0.0555,0.0475,0.8558558558558559,15.420826231637042,1.0,0.04441975,6.552468750000001,0.9901033685325012,0.7480314960629921,0.8473857658611497,0.8558558558558559
"Python, Looker",Excel,0.0505,0.061,0.0475,0.9405940594059404,15.419574744359682,1.0,0.0444195,15.806499999999987,0.9848840109753056,0.7421875,0.9367348875462626,0.8596412919980523
Excel,"Python, Looker",0.061,0.0505,0.0475,0.7786885245901639,15.41957474435968,1.0,0.0444195,4.290333333333333,0.995897090970237,0.7421875,0.7669178773988035,0.8596412919980523
Looker,"Data Cleaning, Python",0.0585,0.051,0.046,0.7863247863247863,15.41813306519189,1.0,0.0430165,4.441319999999999,0.993246207485742,0.7244094488188976,0.7748417137247484,0.8441427853192559
"Data Cleaning, Python",Looker,0.051,0.0585,0.046,0.9019607843137256,15.418133065191888,1.0,0.0430165,9.6033,0.9853965272369084,0.7244094488188976,0.8958691283204732,0.8441427853192559
"Excel, Data Cleaning",Looker,0.0555,0.0585,0.05,0.9009009009009008,15.4000154000154,1.0,0.04675325,9.50059090909091,0.9900105876124934,0.78125,0.894743389167181,0.8778008778008778
Business Intelligence,Looker,0.0555,0.0585,0.05,0.9009009009009008,15.4000154000154,1.0,0.04675325,9.50059090909091,0.9900105876124934,0.78125,0.894743389167181,0.8778008778008778
Looker,Business Intelligence,0.0585,0.0555,0.05,0.8547008547008547,15.400015400015398,1.0,0.04675325,6.500382352941175,0.9931651619755708,0.78125,0.8461628953952934,0.8778008778008778
Looker,"Excel, Data Cleaning",0.0585,0.0555,0.05,0.8547008547008547,15.400015400015398,1.0,0.04675325,6.500382352941175,0.9931651619755708,0.78125,0.8461628953952934,0.8778008778008778
"Excel, Statistics",Data Cleaning,0.0525,0.06,0.0485,0.923809523809524,15.3968253968254,1.0,0.04535,12.337500000000007,0.986861790387074,0.7578125000000002,0.9189463019250254,0.8660714285714286
Data Cleaning,"Excel, Statistics",0.06,0.0525,0.0485,0.8083333333333333,15.396825396825395,1.0,0.04535,4.943478260869566,0.9947356876508008,0.7578125000000002,0.7977132805628848,0.8660714285714286
"Power BI, Looker",Excel,0.049,0.061,0.046,0.9387755102040816,15.389762462361992,1.0,0.043011,15.336999999999984,0.9831984638595528,0.71875,0.9347982004303318,0.8464369354299096
Excel,"Power BI, Looker",0.061,0.049,0.046,0.7540983606557377,15.389762462361992,1.0,0.043011,3.867399999999999,0.9957633004583968,0.71875,0.7414283497957284,0.8464369354299096
Looker,"Data Visualization, Business Intelligence",0.0585,0.05,0.045,0.7692307692307692,15.384615384615383,1.0,0.042075,4.116666666666665,0.9930961232076476,0.7086614173228345,0.7570850202429149,0.8346153846153845
"Data Visualization, Business Intelligence",Looker,0.05,0.0585,0.045,0.8999999999999999,15.38461538461538,1.0,0.042075,9.414999999999992,0.9842105263157896,0.7086614173228345,0.8937865108868825,0.8346153846153845
Business Intelligence,"Excel, Looker",0.0555,0.0545,0.0465,0.8378378378378378,15.373171336474089,1.0,0.04347525,5.830583333333333,0.989890537748254,0.7322834645669292,0.8284905741278031,0.8455244235060748
"Excel, Looker",Business Intelligence,0.0545,0.0555,0.0465,0.8532110091743119,15.373171336474089,1.0,0.04347525,6.434406249999999,0.98884358847512,0.7322834645669292,0.8445855046842901,0.8455244235060748
Data Cleaning,"Excel, Python",0.06,0.0515,0.0475,0.7916666666666667,15.372168284789646,1.0,0.04441,4.552800000000001,0.9946248600223964,0.7421875000000001,0.780354946406607,0.8569983818770227
"Excel, Python",Data Cleaning,0.0515,0.06,0.0475,0.9223300970873788,15.372168284789645,1.0,0.04441,12.102500000000004,0.9857115112504508,0.7421875000000001,0.9173724437099772,0.8569983818770227
Excel,"Tableau, Power BI",0.061,0.047,0.044,0.7213114754098361,15.347052668294385,1.0,0.0411329999999999,3.4195882352941176,0.995570723206506,0.6875,0.7075671305454734,0.8287408440878967
Excel,"SQL, Business Intelligence",0.061,0.047,0.044,0.7213114754098361,15.347052668294385,1.0,0.0411329999999999,3.4195882352941176,0.995570723206506,0.6875,0.7075671305454734,0.8287408440878967
"Tableau, Power BI",Excel,0.047,0.061,0.044,0.9361702127659574,15.347052668294385,1.0,0.0411329999999999,14.71099999999998,0.980945340074406,0.6875,0.9320236557677926,0.8287408440878967
"SQL, Business Intelligence",Excel,0.047,0.061,0.044,0.9361702127659574,15.347052668294385,1.0,0.0411329999999999,14.71099999999998,0.980945340074406,0.6875,0.9320236557677926,0.8287408440878967
"Tableau, Looker",Excel,0.0465,0.061,0.0435,0.935483870967742,15.335801163405606,1.0,0.0406635,14.554499999999988,0.9803808111675676,0.6796874999999999,0.9312927273351884,0.8242993125330513
Excel,"Tableau, Looker",0.061,0.0465,0.0435,0.7131147540983607,15.335801163405606,1.0,0.0406635,3.323628571428572,0.9955198119789944,0.6796874999999999,0.6991240210785115,0.8242993125330513
"Power BI, SQL",Excel,0.0465,0.061,0.0435,0.935483870967742,15.335801163405606,1.0,0.0406635,14.554499999999988,0.9803808111675676,0.6796874999999999,0.9312927273351884,0.8242993125330513
Excel,"Power BI, SQL",0.061,0.0465,0.0435,0.7131147540983607,15.335801163405606,1.0,0.0406635,3.323628571428572,0.9955198119789944,0.6796874999999999,0.6991240210785115,0.8242993125330513
"Excel, Tableau",Data Cleaning,0.0495,0.06,0.0455,0.9191919191919192,15.319865319865318,1.0,0.04253,11.632499999999988,0.9834037608892948,0.7109375,0.914033956587148,0.8387626262626262
Data Cleaning,"Excel, Tableau",0.06,0.0495,0.0455,0.7583333333333333,15.319865319865318,1.0,0.04253,3.933103448275862,0.9943885901332712,0.7109375,0.7457478520077152,0.8387626262626262
"Tableau, Business Intelligence",Excel,0.0455,0.061,0.0425,0.9340659340659342,15.312556296162857,1.0,0.0397245,14.241500000000029,0.979249992296552,0.6640625,0.9297826773865112,0.8153936227706721
Excel,"Tableau, Business Intelligence",0.061,0.0455,0.0425,0.6967213114754099,15.312556296162857,1.0,0.0397245,3.1472702702702717,0.9954143957902648,0.6640625,0.6822643388951387,0.8153936227706721
"Data Cleaning, Power BI",Excel,0.0525,0.061,0.049,0.9333333333333336,15.300546448087434,1.0,0.0457975,14.085000000000027,0.9864304560874482,0.7596899224806203,0.929002484913028,0.8683060109289618
Excel,"Data Cleaning, Power BI",0.061,0.0525,0.049,0.8032786885245902,15.300546448087433,1.0,0.0457975,4.816458333333333,0.9953598052639586,0.7596899224806203,0.7923785630866387,0.8683060109289618
"Excel, Looker",Data Cleaning,0.0545,0.06,0.05,0.9174311926605504,15.290519877675845,1.0,0.04673,11.384444444444451,0.9884717080909572,0.7751937984496126,0.9121608432559049,0.8753822629969419
Data Cleaning,"Excel, Looker",0.06,0.0545,0.05,0.8333333333333334,15.29051987767584,1.0,0.04673,5.673000000000001,0.9942553191489362,0.7751937984496126,0.823726423409131,0.8753822629969419
"Data Visualization, Looker",Excel,0.052,0.061,0.0485,0.9326923076923076,15.290037831021438,1.0,0.045328,13.950857142857148,0.9858628039497151,0.7519379844961241,0.9283198164987304,0.8638871374527113
Excel,"Data Visualization, Looker",0.061,0.052,0.0485,0.7950819672131147,15.290037831021438,1.0,0.045328,4.626239999999999,0.995311968204824,0.7519379844961241,0.7838417375665767,0.8638871374527113
"Data Cleaning, SQL",Looker,0.052,0.0585,0.0465,0.8942307692307693,15.285996055226825,1.0,0.043458,8.901454545454548,0.9858445624064244,0.7265625,0.8876588095918951,0.844551282051282
Looker,"Data Cleaning, SQL",0.0585,0.052,0.0465,0.7948717948717948,15.285996055226825,1.0,0.043458,4.621499999999998,0.9926507118016892,0.7265625,0.7836200367845937,0.844551282051282
Power BI,"Data Visualization, Looker",0.056,0.052,0.0445,0.7946428571428571,15.281593406593409,1.0,0.041588,4.616347826086956,0.990001904399162,0.7007874015748031,0.7833785412899337,0.8252060439560439
Power BI,"Data Cleaning, SQL",0.056,0.052,0.0445,0.7946428571428571,15.281593406593409,1.0,0.041588,4.616347826086956,0.990001904399162,0.7007874015748031,0.7833785412899337,0.8252060439560439
"Data Cleaning, SQL",Power BI,0.052,0.056,0.0445,0.8557692307692307,15.281593406593403,1.0,0.041588,6.545066666666664,0.9858246811738492,0.7007874015748031,0.8472131681877444,0.8252060439560439
"Data Visualization, Looker",Power BI,0.052,0.056,0.0445,0.8557692307692307,15.281593406593403,1.0,0.041588,6.545066666666664,0.9858246811738492,0.7007874015748031,0.8472131681877444,0.8252060439560439
Excel,Looker,0.061,0.0585,0.0545,0.8934426229508197,15.27252346924478,1.0,0.0509315,8.835615384615384,0.9952320934822324,0.8384615384615385,0.8868216919286455,0.9125332772873757
Looker,Excel,0.0585,0.061,0.0545,0.9316239316239316,15.27252346924478,1.0,0.0509315,13.732874999999982,0.99258941665408,0.8384615384615385,0.9271820358082336,0.9125332772873757
Looker,"Excel, Power BI",0.0585,0.0515,0.046,0.7863247863247863,15.268442452908474,1.0,0.04298725,4.43898,0.992570828234316,0.71875,0.7747230219554943,0.8397643349099659
"Excel, Power BI",Looker,0.0515,0.0585,0.046,0.8932038834951457,15.268442452908472,1.0,0.04298725,8.815863636363641,0.9852455822694872,0.71875,0.8865681184228844,0.8397643349099659
"Data Cleaning, Python",Excel,0.051,0.061,0.0475,0.931372549019608,15.268402442944392,1.0,0.044389,13.682571428571434,0.9847263046974656,0.736434108527132,0.9269143227045876,0.8550305368048858
"Statistics, Looker",Excel,0.051,0.061,0.0475,0.931372549019608,15.268402442944392,1.0,0.044389,13.682571428571434,0.9847263046974656,0.736434108527132,0.9269143227045876,0.8550305368048858
Excel,"Statistics, Looker",0.061,0.051,0.0475,0.7786885245901639,15.26840244294439,1.0,0.044389,4.288074074074073,0.9952132727986098,0.736434108527132,0.7667950733299935,0.8550305368048858
Excel,"Data Cleaning, Python",0.061,0.051,0.0475,0.7786885245901639,15.26840244294439,1.0,0.044389,4.288074074074073,0.9952132727986098,0.736434108527132,0.7667950733299935,0.8550305368048858
Power BI,"Excel, Python",0.056,0.0515,0.044,0.7857142857142857,15.256588072122051,1.0,0.041116,4.426333333333333,0.9898882896764254,0.6929133858267716,0.7740793734467957,0.8200416088765603
"Excel, Python",Power BI,0.0515,0.056,0.044,0.8543689320388349,15.256588072122051,1.0,0.041116,6.482133333333331,0.9851919298413764,0.6929133858267716,0.8457298008885963,0.8200416088765603
Excel,"Looker, Business Intelligence",0.061,0.05,0.0465,0.7622950819672131,15.24590163934426,1.0,0.04345,3.99655172413793,0.9951103324286876,0.7209302325581395,0.7497842968075927,0.8461475409836066
"Looker, Business Intelligence",Excel,0.05,0.061,0.0465,0.93,15.24590163934426,1.0,0.04345,13.414285714285704,0.983588002263724,0.7209302325581395,0.9254526091586792,0.8461475409836066
"Tableau, Looker",Data Cleaning,0.0465,0.06,0.0425,0.913978494623656,15.232974910394269,1.0,0.03971,10.927500000000007,0.97991918319504,0.6640625,0.908487760237932,0.8111559139784947
Data Cleaning,"Tableau, Looker",0.06,0.0465,0.0425,0.7083333333333334,15.232974910394264,1.0,0.03971,3.2691428571428576,0.9939924906132668,0.6640625,0.69410942142982,0.8111559139784947
"Excel, Data Visualization",Looker,0.0545,0.0585,0.0485,0.8899082568807339,15.21210695522622,1.0,0.04531175,8.551958333333333,0.9881151629803682,0.751937984496124,0.8830677184075773,0.8594840429702815
Looker,"Excel, Data Visualization",0.0585,0.0545,0.0485,0.829059829059829,15.21210695522622,1.0,0.04531175,5.531174999999998,0.992313209344597,0.751937984496124,0.8192065881119291,0.8594840429702815
Power BI,"Python, Looker",0.056,0.0505,0.043,0.7678571428571428,15.205091937765204,1.0,0.040172,4.090153846153845,0.9896531336223888,0.6771653543307085,0.7555104190175279,0.8096711456859971
"Python, Looker",Power BI,0.0505,0.056,0.043,0.8514851485148514,15.205091937765202,1.0,0.040172,6.35626666666666,0.983920545697246,0.6771653543307085,0.8426749454606476,0.8096711456859971
"Statistics, Looker",Data Cleaning,0.051,0.06,0.0465,0.911764705882353,15.196078431372552,1.0,0.04344,10.653333333333345,0.9843978381318196,0.7209302325581397,0.9061326658322904,0.8433823529411766
Data Cleaning,"Statistics, Looker",0.06,0.051,0.0465,0.775,15.19607843137255,1.0,0.04344,4.217777777777778,0.9938229238160604,0.7209302325581397,0.7629083245521602,0.8433823529411766
Excel,"Python, Power BI",0.061,0.0475,0.044,0.7213114754098361,15.185504745470231,1.0,0.0411025,3.417794117647059,0.9948325104075904,0.6821705426356589,0.7074136224775182,0.8238136324417601
"Python, Power BI",Excel,0.0475,0.061,0.044,0.926315789473684,15.185504745470231,1.0,0.0411025,12.743571428571409,0.9807325220711048,0.6821705426356589,0.921529062272294,0.8238136324417601
Data Cleaning,"Python, Looker",0.06,0.0505,0.046,0.7666666666666667,15.18151815181518,1.0,0.04297,4.069285714285715,0.9937557816836264,0.7131782945736433,0.754256626294541,0.8387788778877887
"Python, Looker",Data Cleaning,0.0505,0.06,0.046,0.9108910891089108,15.18151815181518,1.0,0.04297,10.54888888888888,0.9838129908189666,0.7131782945736433,0.9052032862860754,0.8387788778877887
"Data Visualization, Data Cleaning",Excel,0.0535,0.061,0.0495,0.9252336448598132,15.167764669833003,1.0,0.0462365,12.559125000000018,0.9868681532706888,0.7615384615384617,0.9203766185940502,0.8683545273479394
Excel,"Data Visualization, Data Cleaning",0.061,0.0535,0.0495,0.8114754098360656,15.167764669833002,1.0,0.0462365,5.0205652173913045,0.9947504867632662,0.7615384615384617,0.8008192391294935,0.8683545273479394
Excel,Data Cleaning,0.061,0.06,0.0555,0.9098360655737704,15.16393442622951,1.0,0.05184,10.425454545454546,0.9947327519212504,0.8473282442748091,0.90408092082316,0.9174180327868852
Data Cleaning,Excel,0.06,0.061,0.0555,0.925,15.16393442622951,1.0,0.05184,12.520000000000008,0.9936745255894192,0.8473282442748091,0.9201277955271566,0.9174180327868852
Excel,"Data Cleaning, Statistics",0.061,0.0525,0.0485,0.7950819672131147,15.144418423106949,1.0,0.0452975,4.6238,0.994642249376942,0.7461538461538463,0.7837276698819153,0.8594457455113194
"Data Cleaning, Statistics",Excel,0.0525,0.061,0.0485,0.923809523809524,15.144418423106949,1.0,0.0452975,12.324375000000009,0.9857193373772544,0.7461538461538463,0.9188599827577464,0.8594457455113194
"Data Cleaning, Statistics",Looker,0.0525,0.0585,0.0465,0.8857142857142858,15.14041514041514,1.0,0.04342875,8.238125000000005,0.9857009107158056,0.7209302325581395,0.8786131552992945,0.8402930402930403
Looker,"Data Cleaning, Statistics",0.0585,0.0525,0.0465,0.7948717948717948,15.14041514041514,1.0,0.04342875,4.619062499999999,0.991982594692752,0.7209302325581395,0.7835058521074352,0.8402930402930403
Looker,"Data Cleaning, Power BI",0.0585,0.0525,0.0465,0.7948717948717948,15.14041514041514,1.0,0.04342875,4.619062499999999,0.991982594692752,0.7209302325581395,0.7835058521074352,0.8402930402930403
"Data Cleaning, Power BI",Looker,0.0525,0.0585,0.0465,0.8857142857142858,15.14041514041514,1.0,0.04342875,8.238125000000005,0.9857009107158056,0.7209302325581395,0.8786131552992945,0.8402930402930403
"Excel, Data Visualization",Data Cleaning,0.0545,0.06,0.0495,0.908256880733945,15.137614678899084,1.0,0.04623,10.246,0.9877730237328332,0.7615384615384617,0.9024009369510054,0.8666284403669725
Data Cleaning,"Excel, Data Visualization",0.06,0.0545,0.0495,0.8250000000000001,15.137614678899084,1.0,0.04623,5.402857142857145,0.993552546744036,0.7615384615384617,0.8149127445795876,0.8666284403669725
"Excel, Statistics",Power BI,0.0525,0.056,0.0445,0.8476190476190476,15.136054421768709,1.0,0.04156,6.194999999999999,0.985680827725238,0.6953125,0.8385794995964487,0.8211309523809524
Power BI,"Excel, Statistics",0.056,0.0525,0.0445,0.7946428571428571,15.136054421768709,1.0,0.04156,4.61391304347826,0.9893353646924395,0.6953125,0.7832642291745193,0.8211309523809524
"Tableau, Data Cleaning",Looker,0.048,0.0585,0.0425,0.8854166666666667,15.135327635327636,1.0,0.039692,8.216727272727278,0.9810182896688088,0.6640625,0.8782970437245531,0.8059561965811965
Looker,"Tableau, Data Cleaning",0.0585,0.048,0.0425,0.7264957264957265,15.135327635327634,1.0,0.039692,3.48075,0.9919590140889072,0.6640625,0.7127055950585361,0.8059561965811965
Excel,"Data Visualization, Power BI",0.061,0.0515,0.0475,0.7786885245901639,15.120165526022602,1.0,0.0443585,4.285814814814814,0.9945294546269828,0.730769230769231,0.7666721397893136,0.8505093108387713
"Data Visualization, Power BI",Excel,0.0515,0.061,0.0475,0.9223300970873788,15.120165526022602,1.0,0.0443585,12.089625000000009,0.9845684321504868,0.730769230769231,0.9172844484423628,0.8505093108387713
Excel,"Data Cleaning, Business Intelligence",0.061,0.0515,0.0475,0.7786885245901639,15.120165526022602,1.0,0.0443585,4.285814814814814,0.9945294546269828,0.730769230769231,0.7666721397893136,0.8505093108387713
"Data Cleaning, Business Intelligence",Excel,0.0515,0.061,0.0475,0.9223300970873788,15.120165526022602,1.0,0.0443585,12.089625000000009,0.9845684321504868,0.730769230769231,0.9172844484423628,0.8505093108387713
"Excel, SQL",Business Intelligence,0.0525,0.0555,0.044,0.8380952380952381,15.1008151008151,1.0,0.04108625,5.8336764705882365,0.9855181098584792,0.6875,0.8285815120118984,0.8154440154440155
Business Intelligence,"Excel, SQL",0.0555,0.0525,0.044,0.7927927927927927,15.1008151008151,1.0,0.04108625,4.572717391304345,0.988648395014197,0.6875,0.781311654662578,0.8154440154440155
Looker,Data Cleaning,0.0585,0.06,0.053,0.905982905982906,15.099715099715098,1.0,0.04949,9.998181818181806,0.9917935049449392,0.8091603053435114,0.8999818148754318,0.8946581196581196
Data Cleaning,Looker,0.06,0.0585,0.053,0.8833333333333333,15.099715099715098,1.0,0.04949,8.069999999999999,0.993376154154958,0.8091603053435114,0.8760842627013631,0.8946581196581196
Power BI,Excel,0.056,0.061,0.0515,0.9196428571428572,15.076112412177986,1.0,0.0480839999999999,11.685333333333327,0.9890571005430312,0.7862595419847328,0.9144226380648104,0.8819525761124121
Excel,Power BI,0.061,0.056,0.0515,0.8442622950819672,15.076112412177984,1.0,0.0480839999999999,6.061473684210523,0.994323645274357,0.7862595419847328,0.8350236176715754,0.8819525761124121
Looker,"Power BI, SQL",0.0585,0.0465,0.041,0.7008547008547008,15.072144104402168,1.0,0.03827975,3.187414285714285,0.9916648316775254,0.640625,0.6862660732613538,0.7912875654811138
"Power BI, SQL",Looker,0.0465,0.0585,0.041,0.8817204301075269,15.072144104402168,1.0,0.03827975,7.959954545454545,0.97918451916559,0.640625,0.874371141909216,0.7912875654811138
Power BI,"Excel, Looker",0.056,0.0545,0.046,0.8214285714285714,15.072083879423328,1.0,0.042948,5.2948,0.9890383198231394,0.7131782945736433,0.8111354536526403,0.8327326343381389
"Excel, Looker",Power BI,0.0545,0.056,0.046,0.8440366972477064,15.072083879423328,1.0,0.042948,6.052705882352939,0.9874692479249536,0.7131782945736433,0.8347846369149432,0.8327326343381389
"Data Visualization, Looker",Data Cleaning,0.052,0.06,0.047,0.903846153846154,15.064102564102566,1.0,0.04388,9.776,0.9848280815153964,0.7230769230769232,0.8977086743044191,0.8435897435897436
Data Cleaning,"Data Visualization, Looker",0.06,0.052,0.047,0.7833333333333333,15.064102564102564,1.0,0.04388,4.375384615384615,0.9932095971027616,0.7230769230769232,0.7714486638537271,0.8435897435897436
"Statistics, Looker",Power BI,0.051,0.056,0.043,0.8431372549019608,15.056022408963583,1.0,0.040144,6.018,0.9837527875119464,0.6718749999999999,0.8338318378198737,0.8054971988795518
Power BI,"Statistics, Looker",0.056,0.051,0.043,0.7678571428571428,15.056022408963583,1.0,0.040144,4.087999999999998,0.988963342530548,0.6718749999999999,0.7553816046966731,0.8054971988795518
Excel,"Python, Business Intelligence",0.061,0.049,0.045,0.7377049180327869,15.055202408832386,1.0,0.042011,3.6256875000000006,0.9942255354395928,0.6923076923076923,0.7241902397821103,0.8280361324857812
"Python, Business Intelligence",Excel,0.049,0.061,0.045,0.9183673469387754,15.055202408832384,1.0,0.042011,11.502749999999988,0.9816801028157496,0.6923076923076923,0.9130642672404424,0.8280361324857812
"Excel, Data Visualization",Business Intelligence,0.0545,0.0555,0.0455,0.8348623853211009,15.042565501281096,1.0,0.04247525,5.719472222222222,0.9873315473527002,0.7054263565891472,0.8251586927698262,0.8273411025704603
Business Intelligence,"Excel, Data Visualization",0.0555,0.0545,0.0455,0.8198198198198198,15.042565501281096,1.0,0.04247525,5.247524999999999,0.9883768957352864,0.7054263565891472,0.8094339712531146,0.8273411025704603
"Power BI, Business Intelligence",Excel,0.0485,0.061,0.0445,0.9175257731958762,15.041406117965185,1.0,0.0415414999999999,11.385374999999994,0.9811002143274664,0.6846153846153845,0.912168022572818,0.8235169849585939
Excel,"Power BI, Business Intelligence",0.061,0.0485,0.0445,0.7295081967213115,15.041406117965185,1.0,0.0415414999999999,3.517666666666667,0.9941606538153184,0.6846153846153845,0.7157206481569223,0.8235169849585939
"Excel, Tableau",Looker,0.0495,0.0585,0.0435,0.8787878787878787,15.02201502201502,1.0,0.0406042499999999,7.767374999999992,0.9820421193926973,0.6744186046511625,0.8712563768325849,0.811188811188811
Looker,"Excel, Tableau",0.0585,0.0495,0.0435,0.7435897435897435,15.02201502201502,1.0,0.0406042499999999,3.706949999999999,0.9914296701888036,0.6744186046511625,0.7302364477535439,0.811188811188811
"Data Visualization, Data Cleaning",Looker,0.0535,0.0585,0.047,0.8785046728971962,15.017173895678567,1.0,0.04387025,7.74926923076923,0.9861696507850872,0.7230769230769231,0.8709555739747172,0.8409617381579998
Looker,"Data Visualization, Data Cleaning",0.0585,0.0535,0.047,0.8034188034188033,15.017173895678567,1.0,0.04387025,4.814804347826085,0.9914068767584548,0.7230769230769231,0.792307240801694,0.8409617381579998
Looker,"Statistics, Power BI",0.0585,0.049,0.043,0.735042735042735,15.000872143729286,1.0,0.0401334999999999,3.589258064516128,0.991330015190999,0.6666666666666664,0.7213908885833176,0.8062968777254491
"Statistics, Power BI",Looker,0.049,0.0585,0.043,0.8775510204081631,15.000872143729284,1.0,0.0401334999999999,7.688916666666658,0.9814271391191648,0.6666666666666664,0.869942666392101,0.8062968777254491
Looker,Power BI,0.0585,0.056,0.049,0.8376068376068376,14.957264957264956,1.0,0.045724,5.813052631578948,0.9911235869812608,0.7480916030534351,0.8279733449224975,0.8563034188034189
Power BI,Looker,0.056,0.0585,0.049,0.875,14.957264957264956,1.0,0.045724,7.532,0.988498789346247,0.7480916030534351,0.8672331386086033,0.8563034188034189
Excel,"Data Visualization, Business Intelligence",0.061,0.05,0.0455,0.7459016393442623,14.918032786885249,1.0,0.04245,3.7387096774193553,0.9935751149808658,0.6946564885496183,0.7325280414150129,0.8279508196721311
"Data Visualization, Business Intelligence",Excel,0.05,0.061,0.0455,0.91,14.918032786885243,1.0,0.04245,10.433333333333325,0.9820705610179294,0.6946564885496183,0.9041533546325876,0.8279508196721311
Business Intelligence,Excel,0.0555,0.061,0.0505,0.90990990990991,14.91655590016246,1.0,0.0471145,10.422900000000004,0.9877823144940222,0.7651515151515154,0.9040574120446324,0.8688893811844631
Excel,Business Intelligence,0.061,0.0555,0.0505,0.8278688524590164,14.916555900162455,1.0,0.0471145,5.487095238095239,0.9935680469005368,0.7651515151515154,0.8177542111794774,0.8688893811844631
"Tableau, Power BI",Looker,0.047,0.0585,0.041,0.8723404255319149,14.9118021458447,1.0,0.0382505,7.375083333333335,0.9789496583318404,0.6356589147286822,0.8644083117704885,0.7865975631933079
Looker,"Tableau, Power BI",0.0585,0.047,0.041,0.7008547008547008,14.911802145844698,1.0,0.0382505,3.1857428571428565,0.9909070891027548,0.6356589147286822,0.6861014699419735,0.7865975631933079
Excel,"Statistics, Power BI",0.061,0.049,0.0445,0.7295081967213115,14.88792238206758,1.0,0.041511,3.515818181818182,0.9934307355422336,0.6793893129770991,0.7155711847753012,0.8188357310137169
"Statistics, Power BI",Excel,0.049,0.061,0.0445,0.9081632653061223,14.88792238206758,1.0,0.041511,10.224666666666655,0.980895331939177,0.6793893129770991,0.9021973006454976,0.8188357310137169
"Excel, SQL",Power BI,0.0525,0.056,0.0435,0.8285714285714285,14.795918367346935,1.0,0.04056,5.506666666666664,0.9840778819033756,0.6692307692307692,0.8184019370460047,0.8026785714285714
Power BI,"Excel, SQL",0.056,0.0525,0.0435,0.7767857142857142,14.795918367346935,1.0,0.04056,4.244799999999998,0.9877264757451784,0.6692307692307692,0.7644176404070863,0.8026785714285714
Power BI,"Looker, SQL",0.056,0.0495,0.041,0.7321428571428572,14.790764790764792,1.0,0.038228,3.548533333333334,0.9877015295576684,0.6356589147286822,0.7181934320282559,0.7802128427128427
"Looker, SQL",Power BI,0.0495,0.056,0.041,0.8282828282828283,14.79076479076479,1.0,0.038228,5.497411764705882,0.9809471266727394,0.6356589147286822,0.8180962164013011,0.7802128427128427
Looker,"Data Visualization, Power BI",0.0585,0.0515,0.0445,0.7606837606837606,14.770558459878847,1.0,0.0414872499999999,3.963374999999999,0.9902259721816132,0.6793893129770991,0.7476897845901536,0.8123807152933367
"Data Visualization, Power BI",Looker,0.0515,0.0585,0.0445,0.8640776699029127,14.770558459878847,1.0,0.0414872499999999,6.926750000000003,0.9829180314275052,0.6793893129770991,0.8556321507200347,0.8123807152933367
Excel,"Statistics, Business Intelligence",0.061,0.05,0.045,0.7377049180327869,14.754098360655735,1.0,0.04195,3.6218750000000006,0.9927819192994912,0.6818181818181818,0.7238999137187231,0.8188524590163935
"Statistics, Business Intelligence",Excel,0.05,0.061,0.045,0.8999999999999999,14.754098360655735,1.0,0.04195,9.389999999999992,0.9812865497076024,0.6818181818181818,0.893503727369542,0.8188524590163935
"Kubernetes, Python",Terraform,0.051,0.073,0.042,0.823529411764706,11.281224818694604,1.0,0.038277,5.253000000000003,0.960334186361584,0.5121951219512196,0.8096325909004379,0.6994359387590654
Terraform,"Kubernetes, Python",0.073,0.051,0.042,0.5753424657534247,11.281224818694604,1.0,0.038277,2.234741935483872,0.9831252889505318,0.5121951219512196,0.5525210387285824,0.6994359387590654
Terraform,"Kubernetes, Docker",0.073,0.057,0.046,0.6301369863013699,11.055034847392454,1.0,0.041839,2.549592592592593,0.9811688007129122,0.5476190476190476,0.6077804732782289,0.7185772650805096
"Kubernetes, Docker",Terraform,0.057,0.073,0.046,0.8070175438596491,11.055034847392454,1.0,0.041839,4.8035454545454535,0.9645211858545808,0.5476190476190476,0.7918204356630518,0.7185772650805096
"Ci/Cd, Terraform",Kubernetes,0.052,0.073,0.0415,0.7980769230769231,10.932560590094836,1.0,0.037704,4.5908571428571445,0.9583651059935946,0.4970059880239522,0.7821757530495396,0.6832850368809273
Kubernetes,"Ci/Cd, Terraform",0.073,0.052,0.0415,0.5684931506849316,10.932560590094836,1.0,0.037704,2.196952380952381,0.9800756423753264,0.4970059880239522,0.544823998612797,0.6832850368809273
Kubernetes,"Docker, Terraform",0.073,0.058,0.046,0.6301369863013699,10.86443079829948,1.0,0.041766,2.546888888888889,0.979456873504995,0.5411764705882353,0.6073641043538959,0.7116202172886159
"Docker, Terraform",Kubernetes,0.058,0.073,0.046,0.793103448275862,10.86443079829948,1.0,0.041766,4.480499999999998,0.9638604264746607,0.5411764705882353,0.7768106238143063,0.7116202172886159
"Kubernetes, Ci/Cd",Terraform,0.0525,0.073,0.0415,0.7904761904761906,10.82844096542727,1.0,0.0376675,4.424318181818184,0.957942588295133,0.4940476190476191,0.7739764730055994,0.6794846705805611
Terraform,"Kubernetes, Ci/Cd",0.073,0.0525,0.0415,0.5684931506849316,10.828440965427268,1.0,0.0376675,2.195793650793651,0.979126863440818,0.4940476190476191,0.5445838001951784,0.6794846705805611
"Terraform, AWS",Kubernetes,0.056,0.073,0.044,0.7857142857142857,10.76320939334638,1.0,0.0399119999999999,4.326,0.9609013867488444,0.5176470588235293,0.7688395746648173,0.6942270058708415
Kubernetes,"Terraform, AWS",0.073,0.056,0.044,0.6027397260273972,10.76320939334638,1.0,0.0399119999999999,2.376275862068965,0.9785230950279492,0.5176470588235293,0.5791734385883445,0.6942270058708415
Grafana,Terraform,0.0415,0.073,0.0325,0.7831325301204819,10.727842878362766,1.0,0.0294705,4.2745,0.9460455037919826,0.3963414634146342,0.7660545092993333,0.6141690047862683
Terraform,"Docker, AWS",0.073,0.0595,0.0465,0.636986301369863,10.705652123863244,1.0,0.0421565,2.590811320754717,0.9779842479497974,0.5406976744186046,0.6140205224559947,0.7092494532059399
"Docker, AWS",Terraform,0.0595,0.073,0.0465,0.7815126050420168,10.705652123863244,1.0,0.0421565,4.242807692307692,0.9639461965438196,0.5406976744186046,0.764307017305304,0.7092494532059399
"Ci/Cd, Docker",Terraform,0.0525,0.073,0.041,0.7809523809523811,10.697977821265496,1.0,0.0371675,4.231956521739133,0.9567539738721924,0.485207100591716,0.7637026763240357,0.6712981082844097
Terraform,"Ci/Cd, Docker",0.073,0.0525,0.041,0.5616438356164384,10.697977821265493,1.0,0.0371675,2.161484375,0.9779119635856552,0.485207100591716,0.5373549716268479,0.6712981082844097
Terraform,Kubernetes,0.073,0.073,0.057,0.7808219178082193,10.696190654907117,1.0,0.051671,4.229437500000002,0.977895115350404,0.6404494382022472,0.7635619393831924,0.7808219178082193
Kubernetes,Terraform,0.073,0.073,0.057,0.7808219178082193,10.696190654907117,1.0,0.051671,4.229437500000002,0.977895115350404,0.6404494382022472,0.7635619393831924,0.7808219178082193
Terraform,"Kubernetes, AWS",0.073,0.0565,0.044,0.6027397260273972,10.667959752697296,1.0,0.0398754999999999,2.37501724137931,0.9776282239874472,0.5146198830409356,0.5789504250422864,0.6907503939871499
"Kubernetes, AWS",Terraform,0.0565,0.073,0.044,0.7787610619469025,10.667959752697296,1.0,0.0398754999999999,4.190039999999998,0.9605313870019752,0.5146198830409356,0.7613387939017288,0.6907503939871499
"Terraform, Python",Kubernetes,0.054,0.073,0.042,0.7777777777777778,10.654490106544902,1.0,0.038058,4.171500000000001,0.9578677136816672,0.4941176470588236,0.760278077430181,0.6765601217656012
Kubernetes,"Terraform, Python",0.073,0.054,0.042,0.5753424657534247,10.654490106544902,1.0,0.038058,2.227677419354839,0.9775003852673756,0.4941176470588236,0.5511019722552059,0.6765601217656012
Terraform,"Ci/Cd, AWS",0.073,0.0575,0.0445,0.6095890410958904,10.601548540798094,1.0,0.0403025,2.414122807017544,0.9769947759475412,0.5174418604651162,0.5857708658842339,0.6917510422870756
"Ci/Cd, AWS",Kubernetes,0.0575,0.073,0.0445,0.7739130434782608,10.601548540798094,1.0,0.0403025,4.100192307692307,0.9609274878550352,0.5174418604651162,0.7561090005159232,0.6917510422870756
Kubernetes,"Ci/Cd, AWS",0.073,0.0575,0.0445,0.6095890410958904,10.601548540798094,1.0,0.0403025,2.414122807017544,0.9769947759475412,0.5174418604651162,0.5857708658842339,0.6917510422870756
"Ci/Cd, AWS",Terraform,0.0575,0.073,0.0445,0.7739130434782608,10.601548540798094,1.0,0.0403025,4.100192307692307,0.9609274878550352,0.5174418604651162,0.7561090005159232,0.6917510422870756
"Docker, AWS",Kubernetes,0.0595,0.073,0.0455,0.7647058823529412,10.475423045930702,1.0,0.0411565,3.939750000000001,0.9617633828160144,0.5229885057471264,0.7461767878672505,0.6939967767929089
Kubernetes,"Docker, AWS",0.073,0.0595,0.0455,0.6232876712328768,10.475423045930702,1.0,0.0411565,2.4966000000000004,0.9757696456725582,0.5229885057471264,0.5994552591524474,0.6939967767929089
Kubernetes,"Ci/Cd, Docker",0.073,0.0525,0.04,0.5479452054794521,10.437051532941943,1.0,0.0361675,2.0959848484848487,0.975391046386192,0.4678362573099415,0.522897314490187,0.654924983692107
"Ci/Cd, Docker",Kubernetes,0.0525,0.073,0.04,0.761904761904762,10.437051532941943,1.0,0.0361675,3.8934000000000015,0.9542875989445908,0.4678362573099415,0.7431550829609083,0.654924983692107
Deep Learning,Machine Learning,0.037,0.0825,0.031,0.8378378378378378,10.155610155610155,1.0,0.0279475,5.657916666666666,0.9361705691220312,0.3502824858757062,0.8232564990058178,0.6067977067977068
Grafana,Kubernetes,0.0415,0.073,0.03,0.7228915662650601,9.902624195411784,1.0,0.0269704999999999,3.345260869565216,0.937941227612589,0.3550295857988166,0.7010696507713702,0.5669252351873246
Power BI,"Tableau, Data Visualization",0.056,0.0805,0.0445,0.7946428571428571,9.87133984028394,1.0,0.039992,4.477565217391303,0.952009141115978,0.4836956521739129,0.7766643362075661,0.6737189440993788
"Tableau, Data Visualization",Power BI,0.0805,0.056,0.0445,0.5527950310559006,9.871339840283936,1.0,0.039992,2.1108888888888884,0.9773753444409824,0.4836956521739129,0.5262659227287082,0.6737189440993788
Business Intelligence,"Data Visualization, Python",0.0555,0.0825,0.045,0.8108108108108107,9.828009828009828,1.0,0.04042125,4.849642857142856,0.9510322922181048,0.4838709677419354,0.7937992488401207,0.6781326781326781
"Data Visualization, Python",Business Intelligence,0.0825,0.0555,0.045,0.5454545454545454,9.828009828009828,1.0,0.04042125,2.0779,0.9790190735694824,0.4838709677419354,0.5187448866644208,0.6781326781326781
"Power BI, SQL",Data Visualization,0.0465,0.0975,0.0445,0.956989247311828,9.815274331403362,1.0,0.0399662499999999,20.98312499999996,0.941917123784048,0.4472361809045225,0.9523426563011944,0.7066997518610422
TensorFlow,"Tableau, Statistics",0.0385,0.085,0.032,0.8311688311688312,9.778456837280366,1.0,0.0287275,5.419615384615387,0.9336810972438896,0.3497267759562841,0.8154850613867008,0.6038197097020627
"Excel, Tableau",Data Visualization,0.0495,0.0975,0.047,0.9494949494949496,9.738409738409738,1.0,0.0421737499999999,17.869500000000002,0.9440440081927765,0.4699999999999999,0.94403872520216,0.7157731157731158
"Tableau, Power BI",Data Visualization,0.047,0.0975,0.0445,0.946808510638298,9.710856519367155,1.0,0.0399174999999999,16.96699999999999,0.9412617753516394,0.4449999999999999,0.9410620616490836,0.7016093835242772
"Tableau, Looker",Data Visualization,0.0465,0.0975,0.044,0.9462365591397848,9.70499035015164,1.0,0.0394662499999999,16.78649999999998,0.9407029127139248,0.4399999999999999,0.9404283203764928,0.698759305210918
Api Design,"PostgreSQL, Git",0.08,0.0625,0.0485,0.60625,9.7,1.0,0.0435,2.3809523809523805,0.9748991483639624,0.5159574468085105,0.58,0.691125
"PostgreSQL, Git",Api Design,0.0625,0.08,0.0485,0.776,9.7,1.0,0.0435,4.107142857142858,0.9567010309278352,0.5159574468085105,0.7565217391304349,0.691125
Deep Learning,"Tableau, Statistics",0.037,0.085,0.0305,0.8243243243243243,9.697933227344992,1.0,0.0273549999999999,5.208461538461539,0.9313450113204976,0.3333333333333333,0.8080047260375129,0.5915739268680444
Scikit-Learn,Machine Learning,0.04,0.0825,0.032,0.8,9.696969696969695,1.0,0.0287,4.587500000000001,0.9342447916666666,0.3535911602209945,0.782016348773842,0.593939393939394
"Tableau, Business Intelligence",Data Visualization,0.0455,0.0975,0.043,0.945054945054945,9.69287123133277,1.0,0.0385637499999999,16.425499999999992,0.939582394288986,0.4299999999999999,0.93911905269246,0.693040293040293
"Terraform, AWS",Ci/Cd,0.056,0.082,0.0445,0.7946428571428571,9.690766550522648,1.0,0.039908,4.470260869565217,0.9500095219958103,0.4759358288770052,0.7762994086523498,0.6686628919860627
Ci/Cd,"Terraform, AWS",0.082,0.056,0.0445,0.5426829268292682,9.690766550522646,1.0,0.039908,2.064213333333333,0.9769161097647548,0.4759358288770052,0.5155539479123604,0.6686628919860627
"PostgreSQL, Python",Redis,0.065,0.081,0.051,0.7846153846153845,9.686609686609684,1.0,0.045735,4.266785714285712,0.9591066373073294,0.5368421052631577,0.7656315392985685,0.707122507122507
Redis,"PostgreSQL, Python",0.081,0.065,0.051,0.6296296296296295,9.686609686609684,1.0,0.045735,2.5245,0.9758049030275876,0.5368421052631577,0.6038819568231332,0.707122507122507
"Django, Python",Redis,0.0665,0.081,0.052,0.7819548872180451,9.653764039728951,1.0,0.0466134999999999,4.214724137931034,0.9602715174488072,0.5445026178010469,0.7627365475713221,0.7119650979300102
Redis,"Django, Python",0.081,0.0665,0.052,0.6419753086419753,9.653764039728951,1.0,0.0466134999999999,2.607362068965517,0.9754227002594792,0.5445026178010469,0.616470603794296,0.7119650979300102
Django,"PostgreSQL, Git",0.0855,0.0625,0.0515,0.6023391812865496,9.637426900584794,1.0,0.0461562499999999,2.357536764705882,0.980030469193734,0.5336787564766837,0.5758284600389862,0.7131695906432748
"PostgreSQL, Git",Django,0.0625,0.0855,0.0515,0.824,9.637426900584794,1.0,0.0461562499999999,5.196022727272726,0.9559870550161812,0.5336787564766837,0.8075451066156369,0.7131695906432748
Power BI,"Data Visualization, Python",0.056,0.0825,0.0445,0.7946428571428571,9.632034632034632,1.0,0.03988,4.467826086956521,0.949342982289088,0.4734042553191488,0.7761775009731412,0.6670183982683981
"Data Visualization, Python",Power BI,0.0825,0.056,0.0445,0.5393939393939393,9.63203463203463,1.0,0.03988,2.049473684210526,0.9767626978538408,0.4734042553191488,0.5120698510529018,0.6670183982683981
Business Intelligence,"Tableau, Data Visualization",0.0555,0.0805,0.043,0.7747747747747747,9.6245313636618,1.0,0.03853225,4.082579999999999,0.9487547244142958,0.4623655913978494,0.7550568513048121,0.6544681327290023
"Tableau, Data Visualization",Business Intelligence,0.0805,0.0555,0.043,0.5341614906832297,9.624531363661797,1.0,0.03853225,2.0275266666666663,0.9745501220329552,0.4623655913978494,0.506788237885897,0.6544681327290023
"Tableau, Data Cleaning",Data Visualization,0.048,0.0975,0.045,0.9375,9.615384615384617,1.0,0.0403199999999999,14.44,0.9411764705882352,0.4477611940298506,0.9307479224376732,0.6995192307692307
"Python, Power BI",Data Visualization,0.0475,0.0975,0.0445,0.9368421052631578,9.608636977058028,1.0,0.0398687499999999,14.289583333333312,0.9406057388893804,0.4427860696517411,0.9300189532001748,0.6966261808367071
"Kubernetes, AWS",Ci/Cd,0.0565,0.082,0.0445,0.7876106194690264,9.605007554500322,1.0,0.039867,4.322249999999998,0.9495364498669192,0.4734042553191488,0.7686390190294405,0.6651467731491474
Ci/Cd,"Kubernetes, AWS",0.082,0.0565,0.0445,0.5426829268292682,9.605007554500322,1.0,0.039867,2.06312,0.9759124623632224,0.4734042553191488,0.5152972197448524,0.6651467731491474
"SQL, Business Intelligence",Data Visualization,0.047,0.0975,0.044,0.9361702127659574,9.601745771958536,1.0,0.0394174999999999,14.139166666666643,0.9400338643518076,0.4378109452736317,0.9292744739789,0.6937261320240042
"PostgreSQL, Rest Apis",Redis,0.0605,0.081,0.047,0.7768595041322315,9.590858075706562,1.0,0.0420995,4.118481481481483,0.9534156919139876,0.4973544973544972,0.7571920610796861,0.6785532088562392
Redis,"PostgreSQL, Rest Apis",0.081,0.0605,0.047,0.5802469135802469,9.590858075706562,1.0,0.0420995,2.2382205882352944,0.9746833977727872,0.4973544973544972,0.553216512592067,0.6785532088562392
TensorFlow,"Python, Statistics",0.0385,0.084,0.031,0.8051948051948052,9.5856524427953,1.0,0.027766,4.702133333333335,0.9315417778001442,0.3387978142076502,0.7873305733567743,0.5871212121212122
"Tableau, Data Visualization",Excel,0.0805,0.061,0.047,0.5838509316770186,9.571326748803584,1.0,0.0420895,2.2564029850746268,0.973921997385258,0.4973544973544972,0.5568167536496471,0.6771713674778536
Excel,"Tableau, Data Visualization",0.061,0.0805,0.047,0.7704918032786885,9.571326748803584,1.0,0.0420895,4.006392857142856,0.9536967801871614,0.4973544973544972,0.7503989160181496,0.6771713674778536
Pandas,"Tableau, Statistics",0.0375,0.085,0.0305,0.8133333333333334,9.568627450980392,1.0,0.0273125,4.901785714285715,0.9303810943155204,0.3315217391304347,0.795992714025501,0.586078431372549
"Kubernetes, Python",Ci/Cd,0.051,0.082,0.04,0.7843137254901962,9.564801530368246,1.0,0.035818,4.256181818181821,0.943572181243414,0.4301075268817204,0.7650476312529371,0.6360593017694883
NumPy,Machine Learning,0.04,0.0825,0.0315,0.7875,9.545454545454543,1.0,0.0282,4.317647058823529,0.9325396825396826,0.3461538461538461,0.7683923705722071,0.5846590909090909
"Data Visualization, Python",Looker,0.0825,0.0585,0.046,0.5575757575757575,9.53120953120953,1.0,0.0411737499999999,2.1280479452054792,0.9755656912688068,0.4842105263157893,0.5300857754389352,0.6719502719502719
Looker,"Data Visualization, Python",0.0585,0.0825,0.046,0.7863247863247863,9.53120953120953,1.0,0.0411737499999999,4.2939,0.9506973146459164,0.4842105263157893,0.7671114837327371,0.6719502719502719
"Api Design, Python",Redis,0.0635,0.081,0.049,0.7716535433070867,9.526586954408478,1.0,0.0438565,4.024586206896553,0.9557187530644932,0.5130890052356021,0.751527250606188,0.6882959074560124
Redis,"Api Design, Python",0.081,0.0635,0.049,0.6049382716049383,9.526586954408478,1.0,0.0438565,2.3705156250000003,0.9739179676223046,0.5130890052356021,0.5781508506192614,0.6882959074560124
"Data Visualization, SQL",Data Cleaning,0.084,0.06,0.048,0.5714285714285714,9.523809523809524,1.0,0.04296,2.193333333333333,0.9770742358078602,0.4999999999999999,0.5440729483282675,0.6857142857142857
Data Cleaning,"Data Visualization, SQL",0.06,0.084,0.048,0.8,9.523809523809524,1.0,0.04296,4.580000000000001,0.952127659574468,0.4999999999999999,0.7816593886462883,0.6857142857142857
"Statistics, Power BI",Data Visualization,0.049,0.0975,0.0455,0.9285714285714284,9.523809523809522,1.0,0.0407224999999999,12.634999999999986,0.9411146161934804,0.4504950495049504,0.9208547685001978,0.6976190476190476
"Power BI, Business Intelligence",Data Visualization,0.0485,0.0975,0.045,0.9278350515463916,9.51625693893735,1.0,0.0402712499999999,12.506071428571415,0.9405324925556138,0.4455445544554454,0.9200388382785504,0.6946867565424266
"Power BI, SQL",Tableau,0.0465,0.093,0.041,0.8817204301075269,9.48086483986588,1.0,0.0366755,7.668272727272727,0.9381482855206108,0.416243654822335,0.8695925359509667,0.6612903225806451
Django,"PostgreSQL, Node.js",0.0855,0.063,0.051,0.5964912280701754,9.468114731272625,1.0,0.0456134999999999,2.3221304347826086,0.9780014794326698,0.5230769230769229,0.5693609691250537,0.7030075187969924
"PostgreSQL, Node.js",Django,0.063,0.0855,0.051,0.8095238095238094,9.468114731272625,1.0,0.0456134999999999,4.801124999999997,0.954516918827296,0.5230769230769229,0.7917154833502563,0.7030075187969924
"Data Cleaning, SQL",Data Visualization,0.052,0.0975,0.048,0.9230769230769232,9.467455621301776,1.0,0.04293,11.732500000000009,0.9434335443037976,0.4729064039408867,0.914766673769444,0.7076923076923077
"Data Visualization, SQL",Power BI,0.084,0.056,0.0445,0.5297619047619047,9.46003401360544,1.0,0.039796,2.0074936708860758,0.9763014572395858,0.4659685863874344,0.501866424535916,0.6622023809523809
Power BI,"Data Visualization, SQL",0.056,0.084,0.0445,0.7946428571428571,9.46003401360544,1.0,0.039796,4.460521739130434,0.9473433631689202,0.4659685863874344,0.7758109794135994,0.6622023809523809
"Excel, Power BI",Data Visualization,0.0515,0.0975,0.0475,0.9223300970873788,9.45979586756286,1.0,0.04247875,11.619687500000005,0.9428460450018034,0.4679802955665025,0.913939165747788,0.704754792133433
Power BI,"Tableau, SQL",0.056,0.0775,0.041,0.7321428571428572,9.447004608294932,1.0,0.03666,3.444000000000001,0.9471889210417528,0.4432432432432432,0.7096399535423926,0.6305875576036867
"Tableau, SQL",Power BI,0.0775,0.056,0.041,0.5290322580645161,9.44700460829493,1.0,0.03666,2.004383561643836,0.9692643267896092,0.4432432432432432,0.5010934937124112,0.6305875576036867
TensorFlow,Machine Learning,0.0385,0.0825,0.03,0.7792207792207791,9.44510035419126,1.0,0.02682375,4.155735294117646,0.9299271970878836,0.3296703296703296,0.7593686966983969,0.5714285714285714
"Data Visualization, SQL",Business Intelligence,0.084,0.0555,0.044,0.5238095238095237,9.438009438009436,1.0,0.039338,1.98345,0.9760321556173084,0.4607329842931936,0.4958279765055836,0.6583011583011582
Business Intelligence,"Python, Statistics",0.0555,0.084,0.044,0.7927927927927927,9.438009438009436,1.0,0.039338,4.420695652173911,0.9465806824197508,0.4607329842931936,0.7737912585074156,0.6583011583011582
"Python, Statistics",Business Intelligence,0.084,0.0555,0.044,0.5238095238095237,9.438009438009436,1.0,0.039338,1.98345,0.9760321556173084,0.4607329842931936,0.4958279765055836,0.6583011583011582
Business Intelligence,"Data Visualization, SQL",0.0555,0.084,0.044,0.7927927927927927,9.438009438009436,1.0,0.039338,4.420695652173911,0.9465806824197508,0.4607329842931936,0.7737912585074156,0.6583011583011582
"Statistics, Power BI",Tableau,0.049,0.093,0.043,0.8775510204081631,9.43603247750713,1.0,0.038443,7.407166666666659,0.9400875455456924,0.4343434343434342,0.8649956123574015,0.6699583059030063
Power BI,Data Visualization,0.056,0.0975,0.0515,0.9196428571428572,9.43223443223443,1.0,0.04604,11.231111111111105,0.9470133289452032,0.5049019607843137,0.9109616145627224,0.7239239926739927
Data Visualization,Power BI,0.0975,0.056,0.0515,0.5282051282051281,9.43223443223443,1.0,0.04604,2.000869565217391,0.9905602022429604,0.5049019607843137,0.5002172968274663,0.7239239926739927
"Looker, SQL",Data Visualization,0.0495,0.0975,0.0455,0.9191919191919192,9.427609427609427,1.0,0.0406737499999999,11.168437499999987,0.9404824528443676,0.4482758620689654,0.910461960323456,0.6929292929292928
Api Design,"PostgreSQL, Python",0.08,0.065,0.049,0.6125,9.423076923076923,1.0,0.0438,2.412903225806452,0.9716060337178348,0.5104166666666666,0.5855614973262033,0.6831730769230769
"PostgreSQL, Python",Api Design,0.065,0.08,0.049,0.7538461538461538,9.423076923076923,1.0,0.0438,3.7375,0.9560187711448216,0.5104166666666666,0.7324414715719063,0.6831730769230769
"Python, Business Intelligence",Data Visualization,0.049,0.0975,0.045,0.9183673469387754,9.419152276295131,1.0,0.0402224999999999,11.055624999999988,0.939887837364178,0.4433497536945812,0.9095483068573688,0.6899529042386184
"TensorFlow, Tableau",Statistics,0.033,0.103,0.032,0.9696969696969696,9.414533686378348,1.0,0.028601,29.601000000000028,0.9242825749741468,0.3076923076923076,0.9662173575217052,0.6401882906737276
"TensorFlow, Python",Statistics,0.032,0.103,0.031,0.96875,9.405339805825244,1.0,0.027704,28.704,0.9232204745401226,0.2980769230769231,0.9651616499442588,0.6348604368932039
"Rest Apis, PostgreSQL",Api Design,0.0605,0.08,0.0455,0.7520661157024794,9.400826446280991,1.0,0.04066,3.710666666666667,0.9511722976331812,0.4789473684210525,0.730506647502695,0.6604080578512397
Api Design,"Rest Apis, PostgreSQL",0.08,0.0605,0.0455,0.56875,9.400826446280991,1.0,0.04066,2.178550724637681,0.9713330148112757,0.4789473684210525,0.5409792442788717,0.6604080578512397
"Git, Redis",Api Design,0.0645,0.08,0.0485,0.751937984496124,9.39922480620155,1.0,0.04334,3.70875,0.9552199331081566,0.5052083333333333,0.7303673744523087,0.679093992248062
Api Design,"Git, Redis",0.08,0.0645,0.0485,0.60625,9.39922480620155,1.0,0.04334,2.375873015873016,0.9713133124159572,0.5052083333333333,0.5791020844468199,0.679093992248062
Django,"PostgreSQL, Docker",0.0855,0.0585,0.047,0.5497076023391813,9.396711151097117,1.0,0.04199825,2.090863636363636,0.977123878878122,0.4845360824742267,0.5217287332333311,0.6765632028789923
"PostgreSQL, Docker",Django,0.0585,0.0855,0.047,0.8034188034188033,9.396711151097117,1.0,0.04199825,4.652021739130433,0.9491022700308472,0.4845360824742267,0.7850396975602004,0.6765632028789923
Data Visualization,"Tableau, SQL",0.0975,0.0775,0.071,0.7282051282051281,9.396195202646814,1.0,0.06344375,3.394103773584904,0.9901096328664508,0.6826923076923077,0.7053714126884857,0.8221670802315962
"Tableau, SQL",Data Visualization,0.0775,0.0975,0.071,0.9161290322580644,9.396195202646814,1.0,0.06344375,10.76057692307691,0.9686438413679912,0.6826923076923077,0.907068179787329,0.8221670802315962
"Python, Power BI",Tableau,0.0475,0.093,0.0415,0.8736842105263158,9.394453876627052,1.0,0.0370825,7.18041666666667,0.9381146633779212,0.4191919191919191,0.8607323159055301,0.6599603848330504
"Data Visualization, Python",Data Cleaning,0.0825,0.06,0.0465,0.5636363636363636,9.393939393939394,1.0,0.04155,2.1541666666666663,0.9738946998329964,0.4843749999999999,0.5357833655705997,0.6693181818181818
Data Cleaning,"Data Visualization, Python",0.06,0.0825,0.0465,0.775,9.393939393939394,1.0,0.04155,4.077777777777778,0.9505833905284832,0.4843749999999999,0.7547683923705722,0.6693181818181818
"PostgreSQL, Docker",Redis,0.0585,0.081,0.0445,0.7606837606837606,9.391157539305686,1.0,0.0397615,3.8401071428571423,0.9490354263755544,0.4684210526315788,0.7395905992206319,0.6550332383665717
Redis,"PostgreSQL, Docker",0.081,0.0585,0.0445,0.5493827160493827,9.391157539305686,1.0,0.0397615,2.0893561643835614,0.9722707877394824,0.4684210526315788,0.521383660169286,0.6550332383665717
"Rest Apis, Django",Redis,0.0605,0.081,0.046,0.7603305785123967,9.386797265585145,1.0,0.0410995,3.834448275862069,0.9510030774926532,0.4816753926701569,0.7392062878263294,0.664115906540149
Redis,"Rest Apis, Django",0.081,0.0605,0.046,0.5679012345679012,9.386797265585145,1.0,0.0410995,2.1742714285714286,0.9722169655107158,0.4816753926701569,0.5400758217859513,0.664115906540149
"PostgreSQL, Git",Redis,0.0625,0.081,0.0475,0.76,9.382716049382717,1.0,0.0424375,3.829166666666667,0.9529824561403508,0.4947916666666666,0.7388465723612623,0.6732098765432099
Redis,"PostgreSQL, Git",0.081,0.0625,0.0475,0.5864197530864197,9.382716049382717,1.0,0.0424375,2.2667910447761197,0.9721665425806082,0.4947916666666666,0.5588477366255143,0.6732098765432099
"Data Cleaning, Power BI",Data Visualization,0.0525,0.0975,0.048,0.9142857142857144,9.377289377289378,1.0,0.04288125,10.529166666666676,0.9428594986807388,0.4705882352941177,0.9050257222002376,0.7032967032967034
"Excel, SQL",Data Visualization,0.0525,0.0975,0.048,0.9142857142857144,9.377289377289378,1.0,0.04288125,10.529166666666676,0.9428594986807388,0.4705882352941177,0.9050257222002376,0.7032967032967034
"PostgreSQL, Api Design",Django,0.058,0.0855,0.0465,0.8017241379310345,9.376890502117362,1.0,0.041541,4.612260869565217,0.948359701390316,0.479381443298969,0.7831865915046851,0.6727918935269207
Django,"PostgreSQL, Api Design",0.0855,0.058,0.0465,0.5438596491228069,9.37689050211736,1.0,0.041541,2.0651538461538457,0.9768778990811126,0.479381443298969,0.5157745744403471,0.6727918935269207
"Rest Apis, Redis",Api Design,0.06,0.08,0.045,0.75,9.375,1.0,0.0402,3.68,0.950354609929078,0.4736842105263157,0.7282608695652174,0.65625
Api Design,"Rest Apis, Redis",0.08,0.06,0.045,0.5625,9.375,1.0,0.0402,2.148571428571429,0.9710144927536232,0.4736842105263157,0.5345744680851063,0.65625
NumPy,"Python, Statistics",0.04,0.084,0.0315,0.7875,9.375,1.0,0.02814,4.310588235294118,0.9305555555555556,0.3405405405405405,0.7680131004366813,0.58125
Api Design,"Django, Node.js",0.08,0.064,0.048,0.6,9.375,1.0,0.04288,2.34,0.9710144927536232,0.4999999999999999,0.5726495726495727,0.675
"Django, Node.js",Api Design,0.064,0.08,0.048,0.75,9.375,1.0,0.04288,3.68,0.9544159544159544,0.4999999999999999,0.7282608695652174,0.675
"Deep Learning, Statistics",Tableau,0.035,0.093,0.0305,0.8714285714285713,9.370199692780336,1.0,0.027245,7.05444444444444,0.9256773974348084,0.3128205128205128,0.8582453929752716,0.5996927803379416
"Statistics, Pandas",Tableau,0.035,0.093,0.0305,0.8714285714285713,9.370199692780336,1.0,0.027245,7.05444444444444,0.9256773974348084,0.3128205128205128,0.8582453929752716,0.5996927803379416
Excel,"Data Visualization, SQL",0.061,0.084,0.048,0.7868852459016393,9.36768149882904,1.0,0.042876,4.298153846153846,0.9512779552715654,0.4948453608247422,0.7673419715083399,0.6791569086651054
"Data Visualization, SQL",Excel,0.084,0.061,0.048,0.5714285714285714,9.36768149882904,1.0,0.042876,2.191,0.9751637554585152,0.4948453608247422,0.5435874030123231,0.6791569086651054
Django,"PostgreSQL, Python",0.0855,0.065,0.052,0.6081871345029239,9.35672514619883,1.0,0.0464425,2.386343283582089,0.9766265718972116,0.5279187817258881,0.5809488069549988,0.7040935672514619
"PostgreSQL, Python",Django,0.065,0.0855,0.052,0.7999999999999999,9.356725146198828,1.0,0.0464425,4.572499999999998,0.9552139037433154,0.5279187817258881,0.7813012575177692,0.7040935672514619
"Data Cleaning, Python",Data Visualization,0.051,0.0975,0.0465,0.911764705882353,9.351432880844646,1.0,0.0415275,10.228333333333344,0.9410584996090964,0.4558823529411765,0.9022323610884798,0.6943438914027149
Api Design,"Django, Docker",0.08,0.0615,0.046,0.575,9.34959349593496,1.0,0.04108,2.208235294117647,0.9706994328922494,0.4816753926701569,0.5471497069792222,0.6614837398373983
"Django, Docker",Api Design,0.0615,0.08,0.046,0.7479674796747967,9.34959349593496,1.0,0.04108,3.650322580645161,0.9515647077899516,0.4816753926701569,0.7260516083421703,0.6614837398373983
"Tableau, Python",Business Intelligence,0.08,0.0555,0.0415,0.51875,9.346846846846848,1.0,0.03706,1.962597402597403,0.9706652697747512,0.4414893617021276,0.4904711487559556,0.633248873873874
Business Intelligence,"Tableau, Python",0.0555,0.08,0.0415,0.7477477477477478,9.346846846846846,1.0,0.03706,3.6471428571428577,0.9454865518187094,0.4414893617021276,0.7258127692910302,0.633248873873874
Looker,"Tableau, Data Visualization",0.0585,0.0805,0.044,0.752136752136752,9.343313691139777,1.0,0.03929075,3.7097068965517215,0.9484562834934582,0.463157894736842,0.7304369245641675,0.6493603015342144
"Tableau, Data Visualization",Looker,0.0805,0.0585,0.044,0.5465838509316769,9.343313691139777,1.0,0.03929075,2.0764589041095887,0.9711490928864502,0.463157894736842,0.5184108878722007,0.6493603015342144
"Python, Looker",Data Visualization,0.0505,0.0975,0.046,0.9108910891089108,9.34247270880934,1.0,0.04107625,10.128055555555546,0.9404549305126269,0.4509803921568626,0.901264364663613,0.6913429804518914
Power BI,"Data Visualization, Statistics",0.056,0.087,0.0455,0.8125,9.339080459770116,1.0,0.040628,4.8693333333333335,0.9458930899608866,0.4666666666666667,0.7946330777656079,0.6677442528735632
"Data Visualization, Statistics",Power BI,0.087,0.056,0.0455,0.5229885057471264,9.339080459770114,1.0,0.040628,1.9789879518072289,0.9780099418653636,0.4666666666666667,0.4946912137151763,0.6677442528735632
"Api Design, SQL",Django,0.0595,0.0855,0.0475,0.7983193277310925,9.337068160597571,1.0,0.04241275,4.534395833333335,0.9493886230728336,0.4871794871794871,0.7794634529590951,0.676937441643324
Django,"Api Design, SQL",0.0855,0.0595,0.0475,0.5555555555555555,9.337068160597571,1.0,0.04241275,2.116125,0.9763805358119192,0.4871794871794871,0.5274381239293519,0.676937441643324
TensorFlow,Statistics,0.0385,0.103,0.037,0.961038961038961,9.330475349892826,1.0,0.0330345,23.022999999999996,0.9285744402749084,0.3540669856459331,0.9565651739564784,0.6601311310049174
"Docker, AWS",Ci/Cd,0.0595,0.082,0.0455,0.7647058823529412,9.32568149210904,1.0,0.040621,3.901500000000001,0.9492495808285282,0.4739583333333332,0.7436883250032039,0.6597919655667145
Ci/Cd,"Docker, AWS",0.082,0.0595,0.0455,0.5548780487804877,9.325681492109036,1.0,0.040621,2.112904109589041,0.9725155019272664,0.4739583333333332,0.5267177552158296,0.6597919655667145
"Data Visualization, Statistics",Business Intelligence,0.087,0.0555,0.045,0.5172413793103449,9.319664492078283,1.0,0.0401715,1.9564642857142855,0.9777656078860896,0.4615384615384615,0.4888738796297986,0.6640260950605779
Business Intelligence,"Data Visualization, Statistics",0.0555,0.087,0.045,0.8108108108108107,9.319664492078283,1.0,0.0401715,4.825857142857141,0.9451561672842774,0.4615384615384615,0.7927829253130457,0.6640260950605779
Data Cleaning,"Tableau, Data Visualization",0.06,0.0805,0.045,0.75,9.316770186335404,1.0,0.04017,3.678,0.949645390070922,0.4712041884816753,0.7281131049483415,0.6545031055900621
"Tableau, Data Visualization",Data Cleaning,0.0805,0.06,0.045,0.5590062111801242,9.316770186335404,1.0,0.04017,2.131549295774648,0.9708174732644552,0.4712041884816753,0.5308576714682173,0.6545031055900621
"Power BI, Looker",Data Visualization,0.049,0.0975,0.0445,0.9081632653061223,9.314495028780742,1.0,0.0397224999999999,9.827222222222211,0.9386334904712956,0.4362745098039214,0.89824184521454,0.6822867608581894
"Power BI, Business Intelligence",Tableau,0.0485,0.093,0.042,0.865979381443299,9.311606252078484,1.0,0.0374895,6.767615384615387,0.9381052473538022,0.4221105527638191,0.8522374657588743,0.6587961423345527
Deep Learning,Tableau,0.037,0.093,0.032,0.8648648648648649,9.29962220284801,1.0,0.028559,6.711800000000003,0.926758826583593,0.3265306122448979,0.8510086712953306,0.6044754431851207
"TensorFlow, Statistics",Tableau,0.037,0.093,0.032,0.8648648648648649,9.29962220284801,1.0,0.028559,6.711800000000003,0.926758826583593,0.3265306122448979,0.8510086712953306,0.6044754431851207
"Data Visualization, Power BI",Tableau,0.0515,0.093,0.0445,0.8640776699029127,9.291157740891537,1.0,0.0397104999999999,6.672928571428574,0.9408231803024292,0.445,0.8501407606426821,0.6712861467794133
"Django, Git",Api Design,0.068,0.08,0.0505,0.7426470588235294,9.283088235294118,1.0,0.04506,3.574857142857143,0.9573789997025456,0.5179487179487179,0.7202685421994885,0.6869485294117648
Api Design,"Django, Git",0.08,0.068,0.0505,0.63125,9.283088235294116,1.0,0.04506,2.527457627118644,0.9698665518725784,0.5179487179487179,0.6043454935622319,0.6869485294117648
Tableau,"Python, Statistics",0.093,0.084,0.0725,0.7795698924731183,9.280593958013313,1.0,0.064688,4.155512195121951,0.9837356955480364,0.69377990430622,0.759355777809081,0.8213325652841781
"Python, Statistics",Tableau,0.084,0.093,0.0725,0.863095238095238,9.280593958013313,1.0,0.064688,6.625043478260866,0.9740701701550972,0.69377990430622,0.849057594371817,0.8213325652841781
Django,"PostgreSQL, Rest Apis",0.0855,0.0605,0.048,0.5614035087719298,9.279396839205452,1.0,0.04282725,2.14206,0.9756526790595954,0.4897959183673468,0.5331596687301009,0.677395969261998
"PostgreSQL, Redis",Django,0.0605,0.0855,0.048,0.7933884297520661,9.279396839205452,1.0,0.04282725,4.42618,0.9496906599254922,0.4897959183673468,0.7740715470224889,0.677395969261998
Django,"PostgreSQL, Redis",0.0855,0.0605,0.048,0.5614035087719298,9.279396839205452,1.0,0.04282725,2.14206,0.9756526790595954,0.4897959183673468,0.5331596687301009,0.677395969261998
Django,"Api Design, Node.js",0.0855,0.0605,0.048,0.5614035087719298,9.279396839205452,1.0,0.04282725,2.14206,0.9756526790595954,0.4897959183673468,0.5331596687301009,0.677395969261998
"Api Design, Node.js",Django,0.0605,0.0855,0.048,0.7933884297520661,9.279396839205452,1.0,0.04282725,4.42618,0.9496906599254922,0.4897959183673468,0.7740715470224889,0.677395969261998
"PostgreSQL, Rest Apis",Django,0.0605,0.0855,0.048,0.7933884297520661,9.279396839205452,1.0,0.04282725,4.42618,0.9496906599254922,0.4897959183673468,0.7740715470224889,0.677395969261998
"Django, SQL",Api Design,0.064,0.08,0.0475,0.7421875,9.27734375,1.0,0.04238,3.568484848484849,0.953216374269006,0.4922279792746113,0.7197690217391305,0.66796875
Api Design,"Django, SQL",0.08,0.064,0.0475,0.59375,9.27734375,1.0,0.04238,2.304,0.9697940503432494,0.4922279792746113,0.5659722222222222,0.66796875
"Excel, Data Visualization",Tableau,0.0545,0.093,0.047,0.8623853211009175,9.272960441945347,1.0,0.0419315,6.5908666666666695,0.9435849544876628,0.4676616915422886,0.8482748854475386,0.6838808325934695
Tableau,"Excel, Data Visualization",0.093,0.0545,0.047,0.5053763440860215,9.272960441945347,1.0,0.0419315,1.911554347826087,0.983637899082784,0.4676616915422886,0.47686551463355,0.6838808325934695
"Tableau, Python",Power BI,0.08,0.056,0.0415,0.51875,9.263392857142858,1.0,0.03702,1.9615584415584415,0.9696176008381352,0.4391534391534392,0.4902012711864407,0.6299107142857143
Power BI,"Tableau, Python",0.056,0.08,0.0415,0.7410714285714286,9.263392857142858,1.0,0.03702,3.5531034482758628,0.9449663059015724,0.4391534391534392,0.7185559006211181,0.6299107142857143
"Excel, Python",Data Visualization,0.0515,0.0975,0.0465,0.9029126213592232,9.260642270351008,1.0,0.04147875,9.295750000000004,0.9404492662438144,0.4536585365853658,0.892423957184735,0.6899178491411502
"TensorFlow, NumPy",Statistics,0.0325,0.103,0.031,0.9538461538461538,9.260642270351008,1.0,0.0276525,19.434999999999977,0.9219804951237808,0.2966507177033493,0.9485464368407512,0.6274085138162808
"TensorFlow, SQL",Statistics,0.0325,0.103,0.031,0.9538461538461538,9.260642270351008,1.0,0.0276525,19.434999999999977,0.9219804951237808,0.2966507177033493,0.9485464368407512,0.6274085138162808
"Data Cleaning, Business Intelligence",Data Visualization,0.0515,0.0975,0.0465,0.9029126213592232,9.260642270351008,1.0,0.04147875,9.295750000000004,0.9404492662438144,0.4536585365853658,0.892423957184735,0.6899178491411502
Ci/Cd,"Terraform, Python",0.082,0.054,0.041,0.5,9.25925925925926,1.0,0.036572,1.892,0.971677559912854,0.431578947368421,0.4714587737843552,0.6296296296296297
"Terraform, Python",Ci/Cd,0.054,0.082,0.041,0.7592592592592593,9.25925925925926,1.0,0.036572,3.81323076923077,0.9429175475687104,0.431578947368421,0.7377551843782781,0.6296296296296297
"Rest Apis, Api Design",Redis,0.06,0.081,0.045,0.75,9.25925925925926,1.0,0.0401399999999999,3.676,0.948936170212766,0.4687499999999999,0.7279651795429816,0.6527777777777777
Redis,"Rest Apis, Api Design",0.081,0.06,0.045,0.5555555555555555,9.259259259259258,1.0,0.0401399999999999,2.1149999999999998,0.9706202393906418,0.4687499999999999,0.5271867612293144,0.6527777777777777
Looker,"Data Visualization, SQL",0.0585,0.084,0.0455,0.7777777777777777,9.259259259259258,1.0,0.040586,4.121999999999998,0.9474243228890068,0.4690721649484535,0.7573993207180979,0.6597222222222221
"Data Visualization, SQL",Looker,0.084,0.0585,0.0455,0.5416666666666666,9.259259259259258,1.0,0.040586,2.054181818181818,0.9737991266375544,0.4690721649484535,0.513188174898212,0.6597222222222221
TensorFlow,"Statistics, SQL",0.0385,0.087,0.031,0.8051948051948052,9.255112703388567,1.0,0.0276505,4.686733333333335,0.9276667840907186,0.328042328042328,0.7866317691071252,0.5807583221376325
"Deep Learning, Tableau",Statistics,0.032,0.103,0.0305,0.953125,9.25364077669903,1.0,0.027204,19.136,0.9214198618073433,0.2918660287081339,0.947742474916388,0.6246207524271845
"Tableau, Pandas",Statistics,0.032,0.103,0.0305,0.953125,9.25364077669903,1.0,0.027204,19.136,0.9214198618073433,0.2918660287081339,0.947742474916388,0.6246207524271845
"Statistics, Business Intelligence",Tableau,0.05,0.093,0.043,0.8599999999999999,9.247311827956988,1.0,0.0383499999999999,6.478571428571423,0.9388004895960832,0.4299999999999999,0.8456449834619624,0.6611827956989247
"Data Visualization, Business Intelligence",Tableau,0.05,0.093,0.043,0.8599999999999999,9.247311827956988,1.0,0.0383499999999999,6.478571428571423,0.9388004895960832,0.4299999999999999,0.8456449834619624,0.6611827956989247
"Excel, Business Intelligence",Data Visualization,0.0505,0.0975,0.0455,0.9009900990099008,9.24092409240924,1.0,0.04057625,9.11524999999999,0.9392161287895886,0.4439024390243901,0.8902937385151256,0.6838283828382837
Data Visualization,Business Intelligence,0.0975,0.0555,0.05,0.5128205128205129,9.240009240009242,1.0,0.04458875,1.9387105263157896,0.9881163434903047,0.4854368932038835,0.4841932375018665,0.7068607068607069
Business Intelligence,Data Visualization,0.0555,0.0975,0.05,0.9009009009009008,9.24000924000924,1.0,0.04458875,9.107045454545457,0.9441768131286395,0.4854368932038835,0.8901949040453195,0.7068607068607069
Excel,"Data Visualization, Python",0.061,0.0825,0.0465,0.7622950819672131,9.23994038748137,1.0,0.0414675,3.859827586206896,0.949706276409358,0.479381443298969,0.7409210702639925,0.6629657228017883
"Data Visualization, Python",Excel,0.0825,0.061,0.0465,0.5636363636363636,9.23994038748137,1.0,0.0414675,2.151875,0.9719609738946998,0.479381443298969,0.5352889921580016,0.6629657228017883
"Statistics, Business Intelligence",Data Visualization,0.05,0.0975,0.045,0.8999999999999999,9.23076923076923,1.0,0.0401249999999999,9.024999999999991,0.93859649122807,0.4390243902439023,0.889196675900277,0.6807692307692307
"Looker, Business Intelligence",Data Visualization,0.05,0.0975,0.045,0.8999999999999999,9.23076923076923,1.0,0.0401249999999999,9.024999999999991,0.93859649122807,0.4390243902439023,0.889196675900277,0.6807692307692307
"Redis, MongoDB",Django,0.059,0.0855,0.0465,0.788135593220339,9.217960154623848,1.0,0.0414555,4.31644,0.9474135271331116,0.4744897959183672,0.7683276033027217,0.665997621171573
Django,"Redis, MongoDB",0.0855,0.059,0.0465,0.5438596491228069,9.217960154623848,1.0,0.0414555,2.062961538461538,0.9748672816099048,0.4744897959183672,0.515259988440815,0.665997621171573
TensorFlow,Tableau,0.0385,0.093,0.033,0.8571428571428572,9.216589861751151,1.0,0.0294195,6.349000000000003,0.9271970878835154,0.3350253807106599,0.8424948810836352,0.6059907834101383
"Excel, Statistics",Tableau,0.0525,0.093,0.045,0.8571428571428571,9.216589861751151,1.0,0.0401175,6.348999999999998,0.9408970976253298,0.4477611940298507,0.8424948810836351,0.6705069124423962
"Docker, Redis",Api Design,0.059,0.08,0.0435,0.7372881355932204,9.216101694915254,1.0,0.0387799999999999,3.501935483870968,0.94739027935554,0.4554973821989527,0.7144436256448048,0.6405190677966102
Api Design,"Docker, Redis",0.08,0.059,0.0435,0.54375,9.216101694915254,1.0,0.0387799999999999,2.0624657534246573,0.969015492253873,0.4554973821989527,0.5151434643995748,0.6405190677966102
Redis,"PostgreSQL, Node.js",0.081,0.063,0.047,0.5802469135802469,9.21026846952773,1.0,0.041897,2.2322647058823533,0.9699951381010812,0.4845360824742267,0.5520244541945004,0.6631393298059964
"PostgreSQL, Node.js",Redis,0.063,0.081,0.047,0.746031746031746,9.210268469527728,1.0,0.041897,3.6185625,0.9513612933990327,0.4845360824742267,0.7236471665198543,0.6631393298059964
Excel,"Tableau, SQL",0.061,0.0775,0.0435,0.7131147540983607,9.201480698043364,1.0,0.0387724999999999,3.2155714285714287,0.949224535761938,0.4578947368421051,0.6890132835754588,0.6372025383395029
"Tableau, SQL",Excel,0.0775,0.061,0.0435,0.5612903225806452,9.201480698043364,1.0,0.0387724999999999,2.140367647058824,0.9662025355885742,0.4578947368421051,0.5327905458792813,0.6372025383395029
"Rest Apis, Django",Api Design,0.0605,0.08,0.0445,0.7355371900826446,9.194214876033058,1.0,0.03966,3.47875,0.9486279457756038,0.4635416666666666,0.7125404240028747,0.6458935950413223
Api Design,"Rest Apis, Django",0.08,0.0605,0.0445,0.5562499999999999,9.194214876033056,1.0,0.03966,2.117183098591549,0.9687347337567171,0.4635416666666666,0.5276742948376795,0.6458935950413223
"Data Visualization, Python",Tableau,0.0825,0.093,0.0705,0.8545454545454544,9.188660801564026,1.0,0.0628275,6.2356249999999935,0.9713026842135776,0.6714285714285714,0.8396311516487921,0.8063049853372433
Tableau,"Data Visualization, Python",0.093,0.0825,0.0705,0.7580645161290321,9.188660801564026,1.0,0.0628275,3.7923333333333313,0.9825470923549696,0.6714285714285714,0.7363100993231958,0.8063049853372433
Api Design,"PostgreSQL, Docker",0.08,0.0585,0.043,0.5375,9.188034188034187,1.0,0.0383199999999999,2.035675675675676,0.9686552072800808,0.4502617801047119,0.5087626128518321,0.6362713675213675
"PostgreSQL, Docker",Api Design,0.0585,0.08,0.043,0.735042735042735,9.188034188034187,1.0,0.0383199999999999,3.4722580645161285,0.9465350936778272,0.4502617801047119,0.712002972872538,0.6362713675213675
"PostgreSQL, Django",Redis,0.0645,0.081,0.048,0.7441860465116279,9.18748205569911,1.0,0.0427755,3.5924545454545456,0.9525988776055586,0.4923076923076922,0.7216387883695625,0.6683893195521102
Redis,"PostgreSQL, Django",0.081,0.0645,0.048,0.5925925925925926,9.187482055699109,1.0,0.0427755,2.2962272727272723,0.9697021218715994,0.4923076923076922,0.5645030385810716,0.6683893195521102
"Excel, Power BI",Tableau,0.0515,0.093,0.044,0.8543689320388349,9.186762710095,1.0,0.0392104999999999,6.228066666666665,0.9395337135189532,0.4378109452736318,0.8394365292600164,0.6637436058043636
Deep Learning,Statistics,0.037,0.103,0.035,0.945945945945946,9.183941222776175,1.0,0.031189,16.594500000000032,0.925352321614004,0.3333333333333334,0.9397390701738528,0.6428758855943323
Business Intelligence,"Tableau, SQL",0.0555,0.0775,0.0395,0.7117117117117117,9.183376925312407,1.0,0.03519875,3.199921875,0.9434701905100148,0.4224598930481283,0.6874923704191996,0.6106945655332752
"Tableau, SQL",Business Intelligence,0.0775,0.0555,0.0395,0.5096774193548387,9.183376925312407,1.0,0.03519875,1.926282894736842,0.9659702926143184,0.4224598930481283,0.4808654519373623,0.6106945655332752
"Excel, Statistics",Data Visualization,0.0525,0.0975,0.047,0.8952380952380953,9.18192918192918,1.0,0.04188125,8.61477272727273,0.94046482905743,0.4563106796116505,0.8839203271336236,0.6886446886446886
"Data Cleaning, Statistics",Data Visualization,0.0525,0.0975,0.047,0.8952380952380953,9.18192918192918,1.0,0.04188125,8.61477272727273,0.94046482905743,0.4563106796116505,0.8839203271336236,0.6886446886446886
Pandas,Tableau,0.0375,0.093,0.032,0.8533333333333334,9.17562724014337,1.0,0.0285125,6.184090909090911,0.9257305194805194,0.3248730964467005,0.8382947445791988,0.5987096774193549
"Tableau, Business Intelligence",Statistics,0.0455,0.103,0.043,0.945054945054945,9.175290728688788,1.0,0.0383135,16.32539999999999,0.9334852047218196,0.4075829383886256,0.9387457581437514,0.6812653366051424
Data Visualization,Excel,0.0975,0.061,0.0545,0.558974358974359,9.163514081546868,1.0,0.0485525,2.1291279069767444,0.9871153015324404,0.5240384615384615,0.5303241309631086,0.7262084909625893
Excel,Data Visualization,0.061,0.0975,0.0545,0.8934426229508197,9.163514081546868,1.0,0.0485525,8.469615384615384,0.9487450049340016,0.5240384615384615,0.8819308841560328,0.7262084909625893
"Statistics, Looker",Data Visualization,0.051,0.0975,0.0455,0.8921568627450981,9.15032679738562,1.0,0.0405275,8.368636363636368,0.9385819659792264,0.441747572815534,0.880506219108142,0.6794117647058824
Data Visualization,"Excel, Data Cleaning",0.0975,0.0555,0.0495,0.5076923076923077,9.147609147609147,1.0,0.04408875,1.918515625,0.9869050616973056,0.4782608695652174,0.4787636926334649,0.6997920997920998
"Excel, Data Cleaning",Data Visualization,0.0555,0.0975,0.0495,0.8918918918918919,9.147609147609147,1.0,0.04408875,8.348125,0.9430193945810674,0.4782608695652174,0.8802126225948941,0.6997920997920998
"Data Visualization, Statistics",Tableau,0.087,0.093,0.074,0.8505747126436782,9.14596465208256,1.0,0.065909,6.06992307692308,0.9755335839673188,0.6981132075471698,0.8352532664208139,0.8231368186874305
Tableau,"Data Visualization, Statistics",0.093,0.087,0.074,0.7956989247311828,9.14596465208256,1.0,0.065909,4.468894736842104,0.9819869483596054,0.6981132075471698,0.7762310238019526,0.8231368186874305
Data Visualization,Data Cleaning,0.0975,0.06,0.0535,0.5487179487179487,9.145299145299145,1.0,0.04765,2.082954545454545,0.9868744660470656,0.5144230769230769,0.5199127114020731,0.7201923076923077
Data Cleaning,Data Visualization,0.06,0.0975,0.0535,0.8916666666666667,9.145299145299145,1.0,0.04765,8.330769230769235,0.9475044740505072,0.5144230769230769,0.8799630655586335,0.7201923076923077
"Tableau, SQL",Data Cleaning,0.0775,0.06,0.0425,0.5483870967741936,9.13978494623656,1.0,0.03785,2.0814285714285714,0.9654073011318348,0.4473684210526316,0.5195607412491422,0.6283602150537635
Data Cleaning,"Tableau, SQL",0.06,0.0775,0.0425,0.7083333333333334,9.13978494623656,1.0,0.03785,3.1628571428571437,0.9474342928660826,0.4473684210526316,0.6838301716350497,0.6283602150537635
"Statistics, Scikit-Learn",Tableau,0.0365,0.093,0.031,0.8493150684931507,9.1324200913242,1.0,0.0276054999999999,6.019181818181821,0.9242345614945512,0.3147208121827411,0.833864463608766,0.591324200913242
"Excel, Looker",Data Visualization,0.0545,0.0975,0.0485,0.8899082568807339,9.127264173135732,1.0,0.04318625,8.197708333333333,0.9417642986038044,0.4685990338164251,0.8780146890645252,0.6936720771583157
Api Design,"PostgreSQL, Node.js",0.08,0.063,0.046,0.575,9.126984126984128,1.0,0.0409599999999999,2.204705882352941,0.9678638941398864,0.4742268041237112,0.5464247598719317,0.652579365079365
"PostgreSQL, Node.js",Api Design,0.063,0.08,0.046,0.7301587301587301,9.126984126984128,1.0,0.0409599999999999,3.409411764705882,0.9503039302120552,0.4742268041237112,0.7066942719116632,0.652579365079365
Scikit-Learn,"Tableau, Statistics",0.04,0.085,0.031,0.775,9.117647058823527,1.0,0.0276,4.066666666666667,0.9274193548387096,0.3297872340425531,0.7540983606557378,0.5698529411764706
Data Visualization,Looker,0.0975,0.0585,0.052,0.5333333333333333,9.116809116809115,1.0,0.04629625,2.0175,0.9864958448753464,0.4999999999999999,0.5043370508054523,0.711111111111111
Looker,Data Visualization,0.0585,0.0975,0.052,0.8888888888888888,9.116809116809115,1.0,0.04629625,8.122499999999997,0.945631970260223,0.4999999999999999,0.8768851954447522,0.711111111111111
Business Intelligence,"Tableau, Statistics",0.0555,0.085,0.043,0.7747747747747747,9.114997350291468,1.0,0.0382825,4.0626,0.9426052913440112,0.4410256410256409,0.7538522128686063,0.6403285638579755
"Tableau, Statistics",Business Intelligence,0.085,0.0555,0.043,0.5058823529411763,9.114997350291466,1.0,0.0382825,1.9114880952380948,0.9729952980048292,0.4410256410256409,0.4768473826799114,0.6403285638579755
"Data Cleaning, Power BI",Tableau,0.0525,0.093,0.0445,0.8476190476190476,9.114183307731697,1.0,0.0396175,5.9521875,0.9396104473629598,0.4405940594059406,0.8319945398225442,0.6630568356374807
"Statistics, SQL",Business Intelligence,0.087,0.0555,0.044,0.5057471264367817,9.11256083669877,1.0,0.0391715,1.91096511627907,0.9750945932490293,0.4467005076142132,0.4767042100971748,0.6492699596147872
Business Intelligence,"Statistics, SQL",0.0555,0.087,0.044,0.7927927927927927,9.112560836698767,1.0,0.0391715,4.406217391304346,0.942574233601232,0.4467005076142132,0.77304796581905,0.6492699596147872
"Python, Business Intelligence",Tableau,0.049,0.093,0.0415,0.8469387755102041,9.106868553873165,1.0,0.036943,5.925733333333335,0.9360596961980414,0.4129353233830846,0.831244515446752,0.6465876673249946
"Data Visualization, Looker",Tableau,0.052,0.093,0.044,0.8461538461538461,9.098428453267164,1.0,0.039164,5.8955,0.93891446106636,0.4356435643564356,0.8303791027054533,0.6596360628618693
"Data Cleaning, Looker",Data Visualization,0.053,0.0975,0.047,0.8867924528301887,9.095307208514756,1.0,0.0418325,7.972083333333335,0.939866094497742,0.4541062801932367,0.8745622746040872,0.6844218674407354
"SQL, Business Intelligence",Statistics,0.047,0.103,0.044,0.9361702127659574,9.0890311919025,1.0,0.039159,14.05299999999998,0.933869121434704,0.4150943396226415,0.9288408169074218,0.6816773393926874
Tableau,"Data Visualization, SQL",0.093,0.084,0.071,0.7634408602150538,9.08858166922683,1.0,0.063188,3.872181818181818,0.9812258335015606,0.6698113207547169,0.7417476639902334,0.8043394777265744
"Data Visualization, SQL",Tableau,0.084,0.093,0.071,0.8452380952380951,9.08858166922683,1.0,0.063188,5.860615384615381,0.9715849683252352,0.6698113207547169,0.8293694545072714,0.8043394777265744
"Excel, Python",Tableau,0.0515,0.093,0.0435,0.8446601941747572,9.082367679298464,1.0,0.0387104999999999,5.838812499999999,0.9382146038209148,0.4306930693069307,0.8287322978773509,0.6562010648293141
"Tableau, Python",Looker,0.08,0.0585,0.0425,0.53125,9.08119658119658,1.0,0.03782,2.0085333333333333,0.9672634271099744,0.4427083333333333,0.5021242697822623,0.6288728632478633
Looker,"Tableau, Python",0.0585,0.08,0.0425,0.7264957264957265,9.08119658119658,1.0,0.03782,3.36375,0.9451750960607292,0.4427083333333333,0.7027127461910071,0.6288728632478633
"Django, Git",Redis,0.068,0.081,0.05,0.7352941176470588,9.077705156136528,1.0,0.044492,3.471777777777777,0.954763948497854,0.505050505050505,0.7119631312808039,0.6762890341321713
Redis,"Django, Git",0.081,0.068,0.05,0.6172839506172839,9.077705156136528,1.0,0.044492,2.435225806451613,0.9682698585418932,0.505050505050505,0.5893604620357125,0.6762890341321713
Django,"Git, Redis",0.0855,0.0645,0.05,0.5847953216374269,9.066594133913595,1.0,0.04448525,2.2531056338028166,0.9728868234007656,0.4999999999999999,0.5561681685060683,0.6799945600435197
"Git, Redis",Django,0.0645,0.0855,0.05,0.7751937984496124,9.066594133913595,1.0,0.04448525,4.0679482758620695,0.9510475681453768,0.4999999999999999,0.7541758320936167,0.6799945600435197
"Statistics, Looker",Tableau,0.051,0.093,0.043,0.8431372549019608,9.065991988193128,1.0,0.038257,5.782125000000001,0.9375107211997942,0.4257425742574257,0.8270532027585015,0.6527514231499051
"Data Cleaning, Python",Tableau,0.051,0.093,0.043,0.8431372549019608,9.065991988193128,1.0,0.038257,5.782125000000001,0.9375107211997942,0.4257425742574257,0.8270532027585015,0.6527514231499051
Pandas,Statistics,0.0375,0.103,0.035,0.9333333333333336,9.06148867313916,1.0,0.0311375,13.455000000000023,0.92430426716141,0.3317535545023697,0.925678186547752,0.6365695792880259
"Redis, SQL",Django,0.0575,0.0855,0.0445,0.7739130434782608,9.051614543605387,1.0,0.03958375,4.044903846153845,0.9437904211247876,0.4517766497461928,0.7527753345853043,0.6471904398677853
Django,"Redis, SQL",0.0855,0.0575,0.0445,0.5204678362573099,9.051614543605387,1.0,0.03958375,1.9654573170731704,0.972687230082135,0.4517766497461928,0.4912125583631935,0.6471904398677853
"Excel, Business Intelligence",Tableau,0.0505,0.093,0.0425,0.8415841584158416,9.049292025976792,1.0,0.0378035,5.725437499999999,0.9368026515503516,0.4207920792079208,0.8253408582313578,0.6492867028638347
"Python, Looker",Tableau,0.0505,0.093,0.0425,0.8415841584158416,9.049292025976792,1.0,0.0378035,5.725437499999999,0.9368026515503516,0.4207920792079208,0.8253408582313578,0.6492867028638347
"Data Visualization, Data Cleaning",Tableau,0.0535,0.093,0.045,0.8411214953271028,9.044317154054868,1.0,0.0400245,5.708764705882352,0.9397076950167282,0.4433497536945813,0.8248307555976877,0.6624962315345191
Looker,"Tableau, SQL",0.0585,0.0775,0.041,0.7008547008547008,9.0432864626413,1.0,0.03646625,3.083785714285714,0.94468479204176,0.431578947368421,0.6757232529590252,0.6149434794596085
"Tableau, SQL",Looker,0.0775,0.0585,0.041,0.5290322580645161,9.0432864626413,1.0,0.03646625,1.9990753424657532,0.9641417145878776,0.431578947368421,0.4997687286930601,0.6149434794596085
"Api Design, Docker",Django,0.0595,0.0855,0.046,0.773109243697479,9.0422133765787,1.0,0.04091275,4.0305740740740745,0.9456752883526338,0.4646464646464645,0.751896384578982,0.6555604698019559
Django,"Api Design, Docker",0.0855,0.0595,0.046,0.5380116959064327,9.0422133765787,1.0,0.04091275,2.03576582278481,0.9725616278793352,0.4646464646464645,0.5087843656634053,0.6555604698019559
Data Visualization,"Tableau, Python",0.0975,0.08,0.0705,0.723076923076923,9.038461538461537,1.0,0.0626999999999999,3.3222222222222206,0.9854423292273236,0.6588785046728971,0.6989966555183945,0.8021634615384614
"Tableau, Python",Data Visualization,0.08,0.0975,0.0705,0.8812499999999999,9.038461538461537,1.0,0.0626999999999999,7.599999999999992,0.9666975023126732,0.6588785046728971,0.8684210526315788,0.8021634615384614
"SQL, Business Intelligence",Tableau,0.047,0.093,0.0395,0.8404255319148937,9.036833676504234,1.0,0.035129,5.683866666666669,0.9332022792779632,0.3930348258706467,0.8240634309976776,0.6325783573552963
"Tableau, Statistics",Power BI,0.085,0.056,0.043,0.5058823529411763,9.03361344537815,1.0,0.0382399999999999,1.9104761904761896,0.9719151099250222,0.4387755102040815,0.4765702891326021,0.6368697478991596
Power BI,"Tableau, Statistics",0.056,0.085,0.043,0.7678571428571428,9.03361344537815,1.0,0.0382399999999999,3.9415384615384608,0.9420575482853764,0.4387755102040815,0.7462919594067134,0.6368697478991596
"Api Design, Docker",Redis,0.0595,0.081,0.0435,0.7310924369747899,9.02583255524432,1.0,0.0386805,3.41753125,0.9454618783112432,0.4484536082474226,0.7073911174916103,0.6340647370059134
Redis,"Api Design, Docker",0.081,0.0595,0.0435,0.537037037037037,9.02583255524432,1.0,0.0386805,2.03148,0.9675809538103636,0.4484536082474226,0.5077480457597416,0.6340647370059134
Power BI,Tableau,0.056,0.093,0.047,0.8392857142857143,9.02457757296467,1.0,0.041792,5.643555555555556,0.9419401370357016,0.4607843137254902,0.8228067412190896,0.672331029185868
Tableau,Power BI,0.093,0.056,0.047,0.5053763440860215,9.02457757296467,1.0,0.041792,1.9085217391304348,0.9803654788993408,0.4607843137254902,0.4760342628029889,0.672331029185868
Api Design,"Redis, SQL",0.08,0.0575,0.0415,0.51875,9.021739130434783,1.0,0.0369,1.9584415584415584,0.966474594028287,0.4322916666666667,0.4893899204244032,0.6202445652173914
"Redis, SQL",Api Design,0.0575,0.08,0.0415,0.7217391304347827,9.021739130434783,1.0,0.0369,3.306250000000001,0.9434022562398132,0.4322916666666667,0.6975425330812856,0.6202445652173914
Django,"Node.js, Redis",0.0855,0.059,0.0455,0.5321637426900584,9.019724452373872,1.0,0.0404555,2.0113875,0.9722601073065807,0.4595959595959595,0.5028307573751949,0.6516750916840123
"Node.js, Redis",Django,0.059,0.0855,0.0455,0.7711864406779662,9.019724452373872,1.0,0.0404555,3.9967037037037048,0.944879774847894,0.4595959595959595,0.7497938115669395,0.6516750916840123
Data Visualization,"Statistics, SQL",0.0975,0.087,0.0765,0.7846153846153846,9.018567639257297,1.0,0.0680175,4.238928571428572,0.9851719080984194,0.7083333333333334,0.7640913303563905,0.8319628647214854
"Statistics, SQL",Data Visualization,0.087,0.0975,0.0765,0.8793103448275863,9.018567639257297,1.0,0.0680175,7.4778571428571485,0.9738418916306938,0.7083333333333334,0.8662718502244724,0.8319628647214854
"PostgreSQL, Django",Api Design,0.0645,0.08,0.0465,0.7209302325581395,9.011627906976743,1.0,0.04134,3.2966666666666664,0.9503284426130584,0.4744897959183672,0.6966632962588473,0.6510901162790697
Api Design,"PostgreSQL, Django",0.08,0.0645,0.0465,0.5812499999999999,9.011627906976743,1.0,0.04134,2.234029850746268,0.9663394109396916,0.4744897959183672,0.5523784072688401,0.6510901162790697
Api Design,"Python, Redis",0.08,0.068,0.049,0.6125,9.007352941176473,1.0,0.04356,2.4051612903225807,0.966282165039929,0.4949494949494948,0.5842274678111589,0.6665441176470588
"Python, Redis",Api Design,0.068,0.08,0.049,0.7205882352941176,9.007352941176473,1.0,0.04356,3.2926315789473684,0.9538407637733204,0.4949494949494948,0.6962915601023018,0.6665441176470588
Scikit-Learn,Tableau,0.04,0.093,0.0335,0.8375,9.005376344086022,1.0,0.02978,5.581538461538463,0.925995024875622,0.3366834170854271,0.820837927232635,0.5988575268817204
Api Design,"Redis, MongoDB",0.08,0.059,0.0425,0.53125,9.004237288135593,1.0,0.03778,2.0074666666666667,0.966240409207161,0.4404145077720207,0.5018597236981934,0.6257944915254238
"Redis, MongoDB",Api Design,0.059,0.08,0.0425,0.7203389830508475,9.004237288135593,1.0,0.03778,3.289696969696971,0.9446771269613052,0.4404145077720207,0.6960206337509213,0.6257944915254238
"Api Design, Git",Redis,0.0665,0.081,0.0485,0.7293233082706767,9.003991460131811,1.0,0.0431135,3.395194444444445,0.952263678982214,0.4898989898989898,0.7054660590540552,0.6640443701847211
Redis,"Api Design, Git",0.081,0.0665,0.0485,0.5987654320987654,9.003991460131811,1.0,0.0431135,2.326569230769231,0.9672885139607148,0.4898989898989898,0.5701825732177455,0.6640443701847211
Data Cleaning,"Data Visualization, Statistics",0.06,0.087,0.047,0.7833333333333333,9.003831417624522,1.0,0.04178,4.213846153846154,0.9456767768220916,0.47,0.7626871120847024,0.6617816091954023
"Data Visualization, Statistics",Data Cleaning,0.087,0.06,0.047,0.5402298850574713,9.003831417624522,1.0,0.04178,2.0445,0.9736431218102582,0.47,0.5108828564441183,0.6617816091954023
"Power BI, Looker",Tableau,0.049,0.093,0.041,0.8367346938775511,8.997147245995173,1.0,0.036443,5.5553750000000015,0.9346515862634968,0.4059405940594059,0.8199941498098688,0.6387974544656573
"Tableau, Scikit-Learn",Statistics,0.0335,0.103,0.031,0.925373134328358,8.984205187653963,1.0,0.0275495,12.019799999999984,0.9194966874155166,0.2938388625592417,0.9168039401653936,0.6131720040573829
"Tableau, Looker",Statistics,0.0465,0.103,0.043,0.9247311827956988,8.97797264850193,1.0,0.0382104999999999,11.917285714285708,0.9319520493652516,0.4037558685446009,0.9160882751345584,0.6711034554755193
"Data Cleaning, Business Intelligence",Tableau,0.0515,0.093,0.043,0.8349514563106796,8.97797264850193,1.0,0.0382104999999999,5.49535294117647,0.9368648171531548,0.4236453201970443,0.8180280664946853,0.6486585238542645
Django,"Rest Apis, Redis",0.0855,0.06,0.046,0.5380116959064327,8.966861598440545,1.0,0.04087,2.0346835443037974,0.9715453918748662,0.4623115577889446,0.5085230807515242,0.6523391812865498
"Rest Apis, Redis",Django,0.06,0.0855,0.046,0.7666666666666667,8.966861598440545,1.0,0.04087,3.919285714285715,0.9451896392229416,0.4623115577889446,0.7448514671040642,0.6523391812865498
"NumPy, SQL",Statistics,0.0325,0.103,0.03,0.923076923076923,8.961911874533234,1.0,0.0266525,11.66099999999999,0.918260120585702,0.2843601895734596,0.914244061401252,0.6071695294996265
"SQL, Scikit-Learn",Statistics,0.0325,0.103,0.03,0.923076923076923,8.961911874533234,1.0,0.0266525,11.66099999999999,0.918260120585702,0.2843601895734596,0.914244061401252,0.6071695294996265
"Tableau, Python",Data Cleaning,0.08,0.06,0.043,0.5375,8.958333333333334,1.0,0.0382,2.032432432432432,0.9656218402426694,0.4432989690721648,0.5079787234042553,0.6270833333333333
Data Cleaning,"Tableau, Python",0.06,0.08,0.043,0.7166666666666667,8.958333333333334,1.0,0.0382,3.247058823529412,0.9450766947055912,0.4432989690721648,0.6920289855072465,0.6270833333333333
Statistics,"Tableau, SQL",0.103,0.0775,0.0715,0.6941747572815534,8.957093642342626,1.0,0.0635174999999999,3.0164285714285715,0.990364150899268,0.6559633027522935,0.668482121714421,0.8083777012214218
"Tableau, SQL",Statistics,0.0775,0.103,0.0715,0.9225806451612902,8.957093642342624,1.0,0.0635174999999999,11.586249999999987,0.9629882312809142,0.6559633027522935,0.91369079728126,0.8083777012214218
"Data Cleaning, Business Intelligence",Statistics,0.0515,0.103,0.0475,0.9223300970873788,8.954661136770667,1.0,0.0421955,11.548875000000006,0.9365591099520018,0.4439252336448598,0.9134114794731087,0.691747572815534
"Python, Redis",Django,0.068,0.0855,0.052,0.7647058823529411,8.94392844857241,1.0,0.046186,3.886624999999999,0.9529960382964676,0.5123152709359604,0.7427073617856108,0.6864465084279325
Django,"Python, Redis",0.0855,0.068,0.052,0.6081871345029239,8.94392844857241,1.0,0.046186,2.378686567164179,0.9712327038734913,0.5123152709359604,0.5795999297241673,0.6864465084279325
Redis,"PostgreSQL, Api Design",0.081,0.058,0.042,0.5185185185185185,8.939974457215836,1.0,0.037302,1.9564615384615385,0.966423130732162,0.4329896907216495,0.4888731619092553,0.6213282247765006
"PostgreSQL, Api Design",Redis,0.058,0.081,0.042,0.7241379310344828,8.939974457215836,1.0,0.037302,3.331375,0.9428268122535638,0.4329896907216495,0.6998236463922555,0.6213282247765006
Looker,"Data Visualization, Statistics",0.0585,0.087,0.0455,0.7777777777777777,8.939974457215836,1.0,0.0404105,4.108499999999999,0.943327516880358,0.455,0.7566021662407204,0.650383141762452
"Data Visualization, Statistics",Looker,0.087,0.0585,0.0455,0.5229885057471264,8.939974457215836,1.0,0.0404105,1.973746987951807,0.9727742137380692,0.455,0.4933494484834056,0.650383141762452
Redis,"Django, Docker",0.081,0.0615,0.0445,0.5493827160493827,8.933052293485899,1.0,0.0395185,2.0826986301369863,0.9663288136836572,0.4540816326530611,0.5198537198182022,0.6364799759108701
"Django, Docker",Redis,0.0615,0.081,0.0445,0.7235772357723577,8.933052293485897,1.0,0.0395185,3.324617647058823,0.9462505911297612,0.4540816326530611,0.6992135318524022,0.6364799759108701
"Tableau, Statistics",Data Visualization,0.085,0.0975,0.074,0.8705882352941176,8.929110105580692,1.0,0.0657125,6.973863636363631,0.9704991877123024,0.6820276497695852,0.8566074629297701,0.8147812971342383
Data Visualization,"Tableau, Statistics",0.0975,0.085,0.074,0.7589743589743589,8.929110105580692,1.0,0.0657125,3.796276595744681,0.983941004716628,0.6820276497695852,0.7365839988790808,0.8147812971342383
"Tableau, Data Visualization",Statistics,0.0805,0.103,0.074,0.9192546583850932,8.924802508593137,1.0,0.0657085,11.108999999999996,0.9656908131622652,0.6757990867579908,0.9099828967503826,0.8188506301634204
Statistics,"Tableau, Data Visualization",0.103,0.0805,0.074,0.7184466019417476,8.924802508593137,1.0,0.0657085,3.265810344827586,0.9899138268703488,0.6757990867579908,0.6937972832427923,0.8188506301634204
"Looker, Business Intelligence",Tableau,0.05,0.093,0.0415,0.83,8.924731182795698,1.0,0.03685,5.335294117647058,0.9346861128725428,0.4088669950738916,0.8125689084895259,0.6381182795698925
"Ci/Cd, Python",Terraform,0.063,0.073,0.041,0.6507936507936508,8.914981517721245,1.0,0.036401,2.654590909090909,0.9475232319025432,0.431578947368421,0.6232941216759987,0.6062187432050445
Terraform,"Ci/Cd, Python",0.073,0.063,0.041,0.5616438356164384,8.914981517721245,1.0,0.036401,2.1375312500000003,0.9577446259899492,0.431578947368421,0.5321705823014283,0.6062187432050445
"Tableau, Python",Excel,0.08,0.061,0.0435,0.54375,8.913934426229508,1.0,0.0386199999999999,2.0580821917808216,0.9650174912543726,0.446153846153846,0.5141107561235356,0.6284323770491803
Excel,"Tableau, Python",0.061,0.08,0.0435,0.7131147540983607,8.913934426229508,1.0,0.0386199999999999,3.2068571428571437,0.9454910457444332,0.446153846153846,0.688168210976479,0.6284323770491803
Data Visualization,"Python, Statistics",0.0975,0.084,0.073,0.7487179487179486,8.913308913308912,1.0,0.0648099999999999,3.645306122448978,0.9837210184798694,0.6728110599078341,0.7256746165043108,0.8088827838827838
"Python, Statistics",Data Visualization,0.084,0.0975,0.073,0.869047619047619,8.913308913308912,1.0,0.0648099999999999,6.891818181818177,0.969222946700963,0.6728110599078341,0.8549004089170293,0.8088827838827838
"Data Cleaning, Statistics",Tableau,0.0525,0.093,0.0435,0.8285714285714285,8.90937019969278,1.0,0.0386175,5.290833333333332,0.936948412337367,0.4264705882352941,0.8109938573003622,0.6481566820276498
"Excel, SQL",Tableau,0.0525,0.093,0.0435,0.8285714285714285,8.90937019969278,1.0,0.0386175,5.290833333333332,0.936948412337367,0.4264705882352941,0.8109938573003622,0.6481566820276498
Data Cleaning,"Statistics, SQL",0.06,0.087,0.0465,0.775,8.908045977011495,1.0,0.04128,4.057777777777778,0.9444063143445436,0.4626865671641791,0.7535596933187295,0.6547413793103449
"Statistics, SQL",Data Cleaning,0.087,0.06,0.0465,0.5344827586206897,8.908045977011495,1.0,0.04128,2.0192592592592598,0.9723350881531992,0.4626865671641791,0.5047688921496699,0.6547413793103449
"Looker, SQL",Tableau,0.0495,0.093,0.041,0.8282828282828283,8.9062669707831,1.0,0.0363965,5.281941176470588,0.933950039132164,0.4039408866995074,0.8106756651409353,0.6345715216682959
Django,"Api Design, MongoDB",0.0855,0.0605,0.046,0.5380116959064327,8.892755304238557,1.0,0.0408272499999999,2.0336012658227847,0.9705291558703972,0.4599999999999999,0.5082615177290396,0.6491711372094147
"Api Design, MongoDB",Django,0.0605,0.0855,0.046,0.7603305785123967,8.892755304238557,1.0,0.0408272499999999,3.815672413793104,0.94470347317028,0.4599999999999999,0.7379229945460871,0.6491711372094147
"Tableau, Power BI",Statistics,0.047,0.103,0.043,0.9148936170212764,8.882462301177442,1.0,0.038159,10.539749999999986,0.9311842651113986,0.4018691588785046,0.9051210892098958,0.6661846725883082
Django,"Api Design, Git",0.0855,0.0665,0.0505,0.5906432748538012,8.881853757200018,1.0,0.04481425,2.280407142857143,0.9703782297311196,0.4975369458128078,0.5614818155905744,0.6750208855472013
"Api Design, Git",Django,0.0665,0.0855,0.0505,0.7593984962406015,8.881853757200018,1.0,0.04481425,3.800890625,0.9506276283761208,0.4975369458128078,0.7369037684424292,0.6750208855472013
Ci/Cd,"Kubernetes, Terraform",0.082,0.057,0.0415,0.5060975609756098,8.87890457851947,1.0,0.036826,1.909283950617284,0.9666377930020736,0.4256410256410256,0.476243436877635,0.6170838682071031
"Kubernetes, Terraform",Ci/Cd,0.057,0.082,0.0415,0.7280701754385965,8.87890457851947,1.0,0.036826,3.3758709677419363,0.941011128288339,0.4256410256410256,0.7037801475365976,0.6170838682071031
Tableau,Data Visualization,0.093,0.0975,0.0805,0.8655913978494624,8.877860490763716,1.0,0.0714325,6.7146,0.978346470173324,0.7318181818181818,0.8510708009412326,0.8456162117452439
Data Visualization,Tableau,0.0975,0.093,0.0805,0.8256410256410256,8.877860490763716,1.0,0.0714325,5.201911764705881,0.9832246520190636,0.7318181818181818,0.8077629830661803,0.8456162117452439
"Power BI, SQL",Statistics,0.0465,0.103,0.0425,0.913978494623656,8.873577617705399,1.0,0.0377105,10.42762500000001,0.930577747617138,0.3971962616822431,0.9041008858680668,0.6632999269234785
Tableau,Statistics,0.093,0.103,0.085,0.913978494623656,8.873577617705399,1.0,0.075421,10.42762500000001,0.9782865296063298,0.7657657657657658,0.9041008858680668,0.869610606535129
Statistics,Tableau,0.103,0.093,0.085,0.825242718446602,8.873577617705399,1.0,0.075421,5.190055555555558,0.9891927339497671,0.7657657657657658,0.8073238351120199,0.869610606535129
NumPy,Tableau,0.04,0.093,0.033,0.8250000000000001,8.870967741935484,1.0,0.02928,5.182857142857145,0.9242424242424244,0.33,0.8070562293274532,0.5899193548387097
"Python, NumPy",Statistics,0.0345,0.103,0.0315,0.9130434782608696,8.864499788940481,1.0,0.0279465,10.315499999999997,0.9188922591304776,0.2971698113207547,0.9030585041927196,0.609434360489658
NumPy,Statistics,0.04,0.103,0.0365,0.9125,8.859223300970873,1.0,0.03238,10.25142857142857,0.9240867579908676,0.3427230046948357,0.9024526198439242,0.6334344660194174
Scikit-Learn,Statistics,0.04,0.103,0.0365,0.9125,8.859223300970873,1.0,0.03238,10.25142857142857,0.9240867579908676,0.3427230046948357,0.9024526198439242,0.6334344660194174
"Statistics, SQL",Excel,0.087,0.061,0.047,0.5402298850574713,8.856227623892972,1.0,0.041693,2.042325,0.9716156696418168,0.4653465346534653,0.5103619649174348,0.6553608441680798
Excel,"Data Visualization, Statistics",0.061,0.087,0.047,0.7704918032786885,8.856227623892972,1.0,0.041693,3.978071428571428,0.9447125733578048,0.4653465346534653,0.7486219093961539,0.6553608441680798
Excel,"Statistics, SQL",0.061,0.087,0.047,0.7704918032786885,8.856227623892972,1.0,0.041693,3.978071428571428,0.9447125733578048,0.4653465346534653,0.7486219093961539,0.6553608441680798
"Data Visualization, Statistics",Excel,0.087,0.061,0.047,0.5402298850574713,8.856227623892972,1.0,0.041693,2.042325,0.9716156696418168,0.4653465346534653,0.5103619649174348,0.6553608441680798
Looker,"Python, Statistics",0.0585,0.084,0.0435,0.7435897435897435,8.852258852258851,1.0,0.0385859999999999,3.572399999999999,0.9421502737744244,0.4393939393939393,0.720076139290113,0.6307234432234432
"Python, Statistics",Looker,0.084,0.0585,0.0435,0.5178571428571428,8.852258852258851,1.0,0.0385859999999999,1.9527407407407404,0.9683782562867036,0.4393939393939393,0.4878992489188983,0.6307234432234432
Api Design,"Django, MongoDB",0.08,0.065,0.046,0.575,8.846153846153845,1.0,0.0407999999999999,2.2,0.9640831758034024,0.4646464646464645,0.5454545454545454,0.6413461538461538
"Django, MongoDB",Api Design,0.065,0.08,0.046,0.7076923076923076,8.846153846153845,1.0,0.0407999999999999,3.147368421052631,0.9486166007905138,0.4646464646464645,0.6822742474916388,0.6413461538461538
"Data Visualization, SQL",Statistics,0.084,0.103,0.0765,0.9107142857142856,8.841886269070734,1.0,0.0678479999999999,10.046399999999986,0.9682335816422638,0.6923076923076923,0.9004618569835959,0.8267163661581136
Statistics,"Data Visualization, SQL",0.103,0.084,0.0765,0.7427184466019418,8.841886269070734,1.0,0.0678479999999999,3.560301886792453,0.988742431197674,0.6923076923076923,0.7191249417051766,0.8267163661581136
"Statistics, NumPy",Tableau,0.0365,0.093,0.03,0.8219178082191781,8.837825894829873,1.0,0.0266054999999999,5.093153846153848,0.9204462895692784,0.3015075376884422,0.8036580024467235,0.5722492266902343
Tableau,"Statistics, SQL",0.093,0.087,0.0715,0.7688172043010753,8.836979359782475,1.0,0.063409,3.949255813953488,0.9777719524136282,0.6589861751152073,0.7467877374601043,0.7953281423804226
"Statistics, SQL",Tableau,0.087,0.093,0.0715,0.82183908045977,8.836979359782474,1.0,0.063409,5.09090322580645,0.9713462878851707,0.6589861751152073,0.8035712022709703,0.7953281423804226
"Looker, Business Intelligence",Statistics,0.05,0.103,0.0455,0.91,8.83495145631068,1.0,0.04035,9.966666666666658,0.9334875650665124,0.4232558139534884,0.8996655518394648,0.675873786407767
Api Design,"Django, Python",0.08,0.0665,0.047,0.5875,8.834586466165414,1.0,0.04168,2.263030303030303,0.9639222941720628,0.472361809045226,0.5581146223888591,0.6471334586466165
"Django, Python",Api Design,0.0665,0.08,0.047,0.706766917293233,8.834586466165414,1.0,0.04168,3.137435897435897,0.949982335981037,0.472361809045226,0.6812683883622098,0.6471334586466165
"Django, MongoDB",Redis,0.065,0.081,0.0465,0.7153846153846154,8.831908831908832,1.0,0.041235,3.22891891891892,0.948421597377954,0.4673366834170853,0.6902988197873944,0.6447293447293447
Redis,"Django, MongoDB",0.081,0.065,0.0465,0.5740740740740741,8.831908831908832,1.0,0.041235,2.195217391304348,0.9649338341114114,0.4673366834170853,0.5444642503466032,0.6447293447293447
"Excel, Tableau",Statistics,0.0495,0.103,0.045,0.9090909090909092,8.8261253309797,1.0,0.0399015,9.866999999999996,0.9328774329300368,0.4186046511627906,0.898652072565116,0.6729920564872021
"Tableau, NumPy",Statistics,0.033,0.103,0.03,0.9090909090909092,8.8261253309797,1.0,0.026601,9.866999999999996,0.9169596690796278,0.2830188679245282,0.898652072565116,0.6001765225066196
NumPy,"Tableau, Statistics",0.04,0.085,0.03,0.75,8.823529411764705,1.0,0.0266,3.66,0.923611111111111,0.3157894736842105,0.726775956284153,0.5514705882352942
Django,"Docker, Redis",0.0855,0.059,0.0445,0.5204678362573099,8.821488750123896,1.0,0.0394555,1.9623292682926827,0.9695357566300736,0.4449999999999999,0.4904015263095747,0.6373525621964515
"Docker, Redis",Django,0.059,0.0855,0.0445,0.7542372881355932,8.821488750123896,1.0,0.0394555,3.721068965517241,0.9422321460554752,0.4449999999999999,0.7312600198311572,0.6373525621964515
"Excel, Data Cleaning",Tableau,0.0555,0.093,0.0455,0.8198198198198198,8.815266879783008,1.0,0.0403385,5.033849999999999,0.9386558386029006,0.441747572815534,0.8013448950604408,0.6545335658238884
Business Intelligence,Tableau,0.0555,0.093,0.0455,0.8198198198198198,8.815266879783008,1.0,0.0403385,5.033849999999999,0.9386558386029006,0.441747572815534,0.8013448950604408,0.6545335658238884
"Power BI, Business Intelligence",Statistics,0.0485,0.103,0.044,0.9072164948453608,8.807927134420979,1.0,0.0390045,9.667666666666657,0.9316509817035302,0.4093023255813953,0.8965624245767678,0.6672004804323891
"Tableau, Python",Statistics,0.08,0.103,0.0725,0.90625,8.798543689320388,1.0,0.06426,9.567999999999987,0.9634182908545728,0.6561085972850679,0.8954849498327758,0.8050667475728155
Statistics,"Tableau, Python",0.103,0.08,0.0725,0.7038834951456311,8.798543689320388,1.0,0.06426,3.10688524590164,0.988121323953408,0.6561085972850679,0.6781342338539469,0.8050667475728155
"Tableau, Data Cleaning",Statistics,0.048,0.103,0.0435,0.90625,8.798543689320388,1.0,0.038556,9.567999999999987,0.9310344827586208,0.4046511627906976,0.8954849498327758,0.6642900485436892
"Node.js, Redis",Api Design,0.059,0.08,0.0415,0.7033898305084747,8.792372881355934,1.0,0.03678,3.101714285714287,0.941833220234818,0.4256410256410256,0.6775976418570377,0.6110699152542374
Api Design,"Node.js, Redis",0.08,0.059,0.0415,0.51875,8.792372881355933,1.0,0.03678,1.955324675324676,0.9633315872184388,0.4256410256410256,0.4885759829968119,0.6110699152542374
"Data Cleaning, SQL",Tableau,0.052,0.093,0.0425,0.8173076923076924,8.788254755996693,1.0,0.037664,4.964631578947371,0.9348225366095806,0.4146341463414635,0.7985751844627259,0.6371484698097603
"Django, Node.js",Redis,0.064,0.081,0.0455,0.7109375,8.777006172839506,1.0,0.040316,3.179243243243244,0.9466516389593314,0.4572864321608039,0.6854597388465724,0.6363329475308641
Redis,"Django, Node.js",0.081,0.064,0.0455,0.5617283950617283,8.777006172839505,1.0,0.040316,2.1356619718309857,0.9641631491468272,0.4572864321608039,0.5317611058351799,0.6363329475308641
Api Design,Django,0.08,0.0855,0.06,0.75,8.771929824561402,1.0,0.05316,3.658,0.9630434782608696,0.5687203791469193,0.7266265718972116,0.7258771929824561
"Api Design, Redis",Django,0.056,0.0855,0.042,0.75,8.771929824561402,1.0,0.037212,3.658,0.9385593220338982,0.4221105527638191,0.7266265718972116,0.6206140350877193
Django,Api Design,0.0855,0.08,0.06,0.7017543859649122,8.771929824561402,1.0,0.05316,3.084705882352941,0.9688354291962822,0.5687203791469193,0.6758199847444698,0.7258771929824561
Ci/Cd,Kubernetes,0.082,0.073,0.0525,0.6402439024390243,8.770464416972937,1.0,0.046514,2.576745762711864,0.9651208631600788,0.5121951219512194,0.6119135948641039,0.6797109923154026
Kubernetes,Ci/Cd,0.073,0.082,0.0525,0.7191780821917808,8.770464416972937,1.0,0.046514,3.2689756097560974,0.9557507576925052,0.5121951219512194,0.6940937714507416,0.6797109923154026
Business Intelligence,Statistics,0.0555,0.103,0.05,0.9009009009009008,8.746610688358261,1.0,0.0442835,9.051545454545456,0.9377130757014294,0.4608294930875576,0.8895216286520634,0.6931688970523923
Looker,"Statistics, SQL",0.0585,0.087,0.0445,0.7606837606837606,8.743491502112192,1.0,0.0394105,3.8150357142857136,0.9406576882455084,0.4405940594059406,0.737879255951545,0.636089006778662
"Statistics, SQL",Looker,0.087,0.0585,0.0445,0.5114942528735632,8.74349150211219,1.0,0.0394105,1.9273058823529408,0.9700210443407952,0.4405940594059406,0.4811410014589094,0.636089006778662
"Data Visualization, Business Intelligence",Statistics,0.05,0.103,0.045,0.8999999999999999,8.737864077669903,1.0,0.03985,8.969999999999992,0.9321637426900584,0.4166666666666666,0.8885172798216275,0.6684466019417475
Django,Redis,0.0855,0.081,0.0605,0.7076023391812865,8.735831347917117,1.0,0.0535745,3.142979999999999,0.9683203123234936,0.570754716981132,0.6818306193485163,0.7272579597141
Redis,Django,0.081,0.0855,0.0605,0.7469135802469136,8.735831347917117,1.0,0.0535745,3.613390243902439,0.9635788091619528,0.570754716981132,0.72325159130335,0.7272579597141
Data Cleaning,"Python, Statistics",0.06,0.084,0.044,0.7333333333333333,8.73015873015873,1.0,0.0389599999999999,3.435,0.941972920696325,0.4399999999999999,0.7088791848617175,0.6285714285714286
"Python, Statistics",Data Cleaning,0.084,0.06,0.044,0.5238095238095237,8.73015873015873,1.0,0.0389599999999999,1.9739999999999995,0.966653433902342,0.4399999999999999,0.4934143870314083,0.6285714285714286
"Looker, SQL",Statistics,0.0495,0.103,0.0445,0.8989898989898989,8.728057271746591,1.0,0.0394015,8.880299999999991,0.9315381023589004,0.412037037037037,0.8873911917390177,0.6655143669706776
Tableau,Excel,0.093,0.061,0.0495,0.5322580645161291,8.72554204124802,1.0,0.043827,2.0075172413793108,0.9761785439844975,0.4736842105263158,0.5018722731801162,0.6718667371760974
Excel,Tableau,0.061,0.093,0.0495,0.8114754098360656,8.725542041248017,1.0,0.043827,4.81104347826087,0.9429115435505212,0.4736842105263158,0.792144884052994,0.6718667371760974
Power BI,"Statistics, SQL",0.056,0.087,0.0425,0.7589285714285715,8.723316912972088,1.0,0.037628,3.787259259259261,0.9378863409770688,0.4228855721393036,0.7359568142700674,0.6237171592775042
"Python, Business Intelligence",Statistics,0.049,0.103,0.044,0.8979591836734693,8.718050326926887,1.0,0.0389529999999999,8.79059999999999,0.9309100468406464,0.4074074074074074,0.8862421222669669,0.6625718248464434
Power BI,"Python, Statistics",0.056,0.084,0.041,0.7321428571428572,8.715986394557824,1.0,0.036296,3.419733333333334,0.937784208350558,0.4141414141414141,0.7075795383655646,0.6101190476190477
Kubernetes,"Ci/Cd, Python",0.073,0.063,0.04,0.5479452054794521,8.697542944118288,1.0,0.035401,2.0727575757575765,0.9547195253505932,0.4166666666666667,0.517550912998348,0.5914329202000435
"Ci/Cd, Python",Kubernetes,0.063,0.073,0.04,0.6349206349206349,8.697542944118286,1.0,0.035401,2.539173913043478,0.944530416221985,0.4166666666666667,0.606171127206726,0.5914329202000435
"Excel, SQL",Statistics,0.0525,0.103,0.047,0.8952380952380953,8.691631992602867,1.0,0.0415925,8.562272727272731,0.9339808005389324,0.4331797235023041,0.8832085788607528,0.675774387424873
Ci/Cd,Terraform,0.082,0.073,0.052,0.6341463414634145,8.686936184430337,1.0,0.046014,2.5337999999999994,0.9639265962795376,0.5048543689320387,0.6053358591838345,0.6732375542933511
Terraform,Ci/Cd,0.073,0.082,0.052,0.7123287671232876,8.686936184430337,1.0,0.046014,3.191142857142857,0.9545680856360468,0.5048543689320387,0.6866326439251499,0.6732375542933511
"Data Cleaning, SQL",Statistics,0.052,0.103,0.0465,0.8942307692307693,8.681852128454072,1.0,0.041144,8.480727272727277,0.9333514813302484,0.4285714285714285,0.8820855844267216,0.6728435399551904
Excel,"Tableau, Statistics",0.061,0.085,0.045,0.7377049180327869,8.678881388621022,1.0,0.0398149999999999,3.4884375000000007,0.9422553543959292,0.4455445544554454,0.7133387082325541,0.6335583413693346
"Tableau, Statistics",Excel,0.085,0.061,0.045,0.5294117647058822,8.67888138862102,1.0,0.0398149999999999,1.995375,0.966970248937462,0.4455445544554454,0.4988410699743155,0.6335583413693346
Api Design,"PostgreSQL, Redis",0.08,0.0605,0.042,0.525,8.677685950413224,1.0,0.03716,1.9778947368421052,0.961697722567288,0.4263959390862944,0.4944119212346993,0.609607438016529
Api Design,"Django, Redis",0.08,0.0605,0.042,0.525,8.677685950413224,1.0,0.03716,1.9778947368421052,0.961697722567288,0.4263959390862944,0.4944119212346993,0.609607438016529
"PostgreSQL, Redis",Api Design,0.0605,0.08,0.042,0.6942148760330579,8.677685950413224,1.0,0.03716,3.008648648648649,0.9417369928279988,0.4263959390862944,0.6676248652533238,0.609607438016529
"Django, Redis",Api Design,0.0605,0.08,0.042,0.6942148760330579,8.677685950413224,1.0,0.03716,3.008648648648649,0.9417369928279988,0.4263959390862944,0.6676248652533238,0.609607438016529
Django,"Api Design, Rest Apis",0.0855,0.06,0.0445,0.5204678362573099,8.674463937621832,1.0,0.0393699999999999,1.960243902439024,0.9674347743286992,0.4405940594059405,0.4898594002737339,0.6310672514619883
"Api Design, Rest Apis",Django,0.06,0.0855,0.0445,0.7416666666666667,8.674463937621832,1.0,0.0393699999999999,3.5400000000000005,0.941190533110208,0.4405940594059405,0.7175141242937854,0.6310672514619883
"Api Design, MongoDB",Redis,0.0605,0.081,0.0425,0.7024793388429753,8.672584430160189,1.0,0.0375995,3.0888611111111124,0.9416648404971354,0.4292929292929293,0.6762560814395814,0.6135853484338334
Redis,"Api Design, MongoDB",0.081,0.0605,0.0425,0.5246913580246914,8.672584430160187,1.0,0.0375995,1.9766103896103897,0.9626704218139922,0.4292929292929293,0.4940834039645464,0.6135853484338334
Data Visualization,Statistics,0.0975,0.103,0.087,0.8923076923076922,8.66318147871546,1.0,0.0769575,8.32928571428571,0.980131817747636,0.7665198237885461,0.8799416859617528,0.8684839432412248
Statistics,Data Visualization,0.103,0.0975,0.087,0.8446601941747572,8.663181478715458,1.0,0.0769575,5.809843749999998,0.9861415446123092,0.7665198237885461,0.8278783314955759,0.8684839432412248
"Api Design, Python",Django,0.0635,0.0855,0.047,0.7401574803149606,8.656812635262696,1.0,0.04157075,3.519439393939394,0.944457066260749,0.4607843137254901,0.715863838507338,0.644932541327071
Django,"Api Design, Python",0.0855,0.0635,0.047,0.5497076023391813,8.656812635262696,1.0,0.04157075,2.0797597402597403,0.967177739259914,0.4607843137254901,0.5191752294064936,0.644932541327071
"Excel, Business Intelligence",Statistics,0.0505,0.103,0.045,0.891089108910891,8.651350571950399,1.0,0.0397985,8.236090909090901,0.9314493008015916,0.4147465437788018,0.8785831760433568,0.6639911563971931
Looker,"Tableau, Statistics",0.0585,0.085,0.043,0.735042735042735,8.647561588738059,1.0,0.0380275,3.453387096774193,0.9393101063369932,0.4278606965174128,0.7104292186259399,0.6204625439919557
"Tableau, Statistics",Looker,0.085,0.0585,0.043,0.5058823529411763,8.647561588738057,1.0,0.0380275,1.905416666666666,0.966514169525988,0.4278606965174128,0.4751804067351846,0.6204625439919557
"Api Design, Django",Redis,0.06,0.081,0.042,0.7000000000000001,8.641975308641976,1.0,0.03714,3.0633333333333344,0.9407294832826748,0.4242424242424242,0.6735582154515779,0.6092592592592593
Redis,"Api Design, Django",0.081,0.06,0.042,0.5185185185185185,8.641975308641975,1.0,0.03714,1.952307692307692,0.9622260220736826,0.4242424242424242,0.4877856579984239,0.6092592592592593
Redis,Api Design,0.081,0.08,0.056,0.691358024691358,8.641975308641975,1.0,0.04952,2.9808,0.9622260220736826,0.5333333333333333,0.6645195920558239,0.695679012345679
Api Design,Redis,0.08,0.081,0.056,0.7,8.641975308641975,1.0,0.04952,3.063333333333333,0.9611801242236024,0.5333333333333333,0.6735582154515778,0.695679012345679
"Data Cleaning, Looker",Tableau,0.053,0.093,0.0425,0.8018867924528302,8.622438628525057,1.0,0.037571,4.5781904761904775,0.9334989750916206,0.4106280193236716,0.781573089804664,0.6294380198823291
NumPy,"Statistics, SQL",0.04,0.087,0.03,0.75,8.620689655172415,1.0,0.02652,3.652,0.9208333333333332,0.3092783505154639,0.7261774370208105,0.5474137931034483
Scikit-Learn,"Statistics, SQL",0.04,0.087,0.03,0.75,8.620689655172415,1.0,0.02652,3.652,0.9208333333333332,0.3092783505154639,0.7261774370208105,0.5474137931034483
Ci/Cd,"Docker, Terraform",0.082,0.058,0.041,0.5,8.620689655172413,1.0,0.036244,1.884,0.9629629629629628,0.4141414141414141,0.4692144373673036,0.603448275862069
"Docker, Terraform",Ci/Cd,0.058,0.082,0.041,0.7068965517241379,8.620689655172413,1.0,0.036244,3.132,0.9384288747346072,0.4141414141414141,0.6807151979565772,0.603448275862069
Redis,"Api Design, SQL",0.081,0.0595,0.0415,0.5123456790123457,8.61085174810665,1.0,0.0366805,1.928620253164557,0.9617709139058956,0.4191919191919191,0.4814946082002613,0.6049123353044923
"Api Design, SQL",Redis,0.0595,0.081,0.0415,0.6974789915966387,8.61085174810665,1.0,0.0366805,3.0378055555555563,0.9397846569691846,0.4191919191919191,0.6708150071780618,0.6049123353044923
Data Cleaning,Tableau,0.06,0.093,0.048,0.8,8.60215053763441,1.0,0.04242,4.535000000000001,0.9401595744680852,0.4571428571428572,0.7794928335170893,0.6580645161290323
Tableau,Data Cleaning,0.093,0.06,0.048,0.5161290322580645,8.602150537634408,1.0,0.04242,1.9426666666666663,0.9743660418963614,0.4571428571428572,0.4852436513383665,0.6580645161290323
"Data Cleaning, Power BI",Statistics,0.0525,0.103,0.0465,0.8857142857142858,8.599167822468795,1.0,0.0410925,7.848750000000005,0.932675121286918,0.4266055045871559,0.8725911769390031,0.6685852981969487
"Data Visualization, Python",Statistics,0.0825,0.103,0.073,0.8848484848484848,8.59076198882024,1.0,0.0645024999999999,7.789736842105258,0.963047292001045,0.6488888888888888,0.8716259585824803,0.7967931744630774
Statistics,"Data Visualization, Python",0.103,0.0825,0.073,0.7087378640776699,8.59076198882024,1.0,0.0645024999999999,3.1500833333333333,0.9850567340144468,0.6488888888888888,0.6825480807386048,0.7967931744630774
Redis,"Django, SQL",0.081,0.064,0.0445,0.5493827160493827,8.584104938271604,1.0,0.039316,2.0771506849315067,0.961377168637136,0.4427860696517411,0.5185712778305371,0.6223476080246914
"Django, SQL",Redis,0.064,0.081,0.0445,0.6953125,8.584104938271604,1.0,0.039316,3.0162051282051285,0.943916258523,0.4427860696517411,0.6684575625680087,0.6223476080246914
"Excel, Looker",Tableau,0.0545,0.093,0.0435,0.7981651376146789,8.58242083456644,1.0,0.0384314999999999,4.493772727272727,0.9344079943106182,0.4182692307692308,0.7774698319897232,0.6329535365492749
"Data Visualization, Power BI",Statistics,0.0515,0.103,0.0455,0.883495145631068,8.577622773117165,1.0,0.0401955,7.699250000000004,0.931383850730187,0.4174311926605504,0.8701172192096633,0.662621359223301
"Kubernetes, Docker",Ci/Cd,0.057,0.082,0.04,0.7017543859649122,8.55798031664527,1.0,0.035326,3.078,0.9365323435843056,0.404040404040404,0.6751137102014295,0.5947796320068464
Looker,Tableau,0.0585,0.093,0.0465,0.7948717948717948,8.547008547008547,1.0,0.0410595,4.421624999999999,0.9378651088688263,0.4428571428571429,0.7738388036072711,0.6474358974358974
Tableau,Looker,0.093,0.0585,0.0465,0.5,8.547008547008547,1.0,0.0410595,1.883,0.9735391400220508,0.4428571428571429,0.4689325544344132,0.6474358974358974
Data Cleaning,"Tableau, Statistics",0.06,0.085,0.0435,0.725,8.529411764705882,1.0,0.0384,3.327272727272727,0.9391049156272928,0.4285714285714284,0.6994535519125683,0.6183823529411765
"Tableau, Statistics",Data Cleaning,0.085,0.06,0.0435,0.5117647058823529,8.529411764705882,1.0,0.0384,1.9253012048192768,0.9647635198794046,0.4285714285714284,0.4806007509386733,0.6183823529411765
"Data Visualization, Data Cleaning",Statistics,0.0535,0.103,0.047,0.8785046728971962,8.529171581526178,1.0,0.0414895,7.382999999999999,0.932652212518686,0.4292237442922374,0.8645537044561831,0.6674076762544234
"Power BI, Looker",Statistics,0.049,0.103,0.043,0.8775510204081631,8.51991281949673,1.0,0.0379529999999999,7.325499999999992,0.928105054654831,0.3944954128440366,0.8634905467203602,0.6475133742817515
"Data Cleaning, Looker",Statistics,0.053,0.103,0.0465,0.8773584905660378,8.518043597728523,1.0,0.041041,7.314000000000002,0.931998047030237,0.4246575342465753,0.8632759092152038,0.6644074006228247
"Data Visualization, Looker",Statistics,0.052,0.103,0.0455,0.875,8.495145631067961,1.0,0.040144,7.176,0.9306811332127788,0.4155251141552511,0.8606465997770346,0.658373786407767
Power BI,Statistics,0.056,0.103,0.049,0.875,8.495145631067961,1.0,0.043232,7.176,0.9346246973365616,0.4454545454545455,0.8606465997770346,0.6753640776699029
Statistics,Data Cleaning,0.103,0.06,0.0525,0.5097087378640777,8.495145631067961,1.0,0.04632,1.9172277227722767,0.9835961140308966,0.4751131221719457,0.4784135509192316,0.6923543689320388
Data Cleaning,Statistics,0.06,0.103,0.0525,0.875,8.495145631067961,1.0,0.04632,7.176,0.9386018237082068,0.4751131221719457,0.8606465997770346,0.6923543689320388
Excel,"Python, Statistics",0.061,0.084,0.0435,0.7131147540983607,8.489461358313816,1.0,0.0383759999999999,3.192914285714286,0.939517461716426,0.4285714285714284,0.6868065001073806,0.6154859484777517
"Python, Statistics",Excel,0.084,0.061,0.0435,0.5178571428571428,8.489461358313816,1.0,0.0383759999999999,1.9475555555555557,0.963107965667821,0.4285714285714284,0.4865358283888634,0.6154859484777517
"Excel, Data Cleaning",Statistics,0.0555,0.103,0.0485,0.8738738738738739,8.484212367707514,1.0,0.0427835,7.111928571428575,0.933969317753898,0.4409090909090909,0.8593911637389899,0.6723738301408204
PostgreSQL,"Django, Node.js",0.094,0.064,0.051,0.5425531914893617,8.477393617021276,1.0,0.0449839999999999,2.0461395348837206,0.973553218196771,0.4766355140186915,0.511274777232224,0.6697140957446808
"Django, Node.js",PostgreSQL,0.064,0.094,0.051,0.7968749999999999,8.477393617021276,1.0,0.0449839999999999,4.46030769230769,0.942349589408413,0.4766355140186915,0.7758002207505518,0.6697140957446808
"Node.js, Redis",PostgreSQL,0.059,0.094,0.047,0.7966101694915255,8.474576271186441,1.0,0.041454,4.454500000000002,0.9373007438894791,0.4433962264150943,0.7755079133460546,0.6483050847457628
PostgreSQL,"Node.js, Redis",0.094,0.059,0.047,0.5,8.474576271186441,1.0,0.041454,1.882,0.9735099337748344,0.4433962264150943,0.4686503719447396,0.6483050847457628
Redis,"Api Design, Node.js",0.081,0.0605,0.0415,0.5123456790123457,8.468523620038773,1.0,0.0365995,1.9265696202531648,0.9596470757895564,0.415,0.4809427131584308,0.5991480461177432
"Api Design, Node.js",Redis,0.0605,0.081,0.0415,0.6859504132231405,8.468523620038772,1.0,0.0365995,2.926289473684211,0.9387074642369372,0.415,0.6582703081862248,0.5991480461177432
Looker,Statistics,0.0585,0.103,0.051,0.8717948717948717,8.46402788150361,1.0,0.0449745,6.996599999999995,0.936646777670176,0.4615384615384614,0.8570734356687533,0.6834702514314164
"Excel, Looker",Statistics,0.0545,0.103,0.0475,0.8715596330275229,8.461744009975952,1.0,0.0418865,6.983785714285714,0.9326505051629604,0.4318181818181818,0.8568111850919988,0.6663623407856061
PostgreSQL,"Rest Apis, Django",0.094,0.0605,0.048,0.5106382978723404,8.440302444170916,1.0,0.042313,1.9198478260869565,0.9729810522442974,0.4507042253521127,0.4791253835788615,0.6520133638122032
"Django, Redis",PostgreSQL,0.0605,0.094,0.048,0.7933884297520661,8.440302444170916,1.0,0.042313,4.385040000000001,0.938287209508604,0.4507042253521127,0.771951909218616,0.6520133638122032
"Rest Apis, Django",PostgreSQL,0.0605,0.094,0.048,0.7933884297520661,8.440302444170916,1.0,0.042313,4.385040000000001,0.938287209508604,0.4507042253521127,0.771951909218616,0.6520133638122032
PostgreSQL,"Django, Redis",0.094,0.0605,0.048,0.5106382978723404,8.440302444170916,1.0,0.042313,1.9198478260869565,0.9729810522442974,0.4507042253521127,0.4791253835788615,0.6520133638122032
"Redis, SQL",PostgreSQL,0.0575,0.094,0.0455,0.7913043478260869,8.418131359851989,1.0,0.040095,4.34125,0.9349695397440756,0.4292452830188679,0.7696515980420385,0.6376734505087882
"Excel, Power BI",Statistics,0.0515,0.103,0.0445,0.8640776699029127,8.389103591290414,1.0,0.0391955,6.599357142857146,0.9286217741792188,0.4045454545454545,0.8484700890779405,0.6480582524271845
"Python, Power BI",Statistics,0.0475,0.103,0.041,0.8631578947368421,8.380173735309148,1.0,0.0361075,6.555000000000001,0.9245886947058446,0.3744292237442923,0.84744469870328,0.6306080735820133
"Data Cleaning, Python",Statistics,0.051,0.103,0.044,0.8627450980392157,8.376166000380735,1.0,0.038747,6.535285714285717,0.9279384998563082,0.3999999999999999,0.8469845017159595,0.6449647820293166
"Excel, Data Visualization",Statistics,0.0545,0.103,0.047,0.8623853211009175,8.372673020397258,1.0,0.0413865,6.518200000000002,0.9313208141588938,0.4253393665158371,0.8465834125985702,0.6593480003562839
"Python, Looker",Statistics,0.0505,0.103,0.0435,0.8613861386138613,8.362972219552052,1.0,0.0382985,6.4712142857142805,0.927251487473746,0.3954545454545454,0.845469496782454,0.64185811785062
Statistics,Excel,0.103,0.061,0.0525,0.5097087378640777,8.355880948591437,1.0,0.046217,1.9151881188118811,0.9814089292350162,0.4708520179372197,0.4778580807924149,0.6851822377844978
Excel,Statistics,0.061,0.103,0.0525,0.860655737704918,8.355880948591437,1.0,0.046217,6.437294117647057,0.9375120442213094,0.4708520179372197,0.8446552259809565,0.6851822377844978
PostgreSQL,"Rest Apis, Redis",0.094,0.06,0.047,0.5,8.333333333333334,1.0,0.04136,1.88,0.9713024282560706,0.4392523364485981,0.4680851063829787,0.6416666666666666
"Rest Apis, Redis",PostgreSQL,0.06,0.094,0.047,0.7833333333333333,8.333333333333334,1.0,0.04136,4.181538461538461,0.9361702127659576,0.4392523364485981,0.7608535688005886,0.6416666666666666
PostgreSQL,"Django, Python",0.094,0.0665,0.052,0.5531914893617021,8.318669012957926,1.0,0.045749,2.089261904761905,0.971068942095432,0.4792626728110598,0.5213620668041802,0.6675731882898737
"Django, Python",PostgreSQL,0.0665,0.094,0.052,0.7819548872180451,8.318669012957926,1.0,0.045749,4.155103448275861,0.9424621976844796,0.4792626728110598,0.75933210509718,0.6675731882898737
"Api Design, SQL",PostgreSQL,0.0595,0.094,0.0465,0.7815126050420168,8.31396388342571,1.0,0.040907,4.146692307692308,0.935375257955903,0.4345794392523364,0.7588439349249634,0.6380967280529233
"Api Design, Django",PostgreSQL,0.06,0.094,0.0465,0.775,8.24468085106383,1.0,0.04086,4.026666666666667,0.9347975291695264,0.4325581395348837,0.7516556291390729,0.6348404255319149
PostgreSQL,"Django, SQL",0.094,0.064,0.0495,0.5265957446808511,8.228058510638299,1.0,0.043484,1.977168539325843,0.9696077775547972,0.456221198156682,0.4942262229496273,0.6500166223404256
"Django, SQL",PostgreSQL,0.064,0.094,0.0495,0.7734375,8.228058510638299,1.0,0.043484,3.998896551724138,0.938530605197272,0.456221198156682,0.7499310154525386,0.6500166223404256
"Api Design, Python",PostgreSQL,0.0635,0.094,0.049,0.7716535433070867,8.20908024794773,1.0,0.043031,3.9676551724137945,0.9377294964969436,0.4516129032258065,0.7479619683301177,0.6464650695258838
PostgreSQL,"Api Design, Python",0.094,0.0635,0.049,0.5212765957446809,8.20908024794773,1.0,0.043031,1.956244444444445,0.9692976528359688,0.4516129032258065,0.4888164396633004,0.6464650695258838
"Redis, MongoDB",PostgreSQL,0.059,0.094,0.0455,0.7711864406779662,8.204111071042194,1.0,0.0399539999999999,3.9595555555555566,0.9331667270030712,0.4232558139534884,0.7474464025143115,0.6276144969347277
"Excel, Python",Statistics,0.0515,0.103,0.0435,0.8446601941747572,8.200584409463662,1.0,0.0381955,5.774437499999999,0.9257327056029182,0.3918918918918919,0.8268229589462177,0.6334951456310679
"Django, MongoDB",PostgreSQL,0.065,0.094,0.05,0.7692307692307693,8.183306055646481,1.0,0.04389,3.926000000000001,0.9388235294117648,0.4587155963302752,0.7452878247580235,0.6505728314238952
PostgreSQL,"Django, MongoDB",0.094,0.065,0.05,0.5319148936170213,8.183306055646481,1.0,0.04389,1.9975,0.9688741721854304,0.4587155963302752,0.4993742177722152,0.6505728314238952
"Django, Docker",PostgreSQL,0.0615,0.094,0.047,0.7642276422764228,8.130081300813009,1.0,0.041219,3.842689655172415,0.9344698987746404,0.4331797235023041,0.7397656095766256,0.6321138211382114
PostgreSQL,"Django, Docker",0.094,0.0615,0.047,0.5,8.130081300813009,1.0,0.041219,1.877,0.9679911699779248,0.4331797235023041,0.4672349493873202,0.6321138211382114
TensorFlow,Data Visualization,0.0385,0.0975,0.0305,0.7922077922077922,8.125208125208125,1.0,0.02674625,4.34328125,0.9120397602789356,0.2890995260663507,0.7697593265460302,0.5525141525141526
"Api Design, Node.js",PostgreSQL,0.0605,0.094,0.046,0.7603305785123967,8.088623175663795,1.0,0.040313,3.7802068965517246,0.9328042205613531,0.423963133640553,0.7354642146935946,0.6248461403200282
"Rest Apis, Api Design",PostgreSQL,0.06,0.094,0.0455,0.7583333333333333,8.067375886524822,1.0,0.03986,3.748965517241379,0.9319616553659108,0.4193548387096774,0.7332597498160411,0.6211879432624113
Django,"PostgreSQL, MongoDB",0.0855,0.0725,0.05,0.5847953216374269,8.066142367412786,1.0,0.04380125,2.233838028169014,0.9579278294149808,0.462962962962963,0.5523399694204063,0.63722524702561
"PostgreSQL, MongoDB",Django,0.0725,0.0855,0.05,0.6896551724137931,8.066142367412784,1.0,0.04380125,2.9467222222222227,0.9445013477088948,0.462962962962963,0.6606398823551592,0.63722524702561
PostgreSQL,"Django, Git",0.094,0.068,0.0515,0.5478723404255319,8.05694618272841,1.0,0.0451079999999999,2.0613647058823528,0.9667588246640518,0.4660633484162895,0.5148844854351201,0.6526126408010011
"Django, Git",PostgreSQL,0.068,0.094,0.0515,0.7573529411764705,8.056946182728408,1.0,0.0451079999999999,3.73381818181818,0.9397891578815784,0.4660633484162895,0.7321776392676275,0.6526126408010011
Django,PostgreSQL,0.0855,0.094,0.0645,0.7543859649122807,8.025382605449796,1.0,0.056463,3.688714285714286,0.9572393098274568,0.5608695652173914,0.7289028310290074,0.7202780888391191
PostgreSQL,Django,0.094,0.0855,0.0645,0.6861702127659575,8.025382605449794,1.0,0.056463,2.914,0.9662200318291492,0.5608695652173914,0.6568291008922443,0.7202780888391191
"Docker, Redis",PostgreSQL,0.059,0.094,0.0445,0.7542372881355932,8.023800937612693,1.0,0.0389539999999999,3.6864827586206896,0.930255883652342,0.4101382488479262,0.7287387286264826,0.613820771727371
"Api Design, Redis",PostgreSQL,0.056,0.094,0.042,0.75,7.978723404255319,1.0,0.036736,3.624,0.9265536723163842,0.3888888888888889,0.7240618101545254,0.598404255319149
PostgreSQL,"Python, Redis",0.094,0.068,0.051,0.5425531914893617,7.978723404255318,1.0,0.0446079999999999,2.037395348837209,0.9654157468727004,0.4594594594594594,0.5091772440872979,0.6462765957446808
"Python, Redis",PostgreSQL,0.068,0.094,0.051,0.7499999999999999,7.978723404255318,1.0,0.0446079999999999,3.6239999999999983,0.938483547925608,0.4594594594594594,0.7240618101545253,0.6462765957446808
PostgreSQL,Redis,0.094,0.081,0.0605,0.6436170212765957,7.94588915156291,1.0,0.0528859999999999,2.578686567164179,0.9648441063251416,0.5283842794759825,0.612205681476165,0.6952653007617546
Redis,PostgreSQL,0.081,0.094,0.0605,0.7469135802469136,7.94588915156291,1.0,0.0528859999999999,3.579804878048781,0.9511956042770168,0.5283842794759825,0.7206551658354454,0.6952653007617546
"Api Design, MongoDB",PostgreSQL,0.0605,0.094,0.045,0.743801652892562,7.912783541410233,1.0,0.039313,3.536322580645161,0.9298799597894862,0.410958904109589,0.7172203674310839,0.6112625285739406
"PostgreSQL, SQL",Api Design,0.0735,0.08,0.0465,0.6326530612244898,7.908163265306123,1.0,0.04062,2.5044444444444447,0.9428476924951692,0.4345794392523364,0.6007098491570542,0.6069515306122448
Api Design,"PostgreSQL, SQL",0.08,0.0735,0.0465,0.5812499999999999,7.908163265306122,1.0,0.04062,2.2125373134328354,0.9495091164095372,0.4345794392523364,0.548030221262817,0.6069515306122448
Django,"PostgreSQL, SQL",0.0855,0.0735,0.0495,0.5789473684210527,7.876834944504118,1.0,0.04321575,2.2004375,0.9546697151945922,0.452054794520548,0.5455449200443094,0.6262083780880774
"PostgreSQL, SQL",Django,0.0735,0.0855,0.0495,0.6734693877551021,7.876834944504118,1.0,0.04321575,2.8006562500000007,0.9423048618947164,0.452054794520548,0.6429408286004397,0.6262083780880774
PostgreSQL,"Git, Redis",0.094,0.0645,0.0475,0.5053191489361702,7.834405409863105,1.0,0.041437,1.8911182795698929,0.9628674334843732,0.4279279279279279,0.4712123452016785,0.620876628731651
"Git, Redis",PostgreSQL,0.0645,0.094,0.0475,0.7364341085271318,7.834405409863104,1.0,0.041437,3.437470588235294,0.9325044305043744,0.4279279279279279,0.7090884200078718,0.620876628731651
"Api Design, Git",PostgreSQL,0.0665,0.094,0.0485,0.7293233082706767,7.758758598624221,1.0,0.042249,3.347166666666667,0.9331691505750996,0.4330357142857143,0.7012398546033959,0.6226403775395937
PostgreSQL,"Api Design, Git",0.094,0.0665,0.0485,0.5159574468085106,7.75875859862422,1.0,0.042249,1.9285494505494505,0.9614938212603265,0.4330357142857143,0.4814755723711951,0.6226403775395937
Api Design,"PostgreSQL, MongoDB",0.08,0.0725,0.045,0.5625,7.758620689655173,1.0,0.0392,2.12,0.9468599033816424,0.4186046511627906,0.5283018867924528,0.5915948275862069
"PostgreSQL, MongoDB",Api Design,0.0725,0.08,0.045,0.6206896551724138,7.758620689655173,1.0,0.0392,2.4254545454545458,0.939203354297694,0.4186046511627906,0.5877061469265368,0.5915948275862069
Redis,"PostgreSQL, MongoDB",0.081,0.0725,0.0455,0.5617283950617283,7.747977862920392,1.0,0.0396274999999999,2.1162676056338023,0.9476975690250988,0.4212962962962963,0.52746996772154,0.59465730097914
"PostgreSQL, MongoDB",Redis,0.0725,0.081,0.0455,0.6275862068965518,7.747977862920392,1.0,0.0396274999999999,2.4676851851851853,0.9390124700097746,0.4212962962962963,0.5947619226295449,0.59465730097914
C#,AWS,0.0375,0.114,0.033,0.8800000000000001,7.719298245614036,1.0,0.028725,7.383333333333341,0.9043683589138136,0.2784810126582279,0.8645598194130927,0.5847368421052632
PostgreSQL,Api Design,0.094,0.08,0.058,0.6170212765957447,7.712765957446808,1.0,0.05048,2.4022222222222225,0.9606455050620384,0.5000000000000001,0.5837187789084182,0.6710106382978723
Api Design,PostgreSQL,0.08,0.094,0.058,0.725,7.712765957446808,1.0,0.05048,3.2945454545454544,0.9460269865067468,0.5000000000000001,0.6964679911699779,0.6710106382978723
NumPy,Data Visualization,0.04,0.0975,0.03,0.75,7.692307692307692,1.0,0.0260999999999999,3.61,0.90625,0.2790697674418604,0.7229916897506925,0.5288461538461539
Scikit-Learn,Data Visualization,0.04,0.0975,0.03,0.75,7.692307692307692,1.0,0.0260999999999999,3.61,0.90625,0.2790697674418604,0.7229916897506925,0.5288461538461539
"Api Design, Docker",PostgreSQL,0.0595,0.094,0.043,0.7226890756302521,7.68818165564098,1.0,0.0374069999999999,3.267090909090909,0.9249656911835614,0.3891402714932126,0.6939173020201458,0.5900679420704451
"PostgreSQL, SQL",Redis,0.0735,0.081,0.0455,0.6190476190476191,7.642563198118753,1.0,0.0395465,2.4123750000000004,0.9381045290381502,0.4174311926605504,0.5854707497797814,0.5903880070546736
Redis,"PostgreSQL, SQL",0.081,0.0735,0.0455,0.5617283950617283,7.642563198118753,1.0,0.0395465,2.113985915492957,0.9457604419519544,0.4174311926605504,0.5269599514967386,0.5903880070546736
"Ci/Cd, Docker",AWS,0.0525,0.114,0.0455,0.8666666666666667,7.60233918128655,1.0,0.039515,6.645000000000001,0.9165820986401464,0.3760330578512396,0.8495109104589917,0.6328947368421053
"Ci/Cd, Terraform",AWS,0.052,0.114,0.0445,0.8557692307692307,7.506747638326585,1.0,0.0385719999999999,6.142933333333332,0.9143317688332624,0.3662551440329217,0.837211321409967,0.6230600539811066
"Kubernetes, Ci/Cd",AWS,0.0525,0.114,0.0445,0.8476190476190476,7.435254803675856,1.0,0.038515,5.814374999999999,0.9134623936438292,0.3647540983606557,0.8280124690959906,0.6189849624060151
Terraform,"Python, AWS",0.073,0.0795,0.0425,0.5821917808219179,7.323167054363747,1.0,0.0366965,2.20316393442623,0.9314423504029444,0.3863636363636364,0.546107312136793,0.5583914878952356
"Python, AWS",Terraform,0.0795,0.073,0.0425,0.5345911949685535,7.323167054363746,1.0,0.0366965,1.9917972972972973,0.9380196184937856,0.3863636363636364,0.4979408791462281,0.5583914878952356
"Docker, Terraform",AWS,0.058,0.114,0.0465,0.8017241379310345,7.032667876588022,1.0,0.039888,4.468521739130435,0.9106225600986236,0.3705179282868526,0.7762123452946214,0.6048094373865699
"Kubernetes, Docker",AWS,0.057,0.114,0.0455,0.7982456140350876,7.002154509079716,1.0,0.0390019999999999,4.391478260869564,0.908999801894818,0.3625498007968127,0.7722862460892637,0.5986842105263157
"Terraform, Python",AWS,0.054,0.114,0.0425,0.7870370370370371,6.903833658219623,1.0,0.036344,4.160347826086958,0.903967168262654,0.3386454183266932,0.7596354819831118,0.5799220272904484
Kubernetes,"Python, AWS",0.073,0.0795,0.04,0.5479452054794521,6.892392521754115,1.0,0.0341965,2.0362575757575763,0.9222357065803668,0.3555555555555556,0.5089029934594809,0.5255449297837512
"Python, AWS",Kubernetes,0.0795,0.073,0.04,0.5031446540880503,6.892392521754115,1.0,0.0341965,1.8657341772151896,0.9287479630635526,0.3555555555555556,0.4640179655750273,0.5255449297837512
"Kubernetes, Python",AWS,0.051,0.114,0.04,0.7843137254901962,6.879944960440317,1.0,0.034186,4.107818181818184,0.9005795574288725,0.32,0.7565617669189573,0.5675954592363261
Kubernetes,AWS,0.073,0.114,0.0565,0.7739726027397261,6.789233357366018,1.0,0.048178,3.9198787878787895,0.9198575669922004,0.4329501915708812,0.7448900708123319,0.6347933189137227
"Kubernetes, Terraform",AWS,0.057,0.114,0.044,0.7719298245614035,6.771314250538627,1.0,0.0375019999999999,3.88476923076923,0.9038368842186444,0.3464566929133858,0.7425844521009068,0.5789473684210527
Terraform,AWS,0.073,0.114,0.056,0.767123287671233,6.729151646238885,1.0,0.047678,3.804588235294119,0.9184388965942364,0.4274809160305343,0.7371594668975541,0.6291756789233358
"Python, AWS",Ci/Cd,0.0795,0.082,0.043,0.5408805031446541,6.596103696886025,1.0,0.036481,1.9994794520547945,0.921667950936675,0.3628691983122362,0.49986982913361,0.5326353735235465
Ci/Cd,"Python, AWS",0.082,0.0795,0.043,0.5243902439024389,6.596103696886024,1.0,0.036481,1.935410256410256,0.924177939909814,0.3628691983122362,0.4833136815887441,0.5326353735235465
Debugging,"Rest Apis, Unit Testing",0.1355,0.1,0.087,0.6420664206642066,6.420664206642066,1.0,0.0734499999999999,2.5144329896907216,0.9765793794831904,0.5858585858585857,0.6022960229602295,0.7560332103321032
"Rest Apis, Unit Testing",Debugging,0.1,0.1355,0.087,0.8699999999999999,6.420664206642065,1.0,0.0734499999999999,6.649999999999994,0.938058748403576,0.5858585858585857,0.8496240601503758,0.7560332103321032
Unit Testing,"Python, Algorithms",0.1295,0.1,0.083,0.640926640926641,6.40926640926641,1.0,0.07005,2.506451612903226,0.9695300443589404,0.5665529010238908,0.6010296010296011,0.7354633204633205
"Python, Algorithms",Unit Testing,0.1,0.1295,0.083,0.83,6.409266409266409,1.0,0.07005,5.120588235294116,0.9377510040160644,0.5665529010238908,0.8047099368179206,0.7354633204633205
Algorithms,"JavaScript, Unit Testing",0.129,0.102,0.0835,0.6472868217054264,6.3459492324061415,1.0,0.070342,2.5459780219780224,0.967186178733234,0.5661016949152544,0.6072236321886708,0.7329571363429093
"JavaScript, Unit Testing",Algorithms,0.102,0.129,0.0835,0.8186274509803922,6.3459492324061415,1.0,0.070342,4.802270270270273,0.9381059706866888,0.5661016949152544,0.7917651561198533,0.7329571363429093
Grafana,AWS,0.0415,0.114,0.03,0.7228915662650601,6.341154090044387,1.0,0.025269,3.1973043478260856,0.8787689097548252,0.2390438247011952,0.6872365307732056,0.4930247305009511
Data Structures,"Python, Java",0.129,0.104,0.085,0.6589147286821706,6.335718545020871,1.0,0.071584,2.6269090909090917,0.9668940366043088,0.5743243243243245,0.6193244739756368,0.7381112104949314
"Python, Java",Data Structures,0.104,0.129,0.085,0.8173076923076924,6.335718545020871,1.0,0.071584,4.767578947368423,0.9399159663865548,0.5743243243243245,0.7902499337631371,0.7381112104949314
Data Structures,"Python, Algorithms",0.129,0.1,0.0815,0.6317829457364341,6.317829457364341,1.0,0.0686,2.4442105263157896,0.966380931585583,0.5525423728813559,0.5908699397071491,0.723391472868217
"Python, Algorithms",Data Structures,0.1,0.129,0.0815,0.815,6.317829457364341,1.0,0.0686,4.708108108108107,0.9352419904567144,0.5525423728813559,0.7876004592422502,0.723391472868217
Unit Testing,"Debugging, Algorithms",0.1295,0.1015,0.083,0.640926640926641,6.314548186469369,1.0,0.06985575,2.5022741935483874,0.9668415188612,0.5608108108108107,0.6003635402633734,0.7293303155372122
"Debugging, Algorithms",Unit Testing,0.1015,0.1295,0.083,0.8177339901477833,6.314548186469368,1.0,0.06985575,4.775986486486487,0.9367117887241788,0.5608108108108107,0.7906191730589123,0.7293303155372122
Data Structures,"Python, Unit Testing",0.129,0.105,0.0855,0.6627906976744187,6.312292358803988,1.0,0.071955,2.6541379310344837,0.9662215239591516,0.5757575757575759,0.6232298298038198,0.7385382059800665
"Python, Unit Testing",Data Structures,0.105,0.129,0.0855,0.8142857142857144,6.312292358803988,1.0,0.071955,4.690000000000003,0.940311673037342,0.5757575757575759,0.7867803837953092,0.7385382059800665
Bash,AWS,0.046,0.114,0.033,0.7173913043478262,6.292906178489703,1.0,0.027756,3.135076923076924,0.8816466552315609,0.2598425196850393,0.6810285602119934,0.5034324942791762
"Rest Apis, Java",Debugging,0.1045,0.1355,0.089,0.8516746411483254,6.285421705891699,1.0,0.07484025,5.828403225806452,0.9390303577814164,0.5894039735099338,0.8284264212242052,0.7542506047070039
Debugging,"Rest Apis, Java",0.1355,0.1045,0.089,0.6568265682656825,6.285421705891699,1.0,0.07484025,2.609467741935483,0.972702932785724,0.5894039735099338,0.6167800873988638,0.7542506047070039
"Rest Apis, Data Structures",Debugging,0.1005,0.1355,0.0855,0.8507462686567164,6.278570248389051,1.0,0.07188225,5.792150000000001,0.9346615566152736,0.5681063122923588,0.8273525374860803,0.7408712893099081
Debugging,"Rest Apis, Data Structures",0.1355,0.1005,0.0855,0.6309963099630996,6.278570248389051,1.0,0.07188225,2.437645,0.9725021054660944,0.5681063122923588,0.5897679932886044,0.7408712893099081
"JavaScript, Unit Testing",Data Structures,0.102,0.129,0.0825,0.8088235294117648,6.269949840401278,1.0,0.069342,4.556000000000003,0.9359789431058916,0.5555555555555557,0.7805092186128184,0.7241792065663475
Data Structures,"JavaScript, Unit Testing",0.129,0.102,0.0825,0.6395348837209303,6.269949840401277,1.0,0.069342,2.491225806451613,0.9649932157394844,0.5555555555555557,0.5985911845444658,0.7241792065663475
"Rest Apis, Object-Oriented Programming",Debugging,0.1055,0.1355,0.0895,0.8483412322274881,6.260820902047882,1.0,0.07520475,5.700296875,0.9393812591535484,0.5907590759075908,0.8245705404597896,0.7544289186967699
Debugging,"Rest Apis, Object-Oriented Programming",0.1355,0.1055,0.0895,0.6605166051660516,6.260820902047882,1.0,0.07520475,2.634885869565217,0.9719797990894726,0.5907590759075908,0.6204769202527127,0.7544289186967699
Unit Testing,"Python, Data Structures",0.1295,0.1055,0.0855,0.6602316602316602,6.258120002195832,1.0,0.07183775,2.6326761363636364,0.9652011514522472,0.5719063545150503,0.620158368062225,0.7353291002580102
"Python, Data Structures",Unit Testing,0.1055,0.1295,0.0855,0.8104265402843602,6.258120002195832,1.0,0.07183775,4.591887500000001,0.9393041949012648,0.5719063545150503,0.7822246298499256,0.7353291002580102
"Python, Unit Testing",Debugging,0.105,0.1355,0.089,0.8476190476190476,6.255491126339835,1.0,0.0747724999999999,5.67328125,0.938704412780114,0.5874587458745875,0.8237351620810266,0.7522228079423651
Debugging,"Python, Unit Testing",0.1355,0.105,0.089,0.6568265682656825,6.255491126339834,1.0,0.0747724999999999,2.608010752688171,0.9718223822304248,0.5874587458745875,0.6165659980622151,0.7522228079423651
Unit Testing,"Debugging, Data Structures",0.1295,0.1025,0.083,0.640926640926641,6.252942838308693,1.0,0.06972625,2.4994892473118284,0.9650491685293732,0.557046979865772,0.5999182628709091,0.7253413692438083
"Debugging, Data Structures",Unit Testing,0.1025,0.1295,0.083,0.8097560975609757,6.252942838308692,1.0,0.06972625,4.575705128205129,0.9360170486961776,0.557046979865772,0.7814544486628096,0.7253413692438083
"Rest Apis, Algorithms",Debugging,0.101,0.1355,0.0855,0.8465346534653465,6.247488217456431,1.0,0.0718145,5.633193548387096,0.9342999694267184,0.5662251655629139,0.822480802157717,0.7387654817142231
Debugging,"Rest Apis, Algorithms",0.1355,0.101,0.0855,0.6309963099630996,6.247488217456431,1.0,0.0718145,2.43629,0.9715855089816308,0.5662251655629139,0.5895398331068962,0.7387654817142231
"JavaScript, Data Structures",Algorithms,0.105,0.129,0.0845,0.8047619047619049,6.238464377999263,1.0,0.070955,4.461219512195125,0.9382169184489768,0.565217391304348,0.7758460445027611,0.7299003322259137
Algorithms,"JavaScript, Data Structures",0.129,0.105,0.0845,0.6550387596899225,6.238464377999263,1.0,0.070955,2.5944943820224724,0.964069049382129,0.565217391304348,0.614568446580919,0.7299003322259137
Debugging,"Object-Oriented Programming, Python",0.1355,0.106,0.0895,0.6605166051660516,6.231288727981619,1.0,0.075137,2.633413043478261,0.9711041678110186,0.5888157894736842,0.6202646590224291,0.7524281139037805
"Object-Oriented Programming, Python",Debugging,0.106,0.1355,0.0895,0.8443396226415094,6.231288727981619,1.0,0.075137,5.553757575757575,0.9390599027658004,0.5888157894736842,0.8199417265951526,0.7524281139037805
Debugging,"Git, Unit Testing",0.1355,0.0995,0.084,0.6199261992619927,6.230414062934599,1.0,0.07051775,2.3692766990291263,0.9710781073563028,0.5562913907284768,0.5779302601465771,0.7320736523948155
"Git, Unit Testing",Debugging,0.0995,0.1355,0.084,0.8442211055276382,6.230414062934599,1.0,0.07051775,5.5495322580645166,0.9322565505935856,0.5562913907284768,0.8198046333460244,0.7320736523948155
Unit Testing,"Object-Oriented Programming, Python",0.1295,0.106,0.0855,0.6602316602316602,6.22860056822321,1.0,0.071773,2.6312045454545454,0.9643311802385534,0.5700000000000002,0.6199459286707609,0.733417716908283
"Object-Oriented Programming, Python",Unit Testing,0.106,0.1295,0.0855,0.8066037735849058,6.22860056822321,1.0,0.071773,4.501121951219515,0.938982429975012,0.5700000000000002,0.7778331689660031,0.733417716908283
Unit Testing,"Python, Debugging",0.1295,0.1105,0.089,0.6872586872586872,6.219535631300337,1.0,0.07469025,2.844203703703703,0.9640623689084796,0.5894039735099338,0.6484077428428187,0.7463442757560403
"Python, Debugging",Unit Testing,0.1105,0.1295,0.089,0.8054298642533936,6.219535631300336,1.0,0.07469025,4.473965116279068,0.9434696932375848,0.5894039735099338,0.7764846229217616,0.7463442757560403
"Unit Testing, Data Structures",Debugging,0.0985,0.1355,0.083,0.8426395939086294,6.21874239046959,1.0,0.06965325,5.493758064516128,0.930888278571858,0.5496688741721854,0.8179752387607048,0.727592859684942
Debugging,"Unit Testing, Data Structures",0.1355,0.0985,0.083,0.6125461254612546,6.21874239046959,1.0,0.06965325,2.326728571428572,0.9707296508184268,0.5496688741721854,0.5702120082764888,0.727592859684942
"Debugging, SQL",Unit Testing,0.1075,0.1295,0.0865,0.8046511627906976,6.21352249259226,1.0,0.07257875,4.456130952380951,0.9401240264892086,0.574750830564784,0.775590077875586,0.7363024153721827
Unit Testing,"Debugging, SQL",0.1295,0.1075,0.0865,0.6679536679536678,6.213522492592259,1.0,0.07257875,2.687877906976744,0.9638836227933584,0.574750830564784,0.6279592918248379,0.7363024153721827
"Git, Debugging",Unit Testing,0.1045,0.1295,0.084,0.8038277511961723,6.207164101900944,1.0,0.07046725,4.437426829268295,0.9367904336497302,0.5600000000000002,0.7746441713913523,0.7262381999224106
Unit Testing,"Git, Debugging",0.1295,0.1045,0.084,0.6486486486486487,6.207164101900944,1.0,0.07046725,2.548730769230769,0.9636942370285276,0.5600000000000002,0.607647848853879,0.7262381999224106
"Rest Apis, Unit Testing",Algorithms,0.1,0.129,0.08,0.7999999999999999,6.201550387596899,1.0,0.0670999999999999,4.354999999999999,0.9319444444444442,0.5369127516778522,0.7703788748564867,0.710077519379845
Algorithms,"Rest Apis, Unit Testing",0.129,0.1,0.08,0.6201550387596899,6.201550387596899,1.0,0.0670999999999999,2.369387755102041,0.9629735935706084,0.5369127516778522,0.5779500430663221,0.710077519379845
"Algorithms, SQL",Unit Testing,0.1015,0.1295,0.0815,0.8029556650246306,6.200429845750043,1.0,0.06835575,4.417787500000001,0.9334678451816424,0.5451505016722408,0.7736423492528783,0.71614964718413
Unit Testing,"Algorithms, SQL",0.1295,0.1015,0.0815,0.6293436293436293,6.200429845750042,1.0,0.06835575,2.424078125,0.9634932325051184,0.5451505016722408,0.5874720415621918,0.71614964718413
Debugging,"Python, Algorithms",0.1355,0.1,0.084,0.6199261992619927,6.199261992619927,1.0,0.07045,2.367961165048544,0.970145143077474,0.5544554455445544,0.5776957769577696,0.7299630996309963
"Python, Algorithms",Debugging,0.1,0.1355,0.084,0.84,6.199261992619926,1.0,0.07045,5.403124999999999,0.9318783068783068,0.5544554455445544,0.8149219201850779,0.7299630996309963
"Git, Unit Testing",Algorithms,0.0995,0.129,0.0795,0.7989949748743719,6.19375949515017,1.0,0.0666645,4.3332250000000005,0.9312017432663195,0.5335570469798657,0.7692249998557656,0.7076370223209069
Algorithms,"Git, Unit Testing",0.129,0.0995,0.0795,0.6162790697674418,6.193759495150169,1.0,0.0666645,2.346757575757576,0.9627407230899204,0.5335570469798657,0.5738801441059876,0.7076370223209069
Data Structures,"JavaScript, Debugging",0.129,0.1065,0.085,0.6589147286821706,6.186992757579067,1.0,0.0712615,2.619579545454546,0.9625379887890864,0.5647840531561463,0.6182593493924685,0.7285183972049352
"JavaScript, Debugging",Data Structures,0.1065,0.129,0.085,0.7981220657276996,6.186992757579066,1.0,0.0712615,4.314488372093025,0.9382994831956286,0.5647840531561463,0.7682228079537309,0.7285183972049352
Data Structures,"Algorithms, SQL",0.129,0.1015,0.081,0.627906976744186,6.186275632947646,1.0,0.0679065,2.41471875,0.9625164774418506,0.5418060200668896,0.5858730959868514,0.7129682666972161
"Algorithms, SQL",Data Structures,0.1015,0.129,0.081,0.7980295566502463,6.186275632947646,1.0,0.0679065,4.312512195121951,0.9330571528679488,0.5418060200668896,0.7681165977614769,0.7129682666972161
Java,"Git, Data Structures",0.1315,0.099,0.0805,0.6121673003802282,6.183508084648769,1.0,0.0674815,2.323166666666667,0.9652038032303856,0.5366666666666666,0.5695530525862688,0.7126493067557707
"Git, Data Structures",Java,0.099,0.1315,0.0805,0.8131313131313131,6.183508084648769,1.0,0.0674815,4.64764864864865,0.9303879057775696,0.5366666666666666,0.7848374359600612,0.7126493067557707
Data Structures,"Object-Oriented Programming, JavaScript",0.129,0.1085,0.0865,0.6705426356589147,6.18011645768585,1.0,0.0725035,2.7059647058823524,0.9623315171585384,0.5728476821192052,0.6304460299034377,0.7338888293501946
"Object-Oriented Programming, JavaScript",Data Structures,0.1085,0.129,0.0865,0.7972350230414746,6.18011645768585,1.0,0.0725035,4.295613636363636,0.9402027497981904,0.5728476821192052,0.7672043892554243,0.7338888293501946
Data Structures,"JavaScript, Algorithms",0.129,0.106,0.0845,0.6550387596899225,6.179610940470967,1.0,0.070826,2.591595505617978,0.9623163200836964,0.5614617940199337,0.6141373150893988,0.7261042855053387
"JavaScript, Algorithms",Data Structures,0.106,0.129,0.0845,0.7971698113207548,6.179610940470967,1.0,0.070826,4.294232558139537,0.937558741379082,0.5614617940199337,0.7671295193120032,0.7261042855053387
Object-Oriented Programming,"Unit Testing, SQL",0.135,0.1055,0.088,0.6518518518518518,6.178690538880112,1.0,0.0737574999999999,2.5693085106382973,0.968963478717814,0.5770491803278688,0.6107902200691467,0.7429875373003334
"Unit Testing, SQL",Object-Oriented Programming,0.1055,0.135,0.088,0.8341232227488151,6.178690538880112,1.0,0.0737574999999999,5.214714285714284,0.937007723969714,0.5770491803278688,0.8082349395940059,0.7429875373003334
Object-Oriented Programming,"JavaScript, Unit Testing",0.135,0.102,0.085,0.6296296296296297,6.17283950617284,1.0,0.07123,2.4246000000000003,0.96878612716763,0.5592105263157896,0.5875608347768705,0.7314814814814816
"JavaScript, Unit Testing",Object-Oriented Programming,0.102,0.135,0.085,0.8333333333333335,6.17283950617284,1.0,0.07123,5.190000000000005,0.933184855233853,0.5592105263157896,0.8073217726396918,0.7314814814814816
Java,"Object-Oriented Programming, JavaScript",0.1315,0.1085,0.088,0.6692015209125475,6.167755953111037,1.0,0.07373225,2.694994252873563,0.9647282409588108,0.5789473684210527,0.6289416947981463,0.7401307143733244
"Object-Oriented Programming, JavaScript",Java,0.1085,0.1315,0.088,0.8110599078341013,6.167755953111036,1.0,0.07373225,4.596695121951218,0.939839009840412,0.5789473684210527,0.7824523981970077,0.7401307143733244
"Object-Oriented Programming, Git",Algorithms,0.1025,0.129,0.0815,0.7951219512195122,6.163736055965211,1.0,0.0682775,4.251309523809525,0.9334381461797427,0.5433333333333334,0.7647783596090841,0.7134524484779732
Algorithms,"Object-Oriented Programming, Git",0.129,0.1025,0.0815,0.6317829457364341,6.163736055965211,1.0,0.0682775,2.4374210526315787,0.9618378142322836,0.5433333333333334,0.589730301656194,0.7134524484779732
"Rest Apis, Object-Oriented Programming",Java,0.1055,0.1315,0.0855,0.8104265402843602,6.162939469843043,1.0,0.07162675,4.581337500000001,0.936545294669504,0.5643564356435645,0.7817231321639151,0.7303083271764006
Java,"Rest Apis, Object-Oriented Programming",0.1315,0.1055,0.0855,0.6501901140684411,6.162939469843043,1.0,0.07162675,2.557103260869565,0.9645823443660004,0.5643564356435645,0.6089324919714265,0.7303083271764006
Data Structures,"Rest Apis, Unit Testing",0.129,0.1,0.0795,0.6162790697674418,6.162790697674418,1.0,0.0665999999999999,2.345454545454545,0.9618092411671684,0.5317725752508361,0.5736434108527132,0.7056395348837209
"Rest Apis, Unit Testing",Data Structures,0.1,0.129,0.0795,0.7949999999999999,6.162790697674418,1.0,0.0665999999999999,4.2487804878048765,0.930817610062893,0.5317725752508361,0.7646383467278989,0.7056395348837209
"Object-Oriented Programming, Git",Java,0.1025,0.1315,0.083,0.8097560975609757,6.157841046091069,1.0,0.06952125,4.5651923076923095,0.9332650938013894,0.5496688741721856,0.7809511773874216,0.7204674023926552
Java,"Object-Oriented Programming, Git",0.1315,0.1025,0.083,0.6311787072243346,6.157841046091069,1.0,0.06952125,2.433427835051546,0.9644276588218156,0.5496688741721856,0.5890570554031582,0.7204674023926552
"Java, SQL",Object-Oriented Programming,0.1065,0.135,0.0885,0.8309859154929577,6.155451225873761,1.0,0.0741225,5.117916666666667,0.9373725493915568,0.5784313725490196,0.8046079947895465,0.7432707355242566
Object-Oriented Programming,"Java, SQL",0.135,0.1065,0.0885,0.6555555555555554,6.15545122587376,1.0,0.0741225,2.594032258064515,0.968257078475556,0.5784313725490196,0.6144997823789092,0.7432707355242566
Ci/Cd,AWS,0.082,0.114,0.0575,0.7012195121951219,6.151048352588789,1.0,0.048152,2.96538775510204,0.9122288528938144,0.4151624548736461,0.6627759731321917,0.6028027385537014
AWS,Ci/Cd,0.114,0.082,0.0575,0.5043859649122807,6.151048352588789,1.0,0.048152,1.85224778761062,0.9451761703798212,0.4151624548736461,0.4601154301876696,0.6028027385537014
Data Structures,"Git, Java",0.129,0.1015,0.0805,0.624031007751938,6.148088746324512,1.0,0.0674065,2.389824742268041,0.961363749812809,0.5366666666666666,0.5815592740700478,0.7085672280138999
Algorithms,"Git, Java",0.129,0.1015,0.0805,0.624031007751938,6.148088746324512,1.0,0.0674065,2.389824742268041,0.961363749812809,0.5366666666666666,0.5815592740700478,0.7085672280138999
"Git, Java",Data Structures,0.1015,0.129,0.0805,0.793103448275862,6.148088746324511,1.0,0.0674065,4.209833333333331,0.9319397062737416,0.5366666666666666,0.7624609050239518,0.7085672280138999
"Git, Java",Algorithms,0.1015,0.129,0.0805,0.793103448275862,6.148088746324511,1.0,0.0674065,4.209833333333331,0.9319397062737416,0.5366666666666666,0.7624609050239518,0.7085672280138999
"Git, Data Structures",Algorithms,0.099,0.129,0.0785,0.7929292929292929,6.146738704878239,1.0,0.065729,4.206292682926829,0.9293142085580776,0.5250836120401337,0.762260956290807,0.7007282123561194
Algorithms,"Git, Data Structures",0.129,0.099,0.0785,0.6085271317829457,6.146738704878239,1.0,0.065729,2.301564356435644,0.9613227346852214,0.5250836120401337,0.5655129098589853,0.7007282123561194
Data Structures,"Object-Oriented Programming, Python",0.129,0.106,0.084,0.6511627906976745,6.14304519526108,1.0,0.070326,2.5628,0.961210431359685,0.556291390728477,0.6098017793038865,0.7218078104431769
"Object-Oriented Programming, Python",Data Structures,0.106,0.129,0.084,0.7924528301886793,6.143045195261079,1.0,0.070326,4.196636363636364,0.9364813039309682,0.556291390728477,0.7617139267378638,0.7218078104431769
Object-Oriented Programming,"Data Structures, SQL",0.135,0.105,0.087,0.6444444444444444,6.137566137566137,1.0,0.072825,2.5171874999999995,0.9677097867251347,0.5686274509803921,0.6027312228429547,0.7365079365079364
"Data Structures, SQL",Object-Oriented Programming,0.105,0.135,0.087,0.8285714285714285,6.137566137566137,1.0,0.072825,5.045833333333332,0.9352725871701022,0.5686274509803921,0.8018166804293971,0.7365079365079364
Unit Testing,"Object-Oriented Programming, Debugging",0.1295,0.107,0.085,0.6563706563706564,6.134305199725761,1.0,0.0711435,2.598730337078652,0.9614960975774568,0.5610561056105612,0.6151967036625492,0.7253815898675713
"Object-Oriented Programming, Debugging",Unit Testing,0.107,0.1295,0.085,0.7943925233644861,6.134305199725761,1.0,0.0711435,4.233795454545457,0.9372702720505895,0.5610561056105612,0.7638053111596622,0.7253815898675713
Algorithms,"Unit Testing, Java",0.129,0.098,0.0775,0.6007751937984496,6.130359120392343,1.0,0.064858,2.2593786407766987,0.9608236731972892,0.5183946488294313,0.557400436583647,0.6957957601645308
"Unit Testing, Java",Data Structures,0.098,0.129,0.0775,0.7908163265306122,6.130359120392343,1.0,0.064858,4.163804878048779,0.9278020170231028,0.5183946488294313,0.7598350476815294,0.6957957601645308
"Unit Testing, Java",Algorithms,0.098,0.129,0.0775,0.7908163265306122,6.130359120392343,1.0,0.064858,4.163804878048779,0.9278020170231028,0.5183946488294313,0.7598350476815294,0.6957957601645308
Data Structures,"Unit Testing, Java",0.129,0.098,0.0775,0.6007751937984496,6.130359120392343,1.0,0.064858,2.2593786407766987,0.9608236731972892,0.5183946488294313,0.557400436583647,0.6957957601645308
"Algorithms, SQL",Object-Oriented Programming,0.1015,0.135,0.084,0.8275862068965517,6.130268199233716,1.0,0.0702975,5.017,0.93141346688926,0.5508196721311475,0.8006776958341638,0.7249042145593869
Object-Oriented Programming,"Algorithms, SQL",0.135,0.1015,0.084,0.6222222222222222,6.130268199233716,1.0,0.0702975,2.3783823529411765,0.967485549132948,0.5508196721311475,0.5795461571755395,0.7249042145593869
"Debugging, SQL",Data Structures,0.1075,0.129,0.085,0.7906976744186047,6.129439336578331,1.0,0.0711325,4.161444444444446,0.9376503542593508,0.5610561056105612,0.7596988225242305,0.7248062015503877
Data Structures,"Debugging, SQL",0.129,0.1075,0.085,0.6589147286821706,6.129439336578331,1.0,0.0711325,2.616647727272728,0.9607955696629972,0.5610561056105612,0.6178316287755413,0.7248062015503877
Algorithms,"Python, Unit Testing",0.129,0.105,0.083,0.6434108527131783,6.127722406792175,1.0,0.069455,2.509891304347826,0.9607430871591992,0.5496688741721856,0.601576371746568,0.7169435215946844
"Python, Unit Testing",Algorithms,0.105,0.129,0.083,0.7904761904761906,6.127722406792175,1.0,0.069455,4.1570454545454565,0.9349801440398464,0.5496688741721856,0.7594445355639386,0.7169435215946844
"Python, Data Structures",Java,0.1055,0.1315,0.085,0.8056872037914693,6.126898888148055,1.0,0.07112675,4.469597560975612,0.9354782494328084,0.5592105263157896,0.776266210468013,0.7260375182455445
Java,"Python, Data Structures",0.1315,0.1055,0.085,0.6463878326996197,6.126898888148054,1.0,0.07112675,2.52960752688172,0.9634833553455924,0.5592105263157896,0.6046817581885072,0.7260375182455445
"JavaScript, Debugging",Unit Testing,0.1065,0.1295,0.0845,0.7934272300469485,6.126851197273734,1.0,0.07070825,4.214011363636367,0.936523809366132,0.557755775577558,0.7626964159068909,0.7229684412783005
Unit Testing,"JavaScript, Debugging",0.1295,0.1065,0.0845,0.6525096525096525,6.126851197273733,1.0,0.07070825,2.5712944444444443,0.961268263835312,0.557755775577558,0.6110908254165109,0.7229684412783005
Debugging,"Unit Testing, Algorithms",0.1355,0.1,0.083,0.6125461254612546,6.125461254612546,1.0,0.06945,2.322857142857143,0.9678970363815004,0.5442622950819671,0.5694956949569496,0.7212730627306273
"Unit Testing, Algorithms",Debugging,0.1,0.1355,0.083,0.83,6.125461254612546,1.0,0.06945,5.085294117647058,0.929718875502008,0.5442622950819671,0.8033545401966453,0.7212730627306273
Java,"Rest Apis, Debugging",0.1315,0.1105,0.089,0.67680608365019,6.124941933485882,1.0,0.07446925,2.7522176470588224,0.9634233115341574,0.5816993464052287,0.6366566426646318,0.7411179739517918
"Rest Apis, Debugging",Java,0.1105,0.1315,0.089,0.8054298642533936,6.124941933485882,1.0,0.07446925,4.463686046511627,0.940678073150552,0.5816993464052287,0.7759699070275112,0.7411179739517918
Unit Testing,"Object-Oriented Programming, Algorithms",0.1295,0.1015,0.0805,0.6216216216216216,6.124350951937158,1.0,0.06735575,2.3746071428571427,0.96119171890218,0.5348837209302325,0.5788777090947375,0.7073625349487418
"Object-Oriented Programming, Algorithms",Unit Testing,0.1015,0.1295,0.0805,0.793103448275862,6.124350951937158,1.0,0.06735575,4.207416666666665,0.9312380537610996,0.5348837209302325,0.762324466715522,0.7073625349487418
Unit Testing,"Object-Oriented Programming, SQL",0.1295,0.111,0.088,0.6795366795366795,6.121952067898014,1.0,0.0736255,2.7741084337349395,0.9611182183697978,0.5770491803278688,0.6395238240007644,0.7361647361647361
"Object-Oriented Programming, SQL",Unit Testing,0.111,0.1295,0.088,0.7927927927927927,6.121952067898013,1.0,0.0736255,4.201108695652172,0.9411174455465794,0.5770491803278688,0.7619675965454252,0.7361647361647361
Data Structures,"JavaScript, Java",0.129,0.107,0.0845,0.6550387596899225,6.121857567195538,1.0,0.070697,2.588696629213484,0.9605635907852637,0.557755775577558,0.6137052180178304,0.7223791929290735
"JavaScript, Java",Data Structures,0.107,0.129,0.0845,0.7897196261682243,6.121857567195537,1.0,0.070697,4.14208888888889,0.9368990902284036,0.557755775577558,0.7585759198257455,0.7223791929290735
"Git, Debugging",Algorithms,0.1045,0.129,0.0825,0.7894736842105264,6.119951040391678,1.0,0.0690195,4.1372500000000025,0.9342266890005584,0.5463576158940399,0.7582935524805126,0.7145042839657283
Algorithms,"Git, Debugging",0.129,0.1045,0.0825,0.6395348837209303,6.119951040391677,1.0,0.0690195,2.4842903225806454,0.9605051664753158,0.5463576158940399,0.5974705569189618,0.7145042839657283
"JavaScript, Data Structures",Java,0.105,0.1315,0.0845,0.8047619047619049,6.119862393626653,1.0,0.0706925,4.448414634146345,0.9347459588112792,0.5559210526315791,0.7752008114702416,0.7236737280463517
Java,"JavaScript, Data Structures",0.1315,0.105,0.0845,0.6425855513307985,6.1198623936266525,1.0,0.0706925,2.504095744680852,0.963267280525152,0.5559210526315791,0.6006542472969816,0.7236737280463517
Java,"Debugging, SQL",0.1315,0.1075,0.0865,0.6577946768060836,6.119020249358917,1.0,0.0723637499999999,2.608083333333333,0.9632413868839036,0.5672131147540983,0.6165766686902897,0.7312229197983906
"Debugging, SQL",Java,0.1075,0.1315,0.0865,0.8046511627906976,6.1190202493589165,1.0,0.0723637499999999,4.445892857142856,0.9373390974887064,0.5672131147540983,0.7750733020042575,0.7312229197983906
Unit Testing,"Rest Apis, Algorithms",0.1295,0.101,0.08,0.6177606177606177,6.116441760006116,1.0,0.0669205,2.351929292929293,0.9609491671453186,0.5315614617940199,0.574817149900576,0.7049199128407049
"Rest Apis, Algorithms",Unit Testing,0.101,0.1295,0.08,0.792079207920792,6.116441760006116,1.0,0.0669205,4.186690476190475,0.9304852614015572,0.5315614617940199,0.7611478551646087,0.7049199128407049
"JavaScript, Debugging",Algorithms,0.1065,0.129,0.084,0.7887323943661972,6.114204607489901,1.0,0.0702615,4.122733333333335,0.9361459748980736,0.5544554455445546,0.7574424734399509,0.7199475925319359
Algorithms,"JavaScript, Debugging",0.129,0.1065,0.084,0.6511627906976745,6.114204607489901,1.0,0.0702615,2.561366666666667,0.9603288502542232,0.5544554455445546,0.6095834255150245,0.7199475925319359
Debugging,"JavaScript, Unit Testing",0.1355,0.102,0.0845,0.6236162361623616,6.113884668258447,1.0,0.070679,2.385862745098039,0.9675394676951824,0.5522875816993466,0.5808644055260151,0.7260238043556906
"JavaScript, Unit Testing",Debugging,0.102,0.1355,0.0845,0.8284313725490197,6.113884668258447,1.0,0.070679,5.038800000000002,0.931445289334616,0.5522875816993466,0.8015400492180678,0.7260238043556906
Debugging,"Git, Data Structures",0.1355,0.099,0.082,0.6051660516605166,6.112788400611279,1.0,0.0685855,2.2819719626168227,0.9675055368251774,0.5377049180327869,0.5617825212658342,0.7167244399716725
"Git, Data Structures",Debugging,0.099,0.1355,0.082,0.8282828282828283,6.112788400611279,1.0,0.0685855,5.0344411764705885,0.9283113613600066,0.5377049180327869,0.801368222420854,0.7167244399716725
Data Structures,"Debugging, Algorithms",0.129,0.1015,0.08,0.6201550387596899,6.109901859701378,1.0,0.0669065,2.365438775510204,0.9601966130884042,0.5315614617940199,0.5772454521532442,0.7041661893305838
"Debugging, Algorithms",Data Structures,0.1015,0.129,0.08,0.7881773399014778,6.1099018597013774,1.0,0.0669065,4.111930232558138,0.9308082915971064,0.5315614617940199,0.7568052122864268,0.7041661893305838
Algorithms,"Object-Oriented Programming, JavaScript",0.129,0.1085,0.0855,0.6627906976744187,6.10867002464902,1.0,0.0715035,2.643758620689656,0.9601587205672044,0.5625000000000001,0.6217506423717539,0.7254045654270711
"Object-Oriented Programming, JavaScript",Algorithms,0.1085,0.129,0.0855,0.7880184331797235,6.10867002464902,1.0,0.0715035,4.108847826086957,0.938079916560892,0.5625000000000001,0.7566227705852164,0.7254045654270711
Unit Testing,"Rest Apis, Data Structures",0.1295,0.1005,0.0795,0.6138996138996139,6.108453869647899,1.0,0.06648525,2.329705,0.960703564422962,0.5282392026578072,0.5707611049467636,0.7024721950095084
"Rest Apis, Data Structures",Unit Testing,0.1005,0.1295,0.0795,0.7910447761194029,6.108453869647899,1.0,0.06648525,4.165964285714285,0.9297303533409546,0.5282392026578072,0.7599595360360745,0.7024721950095084
"Algorithms, Java",Data Structures,0.099,0.129,0.078,0.7878787878787878,6.107587502936339,1.0,0.065229,4.106142857142856,0.9281567489114656,0.5199999999999999,0.7564624430296072,0.6962649753347427
Data Structures,"Algorithms, Java",0.129,0.099,0.078,0.6046511627906976,6.107587502936339,1.0,0.065229,2.279,0.9601254084606552,0.5199999999999999,0.5612110574813515,0.6962649753347427
"JavaScript, Debugging",Java,0.1065,0.1315,0.0855,0.8028169014084507,6.105071493600386,1.0,0.07149525,4.404535714285715,0.9358721369736598,0.5606557377049182,0.7729613142296496,0.7265035077384459
Java,"JavaScript, Debugging",0.1315,0.1065,0.0855,0.6501901140684411,6.105071493600386,1.0,0.07149525,2.5542445652173917,0.9628114615843004,0.5606557377049182,0.6084948114923795,0.7265035077384459
Unit Testing,"Data Structures, SQL",0.1295,0.105,0.083,0.640926640926641,6.104063246920391,1.0,0.0694025,2.4925268817204307,0.9605682926998056,0.547854785478548,0.598800716119152,0.7157014157014158
"Data Structures, SQL",Unit Testing,0.105,0.1295,0.083,0.7904761904761906,6.10406324692039,1.0,0.0694025,4.154659090909092,0.9342734064750624,0.547854785478548,0.7593063647055607,0.7157014157014158
Debugging,"Python, Java",0.1355,0.104,0.086,0.6346863468634686,6.10275333522566,1.0,0.071908,2.4526868686868686,0.9671943723351312,0.5602605863192182,0.5922838692672641,0.7308047118932728
"Python, Java",Debugging,0.104,0.1355,0.086,0.8269230769230769,6.10275333522566,1.0,0.071908,4.994888888888887,0.9331914451827242,0.5602605863192182,0.7997953463540508,0.7308047118932728
"JavaScript, Data Structures",Object-Oriented Programming,0.105,0.135,0.0865,0.8238095238095238,6.102292768959435,1.0,0.072325,4.909459459459458,0.9342202990279976,0.5635179153094462,0.7963115882191026,0.7322751322751322
Object-Oriented Programming,"JavaScript, Data Structures",0.135,0.105,0.0865,0.6407407407407406,6.102292768959434,1.0,0.072325,2.491237113402061,0.9666210030405292,0.5635179153094462,0.5985930064142353,0.7322751322751322
Algorithms,"Unit Testing, Data Structures",0.129,0.0985,0.0775,0.6007751937984496,6.099240546177152,1.0,0.0647935,2.2581262135922326,0.9598681530313694,0.5166666666666666,0.5571549570698275,0.6937886121276511
"Unit Testing, Data Structures",Algorithms,0.0985,0.129,0.0775,0.7868020304568527,6.099240546177152,1.0,0.0647935,4.08540476190476,0.9273934124130035,0.5166666666666666,0.7552262117759503,0.6937886121276511
Java,"Rest Apis, Algorithms",0.1315,0.101,0.081,0.6159695817490495,6.0987087301886085,1.0,0.0677185,2.340960396039604,0.962614696830778,0.5346534653465346,0.57282489627258,0.7089748898844257
"Rest Apis, Algorithms",Java,0.101,0.1315,0.081,0.8019801980198019,6.098708730188608,1.0,0.0677185,4.385924999999999,0.9299564674054848,0.5346534653465346,0.771997925181119,0.7089748898844257
"Unit Testing, SQL",Data Structures,0.1055,0.129,0.083,0.7867298578199052,6.098681068371358,1.0,0.0693905,4.084022222222223,0.9346340083643686,0.547854785478548,0.7551433499654481,0.7150703552665418
Data Structures,"Unit Testing, SQL",0.129,0.1055,0.083,0.6434108527131783,6.098681068371358,1.0,0.0693905,2.508489130434783,0.9598508845946356,0.547854785478548,0.6013536642964542,0.7150703552665418
Data Structures,"Unit Testing, Debugging",0.129,0.1055,0.083,0.6434108527131783,6.098681068371358,1.0,0.0693905,2.508489130434783,0.9598508845946356,0.547854785478548,0.6013536642964542,0.7150703552665418
"Unit Testing, Debugging",Data Structures,0.1055,0.129,0.083,0.7867298578199052,6.098681068371358,1.0,0.0693905,4.084022222222223,0.9346340083643686,0.547854785478548,0.7551433499654481,0.7150703552665418
Algorithms,"Debugging, Unit Testing",0.129,0.1055,0.083,0.6434108527131783,6.098681068371358,1.0,0.0693905,2.508489130434783,0.9598508845946356,0.547854785478548,0.6013536642964542,0.7150703552665418
"Debugging, Unit Testing",Algorithms,0.1055,0.129,0.083,0.7867298578199052,6.098681068371358,1.0,0.0693905,4.084022222222223,0.9346340083643686,0.547854785478548,0.7551433499654481,0.7150703552665418
"Object-Oriented Programming, Data Structures",Unit Testing,0.102,0.1295,0.0805,0.7892156862745099,6.094329623741389,1.0,0.067291,4.129813953488374,0.9308608501985088,0.5331125827814571,0.7578583414985754,0.7054186539480658
Unit Testing,"Object-Oriented Programming, Data Structures",0.1295,0.102,0.0805,0.6216216216216216,6.094329623741388,1.0,0.067291,2.373285714285714,0.9602677122093748,0.5331125827814571,0.5786432312044784,0.7054186539480658
"Rest Apis, Data Structures",Algorithms,0.1005,0.129,0.079,0.7860696517412935,6.093563191792973,1.0,0.0660355,4.0714186046511625,0.9292856087418468,0.5249169435215946,0.754385363652461,0.6992363762582436
Algorithms,"Rest Apis, Data Structures",0.129,0.1005,0.079,0.6124031007751938,6.093563191792972,1.0,0.0660355,2.32071,0.959692772747751,0.5249169435215946,0.5690973882992705,0.6992363762582436
Object-Oriented Programming,"JavaScript, Java",0.135,0.107,0.088,0.6518518518518518,6.092073381793008,1.0,0.073555,2.5649999999999995,0.9663032054650552,0.5714285714285714,0.6101364522417153,0.7371408791969539
"JavaScript, Java",Object-Oriented Programming,0.107,0.135,0.088,0.822429906542056,6.092073381793007,1.0,0.073555,4.871315789473684,0.9360047846889952,0.5714285714285714,0.7947166549619145,0.7371408791969539
Java,"Rest Apis, Data Structures",0.1315,0.1005,0.0805,0.6121673003802282,6.09121691920625,1.0,0.06728425,2.319299019607844,0.9623824899787954,0.5313531353135312,0.5688352422237111,0.706581162627925
"Rest Apis, Data Structures",Java,0.1005,0.1315,0.0805,0.8009950248756219,6.09121691920625,1.0,0.06728425,4.364212500000001,0.9292153335704102,0.5313531353135312,0.7708635865004282,0.706581162627925
"JavaScript, Debugging",Object-Oriented Programming,0.1065,0.135,0.0875,0.8215962441314554,6.085898104677447,1.0,0.0731224999999999,4.848552631578947,0.9352945878967144,0.5681818181818181,0.7937528833889658,0.7348721961398017
Object-Oriented Programming,"JavaScript, Debugging",0.135,0.1065,0.0875,0.648148148148148,6.085898104677447,1.0,0.0731224999999999,2.539421052631578,0.966110652353427,0.5681818181818181,0.6062094551182406,0.7348721961398017
"Object-Oriented Programming, Git",Debugging,0.1025,0.1355,0.0845,0.8243902439024391,6.084060840608406,1.0,0.07061125,4.922847222222225,0.9310708575761072,0.5504885993485343,0.796865522154354,0.7240032400324004
Debugging,"Object-Oriented Programming, Git",0.1355,0.1025,0.0845,0.6236162361623616,6.084060840608406,1.0,0.07061125,2.38453431372549,0.9666120239150446,0.5504885993485343,0.5806309038020742,0.7240032400324004
Unit Testing,"Git, Data Structures",0.1295,0.099,0.078,0.6023166023166023,6.084006084006084,1.0,0.0651795,2.265621359223301,0.9599478637387884,0.5182724252491694,0.5586199803735875,0.695097695097695
"Git, Data Structures",Unit Testing,0.099,0.1295,0.078,0.7878787878787878,6.0840060840060834,1.0,0.0651795,4.1037857142857135,0.9274524033125586,0.5182724252491694,0.7563225593093484,0.695097695097695
Unit Testing,"JavaScript, Algorithms",0.1295,0.106,0.0835,0.6447876447876448,6.082902309317404,1.0,0.069773,2.5168043478260875,0.9599136018600364,0.5493421052631581,0.602670743610341,0.7162617469221244
"JavaScript, Algorithms",Unit Testing,0.106,0.1295,0.0835,0.7877358490566039,6.082902309317404,1.0,0.069773,4.101022222222224,0.9346809736232232,0.5493421052631581,0.7561583561821985,0.7162617469221244
Data Structures,"Git, Debugging",0.129,0.1045,0.082,0.6356589147286822,6.082860428025668,1.0,0.0685195,2.4578617021276594,0.9593612612360338,0.5412541254125414,0.5931422833374452,0.7101739549719966
"Git, Debugging",Data Structures,0.1045,0.129,0.082,0.7846889952153111,6.082860428025668,1.0,0.0685195,4.045311111111113,0.9331140798845176,0.5412541254125414,0.7528002241277969,0.7101739549719966
"Rest Apis, Data Structures",Object-Oriented Programming,0.1005,0.135,0.0825,0.8208955223880597,6.080707573244887,1.0,0.0689325,4.829583333333335,0.9288998938804388,0.5392156862745098,0.792942800448624,0.7160033167495854
Object-Oriented Programming,"Rest Apis, Data Structures",0.135,0.1005,0.0825,0.611111111111111,6.080707573244886,1.0,0.0689325,2.313,0.9659485023646872,0.5392156862745098,0.5676610462602679,0.7160033167495854
"Rest Apis, Debugging",Unit Testing,0.1105,0.1295,0.087,0.7873303167420814,6.079770785653138,1.0,0.07269025,4.093202127659574,0.9393143506942424,0.5686274509803921,0.7556924948214605,0.7295724942783766
Unit Testing,"Rest Apis, Debugging",0.1295,0.1105,0.087,0.6718146718146717,6.079770785653137,1.0,0.07269025,2.7103588235294107,0.9598163296295564,0.5686274509803921,0.631045162242464,0.7295724942783766
Unit Testing,"Git, Algorithms",0.1295,0.101,0.0795,0.6138996138996139,6.078213999006078,1.0,0.0664205,2.32841,0.9597679350044612,0.5264900662251655,0.5705223736369454,0.7005141633854505
"Git, Algorithms",Unit Testing,0.101,0.1295,0.0795,0.787128712871287,6.078213999006078,1.0,0.0664205,4.089325581395348,0.929341476553263,0.5264900662251655,0.7554608993351947,0.7005141633854505
Data Structures,"Java, SQL",0.129,0.1065,0.0835,0.6472868217054264,6.077810532445318,1.0,0.0697615,2.53321978021978,0.9592044384251016,0.5493421052631581,0.6052454635763026,0.7156621901954363
"Java, SQL",Data Structures,0.1065,0.129,0.0835,0.7840375586854461,6.077810532445318,1.0,0.0697615,4.033108695652176,0.9350498778603956,0.5493421052631581,0.752052306183061,0.7156621901954363
Data Structures,"Git, Unit Testing",0.129,0.0995,0.078,0.6046511627906976,6.076896108449223,1.0,0.0651645,2.277735294117647,0.9591760134240044,0.5182724252491694,0.5609674212001085,0.6942853803903237
"Git, Unit Testing",Data Structures,0.0995,0.129,0.078,0.7839195979899497,6.076896108449223,1.0,0.0651645,4.030906976744185,0.9277538119847948,0.5182724252491694,0.751916874844948,0.6942853803903237
Java,"Object-Oriented Programming, Debugging",0.1315,0.107,0.0855,0.6501901140684411,6.076543122134964,1.0,0.0714295,2.5528152173913043,0.9619260201934504,0.5588235294117648,0.6082756036600684,0.7246277673145944
"Object-Oriented Programming, Debugging",Java,0.107,0.1315,0.0855,0.7990654205607477,6.076543122134964,1.0,0.0714295,4.322302325581396,0.935534992763731,0.5588235294117648,0.7686418198742058,0.7246277673145944
"Object-Oriented Programming, Data Structures",Java,0.102,0.1315,0.0815,0.7990196078431373,6.076194736449713,1.0,0.068087,4.321317073170733,0.9303154931886812,0.5361842105263159,0.768589070631131,0.709395735480504
Java,"Object-Oriented Programming, Data Structures",0.1315,0.102,0.0815,0.6197718631178707,6.076194736449713,1.0,0.068087,2.36174,0.9619151558819063,0.5361842105263159,0.5765833665009696,0.709395735480504
Data Structures,"Object-Oriented Programming, SQL",0.129,0.111,0.087,0.6744186046511628,6.07584328514561,1.0,0.072681,2.7305,0.9591432756641196,0.5686274509803921,0.6337667093938839,0.7291011942174732
"Object-Oriented Programming, SQL",Data Structures,0.111,0.129,0.087,0.7837837837837838,6.07584328514561,1.0,0.072681,4.028375,0.9397230518598968,0.5686274509803921,0.7517609457907966,0.7291011942174732
Unit Testing,"Algorithms, Data Structures",0.1295,0.0985,0.0775,0.5984555984555985,6.075691354879172,1.0,0.06474425,2.245081730769231,0.959689462859684,0.5149501661129567,0.5545819173107027,0.6926288144562256
"Algorithms, Data Structures",Unit Testing,0.0985,0.1295,0.0775,0.7868020304568527,6.075691354879171,1.0,0.06474425,4.083059523809522,0.9266884940869162,0.5149501661129567,0.7550856179860455,0.6926288144562256
Data Structures,"Python, Debugging",0.129,0.1105,0.0865,0.6705426356589147,6.068259146234522,1.0,0.0722454999999999,2.6998941176470583,0.958907109627496,0.565359477124183,0.629615104731776,0.7266740327615839
"Python, Debugging",Data Structures,0.1105,0.129,0.0865,0.7828054298642533,6.068259146234522,1.0,0.0722454999999999,4.010229166666664,0.9389635665942092,0.565359477124183,0.7506376921518407,0.7266740327615839
Unit Testing,"JavaScript, Data Structures",0.1295,0.105,0.0825,0.6370656370656371,6.067291781577497,1.0,0.0689025,2.4660106382978726,0.9594277061250064,0.542763157894737,0.5944867453247342,0.7113899613899615
"JavaScript, Data Structures",Unit Testing,0.105,0.1295,0.0825,0.7857142857142858,6.067291781577496,1.0,0.0689025,4.062333333333336,0.9331640426612494,0.542763157894737,0.7538360548125053,0.7113899613899615
"Object-Oriented Programming, Git",Unit Testing,0.1025,0.1295,0.0805,0.7853658536585366,6.064601186552406,1.0,0.06722625,4.055738636363637,0.9304832263533972,0.5313531353135315,0.7534357882349645,0.7034937376400792
Unit Testing,"Object-Oriented Programming, Git",0.1295,0.1025,0.0805,0.6216216216216216,6.064601186552406,1.0,0.06722625,2.3719642857142853,0.9593437055165696,0.5313531353135315,0.5784084920575171,0.7034937376400792
"Debugging, SQL",Object-Oriented Programming,0.1075,0.135,0.088,0.8186046511627907,6.063738156761412,1.0,0.0734875,4.768589743589743,0.9356697224344284,0.56957928802589,0.7902943944078505,0.7352282515073212
Object-Oriented Programming,"Debugging, SQL",0.135,0.1075,0.088,0.6518518518518518,6.063738156761412,1.0,0.0734875,2.5635638297872334,0.9654164477141356,0.56957928802589,0.6099180412905902,0.7352282515073212
"Rest Apis, Algorithms",Data Structures,0.101,0.129,0.079,0.7821782178217821,6.063397037378156,1.0,0.065971,3.998681818181816,0.9288942707086636,0.5231788079470198,0.7499175864773617,0.697290659298488
Data Structures,"Rest Apis, Algorithms",0.129,0.101,0.079,0.6124031007751938,6.063397037378156,1.0,0.065971,2.31942,0.9587553953697918,0.5231788079470198,0.5688577316742979,0.697290659298488
Java,"Object-Oriented Programming, SQL",0.1315,0.111,0.0885,0.6730038022813688,6.063097317850169,1.0,0.0739035,2.718686046511628,0.9615058107198264,0.5746753246753247,0.6321752556595824,0.735150549789333
"Object-Oriented Programming, SQL",Java,0.111,0.1315,0.0885,0.7972972972972973,6.063097317850169,1.0,0.0739035,4.284599999999999,0.9393338544546338,0.5746753246753247,0.7666059842225644,0.735150549789333
Debugging,"Unit Testing, Java",0.1355,0.098,0.0805,0.5940959409594095,6.062203479177648,1.0,0.067221,2.2222,0.9659265219905953,0.5261437908496731,0.5499954999549995,0.7077622561939905
"Unit Testing, Java",Debugging,0.098,0.1355,0.0805,0.8214285714285714,6.062203479177648,1.0,0.067221,4.8412,0.9257688229056202,0.5261437908496731,0.7934396430637032,0.7077622561939905
Data Structures,"Rest Apis, Object-Oriented Programming",0.129,0.1055,0.0825,0.6395348837209303,6.061942025790809,1.0,0.0688905,2.4815161290322583,0.9587099467696484,0.542763157894737,0.5970205519518504,0.7107627025239722
"Rest Apis, Object-Oriented Programming",Data Structures,0.1055,0.129,0.0825,0.7819905213270143,6.061942025790809,1.0,0.0688905,3.995239130434784,0.9335230448701664,0.542763157894737,0.7497020910757913,0.7107627025239722
Java,"Git, Algorithms",0.1315,0.101,0.0805,0.6121673003802282,6.061062380002259,1.0,0.0672185,2.318009803921569,0.9614420522282652,0.5296052631578947,0.5685954398000314,0.7045985016752625
"Git, Algorithms",Java,0.101,0.1315,0.0805,0.797029702970297,6.061062380002258,1.0,0.0672185,4.2789512195121935,0.9288236066298649,0.5296052631578947,0.7662978733106469,0.7045985016752625
Debugging,"Object-Oriented Programming, Unit Testing",0.1355,0.1035,0.085,0.6273062730627307,6.060930174519138,1.0,0.07097575,2.4054603960396044,0.9658864355458784,0.5519480519480521,0.5842791668295936,0.7242811558550368
"Object-Oriented Programming, Unit Testing",Debugging,0.1035,0.1355,0.085,0.8212560386473431,6.060930174519137,1.0,0.07097575,4.83652702702703,0.9314097306518816,0.5519480519480521,0.7932400678396103,0.7242811558550368
Object-Oriented Programming,"Rest Apis, Java",0.135,0.1045,0.0855,0.6333333333333333,6.0606060606060606,1.0,0.0713925,2.442272727272727,0.9653179190751444,0.5551948051948054,0.5905453191885353,0.7257575757575758
Object-Oriented Programming,"Debugging, Java",0.135,0.1045,0.0855,0.6333333333333333,6.0606060606060606,1.0,0.0713925,2.442272727272727,0.9653179190751444,0.5551948051948054,0.5905453191885353,0.7257575757575758
"Debugging, Java",Object-Oriented Programming,0.1045,0.135,0.0855,0.8181818181818182,6.0606060606060606,1.0,0.0713925,4.757500000000001,0.9324399776661084,0.5551948051948054,0.7898055701523911,0.7257575757575758
"Rest Apis, Java",Object-Oriented Programming,0.1045,0.135,0.0855,0.8181818181818182,6.0606060606060606,1.0,0.0713925,4.757500000000001,0.9324399776661084,0.5551948051948054,0.7898055701523911,0.7257575757575758
"Git, Java",Object-Oriented Programming,0.1015,0.135,0.083,0.8177339901477833,6.057288815909505,1.0,0.0692975,4.745810810810811,0.9292260863152106,0.5407166123778501,0.7892878498818303,0.716274402481299
Object-Oriented Programming,"Git, Java",0.135,0.1015,0.083,0.6148148148148148,6.057288815909505,1.0,0.0692975,2.3326442307692306,0.9652134549759732,0.5407166123778501,0.5713019641789814,0.716274402481299
"Unit Testing, Data Structures",Object-Oriented Programming,0.0985,0.135,0.0805,0.817258883248731,6.053769505546155,1.0,0.0672025,4.733472222222223,0.9260273595077906,0.5261437908496731,0.788738593351134,0.7067775897725137
Object-Oriented Programming,"Unit Testing, Data Structures",0.135,0.0985,0.0805,0.5962962962962963,6.053769505546155,1.0,0.0672025,2.233073394495413,0.9651025024234372,0.5261437908496731,0.5521866847435345,0.7067775897725137
"Python, Data Structures",Debugging,0.1055,0.1355,0.0865,0.8199052132701421,6.050960983543484,1.0,0.07220475,4.800249999999998,0.9331883669308588,0.5598705501618123,0.7916775167960001,0.7291407985169898
"Unit Testing, SQL",Debugging,0.1055,0.1355,0.0865,0.8199052132701421,6.050960983543484,1.0,0.07220475,4.800249999999998,0.9331883669308588,0.5598705501618123,0.7916775167960001,0.7291407985169898
Debugging,"Python, Data Structures",0.1355,0.1055,0.0865,0.6383763837638375,6.050960983543484,1.0,0.07220475,2.473566326530612,0.9655720002540812,0.5598705501618123,0.5957254150518028,0.7291407985169898
Debugging,"Unit Testing, SQL",0.1355,0.1055,0.0865,0.6383763837638375,6.050960983543484,1.0,0.07220475,2.473566326530612,0.9655720002540812,0.5598705501618123,0.5957254150518028,0.7291407985169898
Algorithms,"Debugging, Data Structures",0.129,0.1025,0.08,0.6201550387596899,6.050293061070146,1.0,0.0667775,2.36280612244898,0.9583452927669344,0.5280528052805282,0.5767744164453369,0.7003214218188694
"Debugging, Data Structures",Algorithms,0.1025,0.129,0.08,0.7804878048780488,6.050293061070145,1.0,0.0667775,3.9678888888888895,0.930048746518106,0.5280528052805282,0.7479768138668758,0.7003214218188694
Unit Testing,"Object-Oriented Programming, JavaScript",0.1295,0.1085,0.085,0.6563706563706564,6.049499137056741,1.0,0.07094925,2.594365168539326,0.9588708315031929,0.5555555555555557,0.6145492499951277,0.7198903973097521
"Object-Oriented Programming, JavaScript",Unit Testing,0.1085,0.1295,0.085,0.783410138248848,6.049499137056741,1.0,0.07094925,4.019117021276597,0.9362838573455182,0.5555555555555557,0.751189130670704,0.7198903973097521
Algorithms,"JavaScript, Java",0.129,0.107,0.0835,0.6472868217054264,6.049409548648845,1.0,0.069697,2.531802197802198,0.9583175783908648,0.5475409836065576,0.6050244364002535,0.7138303267405637
"JavaScript, Java",Algorithms,0.107,0.129,0.0835,0.780373831775701,6.049409548648844,1.0,0.069697,3.965829787234043,0.9347084107261402,0.5475409836065576,0.7478459607068897,0.7138303267405637
"Data Structures, SQL",Java,0.105,0.1315,0.0835,0.7952380952380953,6.0474379866014845,1.0,0.0696925,4.241511627906978,0.9325594620814236,0.5457516339869283,0.7642349973956193,0.7151095419156256
Java,"Data Structures, SQL",0.1315,0.105,0.0835,0.6349809885931559,6.0474379866014845,1.0,0.0696925,2.451927083333333,0.9610140685813174,0.5457516339869283,0.5921575291543641,0.7151095419156256
"Unit Testing, Java",Object-Oriented Programming,0.098,0.135,0.08,0.8163265306122449,6.046863189720332,1.0,0.06677,4.709444444444445,0.9253048780487804,0.522875816993464,0.787660729031497,0.7044595616024187
Object-Oriented Programming,"Unit Testing, Java",0.135,0.098,0.08,0.5925925925925926,6.046863189720332,1.0,0.06677,2.214,0.9648843930635838,0.522875816993464,0.5483288166214996,0.7044595616024187
Unit Testing,"Algorithms, Java",0.1295,0.099,0.0775,0.5984555984555985,6.045006045006045,1.0,0.0646795,2.243836538461539,0.9587296881658668,0.5132450331125827,0.5543347374645933,0.6906419406419406
"Algorithms, Java",Unit Testing,0.099,0.1295,0.0775,0.7828282828282828,6.045006045006044,1.0,0.0646795,4.008348837209302,0.9262754645376106,0.5132450331125827,0.7505207154833804,0.6906419406419406
Java,"Git, Debugging",0.1315,0.1045,0.083,0.6311787072243346,6.039987628941001,1.0,0.06925825,2.428005154639175,0.9607792135727712,0.5424836601307191,0.588139259882004,0.7127185402150381
"Git, Debugging",Java,0.1045,0.1315,0.083,0.7942583732057417,6.039987628941001,1.0,0.06925825,4.221313953488373,0.9318109960781148,0.5424836601307191,0.763106935182201,0.7127185402150381
Debugging,"Git, Java",0.1355,0.1015,0.083,0.6125461254612546,6.034937196662607,1.0,0.06924675,2.318985714285714,0.965064421944574,0.5389610389610389,0.5687769899401832,0.715140057804519
"Git, Java",Debugging,0.1015,0.1355,0.083,0.8177339901477833,6.034937196662606,1.0,0.06924675,4.743067567567568,0.9285455679143954,0.5389610389610389,0.7891659805064004,0.715140057804519
"Python, Unit Testing",Object-Oriented Programming,0.105,0.135,0.0855,0.8142857142857144,6.0317460317460325,1.0,0.071325,4.657692307692311,0.9320788003528372,0.5533980582524274,0.7853014037985138,0.7238095238095239
Object-Oriented Programming,"Python, Unit Testing",0.135,0.105,0.0855,0.6333333333333333,6.031746031746032,1.0,0.071325,2.440909090909091,0.9644052327350164,0.5533980582524274,0.590316573556797,0.7238095238095239
"Object-Oriented Programming, Unit Testing",Algorithms,0.1035,0.129,0.0805,0.7777777777777778,6.029285099052541,1.0,0.0671485,3.9195,0.9304437893394948,0.5296052631578949,0.7448654165072076,0.7009043927648579
"Object-Oriented Programming, Unit Testing",Data Structures,0.1035,0.129,0.0805,0.7777777777777778,6.029285099052541,1.0,0.0671485,3.9195,0.9304437893394948,0.5296052631578949,0.7448654165072076,0.7009043927648579
Algorithms,"Object-Oriented Programming, Unit Testing",0.129,0.1035,0.0805,0.624031007751938,6.029285099052541,1.0,0.0671485,2.384505154639175,0.9576841069378385,0.5296052631578949,0.5806257755180568,0.7009043927648579
Data Structures,"Object-Oriented Programming, Unit Testing",0.129,0.1035,0.0805,0.624031007751938,6.029285099052541,1.0,0.0671485,2.384505154639175,0.9576841069378385,0.5296052631578949,0.5806257755180568,0.7009043927648579
"Git, Algorithms",Debugging,0.101,0.1355,0.0825,0.8168316831683168,6.028278104563223,1.0,0.0688145,4.719702702702701,0.927825530050224,0.5357142857142857,0.7881222477366301,0.7128438858646011
Debugging,"Git, Algorithms",0.1355,0.101,0.0825,0.6088560885608856,6.028278104563223,1.0,0.0688145,2.29838679245283,0.9648526911684806,0.5357142857142857,0.5649122230933099,0.7128438858646011
Java,"Object-Oriented Programming, Python",0.1315,0.106,0.084,0.6387832699619772,6.026257263792238,1.0,0.070061,2.474968421052632,0.960344874852647,0.5472312703583063,0.5959544406733526,0.7156180500753282
"Object-Oriented Programming, Python",Java,0.106,0.1315,0.084,0.7924528301886793,6.026257263792238,1.0,0.070061,4.18459090909091,0.9329524874826888,0.5472312703583063,0.7610280140341731,0.7156180500753282
Data Structures,"Git, Algorithms",0.129,0.101,0.0785,0.6085271317829457,6.025021106761838,1.0,0.065471,2.2964554455445545,0.9575493429471944,0.5181518151815181,0.5645463089910409,0.6928774272776115
"Git, Algorithms",Data Structures,0.101,0.129,0.0785,0.7772277227722771,6.025021106761838,1.0,0.065471,3.9098222222222208,0.9277257816540672,0.5181518151815181,0.7442338952609382,0.6928774272776115
"Algorithms, Data Structures",Java,0.0985,0.1315,0.078,0.7918781725888324,6.021887244021539,1.0,0.06504725,4.173036585365852,0.9250572407810346,0.513157894736842,0.7603663472525417,0.692517033062477
Java,"Algorithms, Data Structures",0.1315,0.0985,0.078,0.5931558935361216,6.021887244021539,1.0,0.06504725,2.2158364485981306,0.9602062205689148,0.513157894736842,0.5487031542275337,0.692517033062477
Unit Testing,"Java, SQL",0.1295,0.1065,0.083,0.640926640926641,6.018090525132779,1.0,0.06920825,2.4883494623655915,0.9578797672020648,0.5424836601307191,0.598127186263728,0.710134681965668
"Java, SQL",Unit Testing,0.1065,0.1295,0.083,0.7793427230046949,6.018090525132779,1.0,0.06920825,3.945031914893618,0.9332225376042502,0.5424836601307191,0.7465166260823605,0.710134681965668
Data Structures,"Object-Oriented Programming, Java",0.129,0.105,0.0815,0.6317829457364341,6.016980435585087,1.0,0.067955,2.4306315789473687,0.957294696878984,0.5344262295081968,0.5885842969122169,0.7039867109634552
"Object-Oriented Programming, Java",Data Structures,0.105,0.129,0.0815,0.7761904761904762,6.016980435585086,1.0,0.067955,3.891702127659575,0.9316242245604414,0.5344262295081968,0.7430430266251162,0.7039867109634552
"Data Structures, Java",Algorithms,0.1005,0.129,0.078,0.7761194029850745,6.016429480504454,1.0,0.0650355,3.890466666666665,0.9269465942617692,0.5148514851485148,0.7429614270781567,0.690385282887886
Algorithms,"Data Structures, Java",0.129,0.1005,0.078,0.6046511627906976,6.016429480504454,1.0,0.0650355,2.275205882352941,0.957277223350702,0.5148514851485148,0.5604793360652558,0.690385282887886
Debugging,Unit Testing,0.1355,0.1295,0.1055,0.7785977859778597,6.012338115659148,1.0,0.08795275,3.931758333333332,0.9643439623484522,0.6614420062695924,0.7456608684409646,0.7966348003248371
Unit Testing,Debugging,0.1295,0.1355,0.1055,0.8146718146718146,6.012338115659148,1.0,0.08795275,4.664697916666665,0.957697134348348,0.6614420062695924,0.7856238457742216,0.7966348003248371
Debugging,"Object-Oriented Programming, Java",0.1355,0.105,0.0855,0.6309963099630996,6.009488666315235,1.0,0.0712725,2.42545,0.9642527371059224,0.5516129032258066,0.5877053742604466,0.722641012124407
"Object-Oriented Programming, Java",Debugging,0.105,0.1355,0.0855,0.8142857142857144,6.009488666315235,1.0,0.0712725,4.655000000000003,0.9313927276291286,0.5516129032258066,0.7851772287862514,0.722641012124407
"Rest Apis, Java",Algorithms,0.1045,0.129,0.081,0.7751196172248804,6.008679203293647,1.0,0.0675195,3.873170212765958,0.9308476539073972,0.5311475409836067,0.7418135674223656,0.7015132969845332
Algorithms,"Rest Apis, Java",0.129,0.1045,0.081,0.627906976744186,6.008679203293647,1.0,0.0675195,2.40665625,0.9570310838967556,0.5311475409836067,0.5844857361744121,0.7015132969845332
Data Structures,"Unit Testing, Algorithms",0.129,0.1,0.0775,0.6007751937984496,6.007751937984495,1.0,0.0645999999999999,2.254368932038835,0.9570015925336098,0.5115511551155114,0.5564168819982773,0.6878875968992247
"Unit Testing, Algorithms",Data Structures,0.1,0.129,0.0775,0.7749999999999999,6.007751937984495,1.0,0.0645999999999999,3.8711111111111096,0.9261648745519712,0.5115511551155114,0.7416762342135476,0.6878875968992247
Object-Oriented Programming,"Data Structures, Java",0.135,0.1005,0.0815,0.6037037037037036,6.007002026902524,1.0,0.0679325,2.2697663551401863,0.9636157310542928,0.5292207792207791,0.5594260185699873,0.7073244886677722
"Data Structures, Java",Object-Oriented Programming,0.1005,0.135,0.0815,0.8109452736318408,6.007002026902524,1.0,0.0679325,4.575394736842105,0.9266565951772798,0.5292207792207791,0.7814396226957697,0.7073244886677722
Java,"JavaScript, Unit Testing",0.1315,0.102,0.0805,0.6121673003802282,6.001640199806158,1.0,0.067087,2.31543137254902,0.9595611767272052,0.5261437908496733,0.568115033830989,0.700691493327369
"JavaScript, Unit Testing",Java,0.102,0.1315,0.0805,0.7892156862745099,6.001640199806158,1.0,0.067087,4.120325581395351,0.9280388440841624,0.5261437908496733,0.7573007326131375,0.700691493327369
"Rest Apis, Unit Testing",Object-Oriented Programming,0.1,0.135,0.081,0.8099999999999999,5.999999999999999,1.0,0.0675,4.552631578947367,0.925925925925926,0.5259740259740259,0.7803468208092484,0.705
Object-Oriented Programming,"Rest Apis, Unit Testing",0.135,0.1,0.081,0.6,5.999999999999999,1.0,0.0675,2.25,0.9633911368015414,0.5259740259740259,0.5555555555555556,0.705
"Rest Apis, Debugging",Object-Oriented Programming,0.1105,0.135,0.0895,0.8099547511312217,5.999664823194235,1.0,0.0745825,4.55154761904762,0.9368454438969857,0.5737179487179487,0.780294509978291,0.7364588570470922
"Python, Debugging",Object-Oriented Programming,0.1105,0.135,0.0895,0.8099547511312217,5.999664823194235,1.0,0.0745825,4.55154761904762,0.9368454438969857,0.5737179487179487,0.780294509978291,0.7364588570470922
Object-Oriented Programming,"Python, Debugging",0.135,0.1105,0.0895,0.6629629629629629,5.999664823194234,1.0,0.0745825,2.6391758241758234,0.9633803726547616,0.5737179487179487,0.6210938313242977,0.7364588570470922
Object-Oriented Programming,"Rest Apis, Debugging",0.135,0.1105,0.0895,0.6629629629629629,5.999664823194234,1.0,0.0745825,2.6391758241758234,0.9633803726547616,0.5737179487179487,0.6210938313242977,0.7364588570470922
Data Structures,"Rest Apis, Debugging",0.129,0.1105,0.0855,0.6627906976744187,5.998105861306956,1.0,0.0712455,2.637827586206897,0.9566942614860916,0.5551948051948054,0.6209001660195825,0.718273176891508
Algorithms,"Rest Apis, Debugging",0.129,0.1105,0.0855,0.6627906976744187,5.998105861306956,1.0,0.0712455,2.637827586206897,0.9566942614860916,0.5551948051948054,0.6209001660195825,0.718273176891508
"Rest Apis, Debugging",Data Structures,0.1105,0.129,0.0855,0.7737556561085973,5.998105861306955,1.0,0.0712455,3.84982,0.936796741713756,0.5551948051948054,0.7402475959915009,0.718273176891508
"Rest Apis, Debugging",Algorithms,0.1105,0.129,0.0855,0.7737556561085973,5.998105861306955,1.0,0.0712455,3.84982,0.936796741713756,0.5551948051948054,0.7402475959915009,0.718273176891508
Data Structures,"Object-Oriented Programming, Algorithms",0.129,0.1015,0.0785,0.6085271317829457,5.995341199831977,1.0,0.0654065,2.295178217821782,0.9566059950126876,0.5164473684210525,0.5643039864028333,0.6909630732806353
"Object-Oriented Programming, Algorithms",Data Structures,0.1015,0.129,0.0785,0.7733990147783251,5.995341199831977,1.0,0.0654065,3.843760869565216,0.9273275700122996,0.5164473684210525,0.739838134073852,0.6909630732806353
"Java, SQL",Debugging,0.1065,0.1355,0.0865,0.812206572769953,5.994144448486738,1.0,0.0720692499999999,4.603462499999999,0.9324795973488684,0.5562700964630225,0.7827722067899977,0.7252914782668953
Debugging,"Java, SQL",0.1355,0.1065,0.0865,0.6383763837638375,5.994144448486738,1.0,0.0720692499999999,2.4708010204081625,0.9637600002674538,0.5562700964630225,0.5952729532891299,0.7252914782668953
Debugging,"Algorithms, Data Structures",0.1355,0.0985,0.08,0.5904059040590406,5.993968569127316,1.0,0.06665325,2.2009594594594595,0.9637543377674956,0.5194805194805194,0.5456526944637167,0.7012943225878959
"Algorithms, Data Structures",Debugging,0.0985,0.1355,0.08,0.8121827411167513,5.993968569127315,1.0,0.06665325,4.602878378378378,0.92419925124792,0.5194805194805194,0.782744639811164,0.7012943225878959
Java,"Algorithms, SQL",0.1315,0.1015,0.08,0.6083650190114068,5.993744029669032,1.0,0.06665275,2.294228155339806,0.95930843408175,0.522875816993464,0.5641235603911039,0.6982711794564422
"Algorithms, SQL",Java,0.1015,0.1315,0.08,0.7881773399014778,5.993744029669032,1.0,0.06665275,4.100127906976743,0.927278102392877,0.522875816993464,0.756105169719606,0.6982711794564422
"Git, Unit Testing",Object-Oriented Programming,0.0995,0.135,0.0805,0.8090452261306532,5.992927600967802,1.0,0.0670675,4.529868421052631,0.9251933880763274,0.5227272727272727,0.7792430359891944,0.7026707612134748
Object-Oriented Programming,"Git, Unit Testing",0.135,0.0995,0.0805,0.5962962962962963,5.992927600967802,1.0,0.0670675,2.2305963302752296,0.9631637525580728,0.5227272727272727,0.551689390667736,0.7026707612134748
"JavaScript, Algorithms",Java,0.106,0.1315,0.0835,0.7877358490566039,5.990386684841094,1.0,0.069561,4.091600000000002,0.931841015954668,0.5422077922077924,0.7555968325349497,0.7113584188248798
Java,"JavaScript, Algorithms",0.1315,0.106,0.0835,0.6349809885931559,5.990386684841093,1.0,0.069561,2.4491875,0.9592007694455648,0.5422077922077924,0.5917013295225457,0.7113584188248798
"Git, Debugging",Object-Oriented Programming,0.1045,0.135,0.0845,0.8086124401913877,5.989721779195464,1.0,0.0703925,4.519625000000002,0.9302594497801302,0.5451612903225808,0.7787427054235696,0.7172691830586568
Object-Oriented Programming,"Git, Debugging",0.135,0.1045,0.0845,0.6259259259259259,5.989721779195463,1.0,0.0703925,2.3939108910891087,0.9630605055238226,0.5451612903225808,0.5822735074549703,0.7172691830586568
Algorithms,"Python, Data Structures",0.129,0.1055,0.0815,0.6317829457364341,5.988463940629708,1.0,0.0678905,2.4292736842105263,0.9563860734083242,0.5326797385620916,0.5883543272626429,0.7021473970388332
Algorithms,"Unit Testing, SQL",0.129,0.1055,0.0815,0.6317829457364341,5.988463940629708,1.0,0.0678905,2.4292736842105263,0.9563860734083242,0.5326797385620916,0.5883543272626429,0.7021473970388332
"Python, Data Structures",Algorithms,0.1055,0.129,0.0815,0.7725118483412323,5.988463940629708,1.0,0.0678905,3.828770833333335,0.9312602235200116,0.5326797385620916,0.738819573296478,0.7021473970388332
"Unit Testing, SQL",Algorithms,0.1055,0.129,0.0815,0.7725118483412323,5.988463940629708,1.0,0.0678905,3.828770833333335,0.9312602235200116,0.5326797385620916,0.738819573296478,0.7021473970388332
"Ci/Cd, Python",AWS,0.063,0.114,0.043,0.6825396825396824,5.9871901977165125,1.0,0.0358179999999999,2.7908999999999997,0.8889826512124295,0.3208955223880597,0.6416926439499802,0.5298663324979114
Algorithms,Unit Testing,0.129,0.1295,0.1,0.7751937984496124,5.986052497680405,1.0,0.0832945,3.872224137931036,0.956308840413318,0.6309148264984228,0.7417504864441269,0.7736972853251923
Unit Testing,Algorithms,0.1295,0.129,0.1,0.7722007722007722,5.986052497680404,1.0,0.0832945,3.823542372881356,0.9568581275129237,0.6309148264984228,0.7384624250295893,0.7736972853251923
Java,"Unit Testing, Data Structures",0.1315,0.0985,0.0775,0.5893536121673003,5.983285402713708,1.0,0.06454725,2.195319444444444,0.9589726447155832,0.5081967213114753,0.5444854266969499,0.6880778213120765
"Unit Testing, Data Structures",Java,0.0985,0.1315,0.0775,0.7868020304568527,5.983285402713708,1.0,0.06454725,4.07367857142857,0.9238688207825668,0.5081967213114753,0.7545216240147986,0.6880778213120765
"Python, Java",Object-Oriented Programming,0.104,0.135,0.084,0.8076923076923078,5.982905982905984,1.0,0.06996,4.498000000000003,0.9295280612244896,0.5419354838709679,0.7776789684304136,0.7149572649572651
Object-Oriented Programming,"Python, Java",0.135,0.104,0.084,0.6222222222222222,5.982905982905983,1.0,0.06996,2.371764705882353,0.962840627580512,0.5419354838709679,0.5783730158730159,0.7149572649572651
Java,"Unit Testing, SQL",0.1315,0.1055,0.083,0.6311787072243346,5.9827365613681005,1.0,0.06912675,2.4252938144329894,0.9589549909482488,0.5389610389610391,0.5876788230568302,0.7089542825221199
"Unit Testing, SQL",Java,0.1055,0.1315,0.083,0.7867298578199052,5.9827365613681005,1.0,0.06912675,4.0723,0.9310815088189538,0.5389610389610391,0.7544385236844043,0.7089542825221199
"Data Structures, SQL",Algorithms,0.105,0.129,0.081,0.7714285714285715,5.980066445182724,1.0,0.067455,3.810625,0.930477963997517,0.5294117647058825,0.7375758569788421,0.6996677740863788
Algorithms,"Data Structures, SQL",0.129,0.105,0.081,0.627906976744186,5.980066445182724,1.0,0.067455,2.4053125,0.9561168516392397,0.5294117647058825,0.5842536053007665,0.6996677740863788
"Git, Algorithms",Object-Oriented Programming,0.101,0.135,0.0815,0.8069306930693069,5.977264393105976,1.0,0.067865,4.480256410256409,0.926250708012311,0.5275080906148867,0.7767984890974646,0.7053171983865052
Object-Oriented Programming,"Git, Algorithms",0.135,0.101,0.0815,0.6037037037037036,5.977264393105976,1.0,0.067865,2.268504672897196,0.9626582502925636,0.5275080906148867,0.5591809829852098,0.7053171983865052
"JavaScript, Algorithms",Object-Oriented Programming,0.106,0.135,0.0855,0.8066037735849058,5.9748427672955975,1.0,0.07119,4.472682926829271,0.9313552337218886,0.5498392282958201,0.7764205474970008,0.7199685534591196
Object-Oriented Programming,"JavaScript, Algorithms",0.135,0.106,0.0855,0.6333333333333333,5.9748427672955975,1.0,0.07119,2.438181818181818,0.9625798600547611,0.5498392282958201,0.5898583146905294,0.7199685534591196
Data Structures,"Object-Oriented Programming, Git",0.129,0.1025,0.079,0.6124031007751938,5.974664397806769,1.0,0.0657775,2.31555,0.955943263235914,0.518032786885246,0.5681371596380989,0.6915674040461335
"Object-Oriented Programming, Git",Data Structures,0.1025,0.129,0.079,0.7707317073170732,5.974664397806769,1.0,0.0657775,3.7990425531914895,0.927717640421706,0.518032786885246,0.7367757833720703,0.6915674040461335
Debugging,"Data Structures, SQL",0.1355,0.105,0.085,0.6273062730627307,5.974345457740292,1.0,0.0707725,2.4014356435643567,0.9631204708604088,0.5466237942122187,0.583582428003051,0.7184150412932702
"Data Structures, SQL",Debugging,0.105,0.1355,0.085,0.8095238095238096,5.974345457740292,1.0,0.0707725,4.538625000000003,0.9302990469930988,0.5466237942122187,0.7796689526012834,0.7184150412932702
"JavaScript, Data Structures",Debugging,0.105,0.1355,0.085,0.8095238095238096,5.974345457740292,1.0,0.0707725,4.538625000000003,0.9302990469930988,0.5466237942122187,0.7796689526012834,0.7184150412932702
Debugging,"JavaScript, Data Structures",0.1355,0.105,0.085,0.6273062730627307,5.974345457740292,1.0,0.0707725,2.4014356435643567,0.9631204708604088,0.5466237942122187,0.583582428003051,0.7184150412932702
Java,"Debugging, Data Structures",0.1315,0.1025,0.0805,0.6121673003802282,5.972363906148567,1.0,0.06702125,2.314142156862745,0.9586207389766748,0.5244299674267102,0.5678744293930118,0.6987665770193824
"Debugging, Data Structures",Java,0.1025,0.1315,0.0805,0.7853658536585366,5.972363906148567,1.0,0.06702125,4.046420454545455,0.9276458070208828,0.5244299674267102,0.7528679950011936,0.6987665770193824
Data Structures,"Debugging, Java",0.129,0.1045,0.0805,0.624031007751938,5.971588590927636,1.0,0.0670195,2.3818453608247423,0.9558442855003532,0.5261437908496733,0.5801574625928956,0.6971829679908015
"Debugging, Java",Data Structures,0.1045,0.129,0.0805,0.7703349282296651,5.971588590927636,1.0,0.0670195,3.792479166666667,0.929693325148864,0.5261437908496733,0.7363202390696499,0.6971829679908015
"Rest Apis, Java",Data Structures,0.1045,0.129,0.0805,0.7703349282296651,5.971588590927636,1.0,0.0670195,3.792479166666667,0.929693325148864,0.5261437908496733,0.7363202390696499,0.6971829679908015
Data Structures,"Rest Apis, Java",0.129,0.1045,0.0805,0.624031007751938,5.971588590927636,1.0,0.0670195,2.3818453608247423,0.9558442855003532,0.5261437908496733,0.5801574625928956,0.6971829679908015
Java,"Rest Apis, Unit Testing",0.1315,0.1,0.0785,0.596958174904943,5.969581749049429,1.0,0.0653499999999999,2.233018867924528,0.9585308882361784,0.5130718954248366,0.5521757498943811,0.6909790874524715
"Rest Apis, Unit Testing",Java,0.1,0.1315,0.0785,0.7849999999999999,5.9695817490494285,1.0,0.0653499999999999,4.039534883720929,0.924982307147912,0.5130718954248366,0.7524467472654001,0.6909790874524715
"Unit Testing, Debugging",Object-Oriented Programming,0.1055,0.135,0.085,0.8056872037914693,5.968053361418291,1.0,0.0707575,4.451585365853661,0.9306217735836648,0.5466237942122187,0.7753609292386928,0.7176584167105495
Object-Oriented Programming,"Unit Testing, Debugging",0.135,0.1055,0.085,0.6296296296296297,5.968053361418291,1.0,0.0707575,2.41515,0.962359741584495,0.5466237942122187,0.585947042626752,0.7176584167105495
"Object-Oriented Programming, Data Structures",Algorithms,0.102,0.129,0.0785,0.7696078431372549,5.965952272381821,1.0,0.065342,3.780510638297873,0.9269289149277232,0.5147540983606559,0.7354854685846784,0.6890674874601004
Algorithms,"Object-Oriented Programming, Data Structures",0.129,0.102,0.0785,0.6085271317829457,5.965952272381821,1.0,0.065342,2.2939009900990097,0.9556626470781808,0.5147540983606559,0.5640613939676455,0.6890674874601004
Object-Oriented Programming,"Unit Testing, Algorithms",0.135,0.1,0.0805,0.5962962962962963,5.962962962962963,1.0,0.067,2.229357798165138,0.9621943776253904,0.5210355987055015,0.551440329218107,0.7006481481481481
"Unit Testing, Algorithms",Object-Oriented Programming,0.1,0.135,0.0805,0.8049999999999999,5.962962962962962,1.0,0.067,4.435897435897434,0.9247757073844032,0.5210355987055015,0.7745664739884393,0.7006481481481481
"Data Structures, Java",Unit Testing,0.1005,0.1295,0.0775,0.7711442786069651,5.954782074185059,1.0,0.06448525,3.8037065217391297,0.9250336208287756,0.5081967213114753,0.7370985394680817,0.6847999385312817
Unit Testing,"Data Structures, Java",0.1295,0.1005,0.0775,0.5984555984555985,5.954782074185059,1.0,0.06448525,2.2401009615384617,0.9558503640844156,0.5081967213114753,0.5535915491446342,0.6847999385312817
Debugging,"Object-Oriented Programming, JavaScript",0.1355,0.1085,0.0875,0.6457564575645756,5.951672419950005,1.0,0.07279825,2.5166302083333325,0.9623828802776172,0.5591054313099041,0.6026432502126479,0.7261040352339007
"Object-Oriented Programming, JavaScript",Debugging,0.1085,0.1355,0.0875,0.8064516129032258,5.951672419950005,1.0,0.07279825,4.4665833333333325,0.9332361189007292,0.5591054313099041,0.7761152260303363,0.7261040352339007
Unit Testing,"Debugging, Java",0.1295,0.1045,0.0805,0.6216216216216216,5.948532264321738,1.0,0.06696725,2.3666785714285714,0.9556476787453488,0.5244299674267102,0.5774669141503312,0.6959782749256433
"Debugging, Java",Unit Testing,0.1045,0.1295,0.0805,0.7703349282296651,5.948532264321738,1.0,0.06696725,3.790302083333334,0.9289685140679244,0.5244299674267102,0.7361687860191442,0.6959782749256433
"Debugging, Algorithms",Object-Oriented Programming,0.1015,0.135,0.0815,0.8029556650246306,5.9478197409231885,1.0,0.0677975,4.389875,0.9258443691087054,0.5258064516129032,0.7722030809533301,0.7033296843641671
Object-Oriented Programming,"Debugging, Algorithms",0.135,0.1015,0.0815,0.6037037037037036,5.947819740923188,1.0,0.0677975,2.2672429906542053,0.9617007695308344,0.5258064516129032,0.5589356746841443,0.7033296843641671
"Object-Oriented Programming, Debugging",Data Structures,0.107,0.129,0.082,0.766355140186916,5.940737520828806,1.0,0.068197,3.727880000000001,0.9313222079589218,0.5324675324675326,0.7317510220286062,0.7010070274577991
Data Structures,"Object-Oriented Programming, Debugging",0.129,0.107,0.082,0.6356589147286822,5.940737520828805,1.0,0.068197,2.451,0.9548458458178154,0.5324675324675326,0.5920032639738882,0.7010070274577991
Unit Testing,"Python, Java",0.1295,0.104,0.08,0.6177606177606177,5.94000594000594,1.0,0.066532,2.344080808080808,0.9553704767375072,0.5211726384364822,0.5733935466078323,0.6934956934956935
"Python, Java",Unit Testing,0.104,0.1295,0.08,0.7692307692307693,5.94000594000594,1.0,0.066532,3.772166666666668,0.9281808035714286,0.5211726384364822,0.7349003667211593,0.6934956934956935
"Object-Oriented Programming, Data Structures",Debugging,0.102,0.1355,0.082,0.803921568627451,5.933000506475653,1.0,0.068179,4.408950000000001,0.9258922266282796,0.5273311897106111,0.7731886276777918,0.7045438101439838
Debugging,"Object-Oriented Programming, Data Structures",0.1355,0.102,0.082,0.6051660516605166,5.933000506475653,1.0,0.068179,2.274373831775701,0.9617712197943264,0.5273311897106111,0.5603185430518003,0.7045438101439838
Java,"Python, Algorithms",0.1315,0.1,0.078,0.5931558935361216,5.931558935361216,1.0,0.0648499999999999,2.21214953271028,0.9572944806105428,0.5081433224755699,0.5479509928179129,0.6865779467680608
"Python, Algorithms",Java,0.1,0.1315,0.078,0.7799999999999999,5.931558935361216,1.0,0.0648499999999999,3.947727272727272,0.9237891737891736,0.5081433224755699,0.7466896948762232,0.6865779467680608
"Rest Apis, Object-Oriented Programming",Unit Testing,0.1055,0.1295,0.081,0.7677725118483413,5.928745265238156,1.0,0.06733775,3.748479591836736,0.929379817678681,0.5259740259740261,0.7332251715661587,0.6966275686654834
Unit Testing,"Rest Apis, Object-Oriented Programming",0.1295,0.1055,0.081,0.6254826254826255,5.928745265238156,1.0,0.06733775,2.388407216494845,0.955003155558392,0.5259740259740261,0.5813109284322252,0.6966275686654834
Object-Oriented Programming,"Debugging, Data Structures",0.135,0.1025,0.082,0.6074074074074074,5.925925925925927,1.0,0.0681625,2.286084905660377,0.9609826589595376,0.5273311897106111,0.5625709274734344,0.7037037037037037
Object-Oriented Programming,"Python, Algorithms",0.135,0.1,0.08,0.5925925925925926,5.925925925925926,1.0,0.0665,2.209090909090909,0.9609826589595376,0.5161290322580644,0.5473251028806584,0.6962962962962962
"Debugging, Data Structures",Object-Oriented Programming,0.1025,0.135,0.082,0.8,5.925925925925926,1.0,0.0681625,4.325000000000001,0.9261838440111422,0.5273311897106111,0.7687861271676301,0.7037037037037037
"Python, Algorithms",Object-Oriented Programming,0.1,0.135,0.08,0.7999999999999999,5.925925925925925,1.0,0.0665,4.324999999999998,0.923611111111111,0.5161290322580644,0.76878612716763,0.6962962962962962
"Object-Oriented Programming, Algorithms",Debugging,0.1015,0.1355,0.0815,0.8029556650246306,5.925872066602439,1.0,0.06774675,4.387337500000001,0.9251513258293474,0.5241157556270096,0.7720713302771898,0.702215839892389
"Algorithms, SQL",Debugging,0.1015,0.1355,0.0815,0.8029556650246306,5.925872066602439,1.0,0.06774675,4.387337500000001,0.9251513258293474,0.5241157556270096,0.7720713302771898,0.702215839892389
Debugging,"Algorithms, SQL",0.1355,0.1015,0.0815,0.6014760147601476,5.925872066602438,1.0,0.06774675,2.254569444444444,0.9615366874004264,0.5241157556270096,0.5564563325099027,0.702215839892389
Debugging,"Object-Oriented Programming, Algorithms",0.1355,0.1015,0.0815,0.6014760147601476,5.925872066602438,1.0,0.06774675,2.254569444444444,0.9615366874004264,0.5241157556270096,0.5564563325099027,0.702215839892389
Java,Data Structures,0.1315,0.129,0.1005,0.7642585551330798,5.924484923512247,1.0,0.0835365,3.6947258064516126,0.9570627003153488,0.628125,0.7293439209335015,0.7716641612874702
Data Structures,Java,0.129,0.1315,0.1005,0.7790697674418605,5.924484923512247,1.0,0.0835365,3.931105263157896,0.9543156776393578,0.628125,0.7456186153619581,0.7716641612874702
"Git, Unit Testing",Java,0.0995,0.1315,0.0775,0.778894472361809,5.923151881078395,1.0,0.06441575,3.927988636363635,0.9230105138722214,0.5048859934853419,0.7454167787700737,0.6841240422645547
Java,"Git, Unit Testing",0.1315,0.0995,0.0775,0.5893536121673003,5.923151881078395,1.0,0.06441575,2.192884259259259,0.9570189611306108,0.5048859934853419,0.5439795804189897,0.6841240422645547
Unit Testing,Object-Oriented Programming,0.1295,0.135,0.1035,0.7992277992277992,5.92020592020592,1.0,0.0860175,4.308365384615383,0.9547236720525436,0.6428571428571427,0.7678934095119065,0.7829472329472329
Object-Oriented Programming,Unit Testing,0.135,0.1295,0.1035,0.7666666666666666,5.92020592020592,1.0,0.0860175,3.730714285714285,0.960794169389294,0.6428571428571427,0.7319548152402833,0.7829472329472329
Algorithms,Data Structures,0.129,0.129,0.0985,0.7635658914728682,5.919115437774172,1.0,0.081859,3.6839016393442634,0.9541398823920226,0.6175548589341693,0.7285486698884824,0.7635658914728682
Data Structures,Algorithms,0.129,0.129,0.0985,0.7635658914728682,5.919115437774172,1.0,0.081859,3.6839016393442634,0.9541398823920226,0.6175548589341693,0.7285486698884824,0.7635658914728682
Java,"Debugging, Algorithms",0.1315,0.1015,0.079,0.6007604562737643,5.91882222929817,1.0,0.06565275,2.250528571428572,0.9568767626418312,0.5129870129870129,0.5556599402045234,0.6895427897132368
"Debugging, Algorithms",Java,0.1015,0.1315,0.079,0.7783251231527093,5.918822229298169,1.0,0.06565275,3.917899999999999,0.9249276219860104,0.5129870129870129,0.744761224125169,0.6895427897132368
Java,"Python, Debugging",0.1315,0.1105,0.086,0.6539923954372623,5.918483216626808,1.0,0.07146925,2.5707527472527465,0.9568656196864416,0.5512820512820512,0.6110088762644882,0.7161364692118437
"Python, Debugging",Java,0.1105,0.1315,0.086,0.7782805429864252,5.918483216626807,1.0,0.07146925,3.917112244897958,0.9342752003346536,0.5512820512820512,0.744709894054606,0.7161364692118437
Algorithms,"Rest Apis, Object-Oriented Programming",0.129,0.1055,0.0805,0.624031007751938,5.914985855468607,1.0,0.0668905,2.379185567010309,0.9540044640628678,0.5227272727272728,0.5796881025734354,0.6935320915536941
"Rest Apis, Object-Oriented Programming",Algorithms,0.1055,0.129,0.0805,0.7630331753554502,5.914985855468606,1.0,0.0668905,3.67562,0.928941183005878,0.5227272727272728,0.7279370555171645,0.6935320915536941
Object-Oriented Programming,Java,0.135,0.1315,0.105,0.7777777777777777,5.914659907055343,1.0,0.0872474999999999,3.9082499999999984,0.9606110652353428,0.6501547987616098,0.744131004925478,0.7881284326151246
Java,Object-Oriented Programming,0.1315,0.135,0.105,0.7984790874524714,5.914659907055343,1.0,0.0872474999999999,4.292358490566037,0.9567398634756148,0.6501547987616098,0.7670278467658629,0.7881284326151246
"Data Structures, Java",Debugging,0.1005,0.1355,0.0805,0.8009950248756219,5.911402397606065,1.0,0.06688225,4.3441125000000005,0.923663595026913,0.517684887459807,0.7698033833147737,0.6975454829175157
Debugging,"Data Structures, Java",0.1355,0.1005,0.0805,0.5940959409594095,5.911402397606064,1.0,0.06688225,2.216040909090909,0.961058882274966,0.517684887459807,0.5487447926174648,0.6975454829175157
Object-Oriented Programming,"Git, Data Structures",0.135,0.099,0.079,0.5851851851851851,5.910961466517021,1.0,0.065635,2.172053571428571,0.9604887685666202,0.5096774193548387,0.5396061988736794,0.6915824915824915
"Git, Data Structures",Object-Oriented Programming,0.099,0.135,0.079,0.7979797979797979,5.910961466517021,1.0,0.065635,4.281749999999998,0.9221118588347684,0.5096774193548387,0.7664506335026565,0.6915824915824915
Algorithms,"Object-Oriented Programming, Debugging",0.129,0.107,0.0815,0.6317829457364341,5.904513511555459,1.0,0.067697,2.4252,0.9536602029963444,0.5275080906148869,0.5876628731650998,0.6967325943635442
"Object-Oriented Programming, Debugging",Algorithms,0.107,0.129,0.0815,0.7616822429906542,5.904513511555459,1.0,0.067697,3.6547843137254903,0.9301657747030412,0.5275080906148869,0.7263860424691783,0.6967325943635442
Object-Oriented Programming,"Rest Apis, Algorithms",0.135,0.101,0.0805,0.5962962962962963,5.903923725705904,1.0,0.066865,2.226880733944954,0.960255627760026,0.517684887459807,0.550941375190541,0.6966629996332967
"Rest Apis, Algorithms",Object-Oriented Programming,0.101,0.135,0.0805,0.797029702970297,5.903923725705903,1.0,0.066865,4.261707317073169,0.9239389521828948,0.517684887459807,0.7653522577691294,0.6966629996332967
Object-Oriented Programming,"Algorithms, Data Structures",0.135,0.0985,0.0785,0.5814814814814815,5.903365294228238,1.0,0.0652025,2.1540265486725665,0.96023710467214,0.5064516129032257,0.5357531685873339,0.6892178981011468
"Algorithms, Data Structures",Object-Oriented Programming,0.0985,0.135,0.0785,0.7969543147208121,5.903365294228237,1.0,0.0652025,4.260124999999999,0.921358952347644,0.5064516129032257,0.7652651037234822,0.6892178981011468
"Python, Data Structures",Object-Oriented Programming,0.1055,0.135,0.084,0.7962085308056873,5.897840968931017,1.0,0.0697575,4.244534883720933,0.92839175916314,0.5367412140575081,0.7644029257869217,0.7092153765139548
Object-Oriented Programming,"Python, Data Structures",0.135,0.1055,0.084,0.6222222222222222,5.897840968931017,1.0,0.0697575,2.3677941176470587,0.9600536746490504,0.5367412140575081,0.577665983479287,0.7092153765139548
"JavaScript, Java",Debugging,0.107,0.1355,0.0855,0.7990654205607477,5.897161775356072,1.0,0.0710015,4.30239534883721,0.9299293399605773,0.5445859872611466,0.7675713366810268,0.7150308652619237
Debugging,"JavaScript, Java",0.1355,0.107,0.0855,0.6309963099630996,5.897161775356072,1.0,0.0710015,2.42003,0.9605863511680686,0.5445859872611466,0.586781982041545,0.7150308652619237
Data Structures,Unit Testing,0.129,0.1295,0.0985,0.7635658914728682,5.896261710215199,1.0,0.0817945,3.681786885245902,0.9533880771853346,0.615625,0.7283927529843404,0.7620918260453144
Unit Testing,Data Structures,0.1295,0.129,0.0985,0.7606177606177607,5.896261710215199,1.0,0.0817945,3.638532258064517,0.953935686649542,0.615625,0.725163904268382,0.7620918260453144
Unit Testing,"Git, Java",0.1295,0.1015,0.0775,0.5984555984555985,5.896114270498507,1.0,0.06435575,2.237610576923077,0.9539308146967816,0.5048859934853419,0.5530947116923745,0.6810011982425775
"Git, Java",Unit Testing,0.1015,0.1295,0.0775,0.7635467980295566,5.896114270498506,1.0,0.06435575,3.6814895833333328,0.9242034214730646,0.5048859934853419,0.7283708191034538,0.6810011982425775
"Unit Testing, Algorithms",Java,0.1,0.1315,0.0775,0.7749999999999999,5.893536121673002,1.0,0.0643499999999999,3.859999999999999,0.92258064516129,0.5032467532467532,0.7409326424870466,0.6821768060836502
Java,"Unit Testing, Algorithms",0.1315,0.1,0.0775,0.5893536121673003,5.893536121673002,1.0,0.0643499999999999,2.1916666666666664,0.9560421193381246,0.5032467532467532,0.5437262357414449,0.6821768060836502
"Python, Debugging",Algorithms,0.1105,0.129,0.084,0.7601809954751132,5.892875933915606,1.0,0.0697455,3.63190566037736,0.9334497711394844,0.5401929260450162,0.7246624517509911,0.7056718930863939
Algorithms,"Python, Debugging",0.129,0.1105,0.084,0.6511627906976745,5.892875933915606,1.0,0.0697455,2.5499,0.9532762014105296,0.5401929260450162,0.6078277579512923,0.7056718930863939
Debugging,"Algorithms, Java",0.1355,0.099,0.079,0.5830258302583026,5.889149800588915,1.0,0.0655855,2.160805309734513,0.9603194939637312,0.5080385852090031,0.5372095785330773,0.6905028141190502
"Algorithms, Java",Debugging,0.099,0.1355,0.079,0.7979797979797979,5.889149800588914,1.0,0.0655855,4.279274999999998,0.9214164290029364,0.5080385852090031,0.7663155557892398,0.6905028141190502
Unit Testing,"Object-Oriented Programming, Java",0.1295,0.105,0.08,0.6177606177606177,5.883434454863027,1.0,0.0664025,2.3414646464646465,0.9535109132682366,0.5177993527508091,0.5729168913526456,0.6898326898326899
"Object-Oriented Programming, Java",Unit Testing,0.105,0.1295,0.08,0.761904761904762,5.883434454863027,1.0,0.0664025,3.656100000000001,0.9274092178770952,0.5177993527508091,0.7264845053472279,0.6898326898326899
"Object-Oriented Programming, Algorithms",Java,0.1015,0.1315,0.0785,0.7733990147783251,5.881361329112738,1.0,0.06515275,3.832728260869565,0.9237299249634032,0.5080906148867314,0.7390892513279504,0.685178594841634
Java,"Object-Oriented Programming, Algorithms",0.1315,0.1015,0.0785,0.596958174904943,5.881361329112738,1.0,0.06515275,2.229297169811321,0.9556376943921908,0.5080906148867314,0.5514281301112332,0.685178594841634
"Object-Oriented Programming, Unit Testing",Java,0.1035,0.1315,0.08,0.7729468599033817,5.877922888999101,1.0,0.06638975,3.825095744680853,0.9256797267150028,0.5161290322580646,0.7385686354673365,0.6906559394573943
Java,"Object-Oriented Programming, Unit Testing",0.1315,0.1035,0.08,0.6083650190114068,5.8779228889991,1.0,0.06638975,2.2891213592233006,0.9555231721358663,0.5161290322580646,0.5631511645414465,0.6906559394573943
"Debugging, SQL",Algorithms,0.1075,0.129,0.0815,0.758139534883721,5.877050658013341,1.0,0.0676325,3.6012500000000007,0.9298001409152618,0.5258064516129033,0.7223186393613329,0.6949612403100776
Algorithms,"Debugging, SQL",0.129,0.1075,0.0815,0.6317829457364341,5.87705065801334,1.0,0.0676325,2.423842105263158,0.9527515795256843,0.5258064516129033,0.5874318719735956,0.6949612403100776
"Algorithms, Java",Object-Oriented Programming,0.099,0.135,0.0785,0.7929292929292929,5.873550317994762,1.0,0.065135,4.177317073170731,0.920915896703592,0.5048231511254019,0.760611899340223,0.6872053872053872
Object-Oriented Programming,"Algorithms, Java",0.135,0.099,0.0785,0.5814814814814815,5.873550317994762,1.0,0.065135,2.15283185840708,0.9592430322889436,0.5048231511254019,0.5354955399350516,0.6872053872053872
"Object-Oriented Programming, SQL",Algorithms,0.111,0.129,0.084,0.7567567567567568,5.866331447726797,1.0,0.069681,3.5807777777777785,0.9331110396914672,0.5384615384615385,0.7207310640146462,0.7039597737272156
Algorithms,"Object-Oriented Programming, SQL",0.129,0.111,0.084,0.6511627906976745,5.866331447726797,1.0,0.069681,2.548466666666667,0.952394620305068,0.5384615384615385,0.6076071886363043,0.7039597737272156
Java,Debugging,0.1315,0.1355,0.1045,0.7946768060836501,5.864773476632104,1.0,0.08668175,4.210435185185184,0.955083973082337,0.6430769230769229,0.7624948595530943,0.7829472591303859
Debugging,Java,0.1355,0.1315,0.1045,0.7712177121771217,5.864773476632103,1.0,0.08668175,3.796185483870966,0.959503100777339,0.6430769230769229,0.7365776766575953,0.7829472591303859
Data Structures,Debugging,0.129,0.1355,0.1025,0.7945736434108527,5.8640121284933775,1.0,0.0850205,4.208320754716981,0.952317213183613,0.6327160493827159,0.7623755273694073,0.7755156039932491
Debugging,Data Structures,0.1355,0.129,0.1025,0.7564575645756456,5.864012128493377,1.0,0.0850205,3.576378787878786,0.959477492981986,0.6327160493827159,0.7203875597883417,0.7755156039932491
"Debugging, Java",Algorithms,0.1045,0.129,0.079,0.7559808612440192,5.860316753829606,1.0,0.0655195,3.569392156862746,0.926142668334641,0.5113268608414241,0.7198402540115031,0.6841919810096064
Algorithms,"Debugging, Java",0.129,0.1045,0.079,0.6124031007751938,5.860316753829606,1.0,0.0655195,2.31039,0.952193753724077,0.5113268608414241,0.5671726418483459,0.6841919810096064
Object-Oriented Programming,Data Structures,0.135,0.129,0.102,0.7555555555555554,5.857019810508182,1.0,0.084585,3.563181818181816,0.9586875212512752,0.6296296296296294,0.7193519581579282,0.77312661498708
Data Structures,Object-Oriented Programming,0.129,0.135,0.102,0.7906976744186046,5.857019810508182,1.0,0.084585,4.132777777777777,0.9520834740325522,0.6296296296296294,0.7580319935475198,0.77312661498708
Debugging,"Object-Oriented Programming, SQL",0.1355,0.111,0.088,0.6494464944649445,5.850869319504005,1.0,0.0729595,2.535989473684209,0.9590343866659656,0.555205047318612,0.6056765966984753,0.7211196436288686
"Object-Oriented Programming, SQL",Debugging,0.111,0.1355,0.088,0.7927927927927927,5.850869319504005,1.0,0.0729595,4.172152173913042,0.9326043051436752,0.555205047318612,0.7603155497892339,0.7211196436288686
Algorithms,"Object-Oriented Programming, Python",0.129,0.106,0.08,0.6201550387596899,5.850519233581981,1.0,0.066326,2.3535918367346937,0.9518656716417908,0.5161290322580646,0.5751174930197874,0.6874360099458827
"Object-Oriented Programming, Python",Algorithms,0.106,0.129,0.08,0.7547169811320755,5.850519233581981,1.0,0.066326,3.5510000000000006,0.9273769574944072,0.5161290322580646,0.718389186144748,0.6874360099458827
Object-Oriented Programming,Debugging,0.135,0.1355,0.107,0.7925925925925925,5.849391827251605,1.0,0.0887075,4.168124999999999,0.9584301226297876,0.6544342507645259,0.7600839706102863,0.7911302446357796
Debugging,Object-Oriented Programming,0.1355,0.135,0.107,0.7896678966789668,5.849391827251605,1.0,0.0887075,4.112543859649122,0.9589844489008286,0.6544342507645259,0.7568414990508286,0.7911302446357796
Debugging,"JavaScript, Algorithms",0.1355,0.106,0.084,0.6199261992619927,5.848360370396158,1.0,0.069637,2.3521747572815537,0.9589495717315266,0.5333333333333334,0.5748615204272849,0.706189514725336
"JavaScript, Algorithms",Debugging,0.106,0.1355,0.084,0.7924528301886793,5.848360370396157,1.0,0.069637,4.165318181818183,0.9273063811654416,0.5333333333333334,0.7599223021268702,0.706189514725336
Algorithms,Java,0.129,0.1315,0.099,0.7674418604651163,5.836059775400124,1.0,0.0820365,3.734550000000001,0.9513794663048394,0.6130030959752322,0.73223012143364,0.7601467857458661
Java,Algorithms,0.1315,0.129,0.099,0.752851711026616,5.836059775400123,1.0,0.0820365,3.5242,0.9541180370195914,0.6130030959752322,0.7162476590431871,0.7601467857458661
Algorithms,Object-Oriented Programming,0.129,0.135,0.1015,0.7868217054263567,5.828308929084123,1.0,0.084085,4.057636363636365,0.951117847669572,0.6246153846153847,0.7535511045391406,0.7693367786391043
Object-Oriented Programming,Algorithms,0.135,0.129,0.1015,0.7518518518518519,5.828308929084123,1.0,0.084085,3.51,0.957715196901962,0.6246153846153847,0.7150997150997151,0.7693367786391043
"Java, SQL",Algorithms,0.1065,0.129,0.08,0.7511737089201879,5.82305200713324,1.0,0.0662615,3.500433962264152,0.926993564633464,0.5144694533762059,0.7143211353848311,0.6856643738399388
Algorithms,"Java, SQL",0.129,0.1065,0.08,0.6201550387596899,5.823052007133239,1.0,0.0662615,2.3522755102040813,0.9509400114810562,0.5144694533762059,0.574879730005249,0.6856643738399388
"Python, Java",Algorithms,0.104,0.129,0.078,0.75,5.813953488372093,1.0,0.064584,3.484,0.9241071428571428,0.503225806451613,0.7129735935706085,0.6773255813953488
Algorithms,"Python, Java",0.129,0.104,0.078,0.6046511627906976,5.813953488372093,1.0,0.064584,2.2663529411764705,0.9506314580941448,0.503225806451613,0.5587624584717608,0.6773255813953488
"JavaScript, Java",Unit Testing,0.107,0.1295,0.0805,0.7523364485981309,5.809547865622632,1.0,0.0666435,3.514849056603774,0.92706558255027,0.5160256410256411,0.715492761169593,0.6869790351098762
Unit Testing,"JavaScript, Java",0.1295,0.107,0.0805,0.6216216216216216,5.809547865622632,1.0,0.0666435,2.3600714285714286,0.9510276452813224,0.5160256410256411,0.5762840107744923,0.6869790351098762
Algorithms,Debugging,0.129,0.1355,0.1015,0.7868217054263567,5.806802254069052,1.0,0.0840205,4.05529090909091,0.9503882633064312,0.6226993865030676,0.7534085661380644,0.7679495981006321
Debugging,Algorithms,0.1355,0.129,0.1015,0.7490774907749077,5.806802254069052,1.0,0.0840205,3.471191176470588,0.9575340397222688,0.6226993865030676,0.7119144555395037,0.7679495981006321
Java,"Unit Testing, Debugging",0.1315,0.1055,0.0805,0.6121673003802282,5.802533652893158,1.0,0.06662675,2.306406862745098,0.9529781124734942,0.514376996805112,0.5664251541422338,0.6876002378678392
"Unit Testing, Debugging",Java,0.1055,0.1315,0.0805,0.7630331753554502,5.802533652893158,1.0,0.06662675,3.66507,0.9252783573876242,0.514376996805112,0.7271539152048938,0.6876002378678392
"Rest Apis, Java",Unit Testing,0.1045,0.1295,0.0785,0.7511961722488039,5.800742642847906,1.0,0.06496725,3.498740384615385,0.9241856842599412,0.504823151125402,0.7141828515207397,0.678686889213205
Unit Testing,"Rest Apis, Java",0.1295,0.1045,0.0785,0.6061776061776062,5.800742642847906,1.0,0.06496725,2.2738676470588235,0.9507274902409848,0.504823151125402,0.560220665748304,0.678686889213205
Algorithms,"Object-Oriented Programming, Java",0.129,0.105,0.0785,0.6085271317829457,5.795496493170912,1.0,0.064955,2.2862376237623763,0.95000255947114,0.504823151125402,0.5626001472435148,0.6780730897009967
"Object-Oriented Programming, Java",Algorithms,0.105,0.129,0.0785,0.7476190476190476,5.795496493170912,1.0,0.064955,3.451132075471698,0.9245276305020816,0.504823151125402,0.7102400087474714,0.6780730897009967
"Python, Unit Testing",Java,0.105,0.1315,0.08,0.761904761904762,5.793952562013399,1.0,0.0661925,3.647700000000001,0.9244762569832404,0.5111821086261982,0.7258546481344409,0.6851348904580844
Java,"Python, Unit Testing",0.1315,0.105,0.08,0.6083650190114068,5.793952562013399,1.0,0.0661925,2.2852912621359223,0.9526842256764536,0.5111821086261982,0.5624190156552031,0.6851348904580844
Unit Testing,Java,0.1295,0.1315,0.098,0.7567567567567568,5.754804233891687,1.0,0.08097075,3.570500000000001,0.9491466316566832,0.6012269938650306,0.7199271810670775,0.7510019525228651
Java,Unit Testing,0.1315,0.1295,0.098,0.7452471482889734,5.754804233891687,1.0,0.08097075,3.4170373134328367,0.9513323464100666,0.6012269938650306,0.7073488205502279,0.7510019525228651
Webpack,"React, HTML/CSS",0.0675,0.145,0.0545,0.8074074074074074,5.568326947637292,1.0,0.0447125,4.439423076923076,0.879799296554099,0.3449367088607595,0.7747455057396577,0.5916347381864623
Webpack,"TypeScript, HTML/CSS",0.0675,0.1375,0.0495,0.7333333333333333,5.333333333333332,1.0,0.04021875,3.234375,0.8713136729222518,0.3183279742765273,0.6908212560386472,0.5466666666666666
"React, Webpack",HTML/CSS,0.0545,0.189,0.0545,1.0,5.291005291005291,1.0,0.0441995,inf,0.8577472236911687,0.2883597883597883,1.0,0.6441798941798942
"JavaScript, Webpack",HTML/CSS,0.0495,0.189,0.0495,1.0,5.291005291005291,1.0,0.0401445,inf,0.8532351394003156,0.2619047619047619,1.0,0.6309523809523809
Webpack,"Rest Apis, HTML/CSS",0.0675,0.1505,0.0535,0.7925925925925925,5.266395964070382,1.0,0.04334125,4.09580357142857,0.868757986520007,0.3252279635258358,0.7558476663832755,0.5740371600836717
Webpack,HTML/CSS,0.0675,0.189,0.067,0.9925925925925926,5.251812659220066,1.0,0.0542425,109.48499999999984,0.8681925493177544,0.3535620052770449,0.9908663287208296,0.6735449735449736
"Rest Apis, Webpack",HTML/CSS,0.054,0.189,0.0535,0.9907407407407408,5.2420145012737605,1.0,0.043294,87.58799999999961,0.8554266858983225,0.2823218997361477,0.9885829109010368,0.6369047619047619
"Git, Webpack",HTML/CSS,0.0505,0.189,0.05,0.99009900990099,5.238619100005239,1.0,0.0404555,81.91099999999992,0.8521432332806741,0.2638522427440633,0.9877916274981382,0.6273246372256274
"TypeScript, Webpack",HTML/CSS,0.05,0.189,0.0495,0.99,5.238095238095238,1.0,0.04005,81.09999999999992,0.8516746411483255,0.2612137203166227,0.9876695437731196,0.6259523809523809
"JavaScript, Webpack",React,0.0495,0.168,0.0425,0.8585858585858586,5.11063011063011,1.0,0.034184,5.883428571428571,0.8462171612464029,0.2428571428571428,0.83003108003108,0.5557810245310245
Webpack,"Git, HTML/CSS",0.0675,0.1455,0.05,0.7407407407407407,5.091001654575538,1.0,0.04017875,3.295928571428571,0.8617426273458445,0.3067484662576688,0.6965953665778124,0.5421916762122948
"React, SQL",TypeScript,0.0735,0.1595,0.059,0.8027210884353742,5.032734096773505,1.0,0.04727675,4.26046551724138,0.8648686966623067,0.339080459770115,0.7652838648844428,0.5863135222741134
"JavaScript, Webpack",TypeScript,0.0495,0.1595,0.0395,0.7979797979797979,5.003008137804375,1.0,0.03160475,4.160474999999998,0.8417887987002177,0.2330383480825958,0.7596428292442569,0.5228143504005572
"Python, TypeScript",React,0.074,0.168,0.062,0.8378378378378378,4.987129987129987,1.0,0.049568,5.1306666666666665,0.8633735107643001,0.3444444444444444,0.8050935550935551,0.6034427284427284
"React, Python",TypeScript,0.078,0.1595,0.062,0.7948717948717948,4.983522224901535,1.0,0.049559,4.097437499999999,0.8669617241620601,0.3532763532763533,0.7559450266172455,0.5917932642070572
"HTML/CSS, SQL",TypeScript,0.073,0.1595,0.058,0.7945205479452055,4.981320049813201,1.0,0.0463565,4.090433333333335,0.8621898597626751,0.332378223495702,0.7555271242655628,0.5790784557907847
"TypeScript, Webpack",React,0.05,0.168,0.0415,0.83,4.94047619047619,1.0,0.0331,4.894117647058822,0.8395688015218771,0.235127478753541,0.7956730769230769,0.5385119047619047
Webpack,"React, TypeScript",0.0675,0.1245,0.0415,0.6148148148148148,4.938271604938271,1.0,0.03309625,2.272932692307692,0.8552278820375334,0.2757475083056478,0.5600397656365675,0.4740740740740741
"Python, HTML/CSS",React,0.078,0.168,0.0645,0.826923076923077,4.922161172161172,1.0,0.051396,4.807111111111112,0.8642486001109821,0.3553719008264463,0.7919748520710059,0.6054258241758241
"Rest Apis, Webpack",React,0.054,0.168,0.0445,0.8240740740740741,4.905202821869488,1.0,0.035428,4.729263157894737,0.841580160106421,0.2507042253521127,0.7885505698005698,0.5444775132275133
"MongoDB, HTML/CSS",TypeScript,0.0735,0.1595,0.0575,0.7823129251700681,4.904783229906383,1.0,0.04577675,3.8610468750000018,0.8592740327084165,0.3276353276353276,0.74100288538973,0.5714072462840936
"React, MongoDB",TypeScript,0.071,0.1595,0.0555,0.7816901408450705,4.900878625987903,1.0,0.0441755,3.850032258064517,0.8567868191118998,0.3171428571428571,0.7402619165319102,0.5648262616451057
"Python, HTML/CSS",TypeScript,0.078,0.1595,0.0605,0.7756410256410257,4.862953138815207,1.0,0.048059,3.746228571428572,0.8615657661210806,0.3418079096045198,0.7330648728626123,0.5774756852343059
"Docker, HTML/CSS",TypeScript,0.0795,0.1595,0.0615,0.7735849056603773,4.850062104453776,1.0,0.0488197499999999,3.712208333333333,0.8623759621626633,0.3464788732394366,0.7306185671152615,0.5795824214822263
"Docker, TypeScript",React,0.0725,0.168,0.059,0.8137931034482758,4.844006568144499,1.0,0.04682,4.468148148148147,0.8555895655352005,0.325068870523416,0.7761936339522546,0.582491789819376
"HTML/CSS, Webpack",React,0.067,0.168,0.0545,0.8134328358208954,4.84186211798152,1.0,0.043244,4.459519999999998,0.8504478991514006,0.3019390581717451,0.7757606199770377,0.5689187988628286
Webpack,"Rest Apis, React",0.0675,0.1365,0.0445,0.6592592592592592,4.829738163071496,1.0,0.03528625,2.534184782608695,0.8503479230050908,0.2789968652037617,0.6053957837397327,0.4926332926332926
"MongoDB, HTML/CSS",React,0.0735,0.168,0.0595,0.8095238095238095,4.8185941043083895,1.0,0.047152,4.368,0.855337925780134,0.3269230769230769,0.7710622710622711,0.5818452380952381
"TypeScript, SQL",React,0.073,0.168,0.059,0.8082191780821918,4.810828440965427,1.0,0.046736,4.338285714285714,0.8545152030424369,0.3241758241758242,0.7694942044257113,0.579704827136334
Webpack,React,0.0675,0.168,0.0545,0.8074074074074074,4.805996472663138,1.0,0.04316,4.319999999999999,0.84925105147945,0.3011049723756905,0.7685185185185185,0.5659060846560846
"Rest Apis, TypeScript",React,0.127,0.168,0.1025,0.8070866141732282,4.804086989126359,1.0,0.0811639999999999,4.312816326530609,0.9070376889335904,0.5324675324675323,0.7681329497274377,0.7086028308961378
React,"Rest Apis, TypeScript",0.168,0.127,0.1025,0.6101190476190476,4.804086989126359,1.0,0.0811639999999999,2.2391450381679388,0.9517354596622888,0.5324675324675323,0.553400970926744,0.7086028308961378
"Node.js, HTML/CSS",TypeScript,0.077,0.1595,0.059,0.7662337662337662,4.803973456011073,1.0,0.0467184999999999,3.595472222222221,0.8578970563931174,0.3323943661971831,0.7218724166969258,0.5680698611733094
"JavaScript, MongoDB",TypeScript,0.087,0.1595,0.0665,0.7643678160919541,4.7922747090404645,1.0,0.0526235,3.567000000000002,0.8667369409284438,0.3694444444444444,0.7196523689374826,0.5906478578892372
"Rest Apis, HTML/CSS",React,0.1505,0.168,0.121,0.8039867109634552,4.7856351843062805,1.0,0.095716,4.244610169491526,0.9311846054314884,0.6126582278481012,0.7644071045233837,0.7621124031007751
React,"Rest Apis, HTML/CSS",0.168,0.1505,0.121,0.7202380952380951,4.78563518430628,1.0,0.095716,3.0365106382978717,0.950770820089002,0.6126582278481012,0.6706746265310125,0.7621124031007751
TypeScript,"Git, HTML/CSS",0.1595,0.1455,0.111,0.6959247648902821,4.7829880748473,1.0,0.08779275,2.810159793814433,0.941018055533225,0.5721649484536082,0.6441483497838293,0.7294056814142132
"Git, HTML/CSS",TypeScript,0.1455,0.1595,0.111,0.7628865979381444,4.7829880748473,1.0,0.08779275,3.544717391304349,0.9256005566713584,0.5721649484536082,0.71789006298411,0.7294056814142132
Webpack,"Rest Apis, TypeScript",0.0675,0.127,0.041,0.6074074074074074,4.782735491396909,1.0,0.0324275,2.223679245283019,0.8481658275027789,0.2671009771986971,0.5502948538458274,0.4651210265383493
TypeScript,"React, Git",0.1595,0.1265,0.0965,0.6050156739811913,4.782732600641828,1.0,0.07632325,2.2114801587301587,0.9410047683188824,0.5092348284960422,0.5478141659773226,0.6839307618917814
"React, Git",TypeScript,0.1265,0.1595,0.0965,0.7628458498023716,4.782732600641828,1.0,0.07632325,3.544108333333334,0.9054545023148493,0.5092348284960422,0.7178415821563017,0.6839307618917814
"Git, Webpack",TypeScript,0.0505,0.1595,0.0385,0.7623762376237623,4.779788323659951,1.0,0.03044525,3.537104166666665,0.8328443541713685,0.2244897959183673,0.717282852616017,0.5018777739842949
"React, Webpack",TypeScript,0.0545,0.1595,0.0415,0.7614678899082569,4.774093353656783,1.0,0.03280725,3.523634615384615,0.8361038017750537,0.2405797101449275,0.7162021295755584,0.5108279888412758
"JavaScript, React",TypeScript,0.1465,0.1595,0.1115,0.7610921501706486,4.771737618624756,1.0,0.08813325,3.5180928571428587,0.9261074814598816,0.5732647814910026,0.7157550864612119,0.7300758556495877
TypeScript,"JavaScript, React",0.1595,0.1465,0.1115,0.6990595611285266,4.771737618624756,1.0,0.08813325,2.836109375,0.9404315710006056,0.5732647814910026,0.64740428954719,0.7300758556495877
"React, Node.js",TypeScript,0.079,0.1595,0.06,0.7594936708860759,4.761715804928375,1.0,0.0473995,3.4947105263157887,0.8577542526239593,0.3361344537815126,0.7138532669673717,0.5678346097377087
"Rest Apis, Webpack",TypeScript,0.054,0.1595,0.041,0.7592592592592593,4.760246139556484,1.0,0.032387,3.491307692307693,0.8350177899241994,0.2376811594202899,0.713574371516073,0.5081562753976547
"Node.js, HTML/CSS",React,0.077,0.168,0.0615,0.7987012987012987,4.754174397031539,1.0,0.0485639999999999,4.1331612903225805,0.8555347091932457,0.335149863760218,0.7580544455544456,0.5823863636363636
"TypeScript, MongoDB",React,0.0695,0.168,0.0555,0.7985611510791366,4.753340184994861,1.0,0.043824,4.130285714285712,0.8485992709528443,0.3049450549450549,0.7578859988931931,0.5644591469681397
"Docker, React",TypeScript,0.078,0.1595,0.059,0.7564102564102564,4.74238405272888,1.0,0.0465589999999999,3.450473684210526,0.8558954373322548,0.330532212885154,0.7101847191079791,0.5631581062615545
HTML/CSS,"Git, TypeScript",0.189,0.124,0.111,0.5873015873015873,4.736303123399898,1.0,0.087564,2.122615384615385,0.9727063685140136,0.5495049504950494,0.5288830905269262,0.741231438812084
"Git, TypeScript",HTML/CSS,0.124,0.189,0.111,0.8951612903225806,4.736303123399898,1.0,0.087564,7.735692307692306,0.9005306676539553,0.5495049504950494,0.870729087943996,0.741231438812084
"Node.js, TypeScript",React,0.0755,0.168,0.06,0.7947019867549668,4.7303689687795645,1.0,0.047316,4.052645161290322,0.8530016224986479,0.326975476839237,0.7532475802343351,0.575922421948912
"JavaScript, Node.js",TypeScript,0.0975,0.1595,0.0735,0.7538461538461538,4.7263081745840365,1.0,0.0579487499999999,3.41453125,0.8735937588331731,0.4005449591280653,0.7071340319406947,0.6073306004340486
"Docker, JavaScript",React,0.0945,0.168,0.075,0.7936507936507936,4.724111866969009,1.0,0.0591239999999999,4.031999999999999,0.8705908337934842,0.3999999999999999,0.7519841269841269,0.6200396825396826
React,"JavaScript, TypeScript",0.168,0.1405,0.1115,0.6636904761904762,4.72377563124894,1.0,0.087896,2.555681415929203,0.9474818903070024,0.565989847715736,0.6087149228510486,0.7286423911201491
"JavaScript, TypeScript",React,0.1405,0.168,0.1115,0.793594306049822,4.72377563124894,1.0,0.087896,4.030896551724136,0.9171668792733288,0.565989847715736,0.7519162332329591,0.7286423911201491
"TypeScript, HTML/CSS",React,0.1375,0.168,0.109,0.7927272727272726,4.718614718614718,1.0,0.0859,4.014035087719296,0.9137082834729424,0.55470737913486,0.7508741258741257,0.7207683982683981
React,"TypeScript, HTML/CSS",0.168,0.1375,0.109,0.6488095238095237,4.718614718614718,1.0,0.0859,2.45593220338983,0.9472035991531406,0.55470737913486,0.592822636300897,0.7207683982683981
"Git, Webpack",React,0.0505,0.168,0.04,0.792079207920792,4.714757190004714,1.0,0.031516,4.001523809523808,0.8298051606108479,0.2240896358543417,0.750095201827875,0.515087223008015
TypeScript,"React, HTML/CSS",0.1595,0.145,0.109,0.6833855799373041,4.713003999567615,1.0,0.0858725,2.7004455445544555,0.937324331847033,0.557544757033248,0.6296907367687767,0.7175548589341694
"React, HTML/CSS",TypeScript,0.145,0.1595,0.109,0.7517241379310345,4.713003999567615,1.0,0.0858725,3.385347222222223,0.921428188207522,0.557544757033248,0.7046093253194938,0.7175548589341694
"Rest Apis, React",TypeScript,0.1365,0.1595,0.1025,0.7509157509157508,4.7079357424185,1.0,0.0807282499999999,3.3743602941176456,0.9120934370895534,0.5297157622739016,0.7036475323209409,0.696774489877938
TypeScript,"Rest Apis, React",0.1595,0.1365,0.1025,0.6426332288401253,4.7079357424185,1.0,0.0807282499999999,2.4162850877192974,0.9370525674322774,0.5297157622739016,0.5861415504807472,0.696774489877938
"React, SQL",Node.js,0.0735,0.185,0.064,0.870748299319728,4.7067475638904215,1.0,0.0504025,6.305526315789477,0.8500151780895845,0.3290488431876606,0.8414089562205251,0.608347122632837
"MongoDB, HTML/CSS",Node.js,0.0735,0.185,0.064,0.870748299319728,4.7067475638904215,1.0,0.0504025,6.305526315789477,0.8500151780895845,0.3290488431876606,0.8414089562205251,0.608347122632837
"TypeScript, MongoDB",Node.js,0.0695,0.185,0.0605,0.8705035971223021,4.705424849309741,1.0,0.0476425,6.293611111111106,0.8462969788747718,0.3118556701030928,0.841108708125524,0.5987653120746645
"JavaScript, HTML/CSS",TypeScript,0.16,0.1595,0.12,0.75,4.702194357366771,1.0,0.09448,3.362,0.9373015873015874,0.6015037593984962,0.702558001189768,0.7511755485893417
TypeScript,"JavaScript, HTML/CSS",0.1595,0.16,0.12,0.7523510971786833,4.70219435736677,1.0,0.09448,3.391898734177214,0.9367440015863572,0.6015037593984962,0.7051798775936706,0.7511755485893417
"Rest Apis, React",HTML/CSS,0.1365,0.189,0.121,0.8864468864468864,4.690195166385642,1.0,0.0952015,7.142032258064513,0.911163006599128,0.5916870415647921,0.8599838303907353,0.7633292633292633
HTML/CSS,"Rest Apis, React",0.189,0.1365,0.121,0.6402116402116402,4.690195166385642,1.0,0.0952015,2.400022058823529,0.9701470483333504,0.5916870415647921,0.5833371629549974,0.7633292633292633
"HTML/CSS, SQL",React,0.073,0.168,0.0575,0.7876712328767124,4.688519243313764,1.0,0.045236,3.9184516129032265,0.8486656348201304,0.3133514986376022,0.7447971548998946,0.5649665688193086
Webpack,"React, Git",0.0675,0.1265,0.04,0.5925925925925926,4.684526423656858,1.0,0.0314612499999999,2.1440454545454544,0.843465147453083,0.2597402597402597,0.5335919777820178,0.4543990630947152
"React, MongoDB",Node.js,0.071,0.185,0.0615,0.8661971830985916,4.682146935668063,1.0,0.048365,6.09105263157895,0.8465261186519292,0.3161953727506426,0.8358247645381494,0.599314807765512
"Docker, HTML/CSS",React,0.0795,0.168,0.0625,0.7861635220125786,4.679544773884396,1.0,0.049144,3.890823529411764,0.8542140141227594,0.3378378378378378,0.7429850024189646,0.579093665768194
"Docker, React",Node.js,0.078,0.185,0.0675,0.8653846153846154,4.677754677754678,1.0,0.05307,6.054285714285715,0.8527355989395036,0.3452685421994885,0.8348277489381785,0.6151247401247402
"JavaScript, Node.js",React,0.0975,0.168,0.0765,0.7846153846153846,4.67032967032967,1.0,0.0601199999999999,3.862857142857143,0.8707837705719406,0.4047619047619047,0.7411242603550295,0.6199862637362636
"Rest Apis, TypeScript",HTML/CSS,0.127,0.189,0.112,0.8818897637795275,4.666083406240887,1.0,0.087997,6.866466666666666,0.8999856815578465,0.5490196078431372,0.8543646902336961,0.73724117818606
HTML/CSS,"Rest Apis, TypeScript",0.189,0.127,0.112,0.5925925925925926,4.666083406240886,1.0,0.087997,2.142818181818181,0.9687885326757092,0.5490196078431372,0.5333248483305757,0.73724117818606
TypeScript,"Rest Apis, HTML/CSS",0.1595,0.1505,0.112,0.7021943573667712,4.665743238317416,1.0,0.08799525,2.8525315789473686,0.9347672516359308,0.5656565656565656,0.6494342052581179,0.7231902019391996
"Rest Apis, HTML/CSS",TypeScript,0.1505,0.1595,0.112,0.7441860465116279,4.665743238317416,1.0,0.08799525,3.285590909090909,0.9248638905238374,0.5656565656565656,0.6956407454034835,0.7231902019391996
HTML/CSS,"React, Git",0.189,0.1265,0.1115,0.58994708994709,4.6636133592655336,1.0,0.0875915,2.1302129032258064,0.9686485709388288,0.5465686274509803,0.530563354261122,0.7356850074241379
"React, Git",HTML/CSS,0.1265,0.189,0.1115,0.8814229249011858,4.6636133592655336,1.0,0.0875915,6.839433333333334,0.8993405735906013,0.5465686274509803,0.8537890565982562,0.7356850074241379
"JavaScript, MongoDB",Node.js,0.087,0.185,0.075,0.8620689655172414,4.659832246039143,1.0,0.058905,5.908750000000002,0.8602409638554217,0.3807106598984771,0.8307594668923209,0.6337371854613234
"JavaScript, HTML/CSS",React,0.16,0.168,0.125,0.78125,4.650297619047619,1.0,0.09812,3.8034285714285714,0.9344761904761903,0.6157635467980295,0.7370793269230769,0.7626488095238095
React,"JavaScript, HTML/CSS",0.168,0.16,0.125,0.744047619047619,4.650297619047619,1.0,0.09812,3.281860465116278,0.9434615384615384,0.6157635467980295,0.6952947845804988,0.7626488095238095
React,TypeScript,0.168,0.1595,0.1245,0.7410714285714285,4.6462158531124045,1.0,0.097704,3.246068965517241,0.9432344763670064,0.6133004926108374,0.6919350726608311,0.7608178459471562
TypeScript,React,0.1595,0.168,0.1245,0.780564263322884,4.6462158531124045,1.0,0.097704,3.791542857142856,0.9336955197350972,0.6133004926108374,0.7362551241861586,0.7608178459471562
"Docker, JavaScript",TypeScript,0.0945,0.1595,0.07,0.7407407407407408,4.644142575177058,1.0,0.05492725,3.2419285714285726,0.8665654334621755,0.3804347826086957,0.6915416308634632,0.5898061070474864
Webpack,TypeScript,0.0675,0.1595,0.05,0.7407407407407407,4.6441425751770575,1.0,0.03923375,3.241928571428571,0.8414745308310991,0.2824858757062147,0.6915416308634631,0.5271101822825961
React,"Git, TypeScript",0.168,0.124,0.0965,0.5744047619047619,4.632296466973886,1.0,0.075668,2.058293706293706,0.942457154244719,0.4936061381074168,0.5141606871058926,0.6763152841781874
"Git, TypeScript",React,0.124,0.168,0.0965,0.7782258064516129,4.6322964669738855,1.0,0.075668,3.751563636363636,0.8951191236662172,0.4936061381074168,0.7334444789081885,0.6763152841781874
HTML/CSS,"React, TypeScript",0.189,0.1245,0.109,0.5767195767195767,4.632285756783749,1.0,0.0854695,2.06836875,0.9668604848471138,0.5330073349633252,0.516527214985239,0.7261107923758526
"React, TypeScript",HTML/CSS,0.1245,0.189,0.109,0.8755020080321285,4.632285756783749,1.0,0.0854695,6.514161290322581,0.8956297580936713,0.5330073349633252,0.8464882959705654,0.7261107923758526
"HTML/CSS, Webpack",TypeScript,0.067,0.1595,0.0495,0.7388059701492538,4.632012352032938,1.0,0.0388135,3.217914285714286,0.8404191973323806,0.2796610169491526,0.6892397027355786,0.5245753988677303
"JavaScript, MongoDB",React,0.087,0.168,0.0675,0.7758620689655173,4.618226600985222,1.0,0.052884,3.7120000000000015,0.8581234027017158,0.36,0.7306034482758622,0.5888238916256159
Webpack,"Git, TypeScript",0.0675,0.124,0.0385,0.5703703703703703,4.599761051373954,1.0,0.0301299999999999,2.038965517241379,0.8392465443403779,0.2516339869281045,0.5095552173177743,0.4404271206690561
Webpack,"JavaScript, HTML/CSS",0.0675,0.16,0.0495,0.7333333333333333,4.583333333333333,1.0,0.0387,3.1499999999999995,0.8384109188398732,0.2780898876404494,0.6825396825396824,0.5213541666666667
Redis,"Python, MongoDB",0.081,0.139,0.0515,0.6358024691358024,4.574118482991384,1.0,0.040241,2.364101694915254,0.8502487930105538,0.3056379821958456,0.5770063520741027,0.5031530331290522
"React, Python",Node.js,0.078,0.185,0.066,0.8461538461538461,4.573804573804574,1.0,0.05157,5.297499999999999,0.8474659830408204,0.3350253807106599,0.811231713072204,0.6014553014553015
HTML/CSS,React,0.189,0.168,0.145,0.7671957671957671,4.566641471403376,1.0,0.1132479999999999,3.57381818181818,0.9630341426081042,0.6839622641509434,0.72018722018722,0.8151455026455026
React,HTML/CSS,0.168,0.189,0.145,0.863095238095238,4.566641471403376,1.0,0.1132479999999999,5.923826086956519,0.9387267904509284,0.6839622641509434,0.8311901826081851,0.8151455026455026
"Python, TypeScript",Node.js,0.074,0.185,0.0625,0.8445945945945946,4.565376186997809,1.0,0.04881,5.244347826086957,0.8433693304535637,0.3180661577608142,0.8093185209749628,0.5912162162162162
React,"Git, HTML/CSS",0.168,0.1455,0.1115,0.6636904761904762,4.56144657175585,1.0,0.087056,2.5408141592920352,0.9384270438082096,0.5519801980198019,0.6064253671041266,0.7150067501227295
"Git, HTML/CSS",React,0.1455,0.168,0.1115,0.7663230240549829,4.56144657175585,1.0,0.087056,3.5604705882352947,0.9137171450537512,0.5519801980198019,0.7191382500660851,0.7150067501227295
TypeScript,HTML/CSS,0.1595,0.189,0.1375,0.8620689655172414,4.561211457763182,1.0,0.1073545,5.879750000000002,0.9289232599643068,0.6516587677725119,0.8299247416982016,0.7947910965152345
HTML/CSS,TypeScript,0.189,0.1595,0.1375,0.7275132275132276,4.561211457763182,1.0,0.1073545,3.084553398058253,0.9627127003699136,0.6516587677725119,0.6758039589687419,0.7947910965152345
"Docker, JavaScript",Node.js,0.0945,0.185,0.0795,0.8412698412698413,4.547404547404548,1.0,0.0620175,5.1345,0.8615067251492452,0.3975000000000001,0.8052390690427501,0.6354997854997855
HTML/CSS,"JavaScript, TypeScript",0.189,0.1405,0.12,0.6349206349206349,4.519008077726938,1.0,0.0934454999999999,2.354282608695652,0.96018803945746,0.5727923627684963,0.5752421581391913,0.7445065808055131
"JavaScript, TypeScript",HTML/CSS,0.1405,0.189,0.12,0.8540925266903914,4.519008077726938,1.0,0.0934454999999999,5.558317073170728,0.9060063990692264,0.5727923627684963,0.8200894287181151,0.7445065808055131
"JavaScript, React",HTML/CSS,0.1465,0.189,0.125,0.8532423208191127,4.514509633963559,1.0,0.0973115,5.526116279069768,0.9121171646162858,0.5938242280285035,0.8190410860901512,0.757308991097387
HTML/CSS,"JavaScript, React",0.189,0.1465,0.125,0.6613756613756614,4.514509633963559,1.0,0.0973115,2.5204921875000004,0.9599161528976572,0.5938242280285035,0.6032520930001891,0.757308991097387
"Docker, TypeScript",Node.js,0.0725,0.185,0.0605,0.8344827586206897,4.51071761416589,1.0,0.0470875,4.923958333333333,0.8391437036377002,0.3071065989847715,0.796911360270785,0.5807548928238584
"Docker, TypeScript",HTML/CSS,0.0725,0.189,0.0615,0.8482758620689655,4.488232074438971,1.0,0.0477975,5.345227272727273,0.8379462231279995,0.3075,0.8129172158680218,0.5868363437328955
"TypeScript, SQL",Node.js,0.073,0.185,0.0605,0.8287671232876712,4.479822288041466,1.0,0.0469949999999999,4.759599999999999,0.8379469897563453,0.3063291139240506,0.7898983107824187,0.5778970751573491
"HTML/CSS, SQL",Node.js,0.073,0.185,0.0605,0.8287671232876712,4.479822288041466,1.0,0.0469949999999999,4.759599999999999,0.8379469897563453,0.3063291139240506,0.7898983107824187,0.5778970751573491
"Python, HTML/CSS",Node.js,0.078,0.185,0.0645,0.826923076923077,4.469854469854471,1.0,0.05007,4.7088888888888905,0.841951268728245,0.3249370277078086,0.7876356772062295,0.5877858627858628
"Docker, HTML/CSS",Node.js,0.0795,0.185,0.0655,0.8238993710691824,4.453510113887472,1.0,0.0507925,4.628035714285715,0.842431303929577,0.329145728643216,0.7839256086738434,0.5889767125616182
Node.js,"Rest Apis, MongoDB",0.185,0.136,0.112,0.6054054054054054,4.451510333863275,1.0,0.08684,2.1895890410958905,0.9513584574934268,0.5358851674641147,0.5432932932932933,0.7144674085850556
"Rest Apis, MongoDB",Node.js,0.136,0.185,0.112,0.8235294117647058,4.451510333863275,1.0,0.08684,4.618333333333332,0.8974041005291005,0.5358851674641147,0.7834716708769397,0.7144674085850556
Api Design,"Git, MongoDB",0.08,0.139,0.0495,0.61875,4.451438848920863,1.0,0.03838,2.258360655737705,0.8427755819060165,0.2920353982300884,0.5572009291521487,0.4874325539568345
"React, MongoDB",HTML/CSS,0.071,0.189,0.0595,0.8380281690140845,4.434011476264997,1.0,0.046081,5.007043478260869,0.8336604824922433,0.2967581047381545,0.8002813428040499,0.5764214919144497
Node.js,"Rest Apis, Docker",0.185,0.1385,0.1135,0.6135135135135136,4.429700458581325,1.0,0.0878775,2.2290559440559443,0.9500013513148292,0.5404761904761904,0.5513795862025694,0.7165040491755293
"Rest Apis, Docker",Node.js,0.1385,0.185,0.1135,0.8194945848375451,4.429700458581325,1.0,0.0878775,4.5151,0.8987244356605756,0.5404761904761904,0.778520962990853,0.7165040491755293
"Node.js, HTML/CSS",MongoDB,0.077,0.189,0.064,0.8311688311688312,4.397718683432969,1.0,0.049447,4.8036153846153855,0.8370632448537378,0.3168316831683168,0.7918234662994219,0.5848965848965849
Node.js,"Docker, SQL",0.185,0.134,0.109,0.5891891891891892,4.396934247680516,1.0,0.08421,2.1080263157894734,0.94793718691957,0.519047619047619,0.525622620310842,0.7013110125050424
"Docker, SQL",Node.js,0.134,0.185,0.109,0.8134328358208954,4.396934247680516,1.0,0.08421,4.368399999999998,0.892111786766108,0.519047619047619,0.7710832341360682,0.7013110125050424
"Rest Apis, Django",Node.js,0.0605,0.185,0.049,0.8099173553719009,4.377931650658923,1.0,0.0378075,4.287608695652176,0.8212683689761163,0.2493638676844783,0.7667697611925166,0.5373911101183829
"TypeScript, MongoDB",HTML/CSS,0.0695,0.189,0.0575,0.8273381294964028,4.377450420615888,1.0,0.0443645,4.6970416666666654,0.8291848702193771,0.2860696517412935,0.7871000363704104,0.5657854668646035
"React, Python",HTML/CSS,0.078,0.189,0.0645,0.826923076923077,4.375254375254375,1.0,0.049758,4.685777777777779,0.8367048378146598,0.3185185185185185,0.7865882576116857,0.5840964590964591
"Python, MongoDB",Node.js,0.139,0.185,0.1125,0.8093525179856115,4.3748784755979,1.0,0.086785,4.274905660377358,0.8959607691315008,0.5319148936170213,0.7660767091847995,0.7087303130468598
Node.js,"Python, MongoDB",0.185,0.139,0.1125,0.6081081081081081,4.3748784755979,1.0,0.086785,2.197034482758621,0.9465303340149966,0.5319148936170213,0.5448410082556424,0.7087303130468598
Api Design,"Node.js, Git",0.08,0.1405,0.049,0.6125,4.359430604982206,1.0,0.03776,2.2180645161290324,0.8376220053238687,0.2857142857142856,0.5491564863292613,0.4806272241992882
Node.js,"Docker, MongoDB",0.185,0.1365,0.11,0.5945945945945946,4.356004356004356,1.0,0.0847475,2.129966666666667,0.9453151143335192,0.5200945626477541,0.5305090846492121,0.7002277002277002
"Docker, MongoDB",Node.js,0.1365,0.185,0.11,0.8058608058608058,4.356004356004355,1.0,0.0847475,4.198018867924526,0.8922198241827657,0.5200945626477541,0.7617923998292097,0.7002277002277002
"Python, TypeScript",HTML/CSS,0.074,0.189,0.0605,0.8175675675675675,4.325754325754326,1.0,0.046514,4.4454814814814805,0.8302661406922156,0.2987654320987654,0.7750524877528576,0.5688366938366938
"Api Design, Django",Node.js,0.06,0.185,0.048,0.8,4.324324324324325,1.0,0.0369,4.075000000000001,0.8178191489361702,0.2436548223350253,0.7546012269938651,0.5297297297297298
"HTML/CSS, SQL",MongoDB,0.073,0.189,0.0595,0.815068493150685,4.312531709791984,1.0,0.045703,4.385407407407408,0.8286058760073609,0.2938271604938271,0.771971014982349,0.5649416539827499
"Docker, JavaScript",HTML/CSS,0.0945,0.189,0.077,0.8148148148148148,4.3111894963746815,1.0,0.0591395,4.379399999999999,0.8482003915466092,0.3728813559322034,0.7716582180207335,0.611111111111111
Webpack,"JavaScript, React",0.0675,0.1465,0.0425,0.6296296296296297,4.297813171533308,1.0,0.03261125,2.30445,0.8228670556694528,0.2478134110787172,0.5660569767189568,0.4598660093540639
"PostgreSQL, Docker",Node.js,0.0585,0.185,0.0465,0.7948717948717948,4.296604296604296,1.0,0.0356775,3.973124999999999,0.8149315608243538,0.2360406091370558,0.7483089507629386,0.5231115731115731
"Rest Apis, PostgreSQL",Node.js,0.0605,0.185,0.048,0.7933884297520661,4.288586106767925,1.0,0.0368075,3.9446,0.8162032109277984,0.2430379746835443,0.7464888708614308,0.5264239446057628
"JavaScript, MongoDB",HTML/CSS,0.087,0.189,0.0705,0.8103448275862069,4.287538770297391,1.0,0.0540569999999999,4.276181818181817,0.839831278693109,0.3430656934306568,0.7661465198350269,0.5916803503010399
"PostgreSQL, Api Design",Node.js,0.058,0.185,0.046,0.793103448275862,4.28704566635601,1.0,0.0352699999999999,3.9391666666666647,0.813948121480661,0.2335025380710659,0.7461392003384811,0.5208760484622553
"PostgreSQL, Django",Node.js,0.0645,0.185,0.051,0.7906976744186046,4.274041483343809,1.0,0.0390675,3.893888888888888,0.8188449083535071,0.2569269521410579,0.7431873305749751,0.5331866750471401
Api Design,"Rest Apis, MongoDB",0.08,0.136,0.0465,0.5812499999999999,4.273897058823529,1.0,0.03562,2.063283582089552,0.8326320710612436,0.2743362831858406,0.515335648148148,0.4615808823529411
Api Design,"Python, MongoDB",0.08,0.139,0.0475,0.59375,4.2715827338129495,1.0,0.0363799999999999,2.1193846153846154,0.8324942791762012,0.2769679300291544,0.528164924506388,0.467738309352518
Redis,"Git, MongoDB",0.081,0.139,0.048,0.5925925925925926,4.263256061817212,1.0,0.0367409999999999,2.113363636363636,0.8329026115342761,0.2790697674418604,0.526820665032047,0.4689581667998934
PostgreSQL,"MongoDB, SQL",0.094,0.1475,0.059,0.6276595744680851,4.25531914893617,1.0,0.0451349999999999,2.2895714285714286,0.8443708609271522,0.3232876712328767,0.56323703749922,0.5138297872340425
Django,"Git, MongoDB",0.0855,0.139,0.0505,0.5906432748538012,4.249232193192814,1.0,0.0386155,2.1033,0.8361545832002554,0.2902298850574712,0.5245566490752627,0.4769763136858934
"PostgreSQL, SQL",MongoDB,0.0735,0.189,0.059,0.8027210884353742,4.24720152611309,1.0,0.0451084999999999,4.110931034482759,0.825203289214924,0.2899262899262899,0.7567461016465772,0.5574452003023431
"Node.js, TypeScript",MongoDB,0.0755,0.189,0.0605,0.8013245033112583,4.239812186832054,1.0,0.0462305,4.0820333333333325,0.8265446142431245,0.2965686274509803,0.7550240484725751,0.5607151617085392
"Docker, React",HTML/CSS,0.078,0.189,0.0625,0.8012820512820513,4.2395875729209065,1.0,0.047758,4.081161290322581,0.8287722342733189,0.3056234718826405,0.754971703183787,0.565984940984941
"Rest Apis, Api Design",Node.js,0.06,0.185,0.047,0.7833333333333333,4.2342342342342345,1.0,0.0359,3.761538461538461,0.8125848800362155,0.2373737373737373,0.7341513292433539,0.5186936936936937
"Django, Docker",MongoDB,0.0615,0.189,0.049,0.7967479674796748,4.215597711532671,1.0,0.0373765,3.99012,0.8127711393561153,0.2431761786600496,0.7493809709983661,0.528003613369467
Api Design,"Docker, MongoDB",0.08,0.1365,0.046,0.575,4.212454212454212,1.0,0.03508,2.0317647058823525,0.828922495274102,0.2697947214076245,0.5078170237405906,0.4559981684981684
Api Design,"Node.js, Python",0.08,0.1455,0.049,0.6125,4.209621993127148,1.0,0.03736,2.205161290322581,0.8287488908606921,0.2776203966005666,0.5465184318314805,0.4746348797250859
Django,"Python, MongoDB",0.0855,0.139,0.05,0.5847953216374269,4.207160587319617,1.0,0.0381155,2.073676056338028,0.8335811919081464,0.2865329512893982,0.5177646012049093,0.4722537759266271
"Python, HTML/CSS",MongoDB,0.078,0.189,0.062,0.7948717948717948,4.205670872337539,1.0,0.047258,3.953624999999999,0.8267091176264783,0.3024390243902439,0.7470675645768124,0.5614570614570614
"TypeScript, SQL",HTML/CSS,0.073,0.189,0.058,0.7945205479452055,4.203812422990506,1.0,0.044203,3.946866666666668,0.8221366662946844,0.284313725490196,0.7466344610914988,0.5506994274117563
Redis,"Node.js, Python",0.081,0.1455,0.0495,0.6111111111111112,4.200076365024819,1.0,0.0377145,2.1972857142857145,0.8290632110000989,0.2796610169491526,0.5448930498667187,0.4756586483390607
"Git, MongoDB",Node.js,0.139,0.185,0.108,0.776978417266187,4.199883336573984,1.0,0.082285,3.654354838709676,0.8848991267690455,0.4999999999999999,0.7263538862161805,0.6803811005249853
Node.js,"Git, MongoDB",0.185,0.139,0.108,0.5837837837837838,4.199883336573984,1.0,0.082285,2.068636363636364,0.93484435355601,0.4999999999999999,0.5165897604921995,0.6803811005249853
"PostgreSQL, Redis",Node.js,0.0605,0.185,0.047,0.7768595041322315,4.199240562876927,1.0,0.0358075,3.652407407407408,0.8109225142391266,0.2367758186397985,0.7262079805303454,0.5154567790931428
Django,"Docker, MongoDB",0.0855,0.1365,0.049,0.5730994152046783,4.198530514319987,1.0,0.03732925,2.022719178082192,0.83304694212294,0.2832369942196531,0.5056159990789558,0.4660368870895186
"Node.js, SQL",MongoDB,0.1395,0.189,0.11,0.7885304659498207,4.1721188674593686,1.0,0.0836345,3.835067796610167,0.8835719190745338,0.5034324942791761,0.739248416707547,0.6852705239802013
MongoDB,"Node.js, SQL",0.189,0.1395,0.11,0.582010582010582,4.1721188674593686,1.0,0.0836345,2.058664556962025,0.9375014011882076,0.5034324942791761,0.5142482068687763,0.6852705239802013
"Api Design, Python",Node.js,0.0635,0.185,0.049,0.7716535433070867,4.171100234092361,1.0,0.0372525,3.569137931034484,0.8118047005240965,0.2456140350877192,0.7198202985363028,0.5182592040859758
"Docker, Redis",Node.js,0.059,0.185,0.0455,0.7711864406779662,4.168575355016033,1.0,0.034585,3.5618518518518525,0.8077682147820299,0.2292191435768261,0.7192471664760323,0.5085661933119561
MongoDB,"Docker, SQL",0.189,0.134,0.1055,0.5582010582010581,4.165679538813866,1.0,0.080174,1.9601676646706585,0.937044547425506,0.4850574712643677,0.4898395591236237,0.6727572455184394
"Docker, SQL",MongoDB,0.134,0.189,0.1055,0.7873134328358208,4.165679538813866,1.0,0.080174,3.8131228070175416,0.8775324803257336,0.4850574712643677,0.7377477593536632,0.6727572455184394
Webpack,"JavaScript, TypeScript",0.0675,0.1405,0.0395,0.5851851851851851,4.165019111638328,1.0,0.03001625,2.072008928571428,0.8149115960226695,0.2344213649851632,0.5173765970740956,0.4331619876103861
"PostgreSQL, Python",Node.js,0.065,0.185,0.05,0.7692307692307693,4.158004158004158,1.0,0.037975,3.531666666666667,0.8122994652406417,0.25,0.716847569608306,0.5197505197505198
"Api Design, MongoDB",Node.js,0.0605,0.185,0.0465,0.768595041322314,4.154567790931427,1.0,0.0353075,3.521964285714285,0.8081969933675542,0.2336683417085427,0.7160675353648026,0.5099731963368327
Api Design,"Node.js, MongoDB",0.08,0.14,0.0465,0.5812499999999999,4.1517857142857135,1.0,0.0353,2.053731343283581,0.8251519401589528,0.2680115273775215,0.5130813953488371,0.4566964285714285
"Python, TypeScript",MongoDB,0.074,0.189,0.058,0.7837837837837839,4.147004147004147,1.0,0.044014,3.7508750000000015,0.819505474044835,0.2829268292682926,0.7333955410404241,0.5453310453310454
"React, SQL",HTML/CSS,0.0735,0.189,0.0575,0.7823129251700681,4.139221826296657,1.0,0.0436085,3.725531250000001,0.8185738755015369,0.2804878048780487,0.731581905265189,0.5432728647014362
"Django, SQL",Node.js,0.064,0.185,0.049,0.765625,4.138513513513513,1.0,0.03716,3.477333333333333,0.8102215245072387,0.245,0.7124233128834355,0.5152449324324324
"Docker, React",MongoDB,0.078,0.189,0.061,0.782051282051282,4.137837471170805,1.0,0.046258,3.721058823529412,0.8224814195796736,0.2961165048543689,0.7312592873628633,0.5524013024013024
"React, Python",MongoDB,0.078,0.189,0.061,0.782051282051282,4.137837471170805,1.0,0.046258,3.721058823529412,0.8224814195796736,0.2961165048543689,0.7312592873628633,0.5524013024013024
Django,"Node.js, MongoDB",0.0855,0.14,0.0495,0.5789473684210527,4.135338345864661,1.0,0.03753,2.0425,0.8290670510462747,0.2812499999999999,0.5104039167686659,0.4662593984962406
"Node.js, TypeScript",HTML/CSS,0.0755,0.189,0.059,0.7814569536423841,4.13469287641473,1.0,0.0447305,3.7109393939393938,0.8200584832845973,0.2871046228710462,0.7305264533198325,0.5468131329058481
"Django, SQL",MongoDB,0.064,0.189,0.05,0.78125,4.133597883597884,1.0,0.037904,3.7074285714285713,0.80991452991453,0.2463054187192118,0.7302712700369913,0.5229001322751323
"Api Design, Docker",Node.js,0.0595,0.185,0.0455,0.7647058823529412,4.133545310015899,1.0,0.0344924999999999,3.463750000000001,0.8060360691939639,0.228643216080402,0.7112955611692532,0.5053259141494436
"Api Design, SQL",Node.js,0.0595,0.185,0.0455,0.7647058823529412,4.133545310015899,1.0,0.0344924999999999,3.463750000000001,0.8060360691939639,0.228643216080402,0.7112955611692532,0.5053259141494436
"Django, Docker",Node.js,0.0615,0.185,0.047,0.7642276422764228,4.130960228521205,1.0,0.0356225,3.456724137931035,0.8075924687425611,0.2355889724310776,0.7107087635293533,0.5091408481652384
Redis,"Rest Apis, MongoDB",0.081,0.136,0.0455,0.5617283950617283,4.13035584604212,1.0,0.034484,1.9713802816901405,0.8246899998804244,0.2653061224489795,0.4927411979881115,0.44814360929557
"Docker, TypeScript",MongoDB,0.0725,0.189,0.0565,0.7793103448275863,4.123335157817917,1.0,0.0427975,3.6748437500000017,0.8166877370417194,0.2756097560975609,0.7278795867171226,0.5391260718846926
Django,"Node.js, Git",0.0855,0.1405,0.0495,0.5789473684210527,4.120621839295748,1.0,0.03748725,2.0413125,0.8281226701128286,0.2804532577903682,0.510119102293255,0.4656302678404195
"React, Node.js",HTML/CSS,0.079,0.189,0.0615,0.7784810126582278,4.11894715692184,1.0,0.046569,3.6610857142857127,0.8221710230131617,0.297820823244552,0.7268569823159405,0.5519389190275266
"React, Node.js",MongoDB,0.079,0.189,0.0615,0.7784810126582278,4.11894715692184,1.0,0.046569,3.6610857142857127,0.8221710230131617,0.297820823244552,0.7268569823159405,0.5519389190275266
"Django, MongoDB",Node.js,0.065,0.185,0.0495,0.7615384615384615,4.116424116424116,1.0,0.037475,3.4177419354838703,0.8097012909847134,0.2468827930174563,0.707409155261916,0.5145530145530146
"Rest Apis, Django",MongoDB,0.0605,0.189,0.047,0.7768595041322315,4.110367746731384,1.0,0.0355655,3.6344814814814814,0.8054420074054782,0.2320987654320987,0.7248575883258095,0.51276837640474
Django,"Node.js, SQL",0.0855,0.1395,0.049,0.5730994152046783,4.108239535517407,1.0,0.03707275,2.0156917808219177,0.8273228372814407,0.2784090909090908,0.5038924058160119,0.4621769477457083
"PostgreSQL, Api Design",MongoDB,0.058,0.189,0.045,0.7758620689655171,4.105090311986863,1.0,0.034038,3.61830769230769,0.8029723991507431,0.2227722772277227,0.7236277052595772,0.5069786535303776
"PostgreSQL, Django",MongoDB,0.0645,0.189,0.05,0.7751937984496124,4.101554489151389,1.0,0.0378095,3.6075517241379313,0.8083270978086584,0.2457002457002457,0.7228036972251695,0.5198720314999385
MongoDB,"Rest Apis, Node.js",0.189,0.1445,0.112,0.5925925925925926,4.100986799948738,1.0,0.0846895,2.0998636363636365,0.9323751541307028,0.5056433408577877,0.5237786003420135,0.683839548891452
"Rest Apis, Node.js",MongoDB,0.1445,0.189,0.112,0.7750865051903115,4.100986799948738,1.0,0.0846895,3.6058307692307703,0.8838763880771477,0.5056433408577877,0.7226713997414446,0.683839548891452
"Rest Apis, Api Design",MongoDB,0.06,0.189,0.0465,0.775,4.1005291005291005,1.0,0.03516,3.604444444444444,0.8043925875085792,0.2296296296296296,0.7225647348951912,0.510515873015873
"Rest Apis, Redis",Node.js,0.06,0.185,0.0455,0.7583333333333333,4.099099099099099,1.0,0.0344,3.372413793103448,0.8043020808978256,0.2280701754385964,0.7034764826175869,0.5021396396396396
"Docker, HTML/CSS",MongoDB,0.0795,0.189,0.0615,0.7735849056603773,4.093041828890885,1.0,0.0464745,3.581916666666665,0.8209483181197917,0.2971014492753623,0.7208198590140289,0.5494908655286014
"Django, Node.js",MongoDB,0.064,0.189,0.0495,0.7734375,4.092261904761905,1.0,0.037404,3.5795862068965514,0.8073038073038074,0.2432432432432432,0.720638101109741,0.5176711309523809
"Node.js, Python",MongoDB,0.1455,0.189,0.1125,0.7731958762886598,4.090983472426772,1.0,0.0850005,3.5757727272727275,0.8842129900526624,0.5067567567567567,0.7203401680501356,0.6842169857633775
MongoDB,"Node.js, Python",0.189,0.1455,0.1125,0.5952380952380952,4.090983472426772,1.0,0.0850005,2.1111176470588235,0.9316399506781752,0.5067567567567567,0.5263172559837276,0.6842169857633775
"Api Design, SQL",MongoDB,0.0595,0.189,0.046,0.773109243697479,4.0905250989284605,1.0,0.0347545,3.574407407407408,0.8033307907449784,0.2271604938271604,0.7202333461127979,0.5082477435418612
"Api Design, Docker",MongoDB,0.0595,0.189,0.046,0.773109243697479,4.0905250989284605,1.0,0.0347545,3.574407407407408,0.8033307907449784,0.2271604938271604,0.7202333461127979,0.5082477435418612
"Redis, SQL",Node.js,0.0575,0.185,0.0435,0.7565217391304347,4.08930669800235,1.0,0.0328624999999999,3.347321428571428,0.8015488277081617,0.2185929648241205,0.7012536676447053,0.4958284371327849
Api Design,Node.js,0.08,0.185,0.0605,0.75625,4.087837837837838,1.0,0.0457,3.3435897435897437,0.8210564139417894,0.295843520782396,0.7009202453987731,0.5416385135135136
MongoDB,"Rest Apis, Docker",0.189,0.1385,0.107,0.5661375661375662,4.087635856588925,1.0,0.0808234999999999,1.98565243902439,0.9313931110778202,0.4852607709750566,0.4963871922664726,0.6693503715164364
"Rest Apis, Docker",MongoDB,0.1385,0.189,0.107,0.7725631768953067,4.087635856588925,1.0,0.0808234999999999,3.5658253968253946,0.8767960685828349,0.4852607709750566,0.719560020832684,0.6693503715164364
PostgreSQL,MongoDB,0.094,0.189,0.0725,0.7712765957446808,4.080828548913654,1.0,0.0547339999999999,3.5457674418604634,0.8332800487173632,0.344418052256532,0.7179736075766717,0.5774372396712821
Api Design,"Node.js, SQL",0.08,0.1395,0.0455,0.56875,4.077060931899641,1.0,0.0343399999999999,1.99536231884058,0.8203535594839941,0.2614942528735631,0.49883788495061,0.4474574372759856
"JavaScript, Node.js",HTML/CSS,0.0975,0.189,0.075,0.7692307692307692,4.07000407000407,1.0,0.0565725,3.514333333333332,0.8357894736842105,0.3546099290780142,0.7154510101489139,0.583028083028083
"JavaScript, Node.js",MongoDB,0.0975,0.189,0.075,0.7692307692307692,4.07000407000407,1.0,0.0565725,3.514333333333332,0.8357894736842105,0.3546099290780142,0.7154510101489139,0.583028083028083
"PostgreSQL, Docker",MongoDB,0.0585,0.189,0.045,0.7692307692307692,4.07000407000407,1.0,0.0339435,3.514333333333332,0.8011683483802444,0.2222222222222222,0.7154510101489139,0.5036630036630036
"Node.js, Git",MongoDB,0.1405,0.189,0.108,0.7686832740213523,4.067107269954245,1.0,0.0814455,3.506015384615384,0.8773996509598605,0.4875846501128667,0.7147759235774997,0.6700559227249618
MongoDB,"Node.js, Git",0.189,0.1405,0.108,0.5714285714285714,4.067107269954245,1.0,0.0814455,2.0055,0.929870530209618,0.4875846501128667,0.5013712291199202,0.6700559227249618
"PostgreSQL, Rest Apis",MongoDB,0.0605,0.189,0.0465,0.768595041322314,4.066640430276794,1.0,0.0350655,3.504678571428571,0.8026575563528988,0.2290640394088669,0.7146671286341728,0.50731339367703
"Django, Redis",MongoDB,0.0605,0.189,0.0465,0.768595041322314,4.066640430276794,1.0,0.0350655,3.504678571428571,0.8026575563528988,0.2290640394088669,0.7146671286341728,0.50731339367703
"Api Design, Node.js",MongoDB,0.0605,0.189,0.0465,0.768595041322314,4.066640430276794,1.0,0.0350655,3.504678571428571,0.8026575563528988,0.2290640394088669,0.7146671286341728,0.50731339367703
Api Design,"Rest Apis, Node.js",0.08,0.1445,0.047,0.5875,4.065743944636679,1.0,0.03544,2.073939393939394,0.8196114708603145,0.2647887323943662,0.5178258328462888,0.4563797577854671
"Django, Redis",Node.js,0.0605,0.185,0.0455,0.7520661157024794,4.065222247040429,1.0,0.0343075,3.2871666666666672,0.8025662469515582,0.2274999999999999,0.6957866450337171,0.4990060308242127
"PostgreSQL, Git",Node.js,0.0625,0.185,0.047,0.752,4.064864864864865,1.0,0.0354375,3.286290322580645,0.8042553191489361,0.2344139650872818,0.6957055214723926,0.5030270270270271
"Django, Python",Node.js,0.0665,0.185,0.05,0.7518796992481203,4.06421459053038,1.0,0.0376975,3.284696969696969,0.8076593465452598,0.2481389578163771,0.6955579131878776,0.5110749847591953
"PostgreSQL, Git",MongoDB,0.0625,0.189,0.048,0.768,4.063492063492063,1.0,0.0361875,3.4956896551724137,0.8041666666666666,0.2358722358722358,0.7139334155363748,0.510984126984127
Api Design,"Rest Apis, Docker",0.08,0.1385,0.045,0.5625,4.061371841155235,1.0,0.03392,1.969142857142857,0.8193236714975846,0.2593659942363112,0.4921648287869994,0.4437048736462093
"TypeScript, SQL",MongoDB,0.073,0.189,0.056,0.767123287671233,4.058853373921868,1.0,0.042203,3.4825294117647068,0.8129719525350593,0.2718446601941747,0.7128523892370321,0.5317097919837646
Api Design,"Docker, SQL",0.08,0.134,0.0435,0.54375,4.057835820895522,1.0,0.03278,1.8980821917808215,0.8190904547726137,0.2551319648093841,0.4731524249422632,0.4341884328358208
"Api Design, Django",MongoDB,0.06,0.189,0.046,0.7666666666666667,4.056437389770723,1.0,0.0346599999999999,3.4757142857142864,0.801572617946346,0.2266009852216748,0.7122893547061243,0.505026455026455
"Docker, Node.js",MongoDB,0.1435,0.189,0.11,0.7665505226480837,4.0558228711538815,1.0,0.0828785,3.473985074626866,0.8796741495515574,0.49438202247191,0.712146143832409,0.6742805523293328
MongoDB,"Docker, Node.js",0.189,0.1435,0.11,0.582010582010582,4.0558228711538815,1.0,0.0828785,2.049094936708861,0.9290270149086424,0.49438202247191,0.5119796637601658,0.6742805523293328
Django,Node.js,0.0855,0.185,0.064,0.7485380116959064,4.046151414572467,1.0,0.0481825,3.241046511627906,0.8232384499726627,0.3099273607748183,0.6914576830624618,0.5472419788209262
Django,"Rest Apis, MongoDB",0.0855,0.136,0.047,0.5497076023391813,4.041967664258685,1.0,0.035372,1.9187532467532469,0.8229587147959005,0.2693409742120343,0.4788282434481264,0.4476479188166494
Node.js,"MongoDB, SQL",0.185,0.1475,0.11,0.5945945945945946,4.031149793861658,1.0,0.0827125,2.1028333333333338,0.9226157278304518,0.49438202247191,0.5244511373543632,0.6701786532295007
"MongoDB, SQL",Node.js,0.1475,0.185,0.11,0.7457627118644068,4.031149793861658,1.0,0.0827125,3.2056666666666667,0.8820314582777924,0.49438202247191,0.6880524071955911,0.6701786532295007
Redis,"Docker, MongoDB",0.081,0.1365,0.0445,0.5493827160493827,4.02478180255958,1.0,0.0334435,1.916260273972603,0.8177794622880268,0.2572254335260114,0.4781502212500089,0.4376950210283543
Django,MongoDB,0.0855,0.189,0.065,0.7602339181286549,4.022401683220396,1.0,0.0488405,3.3824634146341457,0.8216427640156454,0.3102625298329355,0.704357482279476,0.5520746310219995
Django,"Node.js, Python",0.0855,0.1455,0.05,0.5847953216374269,4.019211832559635,1.0,0.03755975,2.0580211267605635,0.8214270092946966,0.2762430939226519,0.5140963389554439,0.4642189666606379
"Api Design, Redis",MongoDB,0.056,0.189,0.0425,0.7589285714285715,4.015495086923659,1.0,0.031916,3.364148148148149,0.7955134596211365,0.2098765432098766,0.7027479302448478,0.4918981481481482
Django,"Docker, SQL",0.0855,0.134,0.046,0.5380116959064327,4.015012656018154,1.0,0.034543,1.874506329113924,0.8211424632134452,0.2651296829971181,0.4665262077441486,0.4406476389979925
"Rest Apis, Redis",MongoDB,0.06,0.189,0.0455,0.7583333333333333,4.012345679012346,1.0,0.0341599999999999,3.3558620689655165,0.7986906710310966,0.2235872235872235,0.702013974517057,0.499537037037037
"Python, Redis",MongoDB,0.068,0.189,0.0515,0.7573529411764705,4.007158418923124,1.0,0.0386479999999999,3.3423030303030283,0.8052002166756949,0.2506082725060827,0.7008051062595198,0.5149198568316214
"Api Design, Redis",Node.js,0.056,0.185,0.0415,0.7410714285714286,4.005791505791506,1.0,0.03114,3.147586206896552,0.7948744129058607,0.2080200501253133,0.682296231375986,0.4826978764478765
Node.js,MongoDB,0.185,0.189,0.14,0.7567567567567568,4.004004004004004,1.0,0.105035,3.3341111111111115,0.920552147239264,0.5982905982905984,0.7000699836704769,0.7487487487487487
MongoDB,Node.js,0.189,0.185,0.14,0.7407407407407408,4.004004004004004,1.0,0.105035,3.143571428571429,0.9250924784217016,0.5982905982905984,0.681890479436492,0.7487487487487487
"Redis, SQL",MongoDB,0.0575,0.189,0.0435,0.7565217391304347,4.002760524499655,1.0,0.0326324999999999,3.330892857142856,0.795938900576237,0.2142857142857142,0.6997801962150861,0.4933402346445824
Api Design,MongoDB,0.08,0.189,0.0605,0.75625,4.001322751322752,1.0,0.04538,3.327179487179486,0.8153072224218468,0.290167865707434,0.6994451294697904,0.53817791005291
"React, SQL",MongoDB,0.0735,0.189,0.0555,0.7551020408163266,3.995248893208077,1.0,0.0416085,3.311583333333334,0.809177229036916,0.2681159420289855,0.6980296434233375,0.5243764172335601
"Docker, Redis",MongoDB,0.059,0.189,0.0445,0.7542372881355932,3.990673482198906,1.0,0.033349,3.2999310344827584,0.796403539146736,0.2186732186732186,0.6969633639156513,0.4948435117926643
"PostgreSQL, Python",MongoDB,0.065,0.189,0.049,0.7538461538461538,3.988603988603988,1.0,0.036715,3.2946875,0.8013750954927424,0.2390243902439024,0.6964810774921749,0.5065527065527066
"Api Design, Git",Node.js,0.0665,0.185,0.049,0.7368421052631579,3.982930298719772,1.0,0.0366975,3.0969999999999995,0.802280205065422,0.2419753086419753,0.6771068776235066,0.5008534850640114
"PostgreSQL, Redis",MongoDB,0.0605,0.189,0.0455,0.7520661157024794,3.979185797367616,1.0,0.0340655,3.271033333333334,0.7969050640684489,0.2230392156862745,0.6942862092508995,0.49640342822161
"Django, Python",MongoDB,0.0665,0.189,0.05,0.7518796992481203,3.978199466921271,1.0,0.0374315,3.2685757575757566,0.8019603642206748,0.24330900243309,0.6940563492578548,0.5082149818991923
Redis,"Rest Apis, Docker",0.081,0.1385,0.0445,0.5493827160493827,3.966662209742835,1.0,0.0332815,1.911821917808219,0.81381814625081,0.2542857142857142,0.4769387301792022,0.4353411775192761
Django,"Rest Apis, Node.js",0.0855,0.1445,0.049,0.5730994152046783,3.9660859183714767,1.0,0.03664525,2.0039794520547947,0.8177826625456087,0.2707182320441989,0.5009928874397175,0.4560998806127198
Django,"MongoDB, SQL",0.0855,0.1475,0.05,0.5847953216374269,3.964714044999504,1.0,0.03738875,2.053204225352113,0.8176872607982504,0.273224043715847,0.5129563890175095,0.4618891862424422
Api Design,"Docker, Node.js",0.08,0.1435,0.0455,0.56875,3.963414634146341,1.0,0.03402,1.9860869565217392,0.8127090301003345,0.2556179775280899,0.4964973730297723,0.4429115853658536
"Api Design, Python",MongoDB,0.0635,0.189,0.0475,0.7480314960629921,3.957838603507895,1.0,0.0354985,3.21865625,0.7980105094557001,0.2317073170731707,0.6893113391652184,0.4996771236928717
Redis,"Node.js, Git",0.081,0.1405,0.045,0.5555555555555555,3.9541320680110714,1.0,0.0336195,1.933875,0.8129488574537539,0.2549575070821529,0.4829034968651023,0.4379201265322261
"PostgreSQL, Node.js",MongoDB,0.063,0.189,0.047,0.746031746031746,3.947257915511884,1.0,0.035093,3.1933125,0.7968618724312541,0.2292682926829268,0.6868455561427201,0.4973544973544973
"Docker, JavaScript",MongoDB,0.0945,0.189,0.0705,0.7460317460317459,3.947257915511883,1.0,0.0526394999999999,3.1933124999999984,0.8245826333164936,0.3309859154929577,0.6868455561427201,0.5595238095238094
"Api Design, Git",MongoDB,0.0665,0.189,0.0495,0.7443609022556391,3.938417472252058,1.0,0.0369315,3.172441176470588,0.7992403953839412,0.2402912621359223,0.6847853295383961,0.5031328320802005
"Git, Redis",MongoDB,0.0645,0.189,0.048,0.7441860465116279,3.9374923095853327,1.0,0.0358095,3.170272727272727,0.7974679315873865,0.2335766423357664,0.6845697244286411,0.4990771502399409
Redis,Node.js,0.081,0.185,0.059,0.728395061728395,3.9372706039372702,1.0,0.044015,3.000681818181817,0.8117703472824183,0.2850241545893719,0.6667424070287055,0.523656990323657
"Django, Git",Node.js,0.068,0.185,0.0495,0.7279411764705882,3.934817170111288,1.0,0.03692,2.9956756756756757,0.8002774526379677,0.2432432432432432,0.6661854926019488,0.4977543720190779
"Python, Redis",Node.js,0.068,0.185,0.0495,0.7279411764705882,3.934817170111288,1.0,0.03692,2.9956756756756757,0.8002774526379677,0.2432432432432432,0.6661854926019488,0.4977543720190779
"Django, Git",MongoDB,0.068,0.189,0.0505,0.7426470588235294,3.929349517584812,1.0,0.037648,3.1513142857142857,0.7998980155526283,0.2445520581113801,0.6826720823964605,0.5049214130096483
Redis,"Docker, Node.js",0.081,0.1435,0.0455,0.5617283950617283,3.914483589280337,1.0,0.0338765,1.9542676056338024,0.8101615468318406,0.2541899441340782,0.488299352086081,0.4394007828967178
Api Design,"MongoDB, SQL",0.08,0.1475,0.046,0.575,3.8983050847457625,1.0,0.0342,2.0058823529411764,0.8081285444234404,0.2534435261707989,0.501466275659824,0.4434322033898304
"Redis, MongoDB",Node.js,0.059,0.185,0.0425,0.7203389830508475,3.893724232707284,1.0,0.031585,2.914242424242425,0.7897730824529599,0.2109181141439206,0.6568576479151503,0.4750343563902886
Redis,"Rest Apis, Node.js",0.081,0.1445,0.0455,0.5617283950617283,3.887393737451408,1.0,0.0337955,1.9519859154929573,0.8082244197586962,0.2527777777777777,0.4877012215800448,0.4383036438976462
Redis,MongoDB,0.081,0.189,0.059,0.728395061728395,3.853942125547064,1.0,0.0436909999999999,2.985954545454544,0.8057948027517012,0.2796208530805686,0.6650987197637422,0.5202821869488535
Redis,"Node.js, SQL",0.081,0.1395,0.0435,0.537037037037037,3.8497278640647807,1.0,0.0322004999999999,1.85868,0.8054857228621813,0.2457627118644067,0.4619837734306065,0.4244324970131421
Django,"Docker, Node.js",0.0855,0.1435,0.047,0.5497076023391813,3.830714998879312,1.0,0.03473075,1.9020974025974025,0.8080395053685888,0.2582417582417582,0.4742645678215776,0.4386168673716812
Redis,"Docker, SQL",0.081,0.134,0.0415,0.5123456790123457,3.8234752165100425,1.0,0.030646,1.775848101265823,0.8035449742386301,0.239193083573487,0.4368887748410459,0.4110235857748295
"Node.js, Redis",MongoDB,0.059,0.189,0.0425,0.7203389830508475,3.811317370639405,1.0,0.031349,2.8999393939393947,0.7838719759954991,0.2068126520681265,0.6551652072143619,0.4726033539592862
"Git, Redis",Node.js,0.0645,0.185,0.045,0.6976744186046511,3.771213073538655,1.0,0.0330675,2.69576923076923,0.7854979511847497,0.2200488997555012,0.6290483663860749,0.4704588309239471
PostgreSQL,"Python, MongoDB",0.094,0.139,0.049,0.5212765957446809,3.750191336292668,1.0,0.035934,1.798533333333333,0.8094337072577374,0.266304347826087,0.4439914004003262,0.4368972906780958
Redis,"Node.js, MongoDB",0.081,0.14,0.0425,0.5246913580246914,3.7477954144620806,1.0,0.03116,1.8093506493506493,0.7977981181591244,0.238095238095238,0.4473155325868504,0.4141313932980599
PostgreSQL,"Git, MongoDB",0.094,0.139,0.048,0.5106382978723404,3.67365681922547,1.0,0.034934,1.7594347826086956,0.8033020603384842,0.2594594594594595,0.4316356537425556,0.4279810194397673
Django,"Rest Apis, Docker",0.0855,0.1385,0.0435,0.5087719298245613,3.673443536639432,1.0,0.03165825,1.7537678571428568,0.7958183292170208,0.2409972299168974,0.4297991060064554,0.4114256761036163
PostgreSQL,"Node.js, SQL",0.094,0.1395,0.048,0.5106382978723404,3.6604895904827264,1.0,0.034887,1.7584130434782608,0.8022213024282561,0.2587601078167116,0.4313054013623943,0.4273621596888584
PostgreSQL,"Node.js, Python",0.094,0.1455,0.05,0.5319148936170213,3.655772464721796,1.0,0.036323,1.8255227272727272,0.8018322295805739,0.2638522427440633,0.4522116952803058,0.4377787526504351
Redis,"MongoDB, SQL",0.081,0.1475,0.0435,0.537037037037037,3.640929064657878,1.0,0.0315525,1.8414,0.7892761997673633,0.2351351351351351,0.4569349408059085,0.4159761456371625
PostgreSQL,Node.js,0.094,0.185,0.063,0.6702127659574468,3.622771707878091,1.0,0.04561,2.471290322580645,0.7990819580223553,0.2916666666666666,0.595353087064352,0.5053766532489937
PostgreSQL,"Node.js, MongoDB",0.094,0.14,0.047,0.5,3.571428571428571,1.0,0.0338399999999999,1.72,0.7947019867549667,0.2513368983957219,0.4186046511627906,0.4178571428571428
PostgreSQL,"Node.js, Git",0.094,0.1405,0.047,0.5,3.558718861209964,1.0,0.033793,1.719,0.7935982339955848,0.2506666666666666,0.4182664339732402,0.4172597864768683
Api Design,"Docker, Git",0.08,0.176,0.05,0.625,3.551136363636364,1.0,0.03592,2.1973333333333334,0.7808695652173914,0.2427184466019417,0.5449029126213591,0.4545454545454546
PostgreSQL,"Rest Apis, Node.js",0.094,0.1445,0.048,0.5106382978723404,3.533829051019657,1.0,0.034417,1.748195652173913,0.791413723325975,0.2519685039370078,0.427981645671935,0.4214091143340941
"PostgreSQL, SQL",Node.js,0.0735,0.185,0.048,0.653061224489796,3.5300606729178163,1.0,0.0344025,2.349117647058824,0.7735766324878576,0.2280285035629453,0.5743082509077252,0.4562603419746277
"PostgreSQL, MongoDB",Node.js,0.0725,0.185,0.047,0.6482758620689656,3.504193849021436,1.0,0.0335875,2.3171568627450982,0.7704880426678901,0.2232779097387173,0.568436640575418,0.4511649580615098
Data Structures,"JavaScript, Python",0.129,0.201,0.09,0.6976744186046511,3.4710170079833382,1.0,0.0640709999999999,2.6428461538461527,0.8173363949483351,0.3749999999999999,0.6216200483162091,0.5727178063172509
"Docker, Git",Node.js,0.176,0.185,0.1125,0.6392045454545455,3.4551597051597054,1.0,0.07994,2.258897637795276,0.86235167206041,0.4527162977867203,0.5573061907417737,0.6236563267813269
Node.js,"Docker, Git",0.185,0.176,0.1125,0.6081081081081081,3.4551597051597054,1.0,0.07994,2.1026206896551725,0.8718745739604638,0.4527162977867203,0.5244030438205195,0.6236563267813269
Object-Oriented Programming,"JavaScript, SQL",0.135,0.197,0.0915,0.6777777777777777,3.4404963338973484,1.0,0.0649049999999999,2.492068965517241,0.8200511702833316,0.3804573804573804,0.5987269959872699,0.5711223914269599
"React, MongoDB",Docker,0.071,0.255,0.061,0.8591549295774649,3.3692350179508423,1.0,0.042895,5.289500000000003,0.7569394201415236,0.230188679245283,0.8109462141979394,0.5491853079259873
Data Structures,"JavaScript, SQL",0.129,0.197,0.0855,0.6627906976744187,3.3644197851493334,1.0,0.060087,2.3813103448275865,0.8068564062279694,0.3555093555093555,0.5800631353355152,0.5484004249793413
"React, Node.js",Docker,0.079,0.255,0.0675,0.8544303797468354,3.350707371556217,1.0,0.047355,5.117826086956522,0.7617324164555436,0.2532833020637898,0.8046045365729335,0.5595681310498883
"Docker, Git",MongoDB,0.176,0.189,0.111,0.6306818181818182,3.3369408369408373,1.0,0.077736,2.1959384615384616,0.8499081605877722,0.437007874015748,0.5446138325299855,0.6089917027417028
MongoDB,"Docker, Git",0.189,0.176,0.111,0.5873015873015873,3.3369408369408373,1.0,0.077736,1.996615384615385,0.8635318425700671,0.437007874015748,0.499152411773771,0.6089917027417028
"Node.js, HTML/CSS",Docker,0.077,0.255,0.0655,0.8506493506493507,3.335879806468042,1.0,0.045865,4.9882608695652175,0.7586446453234971,0.2457786116322701,0.799529329730672,0.5537560478736949
Redis,"Docker, Git",0.081,0.176,0.0475,0.5864197530864197,3.331930415263749,1.0,0.033244,1.992358208955224,0.7615600481072103,0.2267303102625298,0.4980822246194413,0.4281530583613916
"HTML/CSS, SQL",Docker,0.073,0.255,0.062,0.8493150684931507,3.3306473274241206,1.0,0.043385,4.944090909090911,0.7548630685179385,0.2330827067669172,0.7977383469706721,0.5462261616975558
Debugging,"JavaScript, Python",0.1355,0.201,0.0905,0.6678966789667896,3.322869049586018,1.0,0.0632645,2.405877777777777,0.8086237693681717,0.3678861788617886,0.5843512878182598,0.5590727175928475
Java,"JavaScript, SQL",0.1315,0.197,0.086,0.6539923954372623,3.3197583524734124,1.0,0.0600944999999999,2.320758241758241,0.8045748483753062,0.3546391752577319,0.5691063455009493,0.545270309393758
"React, Python",Docker,0.078,0.255,0.066,0.8461538461538461,3.3182503770739062,1.0,0.04611,4.842499999999999,0.7577400907118911,0.247191011235955,0.7934950955085183,0.5524886877828055
"React, SQL",Docker,0.0735,0.255,0.062,0.8435374149659864,3.3079898626117115,1.0,0.0432575,4.761521739130436,0.7530508504082308,0.2326454033771106,0.7899831073368946,0.5433373349339736
Algorithms,"JavaScript, SQL",0.129,0.197,0.084,0.6511627906976745,3.305394876637941,1.0,0.058587,2.3019333333333334,0.8007626701656552,0.3471074380165289,0.5655825537953605,0.5387793648919844
Unit Testing,"JavaScript, Python",0.1295,0.201,0.0855,0.6602316602316602,3.28473462801821,1.0,0.0594705,2.3516022727272725,0.7990366496367282,0.3489795918367347,0.574758022818098,0.5428023972800092
"MongoDB, HTML/CSS",Docker,0.0735,0.255,0.0615,0.8367346938775511,3.281312525010004,1.0,0.0427575,4.563125000000001,0.750398167770129,0.2303370786516853,0.7808519380906725,0.5389555822328932
"Terraform, Python",Docker,0.054,0.255,0.045,0.8333333333333333,3.26797385620915,1.0,0.03123,4.469999999999998,0.7336152219873151,0.1704545454545454,0.7762863534675615,0.5049019607843137
Debugging,"JavaScript, SQL",0.1355,0.197,0.087,0.6420664206642066,3.2592204094629778,1.0,0.0603064999999999,2.243432989690721,0.8018255187039215,0.3543788187372708,0.5542545711883021,0.54184539307322
"Terraform, AWS",Docker,0.056,0.255,0.0465,0.8303571428571428,3.256302521008403,1.0,0.03222,4.391578947368419,0.7340076544559869,0.1758034026465028,0.7722914669223393,0.5063550420168067
Django,"Docker, Git",0.0855,0.176,0.049,0.5730994152046783,3.256246677299309,1.0,0.033952,1.9301917808219176,0.7576795617098672,0.2305882352941176,0.481916766025095,0.4257542530568846
Java,"JavaScript, Python",0.1315,0.201,0.086,0.6539923954372623,3.2536935096381208,1.0,0.0595684999999999,2.3091978021978017,0.7975325005690109,0.3488843813387423,0.5669491807725435,0.5409265459773376
Unit Testing,"JavaScript, SQL",0.1295,0.197,0.083,0.640926640926641,3.253434725515944,1.0,0.0574885,2.2363118279569894,0.7956720621717195,0.3408624229979466,0.5528351692735255,0.5311232189404779
"Python, HTML/CSS",Docker,0.078,0.255,0.0645,0.826923076923077,3.2428355957767723,1.0,0.04461,4.304444444444446,0.7501387277405034,0.2402234636871508,0.7676819824470832,0.5399321266968327
Redis,"Docker, Python",0.081,0.1965,0.0515,0.6358024691358024,3.2356359752458137,1.0,0.0355835,2.2062203389830506,0.7518408569889178,0.2278761061946902,0.5467361159126353,0.4489444915653566
"Kubernetes, Python",Docker,0.051,0.255,0.042,0.823529411764706,3.2295271049596312,1.0,0.028995,4.2216666666666685,0.7274574740328166,0.1590909090909091,0.7631267272009475,0.4941176470588235
Object-Oriented Programming,"JavaScript, Python",0.135,0.201,0.0875,0.648148148148148,3.224617652478348,1.0,0.0603649999999999,2.270842105263157,0.7975557390586292,0.3521126760563379,0.55963472859593,0.5417357656163626
Algorithms,"JavaScript, Python",0.129,0.201,0.0835,0.6472868217054264,3.2203324462956537,1.0,0.057571,2.2652967032967037,0.7915878919543233,0.3387423935091278,0.5585567230355775,0.5313548536387829
"JavaScript, Node.js",Docker,0.0975,0.255,0.0795,0.8153846153846154,3.1975867269984914,1.0,0.0546375,4.035416666666666,0.7615115245910208,0.2912087912087912,0.752194114610222,0.5635746606334842
"TypeScript, MongoDB",Docker,0.0695,0.255,0.0565,0.8129496402877697,3.1880378050500773,1.0,0.0387775,3.9828846153846142,0.7375899340444046,0.210820895522388,0.7489256916614359,0.517259133869375
"JavaScript, MongoDB",Docker,0.087,0.255,0.0705,0.8103448275862069,3.1778228532792423,1.0,0.048315,3.928181818181817,0.7506233832816761,0.2596685082872928,0.745429298773432,0.5434077079107504
"Kubernetes, Terraform",Docker,0.057,0.255,0.046,0.8070175438596491,3.164774681802545,1.0,0.031465,3.860454545454545,0.7253676979113837,0.1729323308270676,0.7409631461203343,0.4937048503611971
"Kubernetes, AWS",Docker,0.0565,0.255,0.0455,0.8053097345132743,3.1580773902481343,1.0,0.0310925,3.8265909090909074,0.7242730772142536,0.1710526315789473,0.7386707845815762,0.4918705535311469
"Node.js, TypeScript",Docker,0.0755,0.255,0.0605,0.8013245033112583,3.142449032593169,1.0,0.0412475,3.749833333333333,0.7374546884847294,0.224074074074074,0.7333214809547091,0.5192897026360213
"Node.js, Git",Docker,0.1405,0.255,0.1125,0.800711743772242,3.140046054008792,1.0,0.0766725,3.738303571428571,0.7929416327322087,0.3975265017667844,0.7324989849291839,0.6209441071802386
Terraform,"Docker, Python",0.073,0.1965,0.045,0.6164383561643836,3.137090871065565,1.0,0.0306555,2.094839285714286,0.7348795397339086,0.2004454342984409,0.522636410907758,0.4227229948760849
"Git, MongoDB",Docker,0.139,0.255,0.111,0.7985611510791366,3.1316123571730845,1.0,0.075555,3.698392857142856,0.79056408324701,0.3922261484098939,0.7296122833277001,0.6169276343630977
"Python, TypeScript",Docker,0.074,0.255,0.059,0.7972972972972973,3.1266560678325384,1.0,0.04013,3.6753333333333327,0.7345242889043452,0.2185185185185185,0.7279158352983855,0.5143349231584525
Ansible,Docker,0.039,0.255,0.031,0.7948717948717948,3.117144293614881,1.0,0.0210549999999999,3.631874999999999,0.7067570742841798,0.11787072243346,0.724660127344691,0.4582202111613876
"TypeScript, SQL",Docker,0.073,0.255,0.058,0.7945205479452055,3.1157668546870805,1.0,0.039385,3.625666666666668,0.7325261317561284,0.2148148148148148,0.7241886549600074,0.5109857641686812
Terraform,Docker,0.073,0.255,0.058,0.7945205479452055,3.1157668546870805,1.0,0.039385,3.625666666666668,0.7325261317561284,0.2148148148148148,0.7241886549600074,0.5109857641686812
"Ci/Cd, AWS",Docker,0.0575,0.255,0.0455,0.7913043478260869,3.103154305200341,1.0,0.0308374999999999,3.5697916666666663,0.7190952283790479,0.1704119850187265,0.719871607820251,0.4848678601875533
"Docker, Python",Node.js,0.1965,0.185,0.1125,0.5725190839694656,3.0946977511863007,1.0,0.0761475,1.9065178571428567,0.8423978427712094,0.4182156133828996,0.4754835386128412,0.5903135960387869
Node.js,"Docker, Python",0.185,0.1965,0.1125,0.6081081081081081,3.0946977511863007,1.0,0.0761475,2.050310344827586,0.8305112474437629,0.4182156133828996,0.5122689584419516,0.5903135960387869
"Ci/Cd, Terraform",Docker,0.052,0.255,0.041,0.7884615384615385,3.092006033182504,1.0,0.02774,3.5218181818181837,0.713697643305547,0.1541353383458646,0.7160557563242128,0.4746229260935143
"Rest Apis, MongoDB",Docker,0.136,0.255,0.107,0.7867647058823529,3.085351787773933,1.0,0.07232,3.4937931034482754,0.7822776047075112,0.3767605633802816,0.7137781287011449,0.6031862745098039
Api Design,"Docker, Python",0.08,0.1965,0.0485,0.60625,3.085241730279898,1.0,0.03278,2.0406349206349206,0.734648139847602,0.212719298245614,0.5099564405724952,0.4265346692111958
"Node.js, MongoDB",Docker,0.14,0.255,0.11,0.7857142857142857,3.0812324929971986,1.0,0.0743,3.4766666666666666,0.7854122621564482,0.3859649122807017,0.7123681687440077,0.6085434173669468
"Rest Apis, Node.js",Docker,0.1445,0.255,0.1135,0.7854671280276817,3.080263247167379,1.0,0.0766525,3.472661290322581,0.789424223153114,0.3968531468531469,0.7120364134599755,0.615282583621684
"Node.js, SQL",Docker,0.1395,0.255,0.109,0.7813620071684587,3.064164733993956,1.0,0.0734274999999999,3.407459016393441,0.7828550714594138,0.3817863397548161,0.7065261841187366,0.6044064937803078
Kubernetes,Docker,0.073,0.255,0.057,0.7808219178082193,3.062046736502821,1.0,0.038385,3.399062500000002,0.7264520524612502,0.2103321033210332,0.7058012319573413,0.5021756647864626
"Python, MongoDB",Docker,0.139,0.255,0.1085,0.7805755395683452,3.061080547326844,1.0,0.073055,3.395245901639343,0.7820185509294197,0.3800350262697022,0.7054705229105305,0.6030328678233883
"Api Design, Redis",Docker,0.056,0.255,0.0435,0.7767857142857142,3.0462184873949574,1.0,0.0292199999999999,3.3375999999999983,0.711572180011689,0.1626168224299065,0.7003835091083412,0.4736869747899159
Docker,Node.js,0.255,0.185,0.1435,0.5627450980392157,3.0418653948065715,1.0,0.096325,1.86390134529148,0.901012557584828,0.4839797639123103,0.4634909178395285,0.6692103868574457
Node.js,Docker,0.185,0.255,0.1435,0.7756756756756756,3.041865394806571,1.0,0.096325,3.321084337349397,0.8236249759517753,0.4839797639123103,0.69889352439688,0.6692103868574457
"Node.js, Python",Docker,0.1455,0.255,0.1125,0.7731958762886598,3.032140691328077,1.0,0.0753975,3.284772727272728,0.784318314803979,0.390625,0.6955649346156507,0.6071861734384476
"Node.js, Redis",Docker,0.059,0.255,0.0455,0.7711864406779662,3.0242605516782985,1.0,0.030455,3.2559259259259266,0.7113078207658441,0.1694599627560521,0.6928677056080083,0.4748089066134929
"Api Design, Django",Docker,0.06,0.255,0.046,0.7666666666666667,3.0065359477124183,1.0,0.0306999999999999,3.1928571428571435,0.709990749306198,0.1710037174721189,0.6868008948545862,0.4735294117647059
"Node.js, HTML/CSS",JavaScript,0.077,0.324,0.075,0.974025974025974,3.006253006253006,1.0,0.050052,26.02599999999999,0.7230335861321777,0.2300613496932515,0.9615768846538078,0.6027537277537277
"Node.js, TypeScript",JavaScript,0.0755,0.324,0.0735,0.9735099337748344,3.004660289428501,1.0,0.049038,25.518999999999973,0.7216697387446055,0.2254601226993864,0.9608135115012344,0.6001808928133431
"TypeScript, SQL",JavaScript,0.073,0.324,0.071,0.9726027397260274,3.0018603077963806,1.0,0.0473479999999999,24.674,0.7193886078064937,0.2177914110429447,0.9594715084704548,0.5958692710975816
"Api Design, Python",Docker,0.0635,0.255,0.0485,0.7637795275590551,2.995213833564922,1.0,0.0323075,3.153833333333333,0.7113016771153836,0.1796296296296296,0.6829255403477249,0.4769878029952138
"Docker, HTML/CSS",JavaScript,0.0795,0.324,0.077,0.9685534591194968,2.989362528146595,1.0,0.0512419999999999,21.496800000000004,0.7229554801526555,0.2358346094946401,0.9534814484016224,0.6031038900535756
"React, Node.js",JavaScript,0.079,0.324,0.0765,0.9683544303797468,2.9887482419127984,1.0,0.050904,21.36159999999996,0.7224883438717505,0.234303215926493,0.9531870271889746,0.6022327707454289
"Kubernetes, Ci/Cd",Docker,0.0525,0.255,0.04,0.761904761904762,2.987861811391223,1.0,0.0266125,3.129000000000001,0.7021767810026385,0.1495327102803738,0.6804090763822308,0.4593837535014006
"Api Design, MongoDB",Docker,0.0605,0.255,0.046,0.7603305785123967,2.9816885431858693,1.0,0.0305725,3.1084482758620693,0.7074183770275586,0.1706864564007421,0.6782960785401299,0.4703613676875709
"React, SQL",JavaScript,0.0735,0.324,0.071,0.9659863945578232,2.981439489375997,1.0,0.0471859999999999,19.874399999999977,0.7173141384735829,0.2174578866768759,0.9496840156180816,0.5925610985134795
"HTML/CSS, SQL",JavaScript,0.073,0.324,0.0705,0.9657534246575342,2.980720446473871,1.0,0.0468479999999999,19.739199999999983,0.716839955013886,0.2159264931087289,0.9493393855880684,0.5916730086250634
"Docker, TypeScript",JavaScript,0.0725,0.324,0.07,0.9655172413793104,2.9799914857386125,1.0,0.04651,19.604000000000084,0.7163650365806701,0.2143950995405819,0.9489900020404002,0.59078331204768
"Python, Redis",Docker,0.068,0.255,0.0515,0.7573529411764705,2.970011534025374,1.0,0.0341599999999999,3.0703030303030285,0.7116963206800284,0.1896869244935543,0.6742992499013026,0.4796568627450979
"Python, HTML/CSS",JavaScript,0.078,0.324,0.075,0.9615384615384616,2.967711301044634,1.0,0.0497279999999999,17.575999999999958,0.7191323210412146,0.2293577981651376,0.9431042330450612,0.5965099715099714
"Docker, React",JavaScript,0.078,0.324,0.075,0.9615384615384616,2.967711301044634,1.0,0.0497279999999999,17.575999999999958,0.7191323210412146,0.2293577981651376,0.9431042330450612,0.5965099715099714
"MongoDB, HTML/CSS",JavaScript,0.0735,0.324,0.0705,0.9591836734693876,2.9604434366339127,1.0,0.0466859999999999,16.56199999999998,0.7147466443145675,0.2155963302752293,0.9396208187416978,0.5883881330309901
"Redis, MongoDB",Docker,0.059,0.255,0.0445,0.7542372881355932,2.957793286806248,1.0,0.029455,3.0313793103448274,0.7034113840165255,0.1651205936920222,0.6701171652826754,0.4643735460285809
"Django, MongoDB",Docker,0.065,0.255,0.049,0.7538461538461538,2.956259426847662,1.0,0.032425,3.0265625,0.7077376405107498,0.1808118081180811,0.6695921528136293,0.4730015082956259
"TypeScript, MongoDB",JavaScript,0.0695,0.324,0.0665,0.9568345323741008,2.953193001154632,1.0,0.043982,15.66066666666664,0.7107828679705712,0.2033639143730886,0.9361457579498532,0.5810407229771738
"Api Design, Node.js",Docker,0.0605,0.255,0.0455,0.7520661157024794,2.9492788851077623,1.0,0.0300725,3.004833333333334,0.7034955464971431,0.1685185185185185,0.6672028398690999,0.4652487441257495
"Api Design, Git",Docker,0.0665,0.255,0.05,0.7518796992481203,2.948547840188706,1.0,0.0330425,3.002575757575757,0.7079271558650241,0.1841620626151013,0.6669526164404299,0.4739790653103346
"React, Python",JavaScript,0.078,0.324,0.0745,0.9551282051282052,2.9479265590376698,1.0,0.0492279999999999,15.065142857142837,0.7166795265617493,0.2274809160305343,0.9336216052192382,0.5925332383665717
"Rest Apis, Api Design",Docker,0.06,0.255,0.045,0.75,2.941176470588235,1.0,0.0296999999999999,2.98,0.7021276595744681,0.1666666666666666,0.6644295302013423,0.4632352941176471
"Python, TypeScript",JavaScript,0.074,0.324,0.0705,0.9527027027027026,2.9404404404404403,1.0,0.0465239999999999,14.292571428571405,0.7126510730205413,0.215267175572519,0.9300335838797376,0.5851476476476476
"React, MongoDB",JavaScript,0.071,0.324,0.0675,0.9507042253521129,2.934272300469484,1.0,0.044496,13.713142857142904,0.7095801937567277,0.2061068702290076,0.927077256438037,0.5795187793427231
Kubernetes,"Docker, Python",0.073,0.1965,0.042,0.5753424657534247,2.9279514796611945,1.0,0.0276555,1.8921129032258068,0.7103174603174603,0.1846153846153846,0.4714903120764465,0.3945414618843459
"PostgreSQL, Python",Docker,0.065,0.255,0.0485,0.7461538461538462,2.9260935143288083,1.0,0.031925,2.934848484848485,0.7040079386956282,0.1786372007366482,0.6592669075890553,0.4681749622926093
MongoDB,"Docker, Python",0.189,0.1965,0.1085,0.5740740740740741,2.921496560173405,1.0,0.0713615,1.8864782608695647,0.810986038741498,0.391696750902527,0.4699117287791836,0.5631184619734237
"Docker, Python",MongoDB,0.1965,0.189,0.1085,0.5521628498727735,2.921496560173405,1.0,0.0713615,1.810926136363636,0.8185559146476102,0.391696750902527,0.447796362358537,0.5631184619734237
"PostgreSQL, Git",Docker,0.0625,0.255,0.0465,0.744,2.9176470588235293,1.0,0.0305625,2.91015625,0.7010752688172043,0.1715867158671586,0.6563758389261745,0.4631764705882353
Api Design,Docker,0.08,0.255,0.0595,0.7437499999999999,2.916666666666666,1.0,0.0390999999999999,2.9073170731707307,0.7142857142857143,0.2159709618874772,0.6560402684563758,0.4885416666666666
"Rest Apis, Redis",Docker,0.06,0.255,0.0445,0.7416666666666667,2.908496732026144,1.0,0.0291999999999999,2.883870967741936,0.6980635907243605,0.1645101663585951,0.6532438478747203,0.4580882352941177
"PostgreSQL, Api Design",Docker,0.058,0.255,0.043,0.7413793103448275,2.90736984448952,1.0,0.0282099999999999,2.880666666666666,0.6964400335752728,0.1592592592592592,0.6528581346910436,0.4550033806626098
"PostgreSQL, Node.js",Docker,0.063,0.255,0.0465,0.7380952380952381,2.894491129785248,1.0,0.030435,2.844545454545455,0.698523083278824,0.1712707182320441,0.6484499840204538,0.4602240896358543
"Git, Redis",Docker,0.0645,0.255,0.0475,0.7364341085271318,2.8879768961848304,1.0,0.0310525,2.826617647058823,0.6988100931109172,0.1746323529411764,0.6462202799021903,0.4613543091655266
"PostgreSQL, Redis",Docker,0.0605,0.255,0.0445,0.7355371900826446,2.8844595689515478,1.0,0.0290724999999999,2.81703125,0.6953854249511155,0.1642066420664206,0.6450163625270398,0.4550234970021066
"Django, Redis",Docker,0.0605,0.255,0.0445,0.7355371900826446,2.8844595689515478,1.0,0.0290724999999999,2.81703125,0.6953854249511155,0.1642066420664206,0.6450163625270398,0.4550234970021066
"Django, Node.js",Docker,0.064,0.255,0.047,0.734375,2.8799019607843137,1.0,0.03068,2.804705882352941,0.6973995271867612,0.1727941176470588,0.6434563758389261,0.459344362745098
"Api Design, SQL",Docker,0.0595,0.255,0.0435,0.7310924369747899,2.867029164607019,1.0,0.0283275,2.77046875,0.6924049936754111,0.1605166051660516,0.6390502509728723,0.4508403361344537
"PostgreSQL, Django",Docker,0.0645,0.255,0.047,0.7286821705426356,2.857577139382885,1.0,0.0305525,2.7458571428571426,0.6948724655150846,0.1724770642201834,0.6358149940169605,0.4564979480164158
Django,"Docker, Python",0.0855,0.1965,0.048,0.5614035087719298,2.8570153118164363,1.0,0.0311992499999999,1.83198,0.7107538272279934,0.2051282051282051,0.4541425124728435,0.4028391589661175
Redis,Docker,0.081,0.255,0.059,0.728395061728395,2.856451222464294,1.0,0.038345,2.7429545454545443,0.7071983179948728,0.2129963898916967,0.6354296130582483,0.4798838053740014
Grafana,Docker,0.0415,0.255,0.03,0.7228915662650601,2.834868887313961,1.0,0.0194174999999999,2.688478260869564,0.6752738654147105,0.1125703564727955,0.628042370825584,0.4202693125442948
MongoDB,Docker,0.189,0.255,0.1365,0.7222222222222223,2.832244008714597,1.0,0.088305,2.682000000000001,0.7976856682158779,0.4439024390243903,0.627143922445936,0.6287581699346405
Docker,MongoDB,0.255,0.189,0.1365,0.5352941176470588,2.832244008714597,1.0,0.088305,1.7451898734177214,0.8683531233866805,0.4439024390243903,0.4269964459273228,0.6287581699346405
"Django, Python",Docker,0.0665,0.255,0.048,0.7218045112781954,2.8306059265811587,1.0,0.0310425,2.6779729729729724,0.6927892340653454,0.1755027422303473,0.6265832366150275,0.4550199026979212
"Redis, SQL",Docker,0.0575,0.255,0.0415,0.7217391304347827,2.8303495311167945,1.0,0.0268375,2.6773437500000004,0.6861397846026014,0.1531365313653136,0.626495477093668,0.4422421142369991
React,"Rest Apis, JavaScript",0.168,0.2535,0.1205,0.7172619047619047,2.8294355217432137,1.0,0.077912,2.6402526315789463,0.777130545802745,0.4003322259136213,0.6212483653876821,0.5963035362073823
"JavaScript, TypeScript",Node.js,0.1405,0.185,0.0735,0.5231316725978646,2.8277387707992685,1.0,0.0475074999999999,1.709067164179104,0.7520192486535046,0.2916666666666666,0.4148854878501407,0.460214484947581
"Django, Git",Docker,0.068,0.255,0.049,0.7205882352941176,2.825836216839677,1.0,0.03166,2.666315789473684,0.6932644302356136,0.1788321167883211,0.6249506514015002,0.4563725490196078
"JavaScript, React",Node.js,0.1465,0.185,0.0765,0.5221843003412969,2.822617839682686,1.0,0.0493975,1.7056785714285714,0.7565541350303058,0.3,0.4137230679034318,0.4678489069274052
Django,Docker,0.0855,0.255,0.0615,0.719298245614035,2.8207774337805294,1.0,0.0396975,2.654062499999999,0.7058368560722239,0.2204301075268817,0.6232191216295772,0.4802373581011351
"Rest Apis, Django",Docker,0.0605,0.255,0.0435,0.7190082644628099,2.819640252795333,1.0,0.0280724999999999,2.6513235294117643,0.6869024242535464,0.1599264705882352,0.6228298851849796,0.4447982498784637
"PostgreSQL, Rest Apis",Docker,0.0605,0.255,0.0435,0.7190082644628099,2.819640252795333,1.0,0.0280724999999999,2.6513235294117643,0.6869024242535464,0.1599264705882352,0.6228298851849796,0.4447982498784637
"Django, SQL",Docker,0.064,0.255,0.046,0.71875,2.818627450980392,1.0,0.0296799999999999,2.648888888888889,0.6893348197696024,0.1684981684981684,0.62248322147651,0.4495710784313725
TypeScript,"JavaScript, Git",0.1595,0.249,0.1115,0.6990595611285266,2.807468116982035,1.0,0.0717845,2.4955104166666664,0.7659811717880932,0.3754208754208754,0.5992803743389169,0.5734253628935806
"MongoDB, SQL",Docker,0.1475,0.255,0.1055,0.7152542372881356,2.804918577600532,1.0,0.0678874999999999,2.616369047619048,0.7548192519909381,0.3552188552188552,0.6177909225344103,0.564489863742107
TypeScript,"Rest Apis, JavaScript",0.1595,0.2535,0.113,0.7084639498432602,2.7947295851805136,1.0,0.07256675,2.5605752688172045,0.764049528041147,0.3766666666666666,0.609462759334575,0.577111659339776
"Git, TypeScript",JavaScript,0.124,0.324,0.1115,0.8991935483870968,2.7752887295898048,1.0,0.071324,6.705919999999998,0.7302250342977661,0.3313521545319465,0.8508780301584271,0.6216646754281163
"React, TypeScript",JavaScript,0.1245,0.324,0.1115,0.8955823293172691,2.7641429917199662,1.0,0.071162,6.474000000000001,0.7289825416866212,0.330860534124629,0.8455359901143034,0.6198590658932024
"Rest Apis, TypeScript",JavaScript,0.127,0.324,0.113,0.889763779527559,2.746184504714688,1.0,0.071852,6.132285714285712,0.7283601455666048,0.3343195266272189,0.8369286679401761,0.6192646058131622
"React, Git",JavaScript,0.1265,0.324,0.1125,0.8893280632411067,2.7448397013614403,1.0,0.071514,6.108142857142855,0.7277389811104751,0.3328402366863905,0.836284117220572,0.6182751427316644
Debugging,"Rest Apis, SQL",0.1355,0.2385,0.0885,0.6531365313653136,2.738517951217248,1.0,0.05618325,2.19538829787234,0.7343423748419288,0.3099824868651489,0.5444997128894465,0.5121028568776254
"Rest Apis, React",JavaScript,0.1365,0.324,0.1205,0.8827838827838826,2.724641613530502,1.0,0.076274,5.767124999999993,0.7330390887226789,0.3544117647058823,0.8266033768992348,0.627348731515398
TypeScript,JavaScript,0.1595,0.324,0.1405,0.8808777429467085,2.718758465884903,1.0,0.088822,5.67484210526316,0.7521535435821332,0.4096209912536443,0.8237836434122907,0.6572598591276753
Object-Oriented Programming,"Rest Apis, SQL",0.135,0.2385,0.0875,0.648148148148148,2.7176022983150863,1.0,0.0553024999999999,2.1642631578947364,0.7306688687035507,0.3059440559440559,0.5379489798399842,0.5075122292103423
Data Structures,"Rest Apis, SQL",0.129,0.2385,0.0835,0.6472868217054264,2.713990866689419,1.0,0.0527335,2.1589780219780224,0.7250733893865541,0.2940140845070423,0.5368178879913675,0.4986958217541807
Java,"Rest Apis, SQL",0.1315,0.2385,0.0845,0.6425855513307985,2.694279041219281,1.0,0.05313725,2.130579787234043,0.7240566439450455,0.2959719789842382,0.530644190848061,0.498441622625567
"TypeScript, HTML/CSS",JavaScript,0.1375,0.324,0.12,0.8727272727272726,2.693602693602693,1.0,0.0754499999999999,5.311428571428564,0.7289855072463768,0.3513909224011712,0.8117267348036576,0.6215488215488214
"Rest Apis, JavaScript",HTML/CSS,0.2535,0.189,0.129,0.5088757396449705,2.69246423092577,1.0,0.0810885,1.6513132530120482,0.8420536145422827,0.4114832535885168,0.3944213805733298,0.5957077110923266
HTML/CSS,"Rest Apis, JavaScript",0.189,0.2535,0.129,0.6825396825396826,2.6924642309257694,1.0,0.0810885,2.351475,0.7750838757778226,0.4114832535885168,0.5747350067510818,0.5957077110923266
React,JavaScript,0.168,0.324,0.1465,0.8720238095238094,2.691431510875955,1.0,0.0920679999999999,5.282232558139531,0.755349173011289,0.4240231548480462,0.8106861087630318,0.662092151675485
React,"JavaScript, Git",0.168,0.249,0.1125,0.6696428571428571,2.689328743545611,1.0,0.070668,2.273297297297297,0.7550000000000001,0.3694581280788176,0.5601103290850294,0.5607250430292599
Debugging,"Rest Apis, Python",0.1355,0.2465,0.0895,0.6605166051660516,2.6795805483409803,1.0,0.0560992499999999,2.219548913043478,0.7250517785654509,0.305982905982906,0.5494580028746537,0.5117998847331272
"JavaScript, Git",HTML/CSS,0.249,0.189,0.126,0.5060240963855421,2.677376171352075,1.0,0.078939,1.6417804878048778,0.8342210386151798,0.4038461538461538,0.3909051743348238,0.5863453815261044
HTML/CSS,"JavaScript, Git",0.189,0.249,0.126,0.6666666666666666,2.677376171352075,1.0,0.078939,2.253,0.7725030826140569,0.4038461538461538,0.5561473590767865,0.5863453815261044
"Git, HTML/CSS",JavaScript,0.1455,0.324,0.126,0.865979381443299,2.672775868652157,1.0,0.078858,5.0440000000000005,0.7324249770124552,0.3668122270742358,0.8017446471054719,0.6274341351660939
"React, HTML/CSS",JavaScript,0.145,0.324,0.125,0.8620689655172414,2.6607066836951896,1.0,0.07802,4.901000000000002,0.7300116959064328,0.3633720930232558,0.7959600081616,0.623935717326522
Unit Testing,"Rest Apis, SQL",0.1295,0.2385,0.082,0.6332046332046332,2.654946051172466,1.0,0.05111425,2.0760894736842106,0.7160764068869866,0.2867132867132868,0.5183251913389798,0.4885100734157338
"Algorithms, Data Structures",JavaScript,0.0985,0.324,0.0845,0.8578680203045685,2.647740803409162,1.0,0.052586,4.756142857142858,0.6903156146724558,0.25,0.7897455921665215,0.5593352447201855
Algorithms,"JavaScript, Git",0.129,0.249,0.085,0.6589147286821706,2.646243890289842,1.0,0.052879,2.2017954545454548,0.7142432633214021,0.2901023890784983,0.5458252046367118,0.5001400952647801
"Rest Apis, HTML/CSS",JavaScript,0.1505,0.324,0.129,0.8571428571428572,2.6455026455026456,1.0,0.080238,4.732000000000002,0.7321954090641554,0.3733719247467438,0.7886728655959426,0.6276455026455027
"Python, Data Structures",JavaScript,0.1055,0.324,0.09,0.8530805687203792,2.632964718272776,1.0,0.055818,4.601161290322581,0.6933482392397988,0.2650957290132547,0.7826635631958273,0.5654291732490785
Algorithms,"Rest Apis, JavaScript",0.129,0.2535,0.086,0.6666666666666666,2.6298487836949374,1.0,0.0532984999999999,2.2395,0.7115384615384615,0.2900505902192242,0.5534717570886358,0.5029585798816567
"Rest Apis, Algorithms",JavaScript,0.101,0.324,0.086,0.8514851485148514,2.6280405818359607,1.0,0.0532759999999999,4.5517333333333285,0.6890860646196031,0.2536873156342182,0.7803034741343955,0.5584586236401416
Unit Testing,"Git, SQL",0.1295,0.244,0.083,0.640926640926641,2.626748528387873,1.0,0.051402,2.10541935483871,0.7114315965758495,0.2857142857142857,0.5250352393209536,0.4905452876764352
PostgreSQL,"Docker, Python",0.094,0.1965,0.0485,0.5159574468085106,2.6257376427914028,1.0,0.030029,1.659978021978022,0.6833936414737944,0.2004132231404958,0.3975823855737531,0.3813883926154512
Java,"Git, SQL",0.1315,0.244,0.084,0.6387832699619772,2.617964221155644,1.0,0.051914,2.092926315789474,0.7115990898374318,0.2881646655231561,0.5222000925422979,0.4915227825219722
"Object-Oriented Programming, Data Structures",JavaScript,0.102,0.324,0.0865,0.8480392156862745,2.6174049866860325,1.0,0.0534519999999999,4.4485161290322575,0.6881316219730421,0.2547864506627393,0.7752059403643116,0.5575072621641248
"Ci/Cd, Python",Docker,0.063,0.255,0.042,0.6666666666666667,2.6143790849673203,1.0,0.025935,2.2350000000000003,0.659018143009605,0.1521739130434782,0.5525727069351232,0.4156862745098039
HTML/CSS,JavaScript,0.189,0.324,0.16,0.8465608465608466,2.6128421190149584,1.0,0.0987639999999999,4.405655172413795,0.7611282367447596,0.4532577903682719,0.7730190037882348,0.6701940035273368
Object-Oriented Programming,"Git, SQL",0.135,0.244,0.086,0.637037037037037,2.6108075288403154,1.0,0.0530599999999999,2.0828571428571423,0.7132679123538108,0.2935153583617746,0.5198902606310013,0.4947480267152397
Ci/Cd,"Docker, Python",0.082,0.1965,0.042,0.5121951219512195,2.606590951405697,1.0,0.025887,1.647175,0.6714130096483036,0.1775898520084566,0.392899965091748,0.3629677899832433
Data Structures,"Git, SQL",0.129,0.244,0.082,0.6356589147286822,2.60515948659296,1.0,0.050524,2.074978723404256,0.7074010808994429,0.281786941580756,0.5180673475247118,0.485862244249587
"Git, Data Structures",JavaScript,0.099,0.324,0.0835,0.8434343434343434,2.6031924180072328,1.0,0.051424,4.317677419354838,0.6835252912598776,0.2459499263622974,0.7683939991632299,0.5505751964085297
"Algorithms, Java",JavaScript,0.099,0.324,0.0835,0.8434343434343434,2.6031924180072328,1.0,0.051424,4.317677419354838,0.6835252912598776,0.2459499263622974,0.7683939991632299,0.5505751964085297
Algorithms,"Rest Apis, SQL",0.129,0.2385,0.08,0.6201550387596899,2.60023077048088,1.0,0.0492335,2.004765306122449,0.7065657290470723,0.2782608695652174,0.5011884947599342,0.4777924040758617
"Object-Oriented Programming, Algorithms",JavaScript,0.1015,0.324,0.0855,0.8423645320197044,2.599890530925013,1.0,0.052614,4.288374999999999,0.6848841636645872,0.2514705882352941,0.766811437898971,0.5531267104542966
Data Structures,"JavaScript, Git",0.129,0.249,0.0835,0.6472868217054264,2.5995454686964914,1.0,0.051379,2.129208791208792,0.7064493286675787,0.2835314091680815,0.5303419729765997,0.4913140935836368
"Git, Algorithms",JavaScript,0.101,0.324,0.085,0.8415841584158416,2.597481970419264,1.0,0.052276,4.267249999999999,0.6841065235883007,0.25,0.7656570390766888,0.5519649187140936
Java,"JavaScript, Git",0.1315,0.249,0.085,0.6463878326996197,2.59593507108281,1.0,0.0522565,2.123795698924731,0.7078668427647397,0.2876480541455161,0.5291449170434351,0.4938766472735046
"Data Structures, Java",JavaScript,0.1005,0.324,0.0845,0.8407960199004976,2.595049444137338,1.0,0.051938,4.246125000000001,0.6833250556686654,0.2485294117647059,0.7644911536989609,0.55079924451815
Data Structures,"Rest Apis, Python",0.129,0.2465,0.0825,0.6395348837209303,2.5944620029246663,1.0,0.0507015,2.0903548387096778,0.7055839682705355,0.2815699658703072,0.5216123207975185,0.4871102410491061
Debugging,"Rest Apis, JavaScript",0.1355,0.2535,0.089,0.6568265682656825,2.5910318274780377,1.0,0.0546507499999999,2.175284946236558,0.710298867306555,0.2966666666666666,0.5402901115414368,0.5039556904444783
"Object-Oriented Programming, Java",JavaScript,0.105,0.324,0.088,0.8380952380952381,2.586713697824809,1.0,0.0539799999999999,4.175294117647059,0.6853732859319451,0.2580645161290322,0.7604959143420683,0.5548500881834215
Debugging,"Git, SQL",0.1355,0.244,0.0855,0.6309963099630996,2.586050450668441,1.0,0.052438,2.04876,0.7094389144250639,0.2908163265306123,0.511899880903571,0.4907030730143367
"Unit Testing, Data Structures",JavaScript,0.0985,0.324,0.0825,0.8375634517766497,2.5850723820266963,1.0,0.050586,4.161624999999998,0.6801593304089144,0.2426470588235294,0.7597092481903102,0.5460965407031397
"Git, Java",JavaScript,0.1015,0.324,0.085,0.8374384236453202,2.584686492732469,1.0,0.052114,4.158424242424242,0.6823660348947593,0.249632892804699,0.759524295333314,0.5498920513288329
Java,"Rest Apis, JavaScript",0.1315,0.2535,0.086,0.6539923954372623,2.579851658529634,1.0,0.0526647499999999,2.157467032967032,0.7051016856113855,0.2876254180602006,0.536493496901892,0.4966214442669546
"Unit Testing, Algorithms",JavaScript,0.1,0.324,0.0835,0.835,2.57716049382716,1.0,0.0511,4.096969696969696,0.6799733865602128,0.2452276064610866,0.7559171597633135,0.546358024691358
"Python, Algorithms",JavaScript,0.1,0.324,0.0835,0.835,2.57716049382716,1.0,0.0511,4.096969696969696,0.6799733865602128,0.2452276064610866,0.7559171597633135,0.546358024691358
Algorithms,"Git, SQL",0.129,0.244,0.081,0.627906976744186,2.573389248951582,1.0,0.049524,2.03175,0.7019602840498363,0.2773972602739726,0.5078134613018334,0.4799370949294701
Java,"Rest Apis, Python",0.1315,0.2465,0.083,0.6311787072243346,2.560562706792432,1.0,0.05058525,2.0429948453608247,0.701739600890609,0.2813559322033898,0.5105225046109284,0.4839463515837697
"Debugging, Data Structures",JavaScript,0.1025,0.324,0.085,0.8292682926829269,2.559470039144836,1.0,0.05179,3.959428571428573,0.6788792397181714,0.2489019033674963,0.7474383027853948,0.5458069858476363
"Algorithms, SQL",JavaScript,0.1015,0.324,0.084,0.8275862068965517,2.554278416347382,1.0,0.051114,3.9208,0.6772398441847524,0.2459736456808199,0.7449500102019997,0.5434227330779055
"Debugging, Algorithms",JavaScript,0.1015,0.324,0.084,0.8275862068965517,2.554278416347382,1.0,0.051114,3.9208,0.6772398441847524,0.2459736456808199,0.7449500102019997,0.5434227330779055
Redis,"Rest Apis, Python",0.081,0.2465,0.051,0.6296296296296295,2.554278416347381,1.0,0.0310334999999999,2.03445,0.662132752992383,0.1844484629294755,0.5084666617513331,0.4182630906768837
"Python, Java",JavaScript,0.104,0.324,0.086,0.8269230769230769,2.552231718898385,1.0,0.0523039999999999,3.905777777777777,0.6787790697674418,0.2514619883040935,0.7439690487027764,0.5461775878442545
"Rest Apis, Data Structures",JavaScript,0.1005,0.324,0.083,0.8258706467661692,2.548983477673361,1.0,0.050438,3.8821714285714286,0.6755828204424145,0.2430453879941435,0.7424121993582384,0.541021743136171
"Object-Oriented Programming, Python",JavaScript,0.106,0.324,0.0875,0.8254716981132075,2.5477521546703934,1.0,0.0531559999999999,3.873297297297297,0.6795270054330456,0.2554744525547445,0.7418220386290052,0.5477667132541346
"Object-Oriented Programming, Git",JavaScript,0.1025,0.324,0.0845,0.8243902439024391,2.5444143330322198,1.0,0.05129,3.849444444444445,0.6763033409701507,0.2470760233918129,0.7402222542935489,0.5425963565191207
"Object-Oriented Programming, SQL",JavaScript,0.111,0.324,0.0915,0.8243243243243243,2.5442108775442107,1.0,0.0555359999999999,3.848,0.682734330339855,0.2663755458515283,0.7401247401247402,0.5533658658658659
"Rest Apis, Java",JavaScript,0.1045,0.324,0.086,0.8229665071770335,2.5400200838797327,1.0,0.0521419999999999,3.818486486486485,0.6770545232623064,0.2510948905109488,0.7381161348772685,0.5441993029712328
Data Structures,"Rest Apis, JavaScript",0.129,0.2535,0.083,0.6434108527131783,2.538109872635812,1.0,0.0502985,2.093445652173913,0.695758925483795,0.2771285475792988,0.5223186238622617,0.485413513141599
Unit Testing,"Rest Apis, Python",0.1295,0.2465,0.081,0.6254826254826255,2.5374548701120707,1.0,0.04907825,2.011922680412371,0.6960417242821991,0.2745762711864407,0.5029630066126416,0.4770415155810693
Algorithms,JavaScript,0.129,0.324,0.106,0.821705426356589,2.536127859125275,1.0,0.064204,3.791478260869563,0.6954054112601001,0.3054755043227665,0.7362506307050134,0.5744329600918747
"Unit Testing, Java",JavaScript,0.098,0.324,0.0805,0.8214285714285714,2.5352733686067017,1.0,0.048748,3.785599999999999,0.671358334136701,0.2357247437774524,0.7358410819949281,0.534942680776014
"Object-Oriented Programming, Unit Testing",JavaScript,0.1035,0.324,0.085,0.8212560386473431,2.534740860022664,1.0,0.051466,3.781945945945948,0.6753846658574194,0.2481751824817518,0.735585855987194,0.5418008588298444
"Rest Apis, Unit Testing",JavaScript,0.1,0.324,0.082,0.82,2.530864197530864,1.0,0.0496,3.755555555555554,0.6720867208672086,0.239766081871345,0.7337278106508875,0.5365432098765432
"Python, Debugging",JavaScript,0.1105,0.324,0.0905,0.8190045248868778,2.527791743478018,1.0,0.054698,3.734899999999999,0.679480371057053,0.2630813953488372,0.732255214329701,0.5491627562705994
"Debugging, Java",JavaScript,0.1045,0.324,0.0855,0.8181818181818182,2.525252525252525,1.0,0.051642,3.718000000000001,0.6744835287548856,0.2492711370262391,0.7310381925766543,0.5410353535353536
Object-Oriented Programming,"Rest Apis, Python",0.135,0.2465,0.084,0.6222222222222222,2.524228082037413,1.0,0.0507225,1.994558823529412,0.6980800990916598,0.2823529411764706,0.4986359949863599,0.4814965066486365
"Object-Oriented Programming, Debugging",JavaScript,0.107,0.324,0.0875,0.8177570093457943,2.523941386869736,1.0,0.052832,3.709333333333332,0.6761414173732203,0.254730713245997,0.730409777138749,0.543909368870428
Node.js,"Rest Apis, Python",0.185,0.2465,0.115,0.6216216216216216,2.5217915684447125,1.0,0.0693975,1.9913928571428567,0.740437449986663,0.3633491311216429,0.497838913897308,0.5440765308919467
"Rest Apis, Object-Oriented Programming",JavaScript,0.1055,0.324,0.086,0.8151658767772512,2.5159440641273183,1.0,0.0518179999999999,3.657333333333333,0.6735996464180327,0.2503639010189228,0.7265767407947503,0.5402989877713416
Object-Oriented Programming,"JavaScript, Git",0.135,0.249,0.0845,0.6259259259259259,2.513758738658337,1.0,0.050885,2.0076237623762374,0.6961726579334405,0.2821368948247079,0.5018987029639492,0.4826416778224007
"Data Structures, SQL",JavaScript,0.105,0.324,0.0855,0.8142857142857144,2.513227513227513,1.0,0.05148,3.640000000000002,0.6727433107909438,0.2489082969432315,0.7252747252747255,0.5390873015873017
"Python, Unit Testing",JavaScript,0.105,0.324,0.0855,0.8142857142857144,2.513227513227513,1.0,0.05148,3.640000000000002,0.6727433107909438,0.2489082969432315,0.7252747252747255,0.5390873015873017
Object-Oriented Programming,"Rest Apis, JavaScript",0.135,0.2535,0.086,0.637037037037037,2.512966615530717,1.0,0.0517774999999999,2.056683673469387,0.6960276918940717,0.284297520661157,0.5137803577187368,0.4881437650668419
Webpack,"Rest Apis, JavaScript",0.0675,0.2535,0.043,0.637037037037037,2.512966615530717,1.0,0.0258887499999999,2.056683673469387,0.6456449903360558,0.1546762589928057,0.5137803577187368,0.4033311417926802
Data Structures,JavaScript,0.129,0.324,0.105,0.813953488372093,2.512202124605225,1.0,0.063204,3.6335,0.6910939806462194,0.3017241379310344,0.7247832668226228,0.5690137812230835
Java,JavaScript,0.1315,0.324,0.107,0.8136882129277566,2.5113833732338167,1.0,0.0643939999999999,3.628326530612244,0.6929338907451347,0.3070301291248206,0.7243908475262673,0.5719675632540018
Ci/Cd,Docker,0.082,0.255,0.0525,0.6402439024390243,2.510760401721664,1.0,0.0315899999999999,2.070847457627118,0.6554621848739494,0.1845342706502636,0.5171059093141266,0.4230631276901003
Api Design,"Git, SQL",0.08,0.244,0.049,0.6125,2.5102459016393444,1.0,0.02948,1.950967741935484,0.6539485359361136,0.1781818181818181,0.4874338624338625,0.4066598360655737
Api Design,"Rest Apis, Python",0.08,0.2465,0.0495,0.61875,2.5101419878296145,1.0,0.02978,1.976393442622951,0.6539306104523496,0.1787003610108303,0.4940278699402787,0.4097806795131846
Debugging,"JavaScript, Git",0.1355,0.249,0.0845,0.6236162361623616,2.5044828761540625,1.0,0.0507605,1.9953039215686277,0.6948709963347147,0.2816666666666667,0.4988232172601353,0.4814868329406185
Unit Testing,"Rest Apis, JavaScript",0.1295,0.2535,0.082,0.6332046332046332,2.497848651694805,1.0,0.04917175,2.035194736842105,0.6888632829464422,0.2724252491694352,0.5086465280705066,0.4783380167995552
"Debugging, SQL",JavaScript,0.1075,0.324,0.087,0.8093023255813953,2.497846683893195,1.0,0.0521699999999999,3.5448780487804856,0.671882546121897,0.2525399129172713,0.7179028484931883,0.5389104220499569
"Git, Unit Testing",JavaScript,0.0995,0.324,0.0805,0.8090452261306532,2.497053167069917,1.0,0.048262,3.5401052631578933,0.6657722935153347,0.2346938775510204,0.7175225238619131,0.528751008127055
Unit Testing,"JavaScript, Git",0.1295,0.249,0.0805,0.6216216216216216,2.4964723759904484,1.0,0.0482545,1.9847857142857144,0.688609744524636,0.2701342281879195,0.4961672724655414,0.4724573971561923
"Git, Debugging",JavaScript,0.1045,0.324,0.0845,0.8086124401913877,2.49571740799811,1.0,0.050642,3.5321000000000016,0.6692502618285379,0.2456395348837209,0.7168823079754256,0.534707454663595
"Java, SQL",JavaScript,0.1065,0.324,0.086,0.8075117370892019,2.49232017620124,1.0,0.0514939999999999,3.51190243902439,0.6701370362176442,0.2496371552975326,0.7152540489485235,0.536471917927317
"Rest Apis, Debugging",JavaScript,0.1105,0.324,0.089,0.8054298642533936,2.485894642757388,1.0,0.0531979999999999,3.474325581395347,0.6719846397736389,0.2575976845151953,0.7121743554044284,0.5400606111390425
Algorithms,"Rest Apis, Python",0.129,0.2465,0.079,0.6124031007751938,2.4843939179521044,1.0,0.0472015,1.94403,0.6859785783836417,0.266441821247892,0.485604646018837,0.4664449580955077
Object-Oriented Programming,JavaScript,0.135,0.324,0.1085,0.8037037037037037,2.4805669867398263,1.0,0.06476,3.44377358490566,0.6900189126554968,0.3095577746077032,0.7096208634670174,0.5692901234567901
"Unit Testing, Debugging",JavaScript,0.1055,0.324,0.0845,0.8009478672985783,2.472061318822772,1.0,0.050318,3.3960952380952385,0.665711894847209,0.2449275362318841,0.7055441823943466,0.5308751682171904
Node.js,"Rest Apis, SQL",0.185,0.2385,0.1085,0.5864864864864865,2.459062836421327,1.0,0.0643775,1.8415359477124185,0.7280257838342146,0.3444444444444444,0.4569750314989973,0.520706555612216
"Rest Apis, Webpack",JavaScript,0.054,0.324,0.043,0.7962962962962963,2.457704618198445,1.0,0.0255039999999999,3.318545454545454,0.626972810855991,0.1283582089552238,0.6986631602016218,0.4645061728395061
PostgreSQL,Docker,0.094,0.255,0.0585,0.6223404255319149,2.440550688360451,1.0,0.03453,1.9726760563380283,0.6514971415633668,0.2013769363166953,0.4930743966871341,0.4258760951188987
"TypeScript, Webpack",JavaScript,0.05,0.324,0.0395,0.7899999999999999,2.4382716049382718,1.0,0.0232999999999999,3.2190476190476174,0.6209193870752832,0.1180866965620328,0.6893491124260355,0.4559567901234567
"PostgreSQL, MongoDB",Docker,0.0725,0.255,0.045,0.6206896551724138,2.4340770791075053,1.0,0.0265124999999999,1.964090909090909,0.6352201257861635,0.15929203539823,0.4908585975468642,0.3985801217038539
Unit Testing,JavaScript,0.1295,0.324,0.102,0.7876447876447876,2.431002431002431,1.0,0.0600419999999999,3.183345454545454,0.6762171841740716,0.290184921763869,0.6858650704804551,0.5512298012298011
"Unit Testing, SQL",JavaScript,0.1055,0.324,0.083,0.7867298578199052,2.4281785735182257,1.0,0.048818,3.169688888888889,0.6575390438220181,0.2395382395382395,0.6845116239939427,0.521451348663039
Debugging,JavaScript,0.1355,0.324,0.1065,0.7859778597785977,2.425857591909252,1.0,0.0625979999999999,3.1585517241379293,0.6799012699679858,0.3016997167138809,0.6833992008559138,0.5573407817411506
Django,"Git, SQL",0.0855,0.244,0.0505,0.5906432748538012,2.42066915923689,1.0,0.029638,1.8468,0.6417617158107282,0.1810035842293906,0.4585228503357159,0.3988052439842776
"React, Webpack",JavaScript,0.0545,0.324,0.0425,0.779816513761468,2.4068410918563825,1.0,0.024842,3.070166666666668,0.6182100973652285,0.1264880952380952,0.6742847836708107,0.4554946766338204
Redis,"Python, Git",0.081,0.285,0.055,0.6790123456790124,2.3824994585228505,1.0,0.031915,2.2275000000000005,0.6314175487189633,0.1768488745980707,0.5510662177328844,0.4359974009096816
Node.js,"Git, SQL",0.185,0.244,0.1075,0.581081081081081,2.3814798404962336,1.0,0.06236,1.8046451612903225,0.7117705806819803,0.3343701399688958,0.4458744458744458,0.5108274257864421
MongoDB,"Git, SQL",0.189,0.244,0.1095,0.5793650793650794,2.374447046578194,1.0,0.063384,1.7972830188679247,0.7137476141411753,0.3384853168469861,0.4436046023347611,0.5140677855841791
Api Design,"Python, Git",0.08,0.285,0.054,0.6749999999999999,2.3684210526315788,1.0,0.0312,2.2,0.6280193236714976,0.1736334405144694,0.5454545454545453,0.4322368421052631
MongoDB,"Rest Apis, Python",0.189,0.2465,0.11,0.582010582010582,2.361097695783294,1.0,0.0634115,1.8026772151898731,0.710811568209842,0.3379416282642089,0.4452695182622189,0.5141290232568123
Api Design,"Rest Apis, SQL",0.08,0.2385,0.045,0.5625,2.358490566037736,1.0,0.02592,1.7405714285714289,0.6260869565217391,0.1645338208409506,0.4254760341431385,0.3755896226415094
"PostgreSQL, SQL",Docker,0.0735,0.255,0.044,0.5986394557823129,2.3476057089502467,1.0,0.0252575,1.856186440677966,0.6195726831182848,0.1546572934973637,0.4612610144729032,0.385594237695078
MongoDB,"Rest Apis, SQL",0.189,0.2385,0.105,0.5555555555555556,2.3293733985557887,1.0,0.0599235,1.7133750000000003,0.7036991368680642,0.3255813953488372,0.4163566061136645,0.4979035639412998
"Git, Webpack",JavaScript,0.0505,0.324,0.038,0.7524752475247524,2.322454467668989,1.0,0.0216379999999999,2.7310399999999984,0.5997062165682768,0.112927191679049,0.6338391235573261,0.4348795990710181
Django,"Rest Apis, Python",0.0855,0.2465,0.0485,0.5672514619883041,2.301222969526589,1.0,0.02742425,1.7411959459459465,0.6183143287132284,0.1710758377425044,0.4256820995199789,0.3820030129414137
Data Structures,"Python, Git",0.129,0.285,0.0845,0.6550387596899225,2.2983816129470966,1.0,0.047735,2.072696629213484,0.6485777756642369,0.2564491654021245,0.5175367268390525,0.475764993880049
Debugging,"Python, Git",0.1355,0.285,0.0885,0.6531365313653136,2.291707127597592,1.0,0.0498824999999999,2.061329787234042,0.6519885110429267,0.266566265060241,0.5148762676437952,0.4818314235773936
Unit Testing,"Python, Git",0.1295,0.285,0.0845,0.6525096525096525,2.289507552665448,1.0,0.0475925,2.0576111111111115,0.6470130408627295,0.2560606060606061,0.513999513999514,0.474500440289914
Django,"Rest Apis, SQL",0.0855,0.2385,0.0465,0.5438596491228069,2.280333958586193,1.0,0.02610825,1.6694423076923075,0.6139614455281398,0.1675675675675675,0.4009975694324451,0.3694141012909632
"HTML/CSS, Webpack",JavaScript,0.067,0.324,0.0495,0.7388059701492538,2.2802653399668324,1.0,0.027792,2.5881142857142856,0.6017733606158043,0.1449487554904831,0.6136182990373577,0.4457918739635158
Redis,"Rest Apis, SQL",0.081,0.2385,0.044,0.5432098765432098,2.2776095452545486,1.0,0.0246815,1.6670675675675677,0.610384311009991,0.1597096188747731,0.4001442896168218,0.3638481248544141
Redis,"Git, SQL",0.081,0.244,0.045,0.5555555555555555,2.276867030965392,1.0,0.0252359999999999,1.7009999999999996,0.6102285092491838,0.1607142857142857,0.4121105232216342,0.3699908925318761
Webpack,JavaScript,0.0675,0.324,0.0495,0.7333333333333333,2.2633744855967075,1.0,0.02763,2.5349999999999997,0.5985864001949792,0.1447368421052631,0.6055226824457594,0.4430555555555555
Webpack,"JavaScript, Git",0.0675,0.249,0.038,0.5629629629629629,2.2608954335861964,1.0,0.0211925,1.7183898305084744,0.5980668830252575,0.1364452423698384,0.4180598707895644,0.3577867023650156
Java,"Python, Git",0.1315,0.285,0.0845,0.6425855513307985,2.254686145020346,1.0,0.0470225,2.000478723404256,0.6407360851362446,0.2545180722891567,0.500119652210907,0.469538389700487
Django,"Git, Python",0.0855,0.285,0.0545,0.6374269005847952,2.236585616087001,1.0,0.0301325,1.9720161290322575,0.6045816383344788,0.1724683544303797,0.4929047560626506,0.4143274853801169
Algorithms,"Python, Git",0.129,0.285,0.082,0.6356589147286822,2.2303821569427447,1.0,0.045235,1.9624468085106384,0.6333482680406598,0.2469879518072289,0.4904320485715834,0.4616891064871481
Node.js,"Python, Git",0.185,0.285,0.1175,0.6351351351351351,2.228544333807492,1.0,0.064775,1.9596296296296296,0.6764130009137189,0.3333333333333333,0.4896994896994896,0.5237079184447605
"Python, AWS",Docker,0.0795,0.255,0.045,0.5660377358490566,2.2197558268590454,1.0,0.0247274999999999,1.7167391304347823,0.5969581749049429,0.155440414507772,0.4175003165759148,0.3712541620421753
Object-Oriented Programming,"Python, Git",0.135,0.285,0.085,0.6296296296296297,2.20922677063028,1.0,0.046525,1.9305000000000003,0.6327779666780007,0.2537313432835821,0.481999481999482,0.4639376218323587
PostgreSQL,"Rest Apis, Python",0.094,0.2465,0.0505,0.5372340425531915,2.179448448491649,1.0,0.027329,1.628252873563219,0.5973160229930278,0.1741379310344827,0.3858447810924904,0.3710510983557032
Data Cleaning,"Python, SQL",0.06,0.3575,0.0465,0.775,2.167832167832168,1.0,0.02505,2.855555555555556,0.5730954015099521,0.1253369272237196,0.6498054474708171,0.452534965034965
Business Intelligence,"Python, SQL",0.0555,0.3575,0.043,0.7747747747747747,2.1672021672021677,1.0,0.02315875,2.8527,0.5702229554212269,0.1162162162162162,0.6494549023731903,0.4475272475272475
MongoDB,"Python, Git",0.189,0.285,0.1155,0.6111111111111112,2.144249512670566,1.0,0.061635,1.838571428571429,0.6579979822889811,0.3221757322175732,0.4560994560994561,0.5081871345029241
PostgreSQL,"Rest Apis, SQL",0.094,0.2385,0.048,0.5106382978723404,2.141041081225746,1.0,0.025581,1.556108695652174,0.5882312362030906,0.1687170474516695,0.3573713694974922,0.3559480797537803
Looker,"Python, SQL",0.0585,0.3575,0.0445,0.7606837606837606,2.127786743171358,1.0,0.0235862499999999,2.684732142857143,0.5629613275492729,0.1197846567967698,0.6275233629319231,0.4425796425796425
Data Visualization,"Python, SQL",0.0975,0.3575,0.074,0.7589743589743589,2.123005199928277,1.0,0.03914375,2.665691489361702,0.5861158942876394,0.1942257217847769,0.624862815524294,0.482983682983683
Tableau,"Python, SQL",0.093,0.3575,0.0705,0.7580645161290321,2.120460184976314,1.0,0.0372524999999999,2.655666666666665,0.58258462548969,0.1855263157894736,0.6234467177105558,0.4776336566659147
Excel,"Python, SQL",0.061,0.3575,0.046,0.7540983606557377,2.109366043792273,1.0,0.0241925,2.612833333333333,0.5600893642635552,0.123489932885906,0.6172737130828602,0.4413848446635331
Power BI,"Python, SQL",0.056,0.3575,0.042,0.75,2.097902097902098,1.0,0.02198,2.5700000000000003,0.5543785310734464,0.1130551816958277,0.6108949416342412,0.4337412587412587
"JavaScript, Webpack",Rest Apis,0.0495,0.423,0.043,0.8686868686868686,2.053633259307018,1.0,0.0220614999999999,4.394076923076921,0.5397771062965636,0.1001164144353899,0.7724209162684033,0.485170857511283
AWS,Docker,0.114,0.255,0.0595,0.5219298245614035,2.046783625730994,1.0,0.0304299999999999,1.558348623853211,0.5772331505965816,0.1922455573505654,0.3582950665253738,0.3776315789473684
Statistics,"Python, SQL",0.103,0.3575,0.075,0.7281553398058253,2.036798153303008,1.0,0.0381775,2.3634821428571438,0.5674842066146414,0.1945525291828793,0.5768954705149031,0.4689727747980175
"Git, Debugging",Rest Apis,0.1045,0.423,0.09,0.861244019138756,2.036037870304388,1.0,0.0457965,4.158379310344829,0.5682300390843104,0.2057142857142857,0.7595216969475842,0.5370049882927823
"Node.js, HTML/CSS",Rest Apis,0.077,0.423,0.066,0.8571428571428572,2.026342451874367,1.0,0.033429,4.0390000000000015,0.54875406283857,0.152073732718894,0.7524139638524389,0.5065856129685917
"Data Cleaning, Python",SQL,0.051,0.4525,0.0465,0.911764705882353,2.014949626259344,1.0,0.0234225,6.205000000000006,0.530779428260648,0.1017505470459518,0.8388396454472201,0.5072635684107898
"Debugging, Java",Rest Apis,0.1045,0.423,0.089,0.8516746411483254,2.0134152273010057,1.0,0.0447964999999999,3.890096774193548,0.5620675161073784,0.2029646522234891,0.742936986392245,0.5310382662006402
"MongoDB, HTML/CSS",Rest Apis,0.0735,0.423,0.0625,0.8503401360544218,2.010260368922983,1.0,0.0314095,3.855409090909092,0.5424198596869941,0.1440092165898617,0.740624152607317,0.4990471365851305
"JavaScript, React",Docker,0.1465,0.255,0.075,0.5119453924914676,2.007628990162618,1.0,0.0376424999999999,1.5264685314685316,0.58804920913884,0.229709035222052,0.3448931442838492,0.4030315197751456
"Git, Java",Rest Apis,0.1015,0.423,0.086,0.8472906403940885,2.0030511593240865,1.0,0.0430654999999999,3.778419354838706,0.5573306932743202,0.1961231470923603,0.7353390648077791,0.5253001665327417
"React, Git",Docker,0.1265,0.255,0.0645,0.5098814229249012,1.9995349918623575,1.0,0.0322425,1.5200403225806454,0.5722767268806327,0.2034700315457413,0.3421227153354379,0.3814112996977447
Debugging,"Rest Apis, Git",0.1355,0.3325,0.09,0.6642066420664205,1.9976139611020165,1.0,0.0449462499999999,1.9878296703296696,0.5776781697834329,0.238095238095238,0.496938789612615,0.4674416668978719
"Rest Apis, Python",JavaScript,0.2465,0.324,0.1595,0.6470588235294118,1.9970951343500365,1.0,0.079634,1.915333333333333,0.6626048138987753,0.3880778588807785,0.4778976679429169,0.5696713870733479
"Debugging, Algorithms",Rest Apis,0.1015,0.423,0.0855,0.8423645320197044,1.9914055130489468,1.0,0.0425655,3.660343749999999,0.5540813636763027,0.1947608200455581,0.7268016152854496,0.5222460957970863
"React, Node.js",Rest Apis,0.079,0.423,0.0665,0.8417721518987342,1.9900050872310504,1.0,0.033083,3.646640000000001,0.5401614786151044,0.1526980482204362,0.7257749599631443,0.4994912768949936
"Docker, TypeScript",Rest Apis,0.0725,0.423,0.061,0.8413793103448276,1.9890763837939187,1.0,0.0303325,3.637608695652174,0.5361230171004375,0.1403912543153049,0.7250941253809838,0.4927936740849433
"Docker, React",Rest Apis,0.078,0.423,0.0655,0.8397435897435898,1.9852094320179428,1.0,0.032506,3.60048,0.5382590121044527,0.1504018369690011,0.7222592543216461,0.4972949627204946
"Data Visualization, Data Cleaning",SQL,0.0535,0.4525,0.048,0.897196261682243,1.98275416946352,1.0,0.02379125,5.325681818181818,0.5236672389505195,0.1048034934497816,0.812230614944736,0.5016368048742706
"Data Visualization, Python",SQL,0.0825,0.4525,0.074,0.8969696969696969,1.9822534739661808,1.0,0.0366687499999999,5.313970588235288,0.5400802710067014,0.1605206073752711,0.8118167981181678,0.5302528042859533
"React, MongoDB",Rest Apis,0.071,0.423,0.0595,0.8380281690140845,1.981154063863084,1.0,0.029467,3.562347826086956,0.5330933234434786,0.1369390103567318,0.7192862547904412,0.4893450537741817
"Git, SQL",JavaScript,0.244,0.324,0.1565,0.6413934426229508,1.9796093908115768,1.0,0.077444,1.8850742857142857,0.6545632807613638,0.3803159173754555,0.4695169269570279,0.5622090669904878
"Excel, Statistics",SQL,0.0525,0.4525,0.047,0.8952380952380953,1.9784267298079448,1.0,0.02324375,5.226136363636366,0.521950261045304,0.1026200873362445,0.8086540552293978,0.4995527492765062
"Docker, HTML/CSS",Rest Apis,0.0795,0.423,0.0665,0.8364779874213837,1.977489331965446,1.0,0.0328715,3.5285769230769235,0.5369997508709308,0.1525229357798165,0.7165996315795212,0.4968441946563183
"Object-Oriented Programming, Debugging",Rest Apis,0.107,0.423,0.0895,0.836448598130841,1.977419853737213,1.0,0.044239,3.5279428571428557,0.5535168004404212,0.2031782065834279,0.7165486969338667,0.5240162612403614
"JavaScript, Debugging",Rest Apis,0.1065,0.423,0.089,0.8356807511737089,1.975604612703804,1.0,0.0439504999999999,3.5114571428571417,0.5526870091736197,0.2020431328036322,0.7152179396424765,0.523041321213332
"Excel, Python",SQL,0.0515,0.4525,0.046,0.8932038834951457,1.973931234243416,1.0,0.02269625,5.126590909090911,0.5201863354037267,0.1004366812227074,0.8049385999911337,0.4974306710293408
"Rest Apis, SQL",JavaScript,0.2385,0.324,0.1525,0.639412997903564,1.9734969071097648,1.0,0.075226,1.8747209302325585,0.6477810189121987,0.371951219512195,0.4665872750052722,0.5550460051246215
"Python, Statistics",SQL,0.084,0.4525,0.075,0.8928571428571428,1.9731649565903708,1.0,0.0369899999999999,5.109999999999997,0.5384279475982532,0.1625135427952329,0.8043052837573385,0.529301499605367
"React, HTML/CSS",Rest Apis,0.145,0.423,0.121,0.8344827586206897,1.9727724790087229,1.0,0.059665,3.4860416666666665,0.5767241795949931,0.2706935123042506,0.7131416960497222,0.5602673840384772
"Node.js, TypeScript",Rest Apis,0.0755,0.423,0.063,0.8344370860927153,1.9726645061293504,1.0,0.0310635,3.485080000000001,0.5333384841226918,0.1446613088404133,0.7130625408885881,0.4916866281527406
"Debugging, Data Structures",Rest Apis,0.1025,0.423,0.0855,0.8341463414634147,1.9719771665801769,1.0,0.0421425,3.4789705882352955,0.5491863363143236,0.1943181818181818,0.71255865071649,0.5181370005189414
"Python, HTML/CSS",Rest Apis,0.078,0.423,0.065,0.8333333333333334,1.9700551615445236,1.0,0.032006,3.4620000000000006,0.5340563991323212,0.1490825688073394,0.711149624494512,0.4934988179669031
Java,"Rest Apis, Git",0.1315,0.3325,0.086,0.6539923954372623,1.966894422367706,1.0,0.0422762499999999,1.9291483516483512,0.5660153164370538,0.2275132275132275,0.481636547471554,0.4563195059893078
"Python, TypeScript",Rest Apis,0.074,0.423,0.0615,0.8310810810810811,1.964730688134944,1.0,0.030198,3.415840000000001,0.5302639203497868,0.1412169919632606,0.7072462410417352,0.4882355760015335
"Data Cleaning, Statistics",SQL,0.0525,0.4525,0.0465,0.8857142857142858,1.957379636937648,1.0,0.02274375,4.790625000000003,0.5162141458847561,0.1014176663031624,0.7912589693411612,0.4942383583267561
"Tableau, Data Cleaning",SQL,0.048,0.4525,0.0425,0.8854166666666667,1.9567219152854516,1.0,0.02078,4.778181818181821,0.513593672763223,0.0927947598253275,0.7907153729071539,0.4896696593001842
"React, Python",Rest Apis,0.078,0.423,0.0645,0.826923076923077,1.954900891071104,1.0,0.031506,3.3337777777777786,0.5297886293699239,0.1477663230240549,0.7000399946673779,0.4897026732133115
"Python, Power BI",SQL,0.0475,0.4525,0.042,0.8842105263157896,1.9540564117476007,1.0,0.02050625,4.728409090909095,0.5125921759780027,0.0917030567685589,0.7885123768324923,0.4885141029369003
"React, Git",Rest Apis,0.1265,0.423,0.1045,0.8260869565217391,1.95292424709631,1.0,0.0509904999999999,3.31775,0.5586117554906155,0.2348314606741572,0.6985909125160125,0.5365659368897112
"Excel, Data Cleaning",SQL,0.0555,0.4525,0.049,0.8828828828828829,1.9511223931113435,1.0,0.02388625,4.674807692307692,0.5161190998368643,0.1067538126361655,0.786087457320334,0.4955850878502812
"Debugging, Unit Testing",Rest Apis,0.1055,0.423,0.087,0.8246445497630331,1.9495143020402677,1.0,0.0423734999999999,3.2904594594594587,0.5444960582872342,0.1970554926387316,0.6960910741127092,0.5151591543141407
"Tableau, Data Visualization",SQL,0.0805,0.4525,0.071,0.8819875776397514,1.9491438179884009,1.0,0.0345737499999999,4.639342105263154,0.529585889453086,0.1536796536796536,0.7844521966022857,0.5194468274939088
"Tableau, Looker",SQL,0.0465,0.4525,0.041,0.8817204301075269,1.9485534367017168,1.0,0.01995875,4.628863636363636,0.5105388363794493,0.0895196506550218,0.7839642559041586,0.4861640824570784
"Tableau, Python",SQL,0.08,0.4525,0.0705,0.8812499999999999,1.947513812154696,1.0,0.0342999999999999,4.6105263157894685,0.5288313290163428,0.1525974025974026,0.78310502283105,0.5185255524861878
"Python, Looker",SQL,0.0505,0.4525,0.0445,0.8811881188118811,1.9473770581478036,1.0,0.0216487499999999,4.608124999999996,0.5123631006265863,0.0970556161395855,0.7829919978299198,0.4897653301241725
"Excel, Data Visualization",SQL,0.0545,0.4525,0.048,0.8807339449541285,1.9463733590146488,1.0,0.02333875,4.590576923076925,0.5142506169575181,0.1045751633986928,0.7821624565372209,0.4934056465102134
"React, TypeScript",Rest Apis,0.1245,0.423,0.1025,0.823293172690763,1.946319557188565,1.0,0.0498365,3.265295454545453,0.5553509492833364,0.2303370786516853,0.6937489994640607,0.5328049787803697
"Debugging, SQL",Rest Apis,0.1075,0.423,0.0885,0.8232558139534883,1.946231238660729,1.0,0.0430274999999999,3.264605263157894,0.5447467122442197,0.2002262443438914,0.6936842529523196,0.5162378360547584
"Git, Data Structures",Rest Apis,0.099,0.423,0.0815,0.8232323232323232,1.9461757050409527,1.0,0.039623,3.264171428571428,0.5395913198014476,0.1850170261066969,0.6936435411305429,0.5079518590156888
"Statistics, Business Intelligence",SQL,0.05,0.4525,0.044,0.8799999999999999,1.9447513812154693,1.0,0.0213749999999999,4.562499999999996,0.5113636363636362,0.0959651035986913,0.780821917808219,0.4886187845303866
"Data Visualization, Business Intelligence",SQL,0.05,0.4525,0.044,0.8799999999999999,1.9447513812154693,1.0,0.0213749999999999,4.562499999999996,0.5113636363636362,0.0959651035986913,0.780821917808219,0.4886187845303866
"JavaScript, React",Rest Apis,0.1465,0.423,0.1205,0.8225255972696246,1.9445049580842189,1.0,0.0585305,3.2511730769230773,0.5691040309975764,0.2683741648106904,0.692418712772313,0.5536977868144813
"Data Visualization, Statistics",SQL,0.087,0.4525,0.0765,0.8793103448275863,1.943227281386931,1.0,0.0371325,4.536428571428575,0.5316452977686145,0.1652267818574514,0.7795622736576918,0.5241855591541247
"Excel, Tableau",SQL,0.0495,0.4525,0.0435,0.8787878787878787,1.9420726603047045,1.0,0.0211012499999999,4.516874999999995,0.510348455440875,0.0948745910577971,0.7786079977860798,0.4874602377364808
PostgreSQL,"Python, Git",0.094,0.285,0.052,0.5531914893617021,1.9410227696901832,1.0,0.02521,1.6002380952380957,0.5351078281541858,0.1590214067278287,0.3750929921142687,0.3678238148562897
Docker,"Python, Git",0.255,0.285,0.141,0.5529411764705882,1.940144478844169,1.0,0.068325,1.5993421052631578,0.6504355276310153,0.3533834586466164,0.3747429041546687,0.5238390092879257
"Python, Business Intelligence",SQL,0.049,0.4525,0.043,0.8775510204081631,1.93933927162025,1.0,0.0208274999999999,4.471249999999995,0.5093169980192209,0.0937840785169029,0.7763488957226724,0.4862893223587777
"Data Cleaning, Looker",SQL,0.053,0.4525,0.0465,0.8773584905660378,1.9389137913061607,1.0,0.0225175,4.46423076923077,0.5113487981287824,0.1013071895424836,0.7759972430429913,0.4900604607526321
"TypeScript, MongoDB",Rest Apis,0.0695,0.423,0.057,0.8201438848920863,1.9388744323689984,1.0,0.0276015,3.20812,0.5204049888288695,0.1308840413318025,0.6882909616847251,0.4774478289708658
"TypeScript, Webpack",Rest Apis,0.05,0.423,0.041,0.82,1.9385342789598108,1.0,0.01985,3.2055555555555544,0.5096277278562259,0.0949074074074074,0.6880415944540728,0.4584633569739952
"Algorithms, Java",Rest Apis,0.099,0.423,0.081,0.8181818181818181,1.934235976789168,1.0,0.039123,3.173499999999999,0.5360710321864596,0.1836734693877551,0.6848904994485583,0.5048355899419729
"Data Visualization, Looker",SQL,0.052,0.4525,0.0455,0.875,1.9337016574585637,1.0,0.02197,4.38,0.5093429776974081,0.0991285403050108,0.771689497716895,0.4877762430939226
"Data Cleaning, Business Intelligence",SQL,0.0515,0.4525,0.045,0.8737864077669903,1.9310196856729067,1.0,0.02169625,4.337884615384617,0.5083172260294032,0.0980392156862745,0.7694728908986125,0.4866169607895725
"React, Webpack",Rest Apis,0.0545,0.423,0.0445,0.8165137614678899,1.9302925803023403,1.0,0.0214465,3.1446499999999995,0.5097237654412682,0.102771362586605,0.6819995865994626,0.4608573535471837
"React, SQL",Rest Apis,0.0735,0.423,0.06,0.8163265306122449,1.929849954166064,1.0,0.0289095,3.1414444444444447,0.5200485698866703,0.1374570446735395,0.681675096381707,0.4790852511217253
"Statistics, Looker",SQL,0.051,0.4525,0.0445,0.8725490196078431,1.928285126205178,1.0,0.0214224999999999,4.295769230769231,0.5072755472940174,0.0969498910675381,0.76721282120154,0.4854457805221536
Debugging,Rest Apis,0.1355,0.423,0.1105,0.8154981549815498,1.9278916193417253,1.0,0.0531835,3.127339999999999,0.5567364286106844,0.2466517857142857,0.6802394367097917,0.5383637347011767
"Tableau, Power BI",SQL,0.047,0.4525,0.041,0.8723404255319149,1.9278241448219116,1.0,0.0197325,4.288750000000001,0.5050162516315615,0.089422028353326,0.7668318274555523,0.4814740801692724
"HTML/CSS, SQL",Rest Apis,0.073,0.423,0.0595,0.815068493150685,1.9268758703325888,1.0,0.028621,3.1200740740740747,0.5189052967465304,0.13631156930126,0.6794947888226777,0.477865215842482
"Excel, Looker",SQL,0.0545,0.4525,0.0475,0.8715596330275229,1.9260986365249124,1.0,0.02283875,4.262678571428571,0.5085307133513318,0.103373231773667,0.7654057224246994,0.4882660043590653
"TypeScript, HTML/CSS",Rest Apis,0.1375,0.423,0.112,0.8145454545454545,1.9256393724478829,1.0,0.0538374999999999,3.11127450980392,0.5573240165631469,0.249721293199554,0.6785883094375295,0.5396604341285192
"Git, TypeScript",Rest Apis,0.124,0.423,0.101,0.8145161290322581,1.925570044993518,1.0,0.048548,3.110782608695653,0.5487137754871378,0.226457399103139,0.6785374853245375,0.5266434073057271
"Excel, Business Intelligence",SQL,0.0505,0.4525,0.044,0.8712871287128712,1.925496417045019,1.0,0.0211487499999999,4.253653846153842,0.5062173871415576,0.0958605664488017,0.7649079976490798,0.4842623488868223
"Git, HTML/CSS",Rest Apis,0.1455,0.423,0.1185,0.8144329896907216,1.9253734980868125,1.0,0.0569535,3.1093888888888888,0.5624578738028754,0.2633333333333333,0.678393396344405,0.5472874168311764
"Object-Oriented Programming, Java",Rest Apis,0.105,0.423,0.0855,0.8142857142857144,1.9250253292806487,1.0,0.041085,3.1069230769230782,0.5369009114966188,0.1932203389830508,0.6781381530081706,0.5082066869300912
"Git, Unit Testing",Rest Apis,0.0995,0.423,0.081,0.8140703517587939,1.9245161980113328,1.0,0.0389115,3.103324324324324,0.533469060398544,0.1834654586636467,0.6777649077275459,0.5027798567304608
React,Rest Apis,0.168,0.423,0.1365,0.8125,1.9208037825059103,1.0,0.065436,3.0773333333333333,0.5761834319526628,0.3003300330033003,0.6750433275563259,0.5675975177304965
"Git, Algorithms",Rest Apis,0.101,0.423,0.082,0.8118811881188118,1.9193408702572383,1.0,0.039277,3.0672105263157885,0.5328006728343145,0.1855203619909502,0.6739708632908351,0.5028673080073964
"Tableau, Business Intelligence",SQL,0.0455,0.4525,0.0395,0.8681318681318682,1.9185234654847916,1.0,0.01891125,4.151875,0.5015880804450604,0.0861504907306434,0.7591449646244167,0.477712342905713
"JavaScript, Algorithms",Rest Apis,0.106,0.423,0.086,0.8113207547169811,1.918015968598064,1.0,0.041162,3.0580999999999987,0.535377972009781,0.1941309255079006,0.6729995748994473,0.5073152236941879
"Statistics, Power BI",SQL,0.049,0.4525,0.0425,0.8673469387755103,1.9167888149735035,1.0,0.0203275,4.127307692307695,0.5029380837508505,0.0925925925925925,0.7577113036995622,0.4806347953546059
Android,Git,0.033,0.4745,0.03,0.9090909090909092,1.915892326851231,1.0,0.0143415,5.780499999999999,0.494364012409514,0.06282722513089,0.8270045843785139,0.4861576779384998
Data Cleaning,SQL,0.06,0.4525,0.052,0.8666666666666667,1.9152854511970532,1.0,0.0248499999999999,4.106250000000001,0.5083878887070377,0.1129207383279044,0.756468797564688,0.4907918968692449
"Python, Debugging",Rest Apis,0.1105,0.423,0.0895,0.8099547511312217,1.914786645700288,1.0,0.0427585,3.036119047619048,0.5370979239482353,0.2015765765765766,0.6706321510073168,0.5107693377405518
"Object-Oriented Programming, Git",Rest Apis,0.1025,0.423,0.083,0.8097560975609757,1.9143170155105809,1.0,0.0396425,3.0329487179487185,0.5321676678860289,0.1875706214689265,0.6702878640571502,0.5029867958254051
"Docker, JavaScript",Rest Apis,0.0945,0.423,0.0765,0.8095238095238095,1.91376787121468,1.0,0.0365264999999999,3.02925,0.527300483970507,0.173469387755102,0.6698852851365851,0.4951874366767984
"Object-Oriented Programming, Data Structures",Rest Apis,0.102,0.423,0.0825,0.8088235294117648,1.912112362675567,1.0,0.039354,3.018153846153848,0.5312006479044341,0.1864406779661017,0.6686716280966463,0.5019294952023363
Algorithms,"Rest Apis, Git",0.129,0.3325,0.082,0.6356589147286822,1.9117561345223524,1.0,0.0391075,1.8320744680851064,0.5475553750945088,0.2160737812911726,0.4541706587695613,0.4411377280410328
"Node.js, Git",Rest Apis,0.1405,0.423,0.1135,0.8078291814946619,1.9097616583798156,1.0,0.0540685,3.002537037037036,0.5542460143562619,0.2522222222222222,0.6669483214812165,0.5380753472485129
"Data Visualization, Power BI",SQL,0.0515,0.4525,0.0445,0.8640776699029127,1.9095639113876524,1.0,0.02119625,4.028035714285716,0.5021826301730112,0.0968443960826985,0.7517400363523519,0.4812101056696883
"JavaScript, Git",Rest Apis,0.249,0.423,0.201,0.8072289156626506,1.9083425902190323,1.0,0.095673,2.9931875000000003,0.6338016972395017,0.4267515923566879,0.6659079994153392,0.6412031103135949
"Unit Testing, Data Structures",Rest Apis,0.0985,0.423,0.0795,0.8071065989847716,1.9080534254959136,1.0,0.0378345,2.99128947368421,0.527904226708107,0.1798642533936651,0.6656960121053234,0.4975249306980595
"JavaScript, HTML/CSS",Rest Apis,0.16,0.423,0.129,0.80625,1.9060283687943265,1.0,0.06132,2.978064516129032,0.5658914728682171,0.2841409691629956,0.6642114384748701,0.5556072695035461
TypeScript,"Rest Apis, Git",0.1595,0.3325,0.101,0.6332288401253918,1.9044476394748624,1.0,0.04796625,1.8199358974358968,0.565036723779457,0.258312020460358,0.45053009756613,0.4684941193108162
Data Visualization,SQL,0.0975,0.4525,0.084,0.8615384615384616,1.9039524011899704,1.0,0.03988125,3.954166666666668,0.5260684606252473,0.1802575107296137,0.7471022128556376,0.5235869103272418
"JavaScript, Node.js",Rest Apis,0.0975,0.423,0.0785,0.8051282051282052,1.903376371461478,1.0,0.0372575,2.960921052631579,0.5258923372796726,0.1776018099547511,0.6622672532551217,0.4953537006728496
"JavaScript, MongoDB",Rest Apis,0.087,0.423,0.07,0.8045977011494254,1.90212222493954,1.0,0.033199,2.9528823529411783,0.5194648724769209,0.1590909090909091,0.6613478356142556,0.4850411673595827
Excel,SQL,0.061,0.4525,0.0525,0.860655737704918,1.9020016302871117,1.0,0.0248975,3.9291176470588223,0.5050458948222526,0.1138828633405639,0.7454899318811288,0.4883389185762159
"JavaScript, TypeScript",Rest Apis,0.1405,0.423,0.113,0.8042704626334519,1.9013486114266005,1.0,0.0535685,2.947945454545454,0.5515503456938846,0.2508324084350721,0.6607806978049428,0.5357049712694446
"JavaScript, Unit Testing",Rest Apis,0.102,0.423,0.082,0.803921568627451,1.9005238029017757,1.0,0.038854,2.9427000000000003,0.5276495192568853,0.1851015801354401,0.6601760288170729,0.4988874982617161
Data Structures,"Rest Apis, Git",0.129,0.3325,0.0815,0.6317829457364341,1.9000990849216064,1.0,0.0386075,1.8127894736842105,0.543871017728723,0.2144736842105263,0.4483639636500885,0.4384478638456607
"JavaScript, Java",Rest Apis,0.107,0.423,0.086,0.8037383177570093,1.90009058571397,1.0,0.040739,2.93995238095238,0.5304695434776947,0.1936936936936936,0.6598584363206401,0.503524005214202
"Api Design, Redis",Rest Apis,0.056,0.423,0.045,0.8035714285714285,1.8996960486322187,1.0,0.0213119999999999,2.937454545454544,0.5016949152542373,0.1036866359447004,0.6595692002971032,0.4549772036474164
Api Design,"Rest Apis, Git",0.08,0.3325,0.0505,0.63125,1.898496240601504,1.0,0.0239,1.810169491525424,0.514421007318123,0.1395027624309392,0.447565543071161,0.3915648496240601
Data Structures,"Python, SQL",0.129,0.3575,0.0875,0.6782945736434108,1.897327478722828,1.0,0.0413824999999999,1.9971686746987956,0.5429883549286535,0.219298245614035,0.4992911652037522,0.4615249091993277
"Algorithms, Data Structures",Rest Apis,0.0985,0.423,0.079,0.8020304568527918,1.8960530894865053,1.0,0.0373345,2.914589743589743,0.5242247449749714,0.1785310734463277,0.656898538739674,0.4943958430836063
"Git, Webpack",Rest Apis,0.0505,0.423,0.0405,0.8019801980198019,1.8959342742784917,1.0,0.0191385,2.9138499999999987,0.4976888420806272,0.0935334872979214,0.6568114350429843,0.4488624394354328
"Unit Testing, Java",Rest Apis,0.098,0.423,0.0785,0.8010204081632653,1.8936652675254495,1.0,0.037046,2.899794871794871,0.5231968590676063,0.1774011299435028,0.6551480210801824,0.4932998021903796
"Data Structures, Java",Rest Apis,0.1005,0.423,0.0805,0.8009950248756219,1.8936052597532436,1.0,0.0379885,2.899425,0.5246323872130481,0.1817155756207675,0.6551040292471785,0.4956511767404114
"Node.js, MongoDB",Rest Apis,0.14,0.423,0.112,0.7999999999999999,1.8912529550827424,1.0,0.05278,2.884999999999999,0.5479651162790697,0.2483370288248337,0.6533795493934141,0.532387706855792
Webpack,Rest Apis,0.0675,0.423,0.054,0.7999999999999999,1.8912529550827424,1.0,0.0254474999999999,2.884999999999999,0.5053619302949062,0.1237113402061855,0.6533795493934141,0.4638297872340425
"Unit Testing, Algorithms",Rest Apis,0.1,0.423,0.08,0.7999999999999999,1.8912529550827424,1.0,0.0377,2.884999999999999,0.523611111111111,0.1805869074492099,0.6533795493934141,0.4945626477541371
"HTML/CSS, Webpack",Rest Apis,0.067,0.423,0.0535,0.7985074626865671,1.887724498076991,1.0,0.0251589999999999,2.863629629629629,0.5040318137652632,0.122565864833906,0.6507928296127681,0.4624925020288628
"Python, Java",Rest Apis,0.104,0.423,0.083,0.7980769230769231,1.8867066739407168,1.0,0.039008,2.8575238095238102,0.5245266781411361,0.1869369369369369,0.6500466604452741,0.4971472085833788
HTML/CSS,"Rest Apis, Git",0.189,0.3325,0.1185,0.626984126984127,1.8856665473206824,1.0,0.0556574999999999,1.7894680851063829,0.5791412383524012,0.2940446650124069,0.4411747220735985,0.4916875522138679
"Object-Oriented Programming, Data Structures",SQL,0.102,0.4525,0.087,0.8529411764705882,1.8849528761780956,1.0,0.0408449999999999,3.722999999999999,0.522809308040857,0.1860962566844919,0.7313994090786999,0.5226031849203769
HTML/CSS,Rest Apis,0.189,0.423,0.1505,0.7962962962962963,1.8824971543647664,1.0,0.0705529999999999,2.8325454545454543,0.578040317724314,0.3261105092091007,0.646960652159959,0.5760441292356187
TypeScript,Rest Apis,0.1595,0.423,0.127,0.7962382445141066,1.8823599161089992,1.0,0.0595315,2.831738461538462,0.5577060898321677,0.278814489571899,0.6468600424854535,0.548237325566746
Unit Testing,"Rest Apis, Git",0.1295,0.3325,0.081,0.6254826254826255,1.881150753331204,1.0,0.0379412499999999,1.7822938144329894,0.5380936172626771,0.2125984251968504,0.4389252816219108,0.4345458240195082
"Data Structures, SQL",Rest Apis,0.105,0.423,0.0835,0.7952380952380953,1.8799954970167736,1.0,0.039085,2.8179069767441867,0.5229986953467367,0.1878515185601799,0.6451266815218291,0.4963188112124282
Unit Testing,"Python, SQL",0.1295,0.3575,0.087,0.6718146718146717,1.879201879201879,1.0,0.04070375,1.9577352941176465,0.5374603048848924,0.2174999999999999,0.4892057148866485,0.4575856575856575
"Object-Oriented Programming, Unit Testing",SQL,0.1035,0.4525,0.088,0.8502415458937198,1.878986841754077,1.0,0.0411662499999999,3.6558870967741934,0.5218051259950311,0.1880341880341879,0.7264685769748307,0.5223583420076334
Java,Rest Apis,0.1315,0.423,0.1045,0.7946768060836501,1.8786685723017733,1.0,0.0488754999999999,2.8102037037037024,0.5385240460233642,0.2322222222222222,0.6441539100236571,0.5208608616706667
"Looker, Business Intelligence",SQL,0.05,0.4525,0.0425,0.85,1.878453038674033,1.0,0.019875,3.65,0.4922600619195046,0.092391304347826,0.7260273972602739,0.4719613259668508
"TypeScript, SQL",Rest Apis,0.073,0.423,0.058,0.7945205479452055,1.878299167719162,1.0,0.027121,2.808066666666668,0.5044265892943496,0.1324200913242009,0.6438830986918641,0.4658181935943521
"JavaScript, Python",Rest Apis,0.201,0.423,0.1595,0.7935323383084577,1.8759629747244864,1.0,0.074477,2.794626506024096,0.5844060561595412,0.3433799784714746,0.6421704303439476,0.5853004481140398
"Java, SQL",Rest Apis,0.1065,0.423,0.0845,0.7934272300469485,1.8757144918367576,1.0,0.0394505,2.793204545454547,0.522517988231905,0.1898876404494382,0.6419882669791136,0.4965954117137816
"Object-Oriented Programming, Algorithms",Rest Apis,0.1015,0.423,0.0805,0.793103448275862,1.874949050297546,1.0,0.0375655,2.788833333333332,0.5193680288403378,0.1813063063063063,0.6414271200621525,0.4917053884405314
"Git, SQL",Rest Apis,0.244,0.423,0.1935,0.7930327868852459,1.87478200209278,1.0,0.090288,2.787881188118812,0.6172019195275009,0.4086589229144667,0.6413046566468734,0.6252397976979421
"Object-Oriented Programming, JavaScript",Rest Apis,0.1085,0.423,0.086,0.792626728110599,1.87382205227092,1.0,0.0401044999999999,2.782422222222221,0.5230862538966206,0.1930415263748597,0.640600915269669,0.4979682103909968
"Object-Oriented Programming, Python",Rest Apis,0.106,0.423,0.084,0.7924528301886793,1.873410946072528,1.0,0.039162,2.7800909090909096,0.5214924896132951,0.1887640449438202,0.6402995323893923,0.4955171952361836
"Data Cleaning, Power BI",SQL,0.0525,0.4525,0.0445,0.8476190476190476,1.8731912654564584,1.0,0.02074375,3.5929687499999994,0.491980670599745,0.0966340933767643,0.7216786257882148,0.4729807945277558
"Unit Testing, Java",SQL,0.098,0.4525,0.083,0.8469387755102041,1.871687901680009,1.0,0.038655,3.5770000000000013,0.5163224961931985,0.1775401069518716,0.7204361196533409,0.5151820949374225
Business Intelligence,SQL,0.0555,0.4525,0.047,0.8468468468468469,1.8714847444129208,1.0,0.02188625,3.574852941176471,0.493027944538932,0.1019522776572668,0.7202682134188984,0.475357125080882
"Python, MongoDB",Rest Apis,0.139,0.423,0.11,0.7913669064748201,1.8708437505314897,1.0,0.051203,2.765620689655172,0.5406292894097772,0.243362831858407,0.6384175155542811,0.5257070938993486
React,"Rest Apis, Git",0.168,0.3325,0.1045,0.6220238095238094,1.8707482993197275,1.0,0.0486399999999999,1.7659842519685034,0.5594405594405594,0.2638888888888888,0.4337435348671302,0.4681547619047618
Looker,SQL,0.0585,0.4525,0.0495,0.8461538461538461,1.869953251168721,1.0,0.02302875,3.55875,0.4941341186694347,0.1072589382448537,0.7190024587284861,0.4777730556736081
"Docker, Node.js",Rest Apis,0.1435,0.423,0.1135,0.7909407665505227,1.8698363275426069,1.0,0.0527995,2.759983333333334,0.5431334881484168,0.2505518763796909,0.6376789714913739,0.5296311397764434
"JavaScript, Data Structures",Rest Apis,0.105,0.423,0.083,0.7904761904761906,1.8687380389508053,1.0,0.038585,2.7538636363636373,0.5194184559466919,0.1865168539325842,0.6368738136502436,0.4933468422830125
"Node.js, Python",Rest Apis,0.1455,0.423,0.115,0.7903780068728523,1.8685059264133623,1.0,0.0534535,2.752573770491804,0.5439590912560104,0.2535832414553473,0.6367036514260873,0.5311228095829983
Debugging,"Python, SQL",0.1355,0.3575,0.0905,0.6678966789667896,1.8682424586483624,1.0,0.04205875,1.9346388888888888,0.5375796056226413,0.2248447204968944,0.4831076715436413,0.4605217660568214
"Power BI, Business Intelligence",SQL,0.0485,0.4525,0.041,0.845360824742268,1.8682007176624704,1.0,0.01905375,3.5405,0.4884136728913268,0.0891304347826087,0.7175540177940969,0.4679842797744489
"Python, Algorithms",Rest Apis,0.1,0.423,0.079,0.7899999999999999,1.867612293144208,1.0,0.0366999999999999,2.7476190476190463,0.5161744022503516,0.1779279279279279,0.6360485268630849,0.4883806146572104
Statistics,SQL,0.103,0.4525,0.087,0.8446601941747572,1.866652362817143,1.0,0.0403925,3.524531249999999,0.5175937672189547,0.1856990394877267,0.7162743272598305,0.5184626937724615
"Excel, Power BI",SQL,0.0515,0.4525,0.0435,0.8446601941747572,1.866652362817143,1.0,0.02019625,3.524531249999999,0.4894903628839244,0.0944625407166123,0.7162743272598305,0.47039639542992
"Rest Apis, Git",JavaScript,0.3325,0.324,0.201,0.6045112781954888,1.8657755499860764,1.0,0.09327,1.709277566539924,0.6951758063614513,0.4412733260153677,0.4149575121235041,0.6124408242829296
JavaScript,"Rest Apis, Git",0.324,0.3325,0.201,0.6203703703703703,1.865775549986076,1.0,0.09327,1.758292682926829,0.6864346904530602,0.4412733260153677,0.4312664724649743,0.6124408242829296
TensorFlow,SQL,0.0385,0.4525,0.0325,0.8441558441558442,1.8655377771399877,1.0,0.01507875,3.5131250000000014,0.4825393015720629,0.0708833151581243,0.7153531400106744,0.4579895242878669
"Object-Oriented Programming, JavaScript",SQL,0.1085,0.4525,0.0915,0.8433179723502304,1.8636861267408409,1.0,0.04240375,3.494338235294118,0.519830579639522,0.194888178913738,0.7138227805483661,0.5227639585508058
"Object-Oriented Programming, SQL",Rest Apis,0.111,0.423,0.0875,0.7882882882882882,1.8635656933529272,1.0,0.0405469999999999,2.725404255319148,0.5212534147517274,0.1959686450167972,0.6330819554389745,0.4975720401252316
"Algorithms, SQL",Rest Apis,0.1015,0.423,0.08,0.7881773399014778,1.863303404022406,1.0,0.0370655,2.723976744186045,0.515658041179744,0.1799775028121485,0.6328896705398229,0.488651317704876
"Object-Oriented Programming, Java",SQL,0.105,0.4525,0.0885,0.8428571428571429,1.86266771902131,1.0,0.0409874999999999,3.484090909090909,0.517469936559038,0.1886993603411514,0.7129810828440966,0.5192186266771902
"Unit Testing, Data Structures",SQL,0.0985,0.4525,0.083,0.8426395939086294,1.8621869478643744,1.0,0.03842875,3.4792741935483864,0.5135851225200303,0.1773504273504273,0.7125837331664464,0.5130325041366351
Java,"Python, SQL",0.1315,0.3575,0.0875,0.6653992395437262,1.8612566141083249,1.0,0.04048875,1.9201988636363636,0.5327905255366395,0.2179327521793275,0.4792206062937372,0.4550772421494854
"Python, Java",SQL,0.104,0.4525,0.0875,0.8413461538461539,1.8593285167870803,1.0,0.04044,3.450909090909091,0.5158163265306123,0.1865671641791045,0.7102212855637513,0.5173581597960051
"Tableau, Statistics",SQL,0.085,0.4525,0.0715,0.8411764705882352,1.8589535261618455,1.0,0.0330374999999999,3.44722222222222,0.5049868164622262,0.1534334763948497,0.7099113618049958,0.499593760155996
"Api Design, PostgreSQL",Rest Apis,0.058,0.423,0.0455,0.7844827586206896,1.854569169316051,1.0,0.020966,2.677279999999999,0.4891626420288841,0.1044776119402985,0.6264865833980756,0.4460238852205103
"Object-Oriented Programming, Git",SQL,0.1025,0.4525,0.086,0.8390243902439024,1.8541975475003367,1.0,0.0396187499999999,3.401136363636363,0.513295977197642,0.183368869936034,0.70598062145005,0.5145398194313434
"Docker, MongoDB",Rest Apis,0.1365,0.423,0.107,0.7838827838827838,1.853150789321002,1.0,0.0492605,2.669847457627117,0.533154029731207,0.23646408839779,0.6254467658280481,0.5184189333125503
"TensorFlow, Statistics",SQL,0.037,0.4525,0.031,0.8378378378378378,1.8515753322383155,1.0,0.0142575,3.37625,0.4775901919405085,0.0676117775354416,0.7038134024435394,0.4531730625653277
Algorithms,Rest Apis,0.129,0.423,0.101,0.7829457364341086,1.850935547125552,1.0,0.046433,2.658321428571429,0.5278216685043936,0.2239467849223946,0.6238227667835505,0.5108582110066524
"Object-Oriented Programming, Unit Testing",Rest Apis,0.1035,0.423,0.081,0.782608695652174,1.8501387604070307,1.0,0.0372195,2.6542000000000003,0.5125488008923593,0.1818181818181818,0.6232386406450156,0.4870490286771508
JavaScript,Rest Apis,0.324,0.423,0.2535,0.7824074074074074,1.849662901672358,1.0,0.116448,2.651744680851064,0.6795280277301216,0.513677811550152,0.6228897875345017,0.6908490937746257
Rest Apis,JavaScript,0.423,0.324,0.2535,0.599290780141844,1.849662901672358,1.0,0.116448,1.6870088495575222,0.796119491760073,0.513677811550152,0.4072348818666331,0.6908490937746257
"Power BI, Looker",SQL,0.049,0.4525,0.041,0.8367346938775511,1.849137445033262,1.0,0.0188275,3.353437500000001,0.4828678412967095,0.0890336590662323,0.7017985276302302,0.4636712143420904
Object-Oriented Programming,"Rest Apis, Git",0.135,0.3325,0.083,0.6148148148148148,1.8490671122250069,1.0,0.0381125,1.7329326923076922,0.5308517306219096,0.2158647594278283,0.42294354279373,0.4322194374825954
"Python, Data Structures",Rest Apis,0.1055,0.423,0.0825,0.7819905213270143,1.8486773553830125,1.0,0.0378735,2.646673913043479,0.5132171350170234,0.1849775784753363,0.6221672813293143,0.488512991159961
Object-Oriented Programming,Rest Apis,0.135,0.423,0.1055,0.7814814814814814,1.847473951492864,1.0,0.0483949999999999,2.6405084745762704,0.5303125770484618,0.2331491712707182,0.6212850632261377,0.5154452324665091
Node.js,Rest Apis,0.185,0.423,0.1445,0.781081081081081,1.846527378442272,1.0,0.066245,2.635679012345677,0.5625066338336129,0.3117583603020495,0.6205911283900885,0.5613443230464507
"Git, MongoDB",Rest Apis,0.139,0.423,0.1085,0.7805755395683452,1.845332244842424,1.0,0.049703,2.629606557377048,0.5320466502887543,0.239250275633958,0.6197149732553644,0.518538360800721
Node.js,"Rest Apis, Git",0.185,0.3325,0.1135,0.6135135135135136,1.8451534241007923,1.0,0.0519875,1.7270979020979025,0.562011837517905,0.2809405940594059,0.4209940277356008,0.4774334484860801
"Object-Oriented Programming, Python",SQL,0.106,0.4525,0.0885,0.8349056603773585,1.845095382049411,1.0,0.0405349999999999,3.316285714285714,0.5123295289374233,0.1882978723404255,0.6984578271732574,0.515242885437298
"Git, Unit Testing",SQL,0.0995,0.4525,0.083,0.8341708542713567,1.8434715011521696,1.0,0.03797625,3.301590909090908,0.5081012556611789,0.1769722814498933,0.6971157155641219,0.5087981343179988
"Api Design, Python",Rest Apis,0.0635,0.423,0.0495,0.7795275590551182,1.8428547495392864,1.0,0.0226395,2.6171071428571437,0.4883754792991312,0.1132723112128146,0.617898715866756,0.4482744178254314
Data Structures,Rest Apis,0.129,0.423,0.1005,0.7790697674418605,1.8417724998625544,1.0,0.045933,2.6116842105263163,0.5247356786675121,0.2225913621262458,0.6171053161903995,0.508329209962065
Tableau,SQL,0.093,0.4525,0.0775,0.8333333333333334,1.8416206261510129,1.0,0.0354175,3.2850000000000006,0.5038588754134509,0.1655982905982906,0.69558599695586,0.5023020257826888
"Node.js, SQL",Rest Apis,0.1395,0.423,0.1085,0.7777777777777777,1.838718150774888,1.0,0.0494914999999999,2.5964999999999985,0.5300904789574167,0.2389867841409691,0.6148661659926824,0.5171394799054373
Redis,"Rest Apis, Git",0.081,0.3325,0.0495,0.6111111111111112,1.8379281537176275,1.0,0.0225675,1.7164285714285716,0.4960925907607083,0.1359890109890109,0.4173949230129006,0.3799916457811195
"Unit Testing, SQL",Rest Apis,0.1055,0.423,0.082,0.7772511848341233,1.837473250198873,1.0,0.0373735,2.59036170212766,0.509529782273787,0.1836506159014558,0.6139535265756036,0.4855523063650522
"PostgreSQL, Python",Rest Apis,0.065,0.423,0.0505,0.7769230769230769,1.8366975813784323,1.0,0.023005,2.586551724137931,0.4872134272250755,0.1154285714285714,0.6133848820157314,0.4481542098563375
"PostgreSQL, Redis",Rest Apis,0.0605,0.423,0.047,0.7768595041322315,1.8365472910927456,1.0,0.0214085,2.585814814814816,0.4848323576370409,0.1076746849942726,0.6132747038686854,0.4439853076216713
"Api Design, Node.js",Rest Apis,0.0605,0.423,0.047,0.7768595041322315,1.8365472910927456,1.0,0.0214085,2.585814814814816,0.4848323576370409,0.1076746849942726,0.6132747038686854,0.4439853076216713
"Rest Apis, Data Structures",SQL,0.1005,0.4525,0.0835,0.8308457711442786,1.836123251147577,1.0,0.03802375,3.236691176470588,0.5062526420200177,0.1778487752928647,0.6910425043731115,0.507688078942305
"Java, Data Structures",SQL,0.1005,0.4525,0.0835,0.8308457711442786,1.836123251147577,1.0,0.03802375,3.236691176470588,0.5062526420200177,0.1778487752928647,0.6910425043731115,0.507688078942305
Power BI,SQL,0.056,0.4525,0.0465,0.8303571428571428,1.8350434096290449,1.0,0.0211599999999999,3.2273684210526303,0.4820484782212502,0.1006493506493506,0.6901500326157859,0.4665597868981846
"Docker, SQL",Rest Apis,0.134,0.423,0.104,0.7761194029850745,1.83479764299072,1.0,0.0473179999999999,2.5772666666666653,0.5253819506128975,0.2295805739514348,0.6119920329030755,0.5109911435729155
Object-Oriented Programming,"Python, SQL",0.135,0.3575,0.0885,0.6555555555555554,1.8337218337218333,1.0,0.0402374999999999,1.865322580645161,0.5256196727735867,0.219059405940594,0.4638996973627322,0.4515540015540015
"Rest Apis, Object-Oriented Programming",SQL,0.1055,0.4525,0.0875,0.8293838862559242,1.8328925663114344,1.0,0.03976125,3.2089583333333334,0.5080092629561607,0.1859723698193411,0.6883723949879894,0.5113770260008903
"Python, Data Structures",SQL,0.1055,0.4525,0.0875,0.8293838862559242,1.8328925663114344,1.0,0.03976125,3.2089583333333334,0.5080092629561607,0.1859723698193411,0.6883723949879894,0.5113770260008903
"Debugging, Data Structures",SQL,0.1025,0.4525,0.085,0.8292682926829269,1.832637110901496,1.0,0.03861875,3.2067857142857155,0.506226446010159,0.1808510638297872,0.6881612651742957,0.5085567982751651
Dart,Rest Apis,0.04,0.423,0.031,0.775,1.8321513002364067,1.0,0.0140799999999999,2.5644444444444443,0.4731182795698924,0.0717592592592592,0.6100519930675911,0.4241430260047281
"Python, Unit Testing",SQL,0.105,0.4525,0.087,0.8285714285714285,1.831097079715864,1.0,0.0394874999999999,3.1937499999999988,0.5071277210556733,0.1849096705632305,0.6868884540117416,0.5104183109707972
"Git, Data Structures",SQL,0.099,0.4525,0.082,0.8282828282828283,1.8304592890228248,1.0,0.0372025,3.188382352941177,0.5035394277361197,0.174653887113951,0.6863613301969467,0.504749148948044
"JavaScript, SQL",Rest Apis,0.197,0.423,0.1525,0.7741116751269035,1.83005124143476,1.0,0.069169,2.554359550561797,0.5648408631566054,0.3262032085561497,0.6085124352286023,0.5673158848447757
"Debugging, Java",SQL,0.1045,0.4525,0.0865,0.8277511961722488,1.829284411430384,1.0,0.0392137499999999,3.1785416666666664,0.5062402571624983,0.18384697130712,0.6853903126433768,0.509455708583362
"Object-Oriented Programming, Algorithms",SQL,0.1015,0.4525,0.084,0.8275862068965517,1.8289197942465232,1.0,0.03807125,3.1754999999999995,0.5044286774253386,0.1787234042553191,0.685088962368131,0.5066107830062869
"Git, Java",SQL,0.1015,0.4525,0.084,0.8275862068965517,1.8289197942465232,1.0,0.03807125,3.1754999999999995,0.5044286774253386,0.1787234042553191,0.685088962368131,0.5066107830062869
Unit Testing,Rest Apis,0.1295,0.423,0.1,0.7722007722007722,1.8255337404273573,1.0,0.0452215,2.5329322033898305,0.5194887995404939,0.2209944751381215,0.605200645061997,0.5043036957930576
"Api Design, Redis",Git,0.056,0.4745,0.0485,0.8660714285714286,1.8252295649555923,1.0,0.021928,3.923733333333335,0.4789446094705575,0.1006224066390041,0.7451406823433465,0.4841421421044709
"Python, Unit Testing",Rest Apis,0.105,0.423,0.081,0.7714285714285715,1.82370820668693,1.0,0.036585,2.524375,0.5046554934823092,0.1812080536912751,0.6038623421639021,0.4814589665653496
"Redis, MongoDB",Rest Apis,0.059,0.423,0.0455,0.7711864406779662,1.823135793564932,1.0,0.020543,2.521703703703704,0.4798028751269985,0.1042382588774341,0.6034427048144995,0.4393757262491485
"Node.js, Redis",Rest Apis,0.059,0.423,0.0455,0.7711864406779662,1.823135793564932,1.0,0.020543,2.521703703703704,0.4798028751269985,0.1042382588774341,0.6034427048144995,0.4393757262491485
Ios,Git,0.037,0.4745,0.032,0.8648648648648649,1.822686754193604,1.0,0.0144435,3.888700000000002,0.468701323987539,0.0667361835245047,0.7428446524545478,0.4661521373850141
"Object-Oriented Programming, Debugging",SQL,0.107,0.4525,0.088,0.822429906542056,1.8175246553415605,1.0,0.0395824999999999,3.0832894736842102,0.5036966812582713,0.1866383881230116,0.6756710621772714,0.5084525223318015
"Algorithms, Data Structures",SQL,0.0985,0.4525,0.081,0.8223350253807107,1.81731497321704,1.0,0.03642875,3.0816428571428576,0.4988770430626596,0.1723404255319149,0.6754977632524396,0.5006702751212946
Object-Oriented Programming,SQL,0.135,0.4525,0.111,0.8222222222222222,1.8170656844689992,1.0,0.0499125,3.0796874999999995,0.5198406498984534,0.2329485834207764,0.6752917300862505,0.5337630448127686
"Api Design, MongoDB",Rest Apis,0.0605,0.423,0.0465,0.768595041322314,1.8170095539534608,1.0,0.0209085,2.493464285714285,0.4786004909955536,0.1064073226544622,0.5989515447527107,0.4392620596682492
"Statistics, Scikit-Learn",SQL,0.0365,0.4525,0.03,0.8219178082191781,1.816392946340725,1.0,0.01348375,3.074423076923078,0.4664850371907974,0.065359477124183,0.6747357227747546,0.4441080753803073
"Statistics, NumPy",SQL,0.0365,0.4525,0.03,0.8219178082191781,1.816392946340725,1.0,0.01348375,3.074423076923078,0.4664850371907974,0.065359477124183,0.6747357227747546,0.4441080753803073
"Git, Redis",Rest Apis,0.0645,0.423,0.0495,0.7674418604651163,1.814283358073561,1.0,0.0222165,2.4811,0.4797628881006754,0.113013698630137,0.5969529644109469,0.4422315685304305
"Rest Apis, Unit Testing",SQL,0.1,0.4525,0.082,0.82,1.8121546961325965,1.0,0.03675,3.0416666666666656,0.4979674796747967,0.1742826780021254,0.6712328767123287,0.5006077348066298
"Unit Testing, Debugging",SQL,0.1055,0.4525,0.0865,0.8199052132701421,1.8119452226964463,1.0,0.03876125,3.0400657894736827,0.500958006054986,0.1834570519618239,0.6710597502650997,0.5055327171323086
"Django, Node.js",Rest Apis,0.064,0.423,0.049,0.765625,1.8099881796690307,1.0,0.021928,2.4618666666666664,0.4781091923949067,0.1118721461187214,0.5938041594454073,0.440732121749409
"Python, Debugging",SQL,0.1105,0.4525,0.0905,0.8190045248868778,1.8099547511312213,1.0,0.0404987499999999,3.0249375,0.5030916245081506,0.1915343915343915,0.6694146573276307,0.5095022624434389
"Redis, SQL",Rest Apis,0.0575,0.423,0.044,0.7652173913043477,1.8090245657313184,1.0,0.0196774999999999,2.4575925925925914,0.4744996382927416,0.1008018327605956,0.5930977318966166,0.4346181519169493
"Git, Debugging",SQL,0.1045,0.4525,0.0855,0.8181818181818182,1.808136614766449,1.0,0.03821375,3.011250000000001,0.4991004404739748,0.1813361611876988,0.66791199667912,0.5035660472124561
"Machine Learning, Python",SQL,0.0575,0.4525,0.047,0.817391304347826,1.806389622868124,1.0,0.02098125,2.9982142857142846,0.4736441108414695,0.101511879049676,0.666468135795116,0.4606293538313716
"JavaScript, Debugging",SQL,0.1065,0.4525,0.087,0.8169014084507041,1.805306980001556,1.0,0.0388087499999999,2.9901923076923063,0.4992474383960789,0.184322033898305,0.6655733487684093,0.5045833009104349
Webpack,"Rest Apis, Git",0.0675,0.3325,0.0405,0.6,1.8045112781954888,1.0,0.01805625,1.66875,0.4781054512957998,0.1126564673157162,0.4007490636704119,0.3609022556390977
Kotlin,Git,0.038,0.4745,0.0325,0.855263157894737,1.8024513338139876,1.0,0.014469,3.630727272727276,0.4627858627858628,0.0677083333333333,0.7245730882868447,0.4618781542898342
"PostgreSQL, Node.js",Rest Apis,0.063,0.423,0.048,0.7619047619047619,1.8011932905549926,1.0,0.021351,2.4234,0.4747198505869797,0.1095890410958904,0.5873566064207312,0.4376899696048632
"Unit Testing, Algorithms",SQL,0.1,0.4525,0.0815,0.815,1.8011049723756904,1.0,0.03625,2.9594594594594583,0.4942058623040218,0.173036093418259,0.6621004566210045,0.4975552486187845
Unit Testing,SQL,0.1295,0.4525,0.1055,0.8146718146718146,1.800379700932187,1.0,0.0469012499999999,2.9542187499999986,0.5106968539625589,0.2214060860440713,0.6615010313640449,0.5239104929712664
"JavaScript, Data Structures",SQL,0.105,0.4525,0.0855,0.8142857142857144,1.7995264404104183,1.0,0.0379875,2.9480769230769246,0.4964226207978046,0.1811440677966102,0.660795825179387,0.5016179952644042
Data Structures,SQL,0.129,0.4525,0.105,0.813953488372093,1.798792239496338,1.0,0.0466274999999999,2.9428125,0.5098409053632934,0.2203567681007344,0.6601890198577042,0.5229988436335603
"PostgreSQL, MongoDB",SQL,0.0725,0.4525,0.059,0.8137931034482758,1.7984377976757475,1.0,0.0261937499999999,2.940277777777777,0.4786650829183608,0.1266094420600858,0.6598960793575814,0.4720899218898837
"JavaScript, Unit Testing",SQL,0.102,0.4525,0.083,0.8137254901960785,1.7982883761239303,1.0,0.036845,2.939210526315791,0.4943381543993345,0.176033934252386,0.6597725848330201,0.4985754522803597
"Django, Redis",Rest Apis,0.0605,0.423,0.046,0.7603305785123967,1.7974718168141768,1.0,0.0204085,2.4074827586206897,0.4722331489922947,0.1051428571428571,0.5846283856367361,0.4345388117148272
"PostgreSQL, Git",Rest Apis,0.0625,0.423,0.0475,0.76,1.7966903073286054,1.0,0.0210625,2.404166666666667,0.4729824561403509,0.1084474885844749,0.5840554592720971,0.4361465721040189
NumPy,SQL,0.04,0.4525,0.0325,0.8125,1.7955801104972375,1.0,0.0144,2.92,0.4615384615384615,0.0706521739130434,0.6575342465753424,0.4421616022099447
Scikit-Learn,SQL,0.04,0.4525,0.0325,0.8125,1.7955801104972375,1.0,0.0144,2.92,0.4615384615384615,0.0706521739130434,0.6575342465753424,0.4421616022099447
"Api Design, Git",Rest Apis,0.0665,0.423,0.0505,0.7593984962406015,1.7952683126255355,1.0,0.0223705,2.39815625,0.4745369020030016,0.1150341685649202,0.5830129917514758,0.4393919195150998
Machine Learning,SQL,0.0825,0.4525,0.067,0.8121212121212121,1.7947430102126234,1.0,0.02966875,2.9141129032258064,0.4826345113668713,0.1431623931623931,0.656842396568424,0.4800937552318768
React Native,Git,0.037,0.4745,0.0315,0.8513513513513514,1.7942072736593286,1.0,0.0139435,3.5351818181818206,0.4596581450164005,0.065625,0.7171291177000026,0.4588685102383733
"Api Design, Python",Git,0.0635,0.4745,0.054,0.8503937007874015,1.7921890427553246,1.0,0.02386925,3.5125526315789464,0.4719948191651342,0.1115702479338842,0.7153067569693653,0.4820988525011823
Deep Learning,SQL,0.037,0.4525,0.03,0.8108108108108109,1.7918470957144992,1.0,0.0132574999999999,2.893928571428572,0.4588958116995499,0.0652883569096844,0.6544489695174628,0.4385545766761236
"React, Node.js",SQL,0.079,0.4525,0.064,0.810126582278481,1.7903349884607314,1.0,0.0282525,2.8835,0.4793108713355049,0.1368983957219251,0.6531992370383215,0.4757815231834394
"Python, Algorithms",SQL,0.1,0.4525,0.081,0.8099999999999999,1.7900552486187844,1.0,0.03575,2.88157894736842,0.4903978052126199,0.1717921527041357,0.6529680365296803,0.4945027624309392
Java,SQL,0.1315,0.4525,0.1065,0.8098859315589353,1.789803163666155,1.0,0.0469962499999999,2.879849999999999,0.5080936588635632,0.2230366492146596,0.6527596923450872,0.5226225237905173
"HTML/CSS, MongoDB",SQL,0.0735,0.4525,0.0595,0.8095238095238095,1.7890028939752696,1.0,0.02624125,2.874375,0.476016634392559,0.127545551982851,0.6520982822352686,0.4705077611154959
"Api Design, Docker",Rest Apis,0.0595,0.423,0.045,0.7563025210084033,1.7879492222420883,1.0,0.0198315,2.3676896551724136,0.4685805422647528,0.1028571428571428,0.577647350101219,0.4313427498659038
"Api Design, SQL",Rest Apis,0.0595,0.423,0.045,0.7563025210084033,1.7879492222420883,1.0,0.0198315,2.3676896551724136,0.4685805422647528,0.1028571428571428,0.577647350101219,0.4313427498659038
"Rest Apis, Java",SQL,0.1045,0.4525,0.0845,0.8086124401913877,1.7869888181025142,1.0,0.03721375,2.8606875000000014,0.4917916340413441,0.1788359788359788,0.6504336807148633,0.4976763858415501
JavaScript,"Git, Python",0.324,0.285,0.165,0.5092592592592593,1.786874593892138,1.0,0.07266,1.456981132075472,0.6514254975793439,0.3716216216216216,0.3136493136493137,0.544103313840156
"Git, Python",JavaScript,0.285,0.324,0.165,0.5789473684210527,1.7868745938921378,1.0,0.07266,1.6055,0.6158931977113795,0.3716216216216216,0.3771410775459359,0.544103313840156
"Algorithms, Java",SQL,0.099,0.4525,0.08,0.8080808080808081,1.785813940510073,1.0,0.0352025,2.8527631578947363,0.4883809655937846,0.1696712619300106,0.6494626631612933,0.4924381940956526
"Python, HTML/CSS",Git,0.078,0.4745,0.066,0.8461538461538461,1.783253627299992,1.0,0.028989,3.4157500000000005,0.4763853283376061,0.1356628982528263,0.7072385274097928,0.4926238145416227
"Docker, Redis",Rest Apis,0.059,0.423,0.0445,0.7542372881355932,1.7830668750250431,1.0,0.019543,2.3477931034482755,0.466704080048717,0.1017142857142857,0.5740680903563141,0.4297191168810353
"TypeScript, MongoDB",SQL,0.0695,0.4525,0.056,0.8057553956834532,1.780674907587742,1.0,0.0245512499999999,2.8186111111111107,0.4711608582175481,0.1201716738197424,0.6452153345816497,0.4647561508804006
"Python, TypeScript",Git,0.074,0.4745,0.0625,0.8445945945945946,1.7799675333921912,1.0,0.027387,3.3814782608695664,0.4732095032397408,0.1286008230452675,0.7042713503227299,0.4881560960328084
"Python, TypeScript",SQL,0.074,0.4525,0.0595,0.8040540540540541,1.7769150365835449,1.0,0.0260149999999999,2.794137931034483,0.4721672686353158,0.1274089935760171,0.6421078612859434,0.4677728833806182
"JavaScript, Java",SQL,0.107,0.4525,0.086,0.8037383177570093,1.7762172768110702,1.0,0.0375824999999999,2.789642857142857,0.4893682127138727,0.1816261879619851,0.6415311739854052,0.4968967831878969
"Docker, HTML/CSS",Git,0.0795,0.4745,0.067,0.8427672955974843,1.7761165344520218,1.0,0.02927725,3.3421800000000013,0.4747136128158772,0.1375770020533881,0.700794092478562,0.49198428004321
"HTML/CSS, SQL",Git,0.073,0.4745,0.0615,0.8424657534246576,1.775481039883367,1.0,0.0268615,3.335782608695653,0.4711675919348191,0.1265432098765432,0.7002202729298906,0.4860379346680716
"Debugging, Algorithms",SQL,0.1015,0.4525,0.0815,0.8029556650246306,1.7744876575129958,1.0,0.03557125,2.7785625,0.4857618867164429,0.1724867724867725,0.640101671277864,0.4915330811310998
"Api Design, Django",Git,0.06,0.4745,0.0505,0.8416666666666668,1.7737969792764317,1.0,0.02203,3.3189473684210555,0.4640825784706131,0.1043388429752066,0.698699651125912,0.4740472427116263
"Api Design, Rest Apis",Git,0.06,0.4745,0.0505,0.8416666666666668,1.7737969792764317,1.0,0.02203,3.3189473684210555,0.4640825784706131,0.1043388429752066,0.698699651125912,0.4740472427116263
"Docker, TypeScript",Git,0.0725,0.4745,0.061,0.8413793103448276,1.7731913811271394,1.0,0.02659875,3.3129347826086963,0.4701294684282622,0.125514403292181,0.6981528265363036,0.4849678427382726
Api Design,Rest Apis,0.08,0.423,0.06,0.75,1.773049645390071,1.0,0.0261599999999999,2.308,0.4739130434782608,0.1354401805869074,0.5667244367417679,0.4459219858156028
"Python, Redis",Rest Apis,0.068,0.423,0.051,0.7499999999999999,1.7730496453900708,1.0,0.0222359999999999,2.307999999999999,0.4678111587982833,0.1159090909090909,0.5667244367417676,0.4352836879432623
"Git, Algorithms",SQL,0.101,0.4525,0.081,0.8019801980198019,1.772331929325529,1.0,0.0352974999999999,2.764874999999999,0.4847292602205467,0.1714285714285714,0.6383199963831998,0.4904928614408402
"PostgreSQL, Api Design",SQL,0.058,0.4525,0.0465,0.8017241379310345,1.771766050676319,1.0,0.020255,2.7613043478260866,0.4624112503709792,0.1002155172413793,0.6378523067233506,0.4522432844351305
"Api Design, Docker",Git,0.0595,0.4745,0.05,0.8403361344537816,1.7709929071734072,1.0,0.02176725,3.291289473684213,0.4628867623604466,0.1033057851239669,0.6961677154210877,0.4728551062152997
"Node.js, TypeScript",SQL,0.0755,0.4525,0.0605,0.8013245033112583,1.7708828802458745,1.0,0.02633625,2.75575,0.4708598348895315,0.1294117647058823,0.6371223804771841,0.4675130803849109
"Python, HTML/CSS",SQL,0.078,0.4525,0.0625,0.8012820512820513,1.7707890636067432,1.0,0.027205,2.7551612903225813,0.4721041214750542,0.1335470085470085,0.6370448425242946,0.4697017991216886
"React, Python",SQL,0.078,0.4525,0.0625,0.8012820512820513,1.7707890636067432,1.0,0.027205,2.7551612903225813,0.4721041214750542,0.1335470085470085,0.6370448425242946,0.4697017991216886
"JavaScript, Python",SQL,0.201,0.4525,0.161,0.8009950248756219,1.770154751106347,1.0,0.0700475,2.7511875000000003,0.5445277093260986,0.3269035532994924,0.6365205933801313,0.5783980649239988
"Rest Apis, Debugging",SQL,0.1105,0.4525,0.0885,0.8009049773755655,1.769955751106222,1.0,0.0384987499999999,2.749943181818181,0.4890546647484938,0.1865121180189673,0.6363561230603937,0.4982425439364015
"Rest Apis, Python",Git,0.2465,0.4745,0.207,0.8397565922920892,1.7697715327546666,1.0,0.09003575,3.279386075949367,0.5772466012072486,0.4027237354085602,0.695064875912634,0.6380026375580572
"Docker, TypeScript",SQL,0.0725,0.4525,0.058,0.8,1.7679558011049723,1.0,0.02519375,2.7375000000000007,0.4683288409703504,0.1241970021413276,0.634703196347032,0.4640883977900553
Dart,Git,0.04,0.4745,0.0335,0.8375,1.7650158061116967,1.0,0.01452,3.2338461538461547,0.4514925373134328,0.0696465696465696,0.6907706945765937,0.4540503161222339
"PostgreSQL, Api Design",Git,0.058,0.4745,0.0485,0.8362068965517241,1.7622906144398822,1.0,0.020979,3.208315789473684,0.4591897038544882,0.1002066115702479,0.688309983923357,0.4692098760946186
"PostgreSQL, Django",Rest Apis,0.0645,0.423,0.048,0.7441860465116279,1.7593050744955745,1.0,0.0207165,2.2555454545454543,0.4613508818813469,0.1092150170648464,0.5566482608520414,0.4288306119082962
"PostgreSQL, Docker",Rest Apis,0.0585,0.423,0.0435,0.7435897435897435,1.7578953749166513,1.0,0.0187544999999999,2.250299999999999,0.4579266394418297,0.0993150684931506,0.5556148069146335,0.4232133115111838
"Python, MongoDB",SQL,0.139,0.4525,0.1105,0.7949640287769784,1.756826582932549,1.0,0.0476024999999999,2.670263157894736,0.5003389723619278,0.2297297297297297,0.6255050753917413,0.5195814619023014
"Docker, React",SQL,0.078,0.4525,0.062,0.7948717948717948,1.7566227510978891,1.0,0.026705,2.6690624999999994,0.4671646490798404,0.1323372465314834,0.6253366116379814,0.465944184728715
Algorithms,"Python, SQL",0.129,0.3575,0.081,0.627906976744186,1.756383151731989,1.0,0.0348825,1.7267187500000003,0.4944295615937407,0.1997533908754624,0.4208668898742195,0.4272402016588063
"React, Python",Git,0.078,0.4745,0.065,0.8333333333333334,1.7562346329469618,1.0,0.027989,3.1530000000000014,0.4670281995661606,0.1333333333333333,0.6828417380272757,0.4851598173515982
"Api Design, Django",Rest Apis,0.06,0.423,0.0445,0.7416666666666667,1.753349093774626,1.0,0.0191199999999999,2.2335483870967745,0.4570882142003347,0.1014823261117445,0.5522819179664935,0.4234338061465721
"PostgreSQL, Rest Apis",SQL,0.0605,0.4525,0.048,0.7933884297520661,1.7533445961371628,1.0,0.02062375,2.6499,0.45732991839631,0.1032258064516129,0.6226272689535455,0.4497328889091822
Debugging,SQL,0.1355,0.4525,0.1075,0.7933579335793357,1.7532772012803,1.0,0.0461862499999999,2.6495089285714277,0.496980375805345,0.2237252861602497,0.6225715681814351,0.5154634971764082
Api Design,Git,0.08,0.4745,0.0665,0.83125,1.7518440463645946,1.0,0.02854,3.1140740740740758,0.466492317750899,0.1362704918032787,0.6788772597526166,0.4856987618545838
"JavaScript, Algorithms",SQL,0.106,0.4525,0.084,0.7924528301886793,1.7512769727926614,1.0,0.036035,2.637954545454546,0.4798524555235964,0.1770284510010537,0.6209184113035238,0.4890440946523507
"Python, MongoDB",Git,0.139,0.4745,0.1155,0.8309352517985611,1.7511807203341647,1.0,0.0495445,3.1082765957446803,0.498207560925331,0.2319277108433735,0.6782783097974521,0.5371746859625051
Redis,Rest Apis,0.081,0.423,0.06,0.7407407407407407,1.7511601435951318,1.0,0.0257369999999999,2.225571428571428,0.4667573449401522,0.1351351351351351,0.5506771936581295,0.4412923561859732
"Rest Apis, Algorithms",SQL,0.101,0.4525,0.08,0.792079207920792,1.7504512882227448,1.0,0.0342974999999999,2.633214285714285,0.4768840378197997,0.1689545934530095,0.6202359962023598,0.4844373940156446
"Api Design, Django",SQL,0.06,0.4525,0.0475,0.7916666666666667,1.7495395948434624,1.0,0.02035,2.628000000000001,0.4557670772676372,0.1021505376344086,0.6194824961948251,0.4483195211786372
"Docker, React",Git,0.078,0.4745,0.0645,0.826923076923077,1.7427251357704467,1.0,0.027489,3.036222222222224,0.4622408313575141,0.1321721311475409,0.670643343336017,0.4814278187565859
"Rest Apis, Docker",Git,0.1385,0.4745,0.1145,0.8267148014440433,1.7422861990390797,1.0,0.04878175,3.0325729166666666,0.4945345150506758,0.2296890672016048,0.6702470056023658,0.5340107200054779
"Django, Redis",Git,0.0605,0.4745,0.05,0.8264462809917356,1.7417202971374828,1.0,0.02129275,3.0278809523809533,0.4532783395423098,0.1030927835051546,0.6697360247226176,0.4659101794842766
"Git, MongoDB",SQL,0.139,0.4525,0.1095,0.7877697841726617,1.7409276998290866,1.0,0.0466024999999999,2.579745762711863,0.4943015183576492,0.2271784232365145,0.612364902598469,0.5148793672244524
"JavaScript, MongoDB",SQL,0.087,0.4525,0.0685,0.7873563218390806,1.740013970915095,1.0,0.0291325,2.574729729729731,0.4658181498389044,0.1454352441613588,0.6116097202540284,0.4693687686543469
"Docker, JavaScript",Git,0.0945,0.4745,0.078,0.8253968253968254,1.7395085888236572,1.0,0.03315975,3.009681818181818,0.4694919933738266,0.1588594704684318,0.667738963647622,0.4948901935203305
"Node.js, Python",SQL,0.1455,0.4525,0.1145,0.7869415807560138,1.7390974160353896,1.0,0.04866125,2.569717741935485,0.4973541052889787,0.2368148914167528,0.6108522022940892,0.5199901273945815
Algorithms,SQL,0.129,0.4525,0.1015,0.7868217054263567,1.7388324981797936,1.0,0.0431275,2.568272727272728,0.4878317770752151,0.2114583333333333,0.6106332519202862,0.505565548845775
"Rest Apis, Redis",Git,0.06,0.4745,0.0495,0.8250000000000001,1.7386722866174924,1.0,0.02103,3.0028571428571444,0.451966473243069,0.1020618556701031,0.6669838249286395,0.4646601685985248
Swift,Git,0.037,0.4745,0.0305,0.8243243243243243,1.7372483125907785,1.0,0.0129435,2.991307692307693,0.4406822940605689,0.0634095634095634,0.6656980481909122,0.4443012559450915
"Node.js, HTML/CSS",SQL,0.077,0.4525,0.0605,0.7857142857142857,1.7363851617995265,1.0,0.0256575,2.555,0.4594701073574312,0.1289978678038379,0.608610567514677,0.4597079715864246
"Node.js, MongoDB",SQL,0.14,0.4525,0.11,0.7857142857142857,1.7363851617995265,1.0,0.04665,2.555,0.4931289640591966,0.2279792746113989,0.608610567514677,0.5144041041831097
"Api Design, SQL",Git,0.0595,0.4745,0.049,0.823529411764706,1.7355730490299388,1.0,0.02076725,2.977833333333335,0.450634161160477,0.1010309278350515,0.664185369675939,0.4633980040909936
"HTML/CSS, MongoDB",Git,0.0735,0.4745,0.0605,0.8231292517006803,1.734729719074142,1.0,0.02562425,2.9710961538461547,0.4571412005548296,0.1241025641025641,0.6634238852534353,0.4753159430263148
"Rest Apis, Java",Git,0.1045,0.4745,0.086,0.8229665071770335,1.734386737991641,1.0,0.0364147499999999,2.968364864864865,0.4728390012075883,0.1744421906693712,0.6631141906318428,0.5021049606485799
Node.js,"Python, SQL",0.185,0.3575,0.1145,0.6189189189189189,1.7312417312417314,1.0,0.0483625,1.6859929078014186,0.5182575615506202,0.2675233644859813,0.406877694815438,0.4695993195993196
"JavaScript, Python",Git,0.201,0.4745,0.165,0.8208955223880597,1.7300221757387984,1.0,0.0696255,2.934041666666668,0.5281260666742519,0.3232125367286974,0.6591732110143858,0.5843149898557791
"Docker, SQL",Git,0.134,0.4745,0.11,0.8208955223880596,1.730022175738798,1.0,0.046417,2.934041666666666,0.4872664287213941,0.2206619859578736,0.6591732110143855,0.5263592469685293
"Python, Algorithms",Git,0.1,0.4745,0.082,0.82,1.7281348788198103,1.0,0.03455,2.9194444444444443,0.4681571815718157,0.166497461928934,0.6574690770694576,0.4964067439409905
PostgreSQL,SQL,0.094,0.4525,0.0735,0.7819148936170213,1.7279887151757376,1.0,0.0309649999999999,2.510487804878049,0.4650027781532038,0.1553911205073996,0.6016710385699019,0.4721729164217703
"React, MongoDB",SQL,0.071,0.4525,0.0555,0.7816901408450705,1.7274920239670066,1.0,0.0233725,2.5079032258064524,0.4533112229560023,0.1185897435897436,0.601260531223873,0.452171037273364
"Django, Python",Git,0.0665,0.4745,0.0545,0.819548872180451,1.727184135259117,1.0,0.02294575,2.9121458333333323,0.4510154641454917,0.1120246659815005,0.6566106035784034,0.4672033085875912
MongoDB,"Rest Apis, Git",0.189,0.3325,0.1085,0.5740740740740741,1.7265385686438317,1.0,0.0456574999999999,1.5671739130434783,0.5188735531601766,0.2627118644067796,0.3619087252046053,0.4501949317738791
MongoDB,SQL,0.189,0.4525,0.1475,0.7804232804232804,1.7246923324271388,1.0,0.0619774999999999,2.493433734939758,0.5181090513908336,0.298582995951417,0.5989466309101011,0.5531950656260048
"Api Design, MongoDB",Git,0.0605,0.4745,0.0495,0.8181818181818182,1.7243030941661082,1.0,0.02079275,2.8902500000000013,0.4471054343326829,0.101956745623069,0.654009168757028,0.4612510776894339
"Django, Python",Rest Apis,0.0665,0.423,0.0485,0.7293233082706767,1.724168577472049,1.0,0.0203705,2.1316944444444443,0.4499307008873599,0.1099773242630385,0.5308896157204103,0.421990259336284
Django,"Rest Apis, Git",0.0855,0.3325,0.049,0.5730994152046783,1.7236072637734683,1.0,0.02057125,1.5635958904109588,0.4590720924783253,0.1327913279132791,0.3604485621043869,0.3602339181286549
"Docker, HTML/CSS",SQL,0.0795,0.4525,0.062,0.7798742138364779,1.723478925605476,1.0,0.02602625,2.487214285714285,0.4560328362916367,0.1319148936170212,0.5979437695643433,0.4584453942110566
"React, MongoDB",Git,0.071,0.4745,0.058,0.8169014084507044,1.7216046542691346,1.0,0.0243105,2.870038461538464,0.4511803570765748,0.1189743589743589,0.6515726136074298,0.4695676694519064
"Rest Apis, Python",SQL,0.2465,0.4525,0.192,0.7789046653144016,1.721336276937904,1.0,0.08045875,2.476307339449541,0.5561459715770846,0.3786982248520709,0.5961729046838385,0.6016070287897974
"Django, SQL",Rest Apis,0.064,0.423,0.0465,0.7265625,1.7176418439716312,1.0,0.019428,2.1101714285714284,0.4463744141163496,0.1055618615209988,0.5261048526863086,0.4182457890070922
"Python, Git",Rest Apis,0.285,0.423,0.207,0.7263157894736842,1.7170586039567004,1.0,0.086445,2.108269230769231,0.5840681058072363,0.4131736526946107,0.5256772781173038,0.6078387458006719
"Rest Apis, Debugging",Git,0.1105,0.4745,0.09,0.8144796380090498,1.7165008177219174,1.0,0.03756775,2.8325731707317074,0.4692742489538443,0.1818181818181818,0.6469641065823972,0.5020764891836609
"Redis, MongoDB",Git,0.059,0.4745,0.048,0.8135593220338984,1.714561268775339,1.0,0.0200045,2.8185909090909105,0.4428909847679774,0.0988671472708548,0.6452127916915287,0.4573592184458216
"Docker, MongoDB",Git,0.1365,0.4745,0.111,0.8131868131868132,1.713776213249343,1.0,0.04623075,2.8129705882352947,0.482331491885632,0.222,0.6445039261404627,0.5235586331476743
"Algorithms, Java",Git,0.099,0.4745,0.0805,0.8131313131313131,1.7136592479058237,1.0,0.0335245,2.812135135135136,0.4622124485561246,0.1632860040567951,0.644398312333612,0.4913917893369948
"TypeScript, MongoDB",Git,0.0695,0.4745,0.0565,0.8129496402877697,1.713276375738187,1.0,0.02352225,2.8094038461538458,0.4474186016652955,0.1158974358974359,0.6440525980737768,0.4660111742007868
"Debugging, Algorithms",Git,0.1015,0.4745,0.0825,0.812807881773399,1.7129776222832436,1.0,0.03433825,2.807276315789474,0.4632400802684608,0.1671732522796352,0.6437828387695509,0.4933375552175741
"Python, Java",Git,0.104,0.4745,0.0845,0.8125000000000001,1.712328767123288,1.0,0.035152,2.802666666666669,0.4642857142857144,0.1710526315789473,0.6431969552806852,0.495291095890411
"Django, Python",SQL,0.0665,0.4525,0.0515,0.7744360902255638,1.711460972874174,1.0,0.0214087499999999,2.427249999999999,0.4453174970488971,0.1101604278074866,0.5880111236996599,0.4441241224608482
"Rest Apis, Algorithms",Git,0.101,0.4745,0.082,0.8118811881188118,1.7110246324948617,1.0,0.0340755,2.7934473684210523,0.4622412436582652,0.1661600810536981,0.6420193874763307,0.4923473380003964
"Docker, Node.js",JavaScript,0.1435,0.324,0.0795,0.554006968641115,1.709898051361466,1.0,0.033006,1.5157187499999998,0.4847283261188029,0.2048969072164948,0.3402469950312352,0.3996886695057426
"Rest Apis, SQL",Git,0.2385,0.4745,0.1935,0.8113207547169812,1.7098435294351553,1.0,0.08033175,2.785150000000001,0.5451755256607981,0.3724735322425409,0.6409529109742743,0.6095592182436329
Redis,"Python, SQL",0.081,0.3575,0.0495,0.6111111111111112,1.7094017094017095,1.0,0.0205425,1.6521428571428576,0.4515778019586507,0.1272493573264781,0.3947254647643753,0.3747863247863248
"Django, MongoDB",Rest Apis,0.065,0.423,0.047,0.7230769230769231,1.709401709401709,1.0,0.019505,2.083611111111111,0.4438502673796791,0.1065759637188208,0.5200639914678044,0.4170940170940171
"Rest Apis, Data Structures",Git,0.1005,0.4745,0.0815,0.8109452736318408,1.7090522099722671,1.0,0.03381275,2.779618421052632,0.4612344281246909,0.1651469098277609,0.6402383894040737,0.4913525103670268
"Docker, MongoDB",SQL,0.1365,0.4525,0.1055,0.7728937728937728,1.7080525367818182,1.0,0.0437337499999999,2.410766129032257,0.4800670697069404,0.218200620475698,0.5851941057420508,0.5030214720822455
"JavaScript, MongoDB",Git,0.087,0.4745,0.0705,0.8103448275862069,1.7077867810035972,1.0,0.0292185,2.7708181818181816,0.4539395492997134,0.1435845213849287,0.6390957708586238,0.4794611387667599
"Docker, JavaScript",SQL,0.0945,0.4525,0.073,0.7724867724867724,1.707153088368558,1.0,0.0302387499999999,2.4064534883720925,0.4574593617391435,0.1540084388185653,0.5844507260032373,0.4669063696688006
"Rest Apis, Unit Testing",Git,0.1,0.4745,0.081,0.8099999999999999,1.7070600632244468,1.0,0.03355,2.76578947368421,0.4602194787379973,0.1641337386018237,0.638439581351094,0.4903530031612223
"Api Design, Node.js",Git,0.0605,0.4745,0.049,0.8099173553719009,1.706885891194733,1.0,0.02029275,2.7645869565217405,0.4408065514657168,0.1008230452674897,0.6382823127914384,0.4565919758945911
"Rest Apis, Django",Git,0.0605,0.4745,0.049,0.8099173553719009,1.706885891194733,1.0,0.02029275,2.7645869565217405,0.4408065514657168,0.1008230452674897,0.6382823127914384,0.4565919758945911
"Rest Apis, MongoDB",SQL,0.136,0.4525,0.105,0.7720588235294117,1.7062073448163793,1.0,0.0434599999999999,2.401935483870967,0.4790564373897706,0.217166494312306,0.5836690840719848,0.5020515112122197
"React, SQL",Git,0.0735,0.4745,0.0595,0.8095238095238095,1.7060565005770487,1.0,0.02462425,2.7588750000000006,0.4466842322465953,0.1218014329580348,0.6375334148883149,0.4674594811581113
"Rest Apis, Docker",JavaScript,0.1385,0.324,0.0765,0.5523465703971119,1.7047733654231847,1.0,0.0316259999999999,1.510096774193548,0.4798743641391553,0.1981865284974093,0.3377907846111123,0.3942288407541114
"Python, Redis",Git,0.068,0.4745,0.055,0.8088235294117646,1.704580673154404,1.0,0.0227339999999999,2.7487692307692297,0.4435037065938353,0.1128205128205128,0.6362008171489335,0.462367507593132
"Django, Git",Rest Apis,0.068,0.423,0.049,0.7205882352941176,1.703518286747323,1.0,0.020236,2.065052631578947,0.4431111500394149,0.1108597285067873,0.5157508410643288,0.4182137393964678
"Node.js, Python",Git,0.1455,0.4745,0.1175,0.8075601374570447,1.7019180979073651,1.0,0.0484602499999999,2.7307232142857147,0.4826537853416829,0.2338308457711443,0.6337966459696378,0.5275946103512832
"TypeScript, HTML/CSS",Git,0.1375,0.4745,0.111,0.8072727272727273,1.701312386243893,1.0,0.04575625,2.7266509433962267,0.4779344561953257,0.2215568862275449,0.6332497188824495,0.5206015901906312
MongoDB,Rest Apis,0.189,0.423,0.136,0.7195767195767196,1.7011269966352711,1.0,0.056053,2.057603773584906,0.5082051932980344,0.2857142857142857,0.5139977808955281,0.5205448609703929
"Django, MongoDB",SQL,0.065,0.4525,0.05,0.7692307692307693,1.6999575010624737,1.0,0.0205875,2.3725000000000005,0.4403743315508021,0.106951871657754,0.5785036880927292,0.439864003399915
"PostgreSQL, Python",SQL,0.065,0.4525,0.05,0.7692307692307693,1.6999575010624737,1.0,0.0205875,2.3725000000000005,0.4403743315508021,0.106951871657754,0.5785036880927292,0.439864003399915
"JavaScript, Node.js",SQL,0.0975,0.4525,0.075,0.7692307692307692,1.6999575010624732,1.0,0.0308812499999999,2.372499999999999,0.4562326869806093,0.1578947368421052,0.578503688092729,0.4674883127921801
"Rest Apis, Django",SQL,0.0605,0.4525,0.0465,0.768595041322314,1.6985525775078762,1.0,0.01912375,2.365982142857143,0.4377471430124695,0.0996784565916398,0.5773425412279708,0.4356787361307703
"Docker, Redis",Git,0.059,0.4745,0.0475,0.8050847457627119,1.6967012555589294,1.0,0.0195045,2.696043478260871,0.436366687174898,0.0977366255144032,0.6290861004047801,0.4525950599203444
"Python, Unit Testing",Git,0.105,0.4745,0.0845,0.8047619047619049,1.6960208741030662,1.0,0.0346775,2.691585365853661,0.4585302965191234,0.1707070707070707,0.628471750260523,0.4914220482713634
"PostgreSQL, Django",SQL,0.0645,0.4525,0.0495,0.7674418604651163,1.6960041115251188,1.0,0.02031375,2.3542500000000004,0.4386732099185333,0.1058823529411764,0.5752362748221302,0.4384170628292432
Api Design,"Python, SQL",0.08,0.3575,0.0485,0.60625,1.6958041958041958,1.0,0.0199,1.6317460317460315,0.445988346033169,0.1246786632390745,0.3871595330739298,0.3709571678321678
"Object-Oriented Programming, Algorithms",Git,0.1015,0.4745,0.0815,0.8029556650246306,1.6922142571646588,1.0,0.03333825,2.6669125000000005,0.4552679824246955,0.1648129423660263,0.625034567125843,0.4873577060634217
"Django, Node.js",SQL,0.064,0.4525,0.049,0.765625,1.691988950276243,1.0,0.02004,2.336,0.4369440083725797,0.1048128342245989,0.571917808219178,0.4369561464088398
"Node.js, Git",SQL,0.1405,0.4525,0.1075,0.7651245551601422,1.6908829948290436,1.0,0.0439237499999999,2.331022727272726,0.4753845529445187,0.2214212152420185,0.5710037537171547,0.5013468079668114
"Object-Oriented Programming, Python",Git,0.106,0.4745,0.085,0.8018867924528302,1.6899616279300953,1.0,0.034703,2.6525238095238106,0.4566785103303067,0.1715438950554995,0.623000556522988,0.4905113625067102
"JavaScript, Algorithms",Git,0.106,0.4745,0.085,0.8018867924528302,1.6899616279300953,1.0,0.034703,2.6525238095238106,0.4566785103303067,0.1715438950554995,0.623000556522988,0.4905113625067102
"TypeScript, SQL",Git,0.073,0.4745,0.0585,0.8013698630136987,1.6888722086695442,1.0,0.0238615,2.645620689655174,0.4400095888769029,0.1196319018404908,0.6220168658681231,0.4623287671232877
"Data Structures, Java",Git,0.1005,0.4745,0.0805,0.8009950248756219,1.6880822442057364,1.0,0.03281275,2.6406375000000004,0.4531537534655209,0.1627906976744186,0.621303567793762,0.4853236452091492
"Python, Data Structures",Git,0.1055,0.4745,0.0845,0.8009478672985783,1.6879828604817246,1.0,0.03444025,2.6400119047619057,0.45564776196414,0.1705348133198789,0.6212138293027178,0.4895150295397001
"Api Design, Python",SQL,0.0635,0.4525,0.0485,0.7637795275590551,1.687910558141558,1.0,0.01976625,2.31775,0.4351858477221063,0.1037433155080213,0.568547082299644,0.435480924000522
"Python, Debugging",Git,0.1105,0.4745,0.0885,0.8009049773755655,1.6878924707598852,1.0,0.0360677499999999,2.6394431818181814,0.458173353277249,0.1782477341389728,0.6211322119420847,0.4937085476972664
"Debugging, Data Structures",Git,0.1025,0.4745,0.082,0.8,1.6859852476290835,1.0,0.03336375,2.627500000000001,0.4533426183844013,0.1656565656565657,0.6194100856327308,0.4864067439409905
"PostgreSQL, Python",Git,0.065,0.4745,0.052,0.7999999999999999,1.685985247629083,1.0,0.0211575,2.6274999999999995,0.4351604278074866,0.1066666666666666,0.6194100856327306,0.4547945205479451
Django,"Python, SQL",0.0855,0.3575,0.0515,0.6023391812865496,1.6848648427595794,1.0,0.0209337499999999,1.6156985294117645,0.4444839612075142,0.1315453384418901,0.3810726556989099,0.3731975626712468
"PostgreSQL, Node.js",SQL,0.063,0.4525,0.048,0.7619047619047619,1.683767429623783,1.0,0.0194925,2.2995,0.4333978121664887,0.1026737967914438,0.5651228527940856,0.4339910549855301
"Node.js, HTML/CSS",Git,0.077,0.4745,0.0615,0.7987012987012987,1.6832482585907245,1.0,0.0249635,2.6105483870967743,0.4397730976226338,0.1255102040816326,0.6169387225524238,0.4641557073063922
"MongoDB, SQL",Rest Apis,0.1475,0.423,0.105,0.711864406779661,1.6828945786753216,1.0,0.0426075,2.002529411764705,0.4759949727691663,0.225563909774436,0.500631554210851,0.4800456785671355
"PostgreSQL, Django",Git,0.0645,0.4745,0.0515,0.7984496124031008,1.6827178343584843,1.0,0.0208947499999999,2.6072884615384617,0.4336967407491969,0.1056410256410256,0.6164597762190309,0.4534924563596115
"Algorithms, SQL",Git,0.1015,0.4745,0.081,0.7980295566502463,1.6818325746053664,1.0,0.03283825,2.6018658536585373,0.4512081177820373,0.1636363636363636,0.6156604313039892,0.4843677814863455
"Docker, SQL",JavaScript,0.134,0.324,0.073,0.544776119402985,1.681407775935139,1.0,0.0295839999999999,1.4849836065573767,0.4679679838020816,0.1896103896103896,0.3265918926079659,0.3850423806891468
"Rest Apis, MongoDB",Git,0.136,0.4745,0.1085,0.7977941176470588,1.681336391247753,1.0,0.0439679999999999,2.598836363636363,0.4690220174091141,0.2161354581673306,0.6152124027536798,0.5132279334283766
"Api Design, MongoDB",SQL,0.0605,0.4525,0.046,0.7603305785123967,1.6802885712981142,1.0,0.0186237499999999,2.284396551724138,0.4309357428789596,0.0985010706638115,0.5622476319861127,0.4309940185379663
"Algorithms, Data Structures",Git,0.0985,0.4745,0.0785,0.7969543147208121,1.6795665220670437,1.0,0.03176175,2.5880875,0.4488167279587099,0.1587462082912032,0.6136143001347518,0.4811958085722079
"Django, Docker",Git,0.0615,0.4745,0.049,0.7967479674796748,1.6791316490614854,1.0,0.01981825,2.5854600000000003,0.4309579985430507,0.1006160164271047,0.61322163174058,0.450007281948478
"Docker, Node.js",SQL,0.1435,0.4525,0.109,0.7595818815331011,1.678633992338345,1.0,0.04406625,2.277282608695653,0.4720111184305661,0.2238193018480493,0.5608801489189061,0.5002329297168268
Redis,Git,0.081,0.4745,0.0645,0.7962962962962963,1.6781797603715412,1.0,0.0260655,2.579727272727273,0.4397347976820103,0.1313645621181262,0.612362124255559,0.4661144284431955
"Debugging, Unit Testing",Git,0.1055,0.4745,0.084,0.7962085308056873,1.677994796218519,1.0,0.03394025,2.5786162790697693,0.4517055284942374,0.1693548387096774,0.6121951109527827,0.4866184909033705
"Rest Apis, Node.js",JavaScript,0.1445,0.324,0.0785,0.5432525951557093,1.6767055406040412,1.0,0.031682,1.4800303030303028,0.4717619598923414,0.2012820512820513,0.3243381585143629,0.3927682728864966
"Debugging, SQL",Git,0.1075,0.4745,0.0855,0.7953488372093024,1.6761830078172864,1.0,0.03449125,2.567784090909092,0.4519960030795945,0.1722054380664653,0.6105591573916315,0.4877692552748303
Django,Git,0.0855,0.4745,0.068,0.7953216374269005,1.6761256847774513,1.0,0.02743025,2.567442857142857,0.4411000868362654,0.1382113821138211,0.6105073975773558,0.4693151917376863
"Rest Apis, TypeScript",Git,0.127,0.4745,0.101,0.7952755905511811,1.6760286418359982,1.0,0.0407385,2.5668653846153853,0.4620291926099827,0.2017982017982018,0.6104197726949212,0.5040656140321764
"JavaScript, Data Structures",Git,0.105,0.4745,0.0835,0.7952380952380953,1.6759496211551008,1.0,0.0336775,2.5663953488372107,0.4506406182049309,0.1683467741935484,0.6103484210049387,0.4856064027296904
"Unit Testing, Algorithms",Git,0.1,0.4745,0.0795,0.7949999999999999,1.6754478398314014,1.0,0.03205,2.563414634146341,0.4479385045422781,0.1606060606060606,0.6098953377735489,0.48127239199157
"PostgreSQL, Docker",Git,0.0585,0.4745,0.0465,0.7948717948717948,1.6751776498878712,1.0,0.0187417499999999,2.5618125,0.4280917547496273,0.0955806783144912,0.6096513698797237,0.4464348436951176
"JavaScript, SQL",Git,0.197,0.4745,0.1565,0.7944162436548223,1.6742175840986773,1.0,0.0630235,2.5561358024691363,0.5015019555262017,0.303883495145631,0.6087844788864364,0.5621185538611309
"JavaScript, Java",Git,0.107,0.4745,0.085,0.7943925233644861,1.674167594024207,1.0,0.0342285,2.5558409090909104,0.4509386733416772,0.1711983887210473,0.6087393403700971,0.4867642279625381
"Debugging, Java",Git,0.1045,0.4745,0.083,0.7942583732057417,1.673884875038444,1.0,0.03341475,2.554174418604652,0.4495671126717928,0.1673387096774193,0.6084840593829527,0.4845896713236295
Django,Rest Apis,0.0855,0.423,0.0605,0.7076023391812865,1.6728187687500862,1.0,0.0243334999999999,1.9733399999999992,0.4398104008422612,0.1350446428571428,0.4932449552535294,0.4253141719547094
"JavaScript, TypeScript",Git,0.1405,0.4745,0.1115,0.793594306049822,1.6724853657530494,1.0,0.04483275,2.545956896551723,0.467815525242802,0.2214498510427011,0.6072203730729246,0.5142892499690628
"Django, Docker",Rest Apis,0.0615,0.423,0.0435,0.7073170731707317,1.6721443810182783,1.0,0.0174854999999999,1.9714166666666664,0.4283063582753109,0.0986394557823129,0.4927505600879232,0.4050769763016779
"JavaScript, Debugging",Git,0.1065,0.4745,0.0845,0.7934272300469485,1.6721332561579527,1.0,0.03396575,2.543897727272729,0.4498730145064785,0.1701913393756294,0.6069024358647925,0.4857547109138852
"Rest Apis, JavaScript",Git,0.2535,0.4745,0.201,0.7928994082840237,1.6710208815258667,1.0,0.08071425,2.537414285714287,0.5379282422449042,0.3814041745730551,0.6058980176670289,0.6082516008754155
"Unit Testing, Data Structures",Git,0.0985,0.4745,0.078,0.7918781725888324,1.6688686461303108,1.0,0.03126175,2.5249634146341458,0.4445831022370124,0.1575757575757576,0.6039546576381206,0.478130867116334
"Unit Testing, Java",Git,0.098,0.4745,0.0775,0.7908163265306122,1.666630825143545,1.0,0.030999,2.5121463414634144,0.4434446749159574,0.1565656565656565,0.6019340181362743,0.4770730736973398
Node.js,SQL,0.185,0.4525,0.1395,0.7540540540540541,1.6664177990144842,1.0,0.0557875,2.2260989010989016,0.4906876003254394,0.2801204819277109,0.5507836603727015,0.5311706734358669
"Object-Oriented Programming, Java",Git,0.105,0.4745,0.083,0.7904761904761906,1.665913994681118,1.0,0.0331775,2.508068181818183,0.4466244867739113,0.1671701913393756,0.6012867563771466,0.482698579958854
"Object-Oriented Programming, Debugging",Git,0.107,0.4745,0.0845,0.7897196261682243,1.664319549353476,1.0,0.0337285,2.4990444444444453,0.4469807907657852,0.170020120724346,0.5998470526512356,0.4839009089745231
"JavaScript, Unit Testing",Git,0.102,0.4745,0.0805,0.7892156862745099,1.6632575053203582,1.0,0.032101,2.493069767441862,0.4440647954737236,0.1622983870967742,0.5988880804462604,0.4794339759085932
"Django, SQL",Git,0.064,0.4745,0.0505,0.7890625,1.6629346680716544,1.0,0.020132,2.49125925925926,0.425911821951426,0.103483606557377,0.5985965746907707,0.4477451593782929
"Java, SQL",Git,0.1065,0.4745,0.084,0.7887323943661972,1.6622389765357162,1.0,0.03346575,2.487366666666668,0.445888959948837,0.1690140845070422,0.597968400316265,0.4828804226836255
"PostgreSQL, Docker",SQL,0.0585,0.4525,0.044,0.752136752136752,1.6621806677055293,1.0,0.0175287499999999,2.2088793103448263,0.4231340221117172,0.0942184154175588,0.5472817390625607,0.4246871605987627
"Api Design, Node.js",SQL,0.0605,0.4525,0.0455,0.7520661157024794,1.6620245650883525,1.0,0.0181237499999999,2.2082500000000005,0.4239746416436144,0.0973262032085561,0.5471527227442545,0.4263093009451623
"PostgreSQL, Redis",SQL,0.0605,0.4525,0.0455,0.7520661157024794,1.6620245650883525,1.0,0.0181237499999999,2.2082500000000005,0.4239746416436144,0.0973262032085561,0.5471527227442545,0.4263093009451623
"JavaScript, HTML/CSS",Git,0.16,0.4745,0.126,0.7875,1.6596417281348788,1.0,0.05008,2.4729411764705884,0.473167044595616,0.247787610619469,0.5956232159847763,0.5265213382507903
"Rest Apis, Docker",SQL,0.1385,0.4525,0.104,0.7509025270758122,1.6594530985100822,1.0,0.0413287499999999,2.197934782608695,0.4612789633465778,0.2135523613963039,0.5450274467138122,0.4903683906097292
"Rest Apis, HTML/CSS",Git,0.1505,0.4745,0.1185,0.787375415282392,1.65937916813992,1.0,0.04708775,2.4714921874999995,0.4677633653948835,0.2339585389930898,0.5953861375497468,0.518555990043725
"Rest Apis, Node.js",SQL,0.1445,0.4525,0.1085,0.7508650519031143,1.6593702804488712,1.0,0.04311375,2.1976041666666672,0.4644789610193732,0.2221084953940634,0.5449589989097977,0.495322028713988
"Node.js, SQL",JavaScript,0.1395,0.324,0.075,0.5376344086021505,1.6593654586486126,1.0,0.0298019999999999,1.4620465116279069,0.4617780360255664,0.193050193050193,0.316027231659986,0.3845579450418159
"Unit Testing, SQL",Git,0.1055,0.4745,0.083,0.7867298578199052,1.658018667692108,1.0,0.03294025,2.464011111111112,0.4436785711880502,0.1670020120724346,0.5941576742529119,0.4808254136307113
"Rest Apis, Object-Oriented Programming",Git,0.1055,0.4745,0.083,0.7867298578199052,1.658018667692108,1.0,0.03294025,2.464011111111112,0.4436785711880502,0.1670020120724346,0.5941576742529119,0.4808254136307113
"Rest Apis, Api Design",SQL,0.06,0.4525,0.045,0.75,1.6574585635359116,1.0,0.0178499999999999,2.19,0.4219858156028369,0.0962566844919786,0.54337899543379,0.4247237569060773
Git,Rest Apis,0.4745,0.423,0.3325,0.7007376185458378,1.6565901147655742,1.0,0.1317865,1.9280739436619725,0.7542347781919118,0.5884955752212391,0.4813476924537918,0.7433948140010513
Rest Apis,Git,0.423,0.4745,0.3325,0.7860520094562649,1.6565901147655742,1.0,0.1317865,2.456204419889504,0.6869157295318019,0.5884955752212391,0.5928677629995525,0.7433948140010513
"Rest Apis, Node.js",Git,0.1445,0.4745,0.1135,0.7854671280276817,1.65535748794032,1.0,0.04493475,2.44950806451613,0.4627713396344462,0.2245301681503462,0.5917547631354552,0.5123331425175289
"PostgreSQL, Redis",Git,0.0605,0.4745,0.0475,0.7851239669421488,1.6546342822806088,1.0,0.01879275,2.4455961538461546,0.4211142545026751,0.0974358974358974,0.5911017448946694,0.4426146705100628
"PostgreSQL, Rest Apis",Git,0.0605,0.4745,0.0475,0.7851239669421488,1.6546342822806088,1.0,0.01879275,2.4455961538461546,0.4211142545026751,0.0974358974358974,0.5911017448946694,0.4426146705100628
Django,SQL,0.0855,0.4525,0.064,0.7485380116959064,1.6542276501566993,1.0,0.02531125,2.1772674418604647,0.432463948879169,0.1350210970464135,0.5407086971614729,0.4449872378921521
"React, Node.js",Git,0.079,0.4745,0.062,0.7848101265822784,1.6539728695095437,1.0,0.0245145,2.4420294117647057,0.4293107071556163,0.126144455747711,0.5905045225162292,0.4577369916367662
"Node.js, MongoDB",JavaScript,0.14,0.324,0.075,0.5357142857142857,1.6534391534391533,1.0,0.0296399999999999,1.4559999999999995,0.4595348837209301,0.1928020565552699,0.3131868131868132,0.3835978835978836
"Django, Docker",SQL,0.0615,0.4525,0.046,0.7479674796747967,1.6529668059111529,1.0,0.01817125,2.172338709677419,0.4209133446063329,0.0982905982905982,0.5396666295430077,0.4248124691191663
"Docker, Node.js",Git,0.1435,0.4745,0.1125,0.7839721254355402,1.6522067975459225,1.0,0.04440925,2.432556451612905,0.4608860348965429,0.2225519287833828,0.5889098485928452,0.5105319004416901
Algorithms,Git,0.129,0.4745,0.101,0.7829457364341086,1.6500437016524945,1.0,0.0397895,2.4210535714285726,0.4523024633117732,0.2009950248756219,0.5869566820820334,0.4979006869736402
"Redis, SQL",Git,0.0575,0.4745,0.045,0.7826086956521738,1.6493333944197552,1.0,0.01771625,2.4173,0.4177129384025935,0.0924024640657084,0.5863153104703593,0.4387226829156548
"Node.js, Git",JavaScript,0.1405,0.324,0.075,0.5338078291814946,1.6475550283379463,1.0,0.0294779999999999,1.4500458015267172,0.4572891215823152,0.1925545571245186,0.3103666112152287,0.382644655331488
"Node.js, TypeScript",Git,0.0755,0.4745,0.059,0.7814569536423841,1.64690611937278,1.0,0.02317525,2.404560606060606,0.424879229267309,0.120162932790224,0.584123603505964,0.4528991828275145
"Data Structures, SQL",Git,0.105,0.4745,0.082,0.7809523809523811,1.645842741733153,1.0,0.0321775,2.3990217391304363,0.4384452922741518,0.164824120603015,0.5831634271215624,0.476882934417181
"PostgreSQL, Git",SQL,0.0625,0.4525,0.0465,0.744,1.6441988950276245,1.0,0.01821875,2.138671875,0.417921146953405,0.0992529348986125,0.5324200913242009,0.4233812154696132
Api Design,SQL,0.08,0.4525,0.0595,0.7437499999999999,1.6436464088397789,1.0,0.0232999999999999,2.1365853658536578,0.4256485202776762,0.1257928118393234,0.5319634703196345,0.4376208563535911
"Object-Oriented Programming, JavaScript",Git,0.1085,0.4745,0.0845,0.7788018433179724,1.6413105233255478,1.0,0.03301675,2.375697916666668,0.4382846542128652,0.1695085255767302,0.5790710624509465,0.4784420175493972
"Django, Git",SQL,0.068,0.4525,0.0505,0.7426470588235294,1.6412089697757557,1.0,0.01973,2.127428571428572,0.4191985722177368,0.1074468085106383,0.529948965887725,0.4271246343841404
"Object-Oriented Programming, Unit Testing",Git,0.1035,0.4745,0.0805,0.7777777777777778,1.639152324083831,1.0,0.03138925,2.3647500000000004,0.4349454226754841,0.1618090452261306,0.5771223173697008,0.4737150216602271
TypeScript,Git,0.1595,0.4745,0.124,0.7774294670846394,1.6384182657210526,1.0,0.04831725,2.361049295774648,0.4635993360326994,0.2431372549019607,0.5764594996853272,0.5193785902335737
"Api Design, Redis",SQL,0.056,0.4525,0.0415,0.7410714285714286,1.637726913970008,1.0,0.01616,2.11448275862069,0.4124974474167858,0.088865096359743,0.5270711024135682,0.4163920678768745
"Django, MongoDB",Git,0.065,0.4745,0.0505,0.7769230769230769,1.637351057793629,1.0,0.0196575,2.3556896551724145,0.4163181023984752,0.1032719836400818,0.5754958647441997,0.4416754478398314
MongoDB,"Python, SQL",0.189,0.3575,0.1105,0.5846560846560847,1.6354016354016354,1.0,0.0429325,1.546910828025478,0.4790744904620294,0.253440366972477,0.3535503263129722,0.4468734968734968
"React, TypeScript",Git,0.1245,0.4745,0.0965,0.7751004016064257,1.6335098031747644,1.0,0.03742475,2.3365982142857145,0.4429711519398243,0.1920398009950249,0.5720274055307815,0.4892361860508419
"Node.js, Python",JavaScript,0.1455,0.324,0.077,0.5292096219931272,1.633363030842985,1.0,0.029858,1.435883211678832,0.4537931348931934,0.1961783439490445,0.3035645295756319,0.3834319714903907
"Object-Oriented Programming, SQL",Git,0.111,0.4745,0.086,0.7747747747747747,1.63282355063177,1.0,0.0333304999999999,2.33322,0.4359549533052553,0.1721721721721721,0.5714077540909129,0.4780090944474506
"SQL, Business Intelligence",Python,0.047,0.5605,0.043,0.9148936170212764,1.6322812078880935,1.0,0.0166564999999999,5.164124999999992,0.4064642865858122,0.0761736049601417,0.8063563527219032,0.4958054168960084
"Object-Oriented Programming, Data Structures",Git,0.102,0.4745,0.079,0.7745098039215687,1.6322651294448234,1.0,0.030601,2.3304782608695658,0.4313523723605199,0.1587939698492462,0.5709035279192552,0.4705004235624703
"Tableau, Looker",Python,0.0465,0.5605,0.0425,0.913978494623656,1.6306485185078607,1.0,0.01643675,5.109187500000004,0.4056078225731824,0.0752878653675819,0.8042741629662252,0.4949018253671358
"Django, Node.js",Git,0.064,0.4745,0.0495,0.7734375,1.6300052687038988,1.0,0.019132,2.319448275862069,0.4129327462660797,0.1012269938650306,0.5688629876308278,0.4388789185985248
"Node.js, Redis",SQL,0.059,0.4525,0.0435,0.7372881355932204,1.6293660455098793,1.0,0.0168024999999999,2.0840322580645165,0.4104828563401614,0.0929487179487179,0.5201609782524573,0.4167103661391516
"Redis, MongoDB",SQL,0.059,0.4525,0.0435,0.7372881355932204,1.6293660455098793,1.0,0.0168024999999999,2.0840322580645165,0.4104828563401614,0.0929487179487179,0.5201609782524573,0.4167103661391516
"Api Design, Git",SQL,0.0665,0.4525,0.049,0.7368421052631579,1.6283803431230008,1.0,0.01890875,2.0805,0.4133828142933659,0.1042553191489361,0.5193463109829367,0.4225646990404187
"Tableau, Business Intelligence",Python,0.0455,0.5605,0.0415,0.9120879120879122,1.6272754898981483,1.0,0.01599725,4.999312500000005,0.4038511300308621,0.0735163861824623,0.7999724962182302,0.4930644734391389
Java,Git,0.1315,0.4745,0.1015,0.7718631178707225,1.626687287398783,1.0,0.03910325,2.3034416666666675,0.4435851405656658,0.201189296333003,0.5658670178320123,0.4928862480818312
Node.js,JavaScript,0.185,0.324,0.0975,0.5270270270270271,1.6266266266266267,1.0,0.03756,1.4292571428571428,0.4726757904672016,0.2369380315917375,0.3003358387973773,0.4139764764764765
"Node.js, MongoDB",Git,0.14,0.4745,0.108,0.7714285714285714,1.6257714887851873,1.0,0.0415699999999999,2.2990625,0.4475667527993108,0.2132280355380059,0.5650400978659778,0.4995182899292488
"Django, Redis",SQL,0.0605,0.4525,0.0445,0.7355371900826446,1.625496552668828,1.0,0.0171237499999999,2.070234375,0.409583151449193,0.0949839914621131,0.5169629042605381,0.4169398657595543
Debugging,Git,0.1355,0.4745,0.1045,0.7712177121771217,1.6253271068010997,1.0,0.04020525,2.296943548387096,0.4450424921339048,0.2067260138476755,0.5646388433437138,0.4957247675743353
"Node.js, SQL",Git,0.1395,0.4745,0.1075,0.7706093189964157,1.624044929391814,1.0,0.0413072499999999,2.2908515625,0.446546761617772,0.2122408687068114,0.5634811018009813,0.4985817933232869
"Tableau, SQL",Python,0.0775,0.5605,0.0705,0.9096774193548386,1.6229748784207647,1.0,0.0270612499999999,4.865892857142851,0.4160948701685598,0.1242290748898678,0.794487871114536,0.517728986216224
"TypeScript, Webpack",Git,0.05,0.4745,0.0385,0.7699999999999999,1.6227608008429926,1.0,0.014775,2.2847826086956515,0.4039644565960356,0.0792181069958847,0.5623215984776401,0.4255690200210748
HTML/CSS,Git,0.189,0.4745,0.1455,0.7698412698412698,1.6224262799605265,1.0,0.0558194999999999,2.283206896551724,0.473044605743196,0.2808880308880309,0.5620195429900471,0.5382399183769047
"JavaScript, Node.js",Git,0.0975,0.4745,0.075,0.7692307692307692,1.6211396611818107,1.0,0.0287362499999999,2.277166666666666,0.4245429362880886,0.1509054325955734,0.5608577911146891,0.4636459430979979
"Rest Apis, Redis",SQL,0.06,0.4525,0.044,0.7333333333333333,1.6206261510128912,1.0,0.0168499999999999,2.053125,0.4073984526112185,0.0939167556029882,0.5129375951293759,0.4152854511970534
"React, HTML/CSS",Git,0.145,0.4745,0.1115,0.7689655172413794,1.6205806475055415,1.0,0.0426975,2.274552238805972,0.4478797891589963,0.219488188976378,0.5603530299550512,0.5019748555648414
JavaScript,Git,0.324,0.4745,0.249,0.7685185185185185,1.619638605939976,1.0,0.095262,2.27016,0.5659442503742783,0.4531392174704277,0.5595024139267716,0.6466407134215353
Git,JavaScript,0.4745,0.324,0.249,0.5247629083245522,1.619638605939976,1.0,0.095262,1.4224478935698448,0.7280272373986909,0.4531392174704277,0.2969865507759648,0.6466407134215353
Unit Testing,Git,0.1295,0.4745,0.0995,0.7683397683397684,1.619261893234496,1.0,0.03805225,2.268408333333334,0.4393275972048641,0.1972249752229931,0.5591622613506534,0.4890170917568178
"JavaScript, React",Git,0.1465,0.4745,0.1125,0.7679180887372015,1.6183732112480538,1.0,0.04298575,2.264286764705884,0.4476807915120746,0.2212389380530973,0.5583598263314966,0.5025048820925206
"JavaScript, Webpack",Git,0.0495,0.4745,0.038,0.7676767676767676,1.6178646315632617,1.0,0.0145122499999999,2.2619347826086957,0.4017899166643594,0.0781893004115226,0.5579006045228689,0.4238805334695745
Data Structures,Git,0.129,0.4745,0.099,0.7674418604651163,1.6173695689465044,1.0,0.0377895,2.2596500000000006,0.4382458337682218,0.1962338949454906,0.5574535879450357,0.4880412674296077
"Api Design, Docker",SQL,0.0595,0.4525,0.0435,0.7310924369747899,1.6156738938669388,1.0,0.0165762499999999,2.036015625,0.4051708861146247,0.0928495197438633,0.5088446337439084,0.4136125168299364
"Rest Apis, React",Git,0.1365,0.4745,0.1045,0.7655677655677655,1.6134199485095164,1.0,0.0397307499999999,2.2415859375,0.4402994378613797,0.2063178677196446,0.5538872798625414,0.4928997942696572
"Power BI, SQL",Python,0.0465,0.5605,0.042,0.903225806451613,1.6114644182901212,1.0,0.01593675,4.541500000000004,0.3979511573900667,0.0743362831858407,0.7798084333370033,0.4890794509510518
"Python, Redis",SQL,0.068,0.4525,0.0495,0.7279411764705882,1.6087097822554437,1.0,0.01873,2.012432432432432,0.4059912429011141,0.1050955414012738,0.5030889067955949,0.4186667208319792
"Node.js, Redis",Git,0.059,0.4745,0.045,0.7627118644067796,1.6074011894768805,1.0,0.0170045,2.214607142857143,0.4015704333451411,0.0921187308085977,0.5484526439710363,0.4287742672929577
"Data Visualization, Business Intelligence",Python,0.05,0.5605,0.045,0.8999999999999999,1.6057091882247991,1.0,0.0169749999999999,4.394999999999996,0.3970760233918128,0.0795755968169761,0.7724687144482364,0.4901427297056199
"Looker, SQL",Python,0.0495,0.5605,0.0445,0.8989898989898989,1.603907045477072,1.0,0.0167552499999999,4.351049999999996,0.3961309541400444,0.0786914235190097,0.7701704186345822,0.489191648870507
Node.js,Git,0.185,0.4745,0.1405,0.7594594594594596,1.6005468060262584,1.0,0.0527175,2.184662921348316,0.4603846909591076,0.2707129094412332,0.5422634813690953,0.5277803092871587
"Power BI, Business Intelligence",Python,0.0485,0.5605,0.0435,0.8969072164948453,1.600191287234336,1.0,0.0163157499999999,4.263149999999997,0.3941930768719686,0.0769230769230769,0.7654316643796252,0.4872582469628553
Object-Oriented Programming,Git,0.135,0.4745,0.1025,0.7592592592592592,1.6001248877961205,1.0,0.0384424999999999,2.1828461538461537,0.4335824051882136,0.2021696252465483,0.5418825104838424,0.4876380595558677
"Tableau, Data Cleaning",Python,0.048,0.5605,0.043,0.8958333333333333,1.5982753493904251,1.0,0.0160959999999999,4.219199999999997,0.3931991401211647,0.0760389036251105,0.762988244216913,0.4862752750520368
"Data Cleaning, SQL",Python,0.052,0.5605,0.0465,0.8942307692307693,1.5954161806079736,1.0,0.017354,4.155272727272729,0.3936754230751781,0.0821554770318021,0.7593419095125581,0.4885962053111919
"Docker, MongoDB",JavaScript,0.1365,0.324,0.0705,0.5164835164835164,1.5940849274182605,1.0,0.0262739999999999,1.3980909090909088,0.431593342285848,0.1807692307692307,0.2847389297093438,0.3670380545380545
Machine Learning,"Python, SQL",0.0825,0.3575,0.047,0.5696969696969697,1.5935579571943208,1.0,0.01750625,1.4931338028169017,0.4059655632210563,0.1195928753180661,0.3302676571159061,0.3505827505827505
"Excel, Business Intelligence",Python,0.0505,0.5605,0.045,0.891089108910891,1.5898110774502965,1.0,0.0166947499999999,4.035409090909087,0.3907261131589725,0.0795053003533569,0.7521936493990694,0.4856872841610655
"Rest Apis, MongoDB",JavaScript,0.136,0.324,0.07,0.5147058823529412,1.5885984023238926,1.0,0.025936,1.392969696969697,0.4288359788359788,0.1794871794871795,0.2821092934215107,0.3653776325344953
"Looker, Business Intelligence",Python,0.05,0.5605,0.0445,0.8899999999999999,1.5878679750223013,1.0,0.0164749999999999,3.995454545454542,0.3897102306327616,0.0786219081272084,0.7497155858930601,0.4846966993755575
React,Git,0.168,0.4745,0.1265,0.7529761904761905,1.5868834361985047,1.0,0.046784,2.12732530120482,0.4445120097294011,0.2451550387596899,0.5299261474332835,0.5097863038787697
"Rest Apis, Webpack",Git,0.054,0.4745,0.0405,0.75,1.5806111696522656,1.0,0.014877,2.1020000000000003,0.3883016208597604,0.0829918032786885,0.5242626070409134,0.4176765015806112
"Data Visualization, Looker",Python,0.052,0.5605,0.046,0.8846153846153847,1.5782611679132643,1.0,0.016854,3.8090000000000015,0.3864887176664833,0.0812003530450132,0.737463901286427,0.4833424826734372
"Python, Git",SQL,0.285,0.4525,0.2035,0.7140350877192982,1.577978094407289,1.0,0.0745375,1.9145705521472391,0.5122764213673304,0.3810861423220973,0.4776896579347913,0.5818794223126877
Webpack,Git,0.0675,0.4745,0.0505,0.7481481481481481,1.5767084260234945,1.0,0.01847125,2.0865441176470587,0.3922437820189526,0.1027466937945066,0.5207386263523275,0.427287983452367
"Data Cleaning, Business Intelligence",Python,0.0515,0.5605,0.0455,0.883495145631068,1.57626252565757,1.0,0.01663425,3.7723750000000016,0.3854379674095014,0.0803177405119152,0.7349150071241592,0.4823363328512164
"Tableau, Power BI",Python,0.047,0.5605,0.0415,0.8829787234042553,1.5753411657524627,1.0,0.0151565,3.7557272727272726,0.383228612245414,0.073321554770318,0.7337399849926173,0.4785098790973105
Business Intelligence,Python,0.0555,0.5605,0.049,0.8828828828828829,1.5751701746349382,1.0,0.01789225,3.752653846153845,0.3866045094586273,0.0864197530864197,0.7335219178222591,0.4851524137875609
"HTML/CSS, Webpack",Git,0.067,0.4745,0.05,0.746268656716418,1.5727474324898163,1.0,0.0182085,2.0710882352941185,0.3903215434083601,0.1017293997965412,0.5171620489370465,0.4258213673466178
"PostgreSQL, Node.js",Git,0.063,0.4745,0.047,0.746031746031746,1.5722481475906134,1.0,0.0171065,2.0691562500000003,0.3884397920025432,0.0958205912334352,0.5167112198510866,0.4225416896649773
"Data Visualization, SQL",Python,0.084,0.5605,0.074,0.8809523809523808,1.5717259249819462,1.0,0.0269179999999999,3.691799999999996,0.3971143632715684,0.1297107800175284,0.7291294219621862,0.5064886793254322
"Statistics, Business Intelligence",Python,0.05,0.5605,0.044,0.8799999999999999,1.5700267618198036,1.0,0.0159749999999999,3.662499999999997,0.3821770334928229,0.0776699029126213,0.7269624573378837,0.479250669045495
Redis,SQL,0.081,0.4525,0.0575,0.7098765432098766,1.5687879407953074,1.0,0.0208474999999999,1.8871276595744684,0.3945214552680133,0.1207983193277311,0.4700941428490896,0.4184741832071482
"Excel, Tableau",Python,0.0495,0.5605,0.0435,0.8787878787878787,1.567864190522531,1.0,0.0157552499999999,3.6258749999999966,0.3810517150682942,0.0767872903795233,0.7242045023614987,0.478198578109372
"Power BI, Looker",Python,0.049,0.5605,0.043,0.8775510204081631,1.565657485117151,1.0,0.0155354999999999,3.589249999999996,0.3799060963979165,0.0759046778464254,0.7213902625896772,0.4771341185894517
"Git, MongoDB",JavaScript,0.139,0.324,0.0705,0.5071942446043165,1.5654143351985077,1.0,0.0254639999999999,1.371737226277372,0.4195023105246248,0.1796178343949044,0.2709974032608232,0.3623934185984545
"MongoDB, SQL",Git,0.1475,0.4745,0.1095,0.7423728813559323,1.564537157757497,1.0,0.03951125,2.039769736842106,0.4232649071358749,0.2136585365853658,0.5097485848828397,0.4865710560625815
"Excel, SQL",Python,0.0525,0.5605,0.046,0.8761904761904762,1.563230109171233,1.0,0.01657375,3.549807692307692,0.38026270505908,0.0811287477954144,0.7182945988406739,0.4791300284609829
"Tableau, Data Visualization",Python,0.0805,0.5605,0.0705,0.8757763975155278,1.562491342578997,1.0,0.0253797499999999,3.5379749999999963,0.3915132723226853,0.1235758106923751,0.7173524403083682,0.5007784752965685
"Api Design, Redis",Python,0.056,0.5605,0.049,0.875,1.5611061552185548,1.0,0.017612,3.516,0.3807506053268766,0.0863436123348017,0.7155858930602957,0.4812109723461195
"Redis, MongoDB",Python,0.059,0.5605,0.0515,0.8728813559322034,1.5573262371671783,1.0,0.0184305,3.4574000000000003,0.3803122065969894,0.090669014084507,0.710765314976572,0.4823818019625334
"Docker, Redis",Python,0.059,0.5605,0.0515,0.8728813559322034,1.5573262371671783,1.0,0.0184305,3.4574000000000003,0.3803122065969894,0.090669014084507,0.710765314976572,0.4823818019625334
"Excel, Looker",Python,0.0545,0.5605,0.0475,0.8715596330275229,1.554968123153475,1.0,0.01695275,3.421821428571429,0.3774722369116869,0.0837004405286343,0.7077579818601204,0.4781526978696936
"Docker, Redis",SQL,0.059,0.4525,0.0415,0.7033898305084747,1.5544526641071263,1.0,0.0148025,1.8458571428571435,0.3790507406885779,0.0882978723404255,0.4582462657689035,0.3975512688453976
"Python, MongoDB",JavaScript,0.139,0.324,0.07,0.5035971223021583,1.5543121058708589,1.0,0.024964,1.3617971014492751,0.4142027542724406,0.178117048346056,0.265676216423311,0.3598232525091038
"Data Visualization, Data Cleaning",Python,0.0535,0.5605,0.0465,0.8691588785046729,1.5506848858245723,1.0,0.01651325,3.359035714285714,0.3751966781975472,0.0819383259911894,0.7022955142313376,0.4760602599481437
MongoDB,Git,0.189,0.4745,0.139,0.7354497354497355,1.5499467554262076,1.0,0.0493195,1.9863900000000003,0.4375049898428977,0.2650142993326978,0.4965741873448819,0.5141948361126444
"Unit Testing, Data Structures",Python,0.0985,0.5605,0.0855,0.868020304568528,1.5486535317904155,1.0,0.03029075,3.330057692307693,0.3929869969803414,0.1490845684394071,0.6997049023174697,0.510281338724942
"Data Cleaning, Looker",Python,0.053,0.5605,0.046,0.8679245283018868,1.5484826553111273,1.0,0.0162935,3.327642857142858,0.374030117992746,0.0810572687224669,0.6994869813467277,0.4749970545166883
"React, Webpack",Git,0.0545,0.4745,0.04,0.7339449541284404,1.5467754565404437,1.0,0.01413975,1.9751551724137937,0.3738696456901111,0.0817995910020449,0.4937106643738161,0.4091221082549472
"Data Cleaning, Power BI",Python,0.0525,0.5605,0.0455,0.8666666666666667,1.5462384775498068,1.0,0.01607375,3.296250000000001,0.3728435153237264,0.0801762114537445,0.6966249525976489,0.4739220933690157
"PostgreSQL, SQL",Rest Apis,0.0735,0.423,0.048,0.653061224489796,1.543879963332851,1.0,0.0169095,1.6631176470588236,0.3802280086346466,0.1070234113712374,0.3987196264987799,0.3832682008973803
"Git, Redis",SQL,0.0645,0.4525,0.045,0.6976744186046511,1.5418219195682896,1.0,0.0158137499999999,1.8109615384615376,0.3756458221984678,0.0953389830508474,0.4478071572687691,0.3985609662084028
"Data Visualization, Power BI",Python,0.0515,0.5605,0.0445,0.8640776699029127,1.5416193932255355,1.0,0.01563425,3.233464285714287,0.3704074440423377,0.0784140969162995,0.6907341749781859,0.4717355343270139
Looker,Python,0.0585,0.5605,0.0505,0.8632478632478633,1.5401389174805769,1.0,0.01771075,3.213843750000001,0.3724991192693354,0.0888302550571679,0.6888461052283579,0.4766729949602385
"Statistics, NumPy",Python,0.0365,0.5605,0.0315,0.863013698630137,1.5397211393936432,1.0,0.01104175,3.2083500000000003,0.363810841755834,0.0557029177718832,0.6883133074633379,0.4596067601090025
NumPy,Python,0.04,0.5605,0.0345,0.8625,1.5388046387154328,1.0,0.01208,3.1963636363636376,0.3647342995169083,0.0609540636042402,0.6871444823663255,0.4620260927743086
"Statistics, SQL",Python,0.087,0.5605,0.075,0.8620689655172414,1.5380356209049804,1.0,0.0262365,3.1863750000000013,0.3831544359255203,0.131004366812227,0.6861637440665335,0.4979390322679873
"Docker, Git",Rest Apis,0.176,0.423,0.1145,0.6505681818181819,1.5379862454330542,1.0,0.040052,1.6512520325203253,0.4245135032009157,0.2363261093911249,0.3943989286276982,0.4606268805071997
"Redis, SQL",Python,0.0575,0.5605,0.0495,0.8608695652173913,1.5358957452585038,1.0,0.01727125,3.1589062500000007,0.3702006805455081,0.0870712401055409,0.6834347331453727,0.4745917852848776
Tableau,Python,0.093,0.5605,0.08,0.8602150537634409,1.534728017419163,1.0,0.0278735,3.144115384615385,0.3841441565600882,0.1394943330427201,0.6819455148201158,0.5014723796917115
"Django, Redis",Python,0.0605,0.5605,0.052,0.859504132231405,1.5334596471568331,1.0,0.01808975,3.1282058823529417,0.3702818602366234,0.0913884007029877,0.6803279459190102,0.4761392204421967
"React, MongoDB",Python,0.071,0.5605,0.061,0.8591549295774649,1.5328366272568508,1.0,0.0212045,3.1204500000000017,0.3741816513437682,0.1069237510955302,0.6795334006313194,0.4839931650563506
"JavaScript, Data Structures",Python,0.105,0.5605,0.09,0.8571428571428571,1.52924684592838,1.0,0.0311475,3.076499999999999,0.3866852886405959,0.156385751520417,0.6749553063546236,0.5088568879826685
"HTML/CSS, SQL",Python,0.073,0.5605,0.0625,0.8561643835616439,1.5275011303508366,1.0,0.0215835,3.0555714285714304,0.3725307443365696,0.1094570928196147,0.6727289728365049,0.4838359830386275
"Excel, Data Cleaning",Python,0.0555,0.5605,0.0475,0.8558558558558559,1.5269506794930523,1.0,0.01639225,3.0490312500000005,0.3653785071466384,0.0835532102022867,0.672026975781242,0.4703008092838601
"Excel, Power BI",Python,0.0515,0.5605,0.044,0.8543689320388349,1.5242978270095182,1.0,0.0151342499999999,3.017899999999999,0.3626359802559064,0.0774647887323943,0.6686437589051989,0.4664351350649125
"Git, Data Structures",Python,0.099,0.5605,0.0845,0.8535353535353536,1.5228106218293551,1.0,0.0290105,3.0007241379310354,0.3810427598526292,0.1469565217391304,0.6667471070201447,0.5021468025482299
"Excel, Data Visualization",Python,0.0545,0.5605,0.0465,0.8532110091743119,1.522231952139718,1.0,0.0159527499999999,2.99409375,0.3628449418012884,0.0817941952506596,0.666009122125852,0.4680863252829633
"Statistics, Looker",Python,0.051,0.5605,0.0435,0.8529411764705882,1.521750537860104,1.0,0.0149144999999999,2.9885999999999995,0.3612877439046546,0.0765845070422535,0.6653951683062302,0.4652752269507267
"Tableau, Statistics",Python,0.085,0.5605,0.0725,0.8529411764705881,1.5217505378601035,1.0,0.0248574999999999,2.9885999999999973,0.3747126436781608,0.1265270506108202,0.66539516830623,0.4911449860943484
PostgreSQL,Rest Apis,0.094,0.423,0.0605,0.6436170212765957,1.5215532417886424,1.0,0.020738,1.619044776119403,0.3783409045299473,0.1325301204819277,0.3823518566318817,0.393321513002364
"Git, Redis",Python,0.0645,0.5605,0.055,0.8527131782945736,1.521343761453298,1.0,0.0188477499999999,2.9839736842105253,0.3663135902045575,0.0964912280701754,0.6648764011253097,0.4754199254541557
PostgreSQL,"Rest Apis, Git",0.094,0.3325,0.0475,0.5053191489361702,1.5197568389057752,1.0,0.0162449999999999,1.3493548387096774,0.3774834437086091,0.12532981530343,0.2589050920392063,0.3240881458966566
"React, SQL",Python,0.0735,0.5605,0.0625,0.8503401360544218,1.51710996619879,1.0,0.02130325,2.936659090909092,0.3678920669185105,0.1093613298337707,0.6594769876096059,0.4809238592850164
Data Cleaning,Python,0.06,0.5605,0.051,0.85,1.5165031222123104,1.0,0.0173699999999999,2.93,0.3623279098873591,0.0895522388059701,0.6587030716723549,0.4704950936663693
"Rest Apis, Redis",Python,0.06,0.5605,0.051,0.85,1.5165031222123104,1.0,0.0173699999999999,2.93,0.3623279098873591,0.0895522388059701,0.6587030716723549,0.4704950936663693
"PostgreSQL, MongoDB",Rest Apis,0.0725,0.423,0.0465,0.6413793103448276,1.5162631450232331,1.0,0.0158325,1.608942307692308,0.3670985131727676,0.1035634743875278,0.378473674774398,0.375654194179506
"JavaScript, Debugging",Python,0.1065,0.5605,0.0905,0.8497652582159624,1.5160843143906555,1.0,0.03080675,2.9254218749999987,0.3809805006693523,0.1569817866435386,0.658168960673407,0.5056141188492836
"Git, Unit Testing",Python,0.0995,0.5605,0.0845,0.8492462311557789,1.5151583071467956,1.0,0.02873025,2.91535,0.3775713032536166,0.1468288444830582,0.6569880117310101,0.5000022413584425
Power BI,Python,0.056,0.5605,0.0475,0.8482142857142857,1.513317191283293,1.0,0.016112,2.8955294117647057,0.3593220338983051,0.0834797891036906,0.6546400130017878,0.466480024213075
"Docker, Python",Git,0.1965,0.4745,0.141,0.7175572519083968,1.5122386763085287,1.0,0.0477607499999999,1.8605540540540533,0.4215665505964596,0.2660377358490565,0.4625256934508026,0.5073560759015113
"Git, Debugging",Python,0.1045,0.5605,0.0885,0.84688995215311,1.510954419541677,1.0,0.0299277499999999,2.870484375,0.3776288851665735,0.1535125758889852,0.6516267398250513,0.5023923444976076
"Docker, React",Python,0.078,0.5605,0.066,0.8461538461538461,1.5096411171344266,1.0,0.022281,2.85675,0.3661506606192072,0.1152838427947598,0.6499518683819024,0.4819529266451657
Data Visualization,Python,0.0975,0.5605,0.0825,0.8461538461538461,1.5096411171344266,1.0,0.02785125,2.85675,0.3740619491312012,0.1433536055603823,0.6499518683819024,0.4966719275372264
"Data Structures, Java",Python,0.1005,0.5605,0.085,0.845771144278607,1.508958330559513,1.0,0.02866975,2.8496612903225813,0.3749762940195533,0.1475694444444444,0.6490811018853402,0.498710728249919
"PostgreSQL, Api Design",Python,0.058,0.5605,0.049,0.8448275862068966,1.5072749084868806,1.0,0.016491,2.8323333333333336,0.35727284544391,0.0860403863037752,0.64693421207485,0.4661247654495678
Excel,Python,0.061,0.5605,0.0515,0.8442622950819672,1.506266360538746,1.0,0.0173095,2.8220526315789463,0.3579412099217304,0.0903508771929824,0.6456479979111881,0.4680722715374153
"Debugging, Data Structures",Python,0.1025,0.5605,0.0865,0.8439024390243902,1.505624333674202,1.0,0.0290487499999999,2.8155468749999994,0.374176823868485,0.1500433651344319,0.6448292127972474,0.4991144666129979
"Debugging, Unit Testing",Python,0.1055,0.5605,0.089,0.8436018957345971,1.505088127983224,1.0,0.0298672499999999,2.8101363636363628,0.3751672204043437,0.1542461005199306,0.6441453827863415,0.5011943466184137
"MongoDB, HTML/CSS",Python,0.0735,0.5605,0.062,0.8435374149659864,1.5049730864691997,1.0,0.02080325,2.808978260869566,0.3621546576606375,0.1083916083916083,0.643998668864588,0.4770764684107363
"PostgreSQL, Redis",Python,0.0605,0.5605,0.051,0.8429752066115702,1.503970038557663,1.0,0.01708975,2.798921052631578,0.3566717799413539,0.0894736842105263,0.6427194689683053,0.4669826969721544
"Debugging, SQL",Python,0.1075,0.5605,0.0905,0.8418604651162791,1.5019812044893472,1.0,0.0302462499999999,2.7791911764705888,0.3744680192518996,0.1567099567099567,0.6401830833134906,0.501661722299442
Redis,Python,0.081,0.5605,0.068,0.8395061728395062,1.4977808614442574,1.0,0.0225995,2.738423076923078,0.3616382897010817,0.1185701830863121,0.6348263318305034,0.4804132113082455
"Data Visualization, Statistics",Python,0.087,0.5605,0.073,0.8390804597701149,1.4970213376808472,1.0,0.0242365,2.731178571428571,0.3636438656243905,0.1270670147954743,0.6338577014109554,0.4846606580741743
"Node.js, Redis",Python,0.059,0.5605,0.0495,0.8389830508474577,1.496847548345152,1.0,0.0164305,2.729526315789476,0.3527410126772509,0.0868421052631579,0.6336360656369914,0.4636485280999108
"JavaScript, Unit Testing",Python,0.102,0.5605,0.0855,0.8382352941176472,1.4955134596211368,1.0,0.028329,2.716909090909093,0.3689680772086117,0.1481802426343154,0.6319346851368537,0.4953888334995016
"Data Cleaning, Statistics",Python,0.0525,0.5605,0.044,0.8380952380952381,1.4952635826855274,1.0,0.01457375,2.714558823529412,0.3495742384264811,0.0773286467486819,0.6316160138685737,0.4582982880931141
"TensorFlow, Statistics",Python,0.037,0.5605,0.031,0.8378378378378378,1.4948043493984615,1.0,0.0102615,2.71025,0.3437342980604964,0.0547219770520741,0.6310303477538972,0.4465727993827905
"Node.js, HTML/CSS",Python,0.077,0.5605,0.0645,0.8376623376623377,1.4944912357936444,1.0,0.0213415,2.70732,0.3584788396449058,0.112565445026178,0.6306310299484361,0.4763690814092241
"Statistics, Power BI",Python,0.049,0.5605,0.041,0.8367346938775511,1.4928362067396097,1.0,0.0135355,2.6919375000000008,0.3471442127670489,0.0721196130167106,0.6285203501195701,0.454941834003896
"Object-Oriented Programming, Debugging",Python,0.107,0.5605,0.0895,0.836448598130841,1.4923257772182712,1.0,0.0295264999999999,2.6872285714285704,0.3694345217614344,0.1548442906574394,0.6278693927891719,0.498063728146598
"Node.js, Git",Python,0.1405,0.5605,0.1175,0.8362989323843415,1.4920587553690303,1.0,0.0387497499999999,2.6847717391304324,0.3836941319173689,0.2013710368466152,0.6275288563921309,0.5229665937568452
"React, Node.js",Python,0.079,0.5605,0.066,0.8354430379746836,1.490531735904877,1.0,0.0217205,2.6708076923076924,0.3573273451123614,0.1150828247602441,0.6255814288388705,0.4765975225555844
"PostgreSQL, Rest Apis",Python,0.0605,0.5605,0.0505,0.834710743801653,1.4892252342580783,1.0,0.01658975,2.6589750000000016,0.3496646098883439,0.0885188431200701,0.6239152304929534,0.4624044352371333
"TypeScript, MongoDB",Python,0.0695,0.5605,0.058,0.8345323741007193,1.4889070010717562,1.0,0.01904525,2.6561086956521724,0.3528924011932776,0.1013986013986014,0.6235093836193841,0.4690057053376032
"Git, SQL",Python,0.244,0.5605,0.2035,0.8340163934426229,1.4879864289788098,1.0,0.0667379999999999,2.647851851851851,0.4337974337974338,0.3386023294509151,0.6223353661948189,0.5985425410567262
PostgreSQL,"Python, SQL",0.094,0.3575,0.05,0.5319148936170213,1.4878738282993602,1.0,0.016395,1.3726136363636363,0.3619205298013246,0.12453300124533,0.2714628694428346,0.3358875167385806
"Data Structures, SQL",Python,0.105,0.5605,0.0875,0.8333333333333333,1.486767766874814,1.0,0.0286475,2.6369999999999987,0.3658100558659218,0.1513840830449827,0.6207811907470608,0.4947219744275943
"Git, Java",Python,0.1015,0.5605,0.0845,0.8325123152709359,1.485302971045381,1.0,0.02760925,2.6240735294117643,0.3636468407240206,0.1463203463203463,0.6189131177950761,0.491635283416021
"PostgreSQL, Git",Python,0.0625,0.5605,0.052,0.832,1.4843889384478144,1.0,0.0169687499999999,2.616071428571428,0.348076923076923,0.0910683012259194,0.6177474402730374,0.4623871543264942
TensorFlow,Python,0.0385,0.5605,0.032,0.8311688311688312,1.482906032415399,1.0,0.01042075,2.6031923076923085,0.3386879225169006,0.0564373897707231,0.6158562711463736,0.444130356708412
"Git, MongoDB",Python,0.139,0.5605,0.1155,0.8309352517985611,1.4824892984809297,1.0,0.0375905,2.59959574468085,0.3780010156316776,0.1977739726027397,0.6153248050024143,0.5185006321437051
"Unit Testing, Algorithms",Python,0.1,0.5605,0.083,0.83,1.480820695807315,1.0,0.02695,2.585294117647058,0.3607764390896921,0.1437229437229437,0.6131968145620021,0.4890410347903657
"Object-Oriented Programming, Git",Python,0.1025,0.5605,0.085,0.8292682926829269,1.479515241182742,1.0,0.02754875,2.574214285714287,0.3611174832049812,0.1470588235294117,0.6115319514969896,0.4904593024520789
"PostgreSQL, Docker",Python,0.0585,0.5605,0.0485,0.829059829059829,1.4791433167882766,1.0,0.01571075,2.571074999999999,0.3440605307389502,0.0850131463628396,0.6110576315354471,0.4577948565459716
"Excel, Statistics",Python,0.0525,0.5605,0.0435,0.8285714285714285,1.478271951064101,1.0,0.01407375,2.5637499999999998,0.3414611955236102,0.0763827919227392,0.6099463676255484,0.4530903530011469
"Node.js, TypeScript",Python,0.0755,0.5605,0.0625,0.8278145695364238,1.4769216227233253,1.0,0.02018225,2.5524807692307694,0.3492871822606814,0.1089799476896251,0.6082242765333876,0.4696610760260175
"Debugging, Algorithms",Python,0.1015,0.5605,0.084,0.8275862068965517,1.4765141960687809,1.0,0.02710925,2.5491,0.3591866073084771,0.1453287197231833,0.6077046800831666,0.4887261988987665
"Algorithms, Data Structures",Python,0.0985,0.5605,0.0815,0.8274111675126904,1.4762019045721506,1.0,0.02629075,2.5465147058823536,0.3578323788913501,0.1411255411255411,0.6073064107228451,0.4864085275565236
"Object-Oriented Programming, Unit Testing",Python,0.1035,0.5605,0.0855,0.8260869565217392,1.4738393515106856,1.0,0.02748825,2.5271250000000016,0.3586168432794201,0.1477960242005186,0.6042934164317162,0.4893146647015476
"Rest Apis, Api Design",Python,0.06,0.5605,0.0495,0.8250000000000001,1.471900089206066,1.0,0.01587,2.5114285714285725,0.34107027724049,0.0866900175131348,0.6018202502844142,0.456657002676182
"Unit Testing, SQL",Python,0.1055,0.5605,0.087,0.8246445497630331,1.4712659228600056,1.0,0.0278672499999999,2.506337837837837,0.3580919154732304,0.1502590673575129,0.6010114897907466,0.4899315523123818
"Object-Oriented Programming, Data Structures",Python,0.102,0.5605,0.084,0.823529411764706,1.4692763813821694,1.0,0.026829,2.490500000000001,0.3556713331212218,0.1452031114952463,0.5984742019674766,0.4866978013328436
"Debugging, Java",Python,0.1045,0.5605,0.086,0.8229665071770335,1.4682720913060363,1.0,0.0274277499999999,2.4825810810810807,0.3561444171763209,0.1485319516407599,0.5971934179227155,0.4882004703592571
"Java, SQL",Python,0.1065,0.5605,0.0875,0.8215962441314554,1.4658273757920703,1.0,0.0278067499999999,2.4635131578947367,0.3556703173714925,0.1509922346850733,0.5940756407996709,0.4888534298266554
"Rest Apis, Data Structures",Python,0.1005,0.5605,0.0825,0.8208955223880597,1.4645772031901154,1.0,0.02616975,2.4538750000000005,0.3526504623780888,0.142610198789974,0.5924812796087822,0.4840427656543332
"Node.js, SQL",Python,0.1395,0.5605,0.1145,0.8207885304659498,1.464386316620785,1.0,0.03631025,2.4524099999999995,0.3685300259572859,0.1955593509820666,0.5922378395129688,0.5125352108172746
Data Structures,Python,0.129,0.5605,0.1055,0.817829457364341,1.4591069712120268,1.0,0.0331954999999999,2.412574468085105,0.3612506189431986,0.1806506849315068,0.5855050224444619,0.5030271283253462
"JavaScript, SQL",Python,0.197,0.5605,0.161,0.817258883248731,1.4580889977675842,1.0,0.0505815,2.405041666666667,0.3912463355584261,0.2699077954735959,0.5842067878241888,0.5522512079044726
"Unit Testing, Java",Python,0.098,0.5605,0.08,0.8163265306122449,1.4564255675508384,1.0,0.025071,2.3928333333333334,0.3474362527716186,0.1382886776145203,0.5820853938845163,0.4795281181161135
Statistics,Python,0.103,0.5605,0.084,0.8155339805825244,1.4550115621454494,1.0,0.0262685,2.3825526315789483,0.3486290279768541,0.1449525452976704,0.5802820946132522,0.4827000857417528
Debugging,Python,0.1355,0.5605,0.1105,0.8154981549815498,1.4549476449269398,1.0,0.0345522499999999,2.38209,0.3617004571993854,0.1887275832621691,0.5802005801627981,0.5063217804345751
Docker,Git,0.255,0.4745,0.176,0.6901960784313725,1.4545755077584248,1.0,0.0550024999999999,1.69623417721519,0.419482153752288,0.3179765130984642,0.4104587600977593,0.5305564164548855
"Api Design, SQL",Python,0.0595,0.5605,0.0485,0.8151260504201682,1.4542837652456166,1.0,0.01515025,2.377295454545456,0.3321385312703815,0.0848643919510061,0.5793539258706898,0.4508279672261411
"Api Design, Docker",Python,0.0595,0.5605,0.0485,0.8151260504201682,1.4542837652456166,1.0,0.01515025,2.377295454545456,0.3321385312703815,0.0848643919510061,0.5793539258706898,0.4508279672261411
"TypeScript, SQL",Python,0.073,0.5605,0.0595,0.815068493150685,1.4541810760939964,1.0,0.0185835,2.376555555555556,0.336923118762068,0.1036585365853658,0.5792229650755062,0.4606118558527733
"Docker, TypeScript",Python,0.0725,0.5605,0.059,0.8137931034482758,1.4519056261343013,1.0,0.0183637499999999,2.3602777777777773,0.3355795148247978,0.102787456445993,0.5763210544898199,0.4595281306715063
Scikit-Learn,Python,0.04,0.5605,0.0325,0.8125,1.449598572702944,1.0,0.01008,2.344,0.3230769230769231,0.0572183098591549,0.5733788395904437,0.4352419714540588
"Api Design, Git",Python,0.0665,0.5605,0.054,0.8120300751879699,1.4487601698268866,1.0,0.01672675,2.33814,0.3318207066198496,0.094240837696335,0.5723096136245048,0.4541863132407289
"Git, Algorithms",Python,0.101,0.5605,0.082,0.8118811881188118,1.4484945372324922,1.0,0.0253895,2.33628947368421,0.3444138473642801,0.1415012942191544,0.5719708489620292,0.4790895681896467
"Docker, HTML/CSS",Python,0.0795,0.5605,0.0645,0.8113207547169812,1.447494656051706,1.0,0.01994025,2.3293500000000007,0.3358513446938594,0.1120764552562988,0.5706956876381825,0.4631982899365459
Deep Learning,Python,0.037,0.5605,0.03,0.8108108108108109,1.446584854256576,1.0,0.0092614999999999,2.323071428571429,0.3205780546902042,0.052863436123348,0.5695354057128802,0.4321672252091521
Unit Testing,Python,0.1295,0.5605,0.105,0.8108108108108107,1.4465848542565758,1.0,0.0324152499999999,2.323071428571428,0.3546429255217307,0.1794871794871795,0.56953540571288,0.4990717747185186
"Rest Apis, Unit Testing",Python,0.1,0.5605,0.081,0.8099999999999999,1.4451382694023192,1.0,0.02495,2.3131578947368414,0.3422496570644718,0.1397756686798964,0.5676905574516494,0.4772569134701159
"Rest Apis, Debugging",Python,0.1105,0.5605,0.0895,0.8099547511312217,1.4450575399308148,1.0,0.02756475,2.312607142857143,0.3462462434171479,0.1539122957867583,0.5675876021188208,0.4848168046467884
"Api Design, Node.js",Python,0.0605,0.5605,0.049,0.8099173553719009,1.4449908213593237,1.0,0.01508975,2.3121521739130446,0.3277850789064962,0.0856643356643356,0.5675025150668963,0.44866965003207
"Rest Apis, MongoDB",Python,0.136,0.5605,0.11,0.8088235294117646,1.4430393031432018,1.0,0.0337719999999999,2.298923076923076,0.3553451178451178,0.1875532821824382,0.5650137187980993,0.50253843731962
"Object-Oriented Programming, JavaScript",Python,0.1085,0.5605,0.0875,0.8064516129032258,1.4388075163304652,1.0,0.0266857499999999,2.27075,0.342097588334268,0.1504729148753224,0.5596168666740062,0.4812811142125406
"PostgreSQL, Django",Python,0.0645,0.5605,0.052,0.8062015503875969,1.4383613744649364,1.0,0.0158477499999999,2.26782,0.3257770423056365,0.0907504363001745,0.5590478962175128,0.4494879295202926
"Rest Apis, SQL",Python,0.2385,0.5605,0.192,0.8050314465408805,1.4362737672451036,1.0,0.05832075,2.254209677419355,0.398888911687459,0.3163097199341022,0.5563855438927885,0.5737913700144188
"Django, SQL",Python,0.064,0.5605,0.0515,0.8046874999999999,1.4356601248884922,1.0,0.0156279999999999,2.250239999999999,0.3242054601277901,0.0898778359511343,0.5556029579067119,0.4482848739964317
"JavaScript, MongoDB",Python,0.087,0.5605,0.07,0.8045977011494254,1.4354999128446484,1.0,0.0212365,2.2492058823529426,0.3322875919261462,0.1212121212121212,0.5553986374275891,0.4647430967834549
"JavaScript, Java",Python,0.107,0.5605,0.086,0.8037383177570093,1.4339666686119703,1.0,0.0260264999999999,2.2393571428571426,0.3388955441547956,0.1478933791917454,0.5534432713470064,0.478586375649245
"Node.js, MongoDB",Python,0.14,0.5605,0.1125,0.8035714285714285,1.4336689180578563,1.0,0.0340299999999999,2.2374545454545447,0.3517312661498707,0.1913265306122449,0.5530635462376075,0.5021425385497642
"Docker, SQL",Python,0.134,0.5605,0.1075,0.8022388059701492,1.4312913576630673,1.0,0.0323929999999999,2.222377358490565,0.3479563886352649,0.1831345826235093,0.5500314129013634,0.4970159239485001
"Rest Apis, Django",Python,0.0605,0.5605,0.0485,0.8016528925619835,1.4302460170597386,1.0,0.01458975,2.2158125,0.3201911523457861,0.0847161572052401,0.5486982765915437,0.4440913882970488
"Django, Git",Python,0.068,0.5605,0.0545,0.801470588235294,1.429920764023718,1.0,0.0163859999999999,2.213777777777777,0.3225971571445446,0.0949477351916376,0.5482834772134108,0.4493526000944534
"Docker, Git",Python,0.176,0.5605,0.141,0.8011363636363636,1.4293244667910143,1.0,0.0423519999999999,2.210057142857143,0.3645252358328168,0.2367758186397985,0.5475230116868343,0.5263487348957911
"Ci/Cd, Docker",Python,0.0525,0.5605,0.042,0.8,1.4272970561998215,1.0,0.01257375,2.1975000000000007,0.3159630606860159,0.0735551663747811,0.5449374288964733,0.4374665477252453
"Object-Oriented Programming, Java",Python,0.105,0.5605,0.084,0.8,1.4272970561998215,1.0,0.0251475,2.1975000000000007,0.3344972067039107,0.1444539982803095,0.5449374288964733,0.4749330954504906
Pandas,Python,0.0375,0.5605,0.03,0.8,1.4272970561998215,1.0,0.00898125,2.1975000000000007,0.311038961038961,0.0528169014084507,0.5449374288964733,0.4267618198037466
"Algorithms, SQL",Python,0.1015,0.5605,0.081,0.7980295566502463,1.4237815462091816,1.0,0.02410925,2.176060975609756,0.3312688500037786,0.1394148020654044,0.5404540538117095,0.4712716917952391
"Rest Apis, Docker",Python,0.1385,0.5605,0.1105,0.7978339350180504,1.4234325334844788,1.0,0.0328707499999999,2.173955357142856,0.3452964024129227,0.1877655055225148,0.5400089533971568,0.4974896704528254
"Object-Oriented Programming, SQL",Python,0.111,0.5605,0.0885,0.7972972972972973,1.422475106685633,1.0,0.0262844999999999,2.1682,0.3340832395950506,0.1518010291595197,0.5387879346923715,0.4775960170697012
"Rest Apis, Object-Oriented Programming",Python,0.1055,0.5605,0.084,0.7962085308056873,1.420532615175178,1.0,0.02486725,2.1566162790697687,0.3309543772791398,0.1443298969072164,0.5363106502973546,0.4730373608533343
"Rest Apis, Node.js",Python,0.1445,0.5605,0.115,0.795847750865052,1.4198889399911725,1.0,0.03400775,2.152805084745764,0.3456686910781898,0.1949152542372881,0.5354897630604141,0.5005108513468882
"Docker, MongoDB",Python,0.1365,0.5605,0.1085,0.7948717948717948,1.4181477160959766,1.0,0.03199175,2.1425624999999995,0.341464781366158,0.1843670348343245,0.5332691578425366,0.4942244790594478
"Rest Apis, Java",Python,0.1045,0.5605,0.083,0.7942583732057417,1.417053297423268,1.0,0.02442775,2.1361744186046514,0.3286546521092747,0.1426116838487972,0.5318734316399127,0.4711702213932366
Api Design,Python,0.08,0.5605,0.0635,0.79375,1.4161462979482604,1.0,0.01866,2.1309090909090904,0.3194111605614516,0.110051993067591,0.530716723549488,0.4535208519179304
"PostgreSQL, Node.js",Python,0.063,0.5605,0.05,0.7936507936507937,1.4159693017855377,1.0,0.0146885,2.1298846153846163,0.313521878335112,0.0871839581517001,0.53049099806779,0.4414284298316412
Java,Python,0.1315,0.5605,0.104,0.7908745247148288,1.4110161011861353,1.0,0.0302942499999999,2.10160909090909,0.335395354501572,0.1768707482993197,0.5241741176674147,0.4882115710104028
Python,SQL,0.5605,0.4525,0.3575,0.6378233719892953,1.4095544132360116,1.0,0.1038737499999999,1.5116933497536946,0.6611056747575519,0.5453852021357742,0.3384901771493978,0.7139393103040399
SQL,Python,0.4525,0.5605,0.3575,0.7900552486187845,1.4095544132360116,1.0,0.1038737499999999,2.093407894736842,0.5306957882300347,0.5453852021357742,0.522310008233867,0.7139393103040399
"JavaScript, Node.js",Python,0.0975,0.5605,0.077,0.7897435897435897,1.4089983759921316,1.0,0.0223512499999999,2.09030487804878,0.3216354282836277,0.1325301204819277,0.5216008867886001,0.4635604657014113
"Ci/Cd, Terraform",Python,0.052,0.5605,0.041,0.7884615384615385,1.4067110409661705,1.0,0.011854,2.0776363636363646,0.3049809612020172,0.0717410323709536,0.5186838190251162,0.4308052562958897
"Object-Oriented Programming, Algorithms",Python,0.1015,0.5605,0.08,0.7881773399014778,1.4062039962559818,1.0,0.0231092499999999,2.0748488372093017,0.321497634947134,0.1374570446735395,0.5180371783878902,0.4654535227607299
"Algorithms, Java",Python,0.099,0.5605,0.078,0.7878787878787878,1.4056713432270969,1.0,0.0225104999999999,2.071928571428571,0.3203064970545546,0.1341358555460017,0.5173578791326231,0.4635201254291352
"JavaScript, Algorithms",Python,0.106,0.5605,0.0835,0.7877358490566039,1.4054163230269472,1.0,0.024087,2.0705333333333344,0.3226700960495117,0.1432246998284734,0.5170326485929554,0.4683549896487301
Node.js,Python,0.185,0.5605,0.1455,0.7864864864864864,1.4031873086288786,1.0,0.0418075,2.058417721518987,0.3525604536925769,0.2424999999999999,0.5141899578759647,0.5230380692914145
PostgreSQL,Git,0.094,0.4745,0.0625,0.6648936170212766,1.4012510369257674,1.0,0.017897,1.5681587301587303,0.3160618101545254,0.1235177865612648,0.3623094519910115,0.3983056072461494
Object-Oriented Programming,Python,0.135,0.5605,0.106,0.7851851851851851,1.400865629233158,1.0,0.0303325,2.045948275862068,0.330815792343767,0.179813401187447,0.5112290902962118,0.4871510225658307
"Api Design, MongoDB",Python,0.0605,0.5605,0.0475,0.7851239669421488,1.4007564084605688,1.0,0.01358975,2.045365384615385,0.3045236828100054,0.082824760244115,0.5110897996408391,0.4349348648270066
"Docker, Node.js",Python,0.1435,0.5605,0.1125,0.7839721254355402,1.3987013834710798,1.0,0.03206825,2.034459677419356,0.3328092365570474,0.1901944209636517,0.5084689998533337,0.49234288698182
"Api Design, Django",Python,0.06,0.5605,0.047,0.7833333333333333,1.3975617008623251,1.0,0.01337,2.0284615384615385,0.3026256224535989,0.081952920662598,0.5070155479711793,0.4335935176925364
"Rest Apis, Algorithms",Python,0.101,0.5605,0.079,0.7821782178217821,1.3955008346508155,1.0,0.0223895,2.017704545454545,0.3152518269244307,0.1356223175965665,0.504387298798139,0.4615619010607572
"PostgreSQL, MongoDB",Git,0.0725,0.4745,0.048,0.6620689655172415,1.3952981359688967,1.0,0.01359875,1.555051020408164,0.3054526055705303,0.096192384769539,0.356934282620821,0.3816140401874932
"Django, Node.js",Python,0.064,0.5605,0.05,0.78125,1.3938447814451382,1.0,0.014128,2.0091428571428573,0.3018803418803419,0.0870322019147084,0.5022753128555176,0.4352280330062444
"Django, Docker",Python,0.0615,0.5605,0.048,0.7804878048780488,1.3924849328778748,1.0,0.01352925,2.002166666666667,0.3003296483750666,0.0836236933797909,0.5005410804961292,0.433062814125019
"JavaScript, Git",SQL,0.249,0.4525,0.1565,0.6285140562248996,1.388981339723535,1.0,0.0438274999999999,1.473810810810811,0.3729000310555042,0.2871559633027523,0.3214868606847482,0.4871852049080299
Django,Python,0.0855,0.5605,0.0665,0.7777777777777778,1.3876499157498263,1.0,0.01857725,1.97775,0.3054752792314302,0.1147540983606557,0.4943749209960814,0.448210922787194
"Docker, JavaScript",Python,0.0945,0.5605,0.0735,0.7777777777777777,1.3876499157498263,1.0,0.0205327499999999,1.9777499999999992,0.3085114774788987,0.1263972484952708,0.4943749209960811,0.4544553474080681
"Docker, Terraform",Python,0.058,0.5605,0.045,0.7758620689655171,1.384232058814482,1.0,0.0124909999999999,1.9608461538461528,0.2946685539042226,0.07846556233653,0.4900160841081163,0.4280737641883785
Algorithms,Python,0.129,0.5605,0.1,0.7751937984496124,1.3830397831393622,1.0,0.0276954999999999,1.9550172413793108,0.3179735935706084,0.1696352841391009,0.488495559612315,0.4768029652372951
"Docker, Git",SQL,0.176,0.4525,0.11,0.625,1.3812154696132597,1.0,0.0303599999999999,1.46,0.3349514563106795,0.2121504339440694,0.3150684931506849,0.4340469613259669
Docker,Python,0.255,0.5605,0.1965,0.7705882352941177,1.374822899721887,1.0,0.0535724999999999,1.9157692307692311,0.3659511245453147,0.3174474959612278,0.4780164625577194,0.5605840373615995
"Django, MongoDB",Python,0.065,0.5605,0.05,0.7692307692307693,1.3724010155767516,1.0,0.0135675,1.9045000000000003,0.2902139037433155,0.0868809730668983,0.4749278025728539,0.429218417621629
Ci/Cd,Python,0.082,0.5605,0.063,0.7682926829268293,1.370727355801658,1.0,0.017039,1.8967894736842104,0.2946190822007815,0.1087144089732528,0.4727933627459142,0.4403461630512826
"Kubernetes, Ci/Cd",Python,0.0525,0.5605,0.04,0.761904761904762,1.3593305297141158,1.0,0.01057375,1.8459000000000003,0.278990765171504,0.0698080279232111,0.4582588439243731,0.4166348073573765
"Terraform, AWS",Python,0.056,0.5605,0.0425,0.7589285714285715,1.35402064483242,1.0,0.011112,1.823111111111112,0.2769690927218345,0.0740418118466899,0.4514870794734277,0.4173768637695935
"Docker, AWS",Python,0.0595,0.5605,0.045,0.7563025210084033,1.3493354522897472,1.0,0.01165025,1.8034655172413792,0.2752731998346033,0.0782608695652174,0.4455119931931817,0.4182939902098216
JavaScript,SQL,0.324,0.4525,0.197,0.6080246913580247,1.3437009753768503,1.0,0.0503899999999999,1.3967716535433072,0.3783828432403207,0.3399482312338223,0.284063363211004,0.5216919036900621
"MongoDB, SQL",Python,0.1475,0.5605,0.1105,0.7491525423728814,1.3365790229667822,1.0,0.02782625,1.752060810810811,0.2953915155053676,0.1849372384937238,0.4292435548871022,0.4731489741302409
"Ci/Cd, AWS",Python,0.0575,0.5605,0.043,0.7478260869565216,1.334212465578094,1.0,0.0107712499999999,1.7428448275862063,0.2657763247177842,0.0747826086956521,0.4262254538259878,0.412271651863631
"PostgreSQL, SQL",Git,0.0735,0.4745,0.0465,0.6326530612244898,1.3333046601148364,1.0,0.01162425,1.430527777777778,0.2698152951621608,0.0927218344965104,0.3009573001417504,0.3653254768714651
"Rest Apis, JavaScript",SQL,0.2535,0.4525,0.1525,0.6015779092702169,1.329453943138601,1.0,0.03779125,1.3741707920792077,0.3319644680640805,0.2755194218608853,0.272288418758387,0.4692972419279261
"Docker, Python",Rest Apis,0.1965,0.423,0.1105,0.5623409669211196,1.3294112693170677,1.0,0.0273805,1.318377906976744,0.3083849786144892,0.2170923379174853,0.2414921437107791,0.4117851406709616
Terraform,Python,0.073,0.5605,0.054,0.7397260273972603,1.3197609766231229,1.0,0.0130835,1.6886052631578952,0.2613668144951857,0.0931837791199309,0.407795284180342,0.4180342893453741
"Kubernetes, Docker",Python,0.057,0.5605,0.042,0.736842105263158,1.3146157096577304,1.0,0.0100515,1.6701000000000004,0.253787304953795,0.0729800173761946,0.4012334590743071,0.4058876003568243
"Kubernetes, Terraform",Python,0.057,0.5605,0.042,0.736842105263158,1.3146157096577304,1.0,0.0100515,1.6701000000000004,0.253787304953795,0.0729800173761946,0.4012334590743071,0.4058876003568243
MongoDB,Python,0.189,0.5605,0.139,0.7354497354497355,1.3121315529879312,1.0,0.0330655,1.66131,0.2933184894747581,0.2276822276822276,0.3980653821381922,0.4917212994822272
"Rest Apis, Git",SQL,0.3325,0.4525,0.1935,0.5819548872180451,1.286088148548166,1.0,0.0430437499999999,1.3096672661870503,0.3332559107317402,0.3271344040574809,0.2364472825900367,0.5047895983051551
Docker,Rest Apis,0.255,0.423,0.1385,0.5431372549019609,1.2840124229360776,1.0,0.030635,1.262961373390558,0.2969011217987547,0.2567191844300279,0.2082101471437796,0.4352802113753303
"Python, SQL",Rest Apis,0.3575,0.423,0.192,0.5370629370629371,1.2696523334821208,1.0,0.0407775,1.2463897280966767,0.3305569066147861,0.3262531860662702,0.1976827332113294,0.4954818231413976
"Kubernetes, AWS",Python,0.0565,0.5605,0.04,0.7079646017699115,1.263094739999842,1.0,0.0083317499999999,1.5049545454545454,0.2207670906200317,0.0693240901213171,0.335528104140868,0.3896647272899513
"Machine Learning, SQL",Python,0.067,0.5605,0.047,0.7014925373134328,1.2515477918170077,1.0,0.0094464999999999,1.4723249999999997,0.2154226813527626,0.0809646856158484,0.3208021326813032,0.3926731196825861
Kubernetes,Python,0.073,0.5605,0.051,0.6986301369863014,1.246440922366283,1.0,0.0100835,1.4583409090909092,0.213285529961715,0.0875536480686695,0.3142892764193433,0.39481016215952
SQL,Rest Apis,0.4525,0.423,0.2385,0.5270718232044198,1.2460326789702596,1.0,0.0470924999999999,1.220058411214953,0.3606444387007839,0.3744113029827315,0.1803671112728246,0.5454508052192312
Rest Apis,SQL,0.423,0.4525,0.2385,0.5638297872340425,1.2460326789702596,1.0,0.0470924999999999,1.2552439024390245,0.3422059448677282,0.3744113029827315,0.2033420771398037,0.5454508052192312
AWS,Python,0.114,0.5605,0.0795,0.6973684210526315,1.2441898680689234,1.0,0.015603,1.452260869565217,0.2215171003875804,0.1336134453781512,0.3114184779354528,0.4196030330062444
Machine Learning,Python,0.0825,0.5605,0.0575,0.696969696969697,1.243478495931663,1.0,0.0112587499999999,1.4503500000000005,0.2134107333254353,0.0982066609735269,0.3105112559037475,0.3997783364420296
PostgreSQL,Python,0.094,0.5605,0.065,0.6914893617021277,1.2337009129386756,1.0,0.012313,1.424586206896552,0.2090847342502972,0.1102629346904156,0.2980417786169004,0.4037286237591816
"PostgreSQL, SQL",Python,0.0735,0.5605,0.05,0.6802721088435375,1.2136879729590322,1.0,0.00880325,1.3746063829787238,0.1900323799244469,0.0856164383561643,0.2725190189841581,0.3847390874280131
"Docker, Python",SQL,0.1965,0.4525,0.1075,0.5470737913486005,1.2090028538090618,1.0,0.0185837499999999,1.2088061797752807,0.2151488401036164,0.198522622345337,0.1727375184449323,0.3923214260610405
"PostgreSQL, MongoDB",Python,0.0725,0.5605,0.049,0.6758620689655173,1.2058199267895044,1.0,0.00836375,1.355904255319149,0.1840310248088454,0.0839041095890411,0.2624847985563532,0.3816420068288781
