profile_id,role_category,skills,skill_count,experience_years,source
kerry407,Software Developer,"['Communication', 'Git', 'Problem Solving']",3,5-8,GitHub
Omosofe,Software Developer,"['Communication', 'Git', 'Problem Solving']",3,3-5,GitHub
datascientist-kenn,Software Developer,"['Communication', 'Git', 'Problem Solving']",3,5-8,GitHub
chipax1994,Software Developer,"['Communication', 'Git', 'Problem Solving']",3,3-5,GitHub
codequinn,Software Developer,"['Communication', 'Git', 'Problem Solving']",3,0-2,GitHub
AbuchiKings,Software Developer,"['Communication', 'Git', 'Problem Solving']",3,3-5,GitHub
ovac,Software Developer,"['Communication', 'Git', 'Problem Solving']",3,3-5,GitHub
JanetKalu,Software Developer,"['Communication', 'Git', 'Problem Solving']",3,5-8,GitHub
maesterzak,Software Developer,"['Communication', 'Git', 'Problem Solving']",3,5-8,GitHub
Tony-smile,Software Developer,"['Communication', 'Git', 'Problem Solving']",3,3-5,GitHub
akinyeraakintunde,Software Developer,"['Communication', 'Git', 'Problem Solving']",3,3-5,GitHub
chipax1994,Software Developer,"['Communication', 'Git', 'Problem Solving']",3,0-2,GitHub
LloydCoder,Software Developer,"['Communication', 'Git', 'Problem Solving']",3,0-2,GitHub
iykazrji,Software Developer,"['Communication', 'Git', 'Problem Solving']",3,3-5,GitHub
Flutter-PH-community,Software Developer,"['Communication', 'Git', 'Problem Solving']",3,8+,GitHub
Ekong05,Software Developer,"['Communication', 'Git', 'Problem Solving']",3,3-5,GitHub
golangnigeria,Software Developer,"['Communication', 'Git', 'Problem Solving']",3,0-2,GitHub
Othniel2471,Software Developer,"['Communication', 'Git', 'Problem Solving']",3,3-5,GitHub
petidesoftwares,Software Developer,"['Communication', 'Git', 'Problem Solving']",3,5-8,GitHub
SYN_0001,Product Manager,"['JIRA', 'Customer Discovery', 'Problem Solving', 'Leadership', 'Agile', 'User Research', 'Scrum', 'Stakeholder Management']",8,8+,Synthetic
SYN_0002,Cybersecurity Analyst,"['Vulnerability Scanning', 'SIEM', 'Compliance', 'Leadership', 'Python', 'Critical Thinking', 'Firewalls', 'NIST', 'Cryptography', 'Penetration Testing', 'Wireshark']",11,0-2,Synthetic
SYN_0003,Software Developer,"['Linux', 'Debugging', 'Java', 'Leadership', 'Algorithms', 'SQL', 'Version Control', 'Time Management', 'Documentation', 'REST APIs', 'Data Structures', 'Object-Oriented Programming']",12,5-8,Synthetic
SYN_0004,Network Engineer,"['Leadership', 'Routing', 'TCP/IP', 'Network Security', 'Cisco', 'Critical Thinking', 'Load Balancing', 'DHCP', 'DNS']",9,0-2,Synthetic
SYN_0005,Product Manager,"['Roadmapping', 'JIRA', 'Stakeholder Management', 'Leadership', 'Product Metrics', 'Data Analysis', 'Market Research', 'Creativity', 'MVP', 'Product Strategy', 'Teamwork']",11,0-2,Synthetic
SYN_0006,Backend Developer,"['Microservices', 'Linux', 'Database Design', 'Java', 'REST APIs', 'Adaptability', 'Node.js', 'Teamwork']",8,5-8,Synthetic
SYN_0007,Full Stack Developer,"['Communication', 'Python', 'JavaScript', 'Critical Thinking', 'HTML/CSS', 'Next.js', 'REST APIs', 'TypeScript', 'Creativity', 'PostgreSQL', 'Git', 'React']",12,5-8,Synthetic
SYN_0008,IT Support Specialist,"['Networking Basics', 'Active Directory', 'Problem Solving', 'Windows', 'Office 365', 'Remote Support', 'Customer Service', 'Ticketing Systems', 'Critical Thinking', 'Software Installation']",10,3-5,Synthetic
SYN_0009,UI/UX Designer,"['Photoshop', 'Problem Solving', 'Illustrator', 'Sketch', 'Critical Thinking', 'Adobe XD', 'User Research', 'User Flows', 'Information Architecture', 'Teamwork']",10,3-5,Synthetic
SYN_0010,Data Scientist,"['Data Visualization', 'Pandas', 'PyTorch', 'Python', 'SQL', 'Tableau', 'Spark', 'Machine Learning', 'Adaptability', 'TensorFlow', 'Teamwork']",11,0-2,Synthetic
SYN_0011,Product Manager,"['Roadmapping', 'Leadership', 'Communication', 'Prioritization', 'Time Management', 'Data Analysis', 'User Research', 'Creativity', 'Scrum', 'Product Strategy']",10,0-2,Synthetic
SYN_0012,Software Developer,"['Linux', 'Java', 'Problem Solving', 'SQL', 'JavaScript', 'Documentation', 'REST APIs', 'Creativity', 'Agile', 'Teamwork']",10,8+,Synthetic
SYN_0013,IT Support Specialist,"['Linux', 'Problem Solving', 'Communication', 'Printers', 'Office 365', 'Remote Support', 'Customer Service', 'Documentation']",8,3-5,Synthetic
SYN_0014,Cloud Engineer,"['AWS', 'Linux', 'Problem Solving', 'Leadership', 'CI/CD', 'Python', 'Creativity', 'Security', 'CloudFormation']",9,3-5,Synthetic
SYN_0015,UI/UX Designer,"['Prototyping', 'Communication', 'Illustrator', 'Time Management', 'Usability Testing', 'User Research', 'Creativity', 'Design Systems', 'Visual Design', 'Information Architecture']",10,3-5,Synthetic
SYN_0016,Frontend Developer,"['UI/UX Principles', 'CSS', 'Leadership', 'Responsive Design', 'Angular', 'Teamwork', 'Next.js', 'HTML', 'Creativity', 'Vue.js', 'Testing', 'React', 'Tailwind CSS']",13,0-2,Synthetic
SYN_0017,Data Scientist,"['A/B Testing', 'NumPy', 'PyTorch', 'Spark', 'Tableau', 'Critical Thinking', 'Time Management', 'Machine Learning']",8,3-5,Synthetic
SYN_0018,DevOps Engineer,"['AWS', 'Bash', 'Scripting', 'Linux', 'Problem Solving', 'CI/CD', 'Jenkins', 'Critical Thinking']",8,3-5,Synthetic
SYN_0019,Frontend Developer,"['UI/UX Principles', 'Responsive Design', 'Angular', 'Teamwork', 'Next.js', 'HTML', 'Webpack', 'TypeScript', 'React', 'REST APIs', 'Creativity', 'Tailwind CSS']",12,3-5,Synthetic
SYN_0020,DevOps Engineer,"['Bash', 'Problem Solving', 'Terraform', 'Kubernetes', 'Grafana', 'Git', 'Teamwork', 'Ansible']",8,3-5,Synthetic
SYN_0021,Product Manager,"['Roadmapping', 'Customer Discovery', 'Communication', 'Leadership', 'Product Metrics', 'Time Management', 'Data Analysis', 'Market Research', 'Scrum']",9,3-5,Synthetic
SYN_0022,Cloud Engineer,"['AWS', 'Serverless', 'Networking', 'Python', 'Google Cloud', 'Azure', 'Teamwork', 'Terraform', 'Creativity', 'Kubernetes', 'Security', 'Infrastructure as Code']",12,5-8,Synthetic
SYN_0023,Data Analyst,"['Data Warehousing', 'Data Visualization', 'Problem Solving', 'Communication', 'Python', 'SQL', 'Tableau', 'Statistics', 'Reporting', 'ETL', 'Adaptability', 'Looker', 'Teamwork']",13,3-5,Synthetic
SYN_0024,Cybersecurity Analyst,"['SIEM', 'ISO 27001', 'Python', 'Risk Assessment', 'Leadership', 'Communication', 'Firewalls', 'NIST', 'Security Audits', 'Teamwork']",10,3-5,Synthetic
SYN_0025,DevOps Engineer,"['Bash', 'Linux', 'Prometheus', 'Monitoring', 'Time Management', 'Terraform', 'Adaptability', 'Git']",8,0-2,Synthetic
SYN_0026,Data Scientist,"['A/B Testing', 'Pandas', 'NumPy', 'Scikit-learn', 'Leadership', 'Python', 'SQL', 'Tableau', 'Deep Learning', 'Spark', 'Critical Thinking']",11,5-8,Synthetic
SYN_0027,Data Scientist,"['A/B Testing', 'NumPy', 'Scikit-learn', 'Problem Solving', 'Spark', 'Deep Learning', 'Statistics', 'Machine Learning', 'Critical Thinking', 'Adaptability']",10,0-2,Synthetic
SYN_0028,Product Manager,"['Roadmapping', 'Customer Discovery', 'Communication', 'Leadership', 'Product Metrics', 'Time Management', 'Data Analysis', 'Agile', 'Teamwork']",9,0-2,Synthetic
SYN_0029,DevOps Engineer,"['Bash', 'Prometheus', 'Python', 'CI/CD', 'Time Management', 'Terraform', 'Adaptability', 'Kubernetes', 'Grafana']",9,5-8,Synthetic
SYN_0030,Software Developer,"['Debugging', 'Problem Solving', 'Communication', 'Python', 'SQL', 'JavaScript', 'Critical Thinking', 'Version Control', 'Documentation', 'REST APIs']",10,0-2,Synthetic
SYN_0031,IT Support Specialist,"['Linux', 'Windows', 'Office 365', 'Remote Support', 'MacOS', 'Critical Thinking', 'Software Installation', 'Teamwork']",8,3-5,Synthetic
SYN_0032,Product Manager,"['Roadmapping', 'Customer Discovery', 'Leadership', 'Prioritization', 'Product Metrics', 'Critical Thinking', 'Market Research', 'Scrum', 'Creativity', 'Product Strategy']",10,5-8,Synthetic
SYN_0033,Cloud Engineer,"['AWS', 'Serverless', 'Linux', 'Leadership', 'Time Management', 'Terraform', 'Creativity', 'Security', 'Infrastructure as Code']",9,5-8,Synthetic
SYN_0034,Backend Developer,"['Microservices', 'Django', 'Linux', 'Java', 'Problem Solving', 'Communication', 'Python', 'SQL', 'Redis', 'Time Management', 'Authentication', 'Spring Boot', 'Docker']",13,5-8,Synthetic
SYN_0035,Network Engineer,"['Network Monitoring', 'Problem Solving', 'Communication', 'Leadership', 'Routing', 'Network Security', 'OSPF', 'Load Balancing', 'Firewalls', 'DHCP', 'DNS', 'VPN', 'Wireshark']",13,5-8,Synthetic
SYN_0036,UI/UX Designer,"['Figma', 'Photoshop', 'Illustrator', 'Time Management', 'Adobe XD', 'Usability Testing', 'User Research', 'Design Systems', 'Visual Design', 'Adaptability', 'Interaction Design']",11,3-5,Synthetic
SYN_0037,Network Engineer,"['Switching', 'Leadership', 'Routing', 'DNS', 'OSPF', 'Time Management', 'Load Balancing', 'DHCP', 'BGP', 'Teamwork']",10,0-2,Synthetic
SYN_0038,Network Engineer,"['Network Monitoring', 'Switching', 'Leadership', 'Routing', 'Network Security', 'Cisco', 'DHCP', 'BGP', 'VPN', 'Teamwork', 'Wireshark']",11,3-5,Synthetic
SYN_0039,Data Analyst,"['Data Warehousing', 'Data Visualization', 'Problem Solving', 'Communication', 'Leadership', 'Excel', 'Tableau', 'Statistics', 'Reporting', 'Critical Thinking', 'Power BI']",11,3-5,Synthetic
SYN_0040,Database Administrator,"['Scripting', 'Database Design', 'High Availability', 'Monitoring', 'Critical Thinking', 'MySQL', 'Query Optimization', 'MongoDB', 'Adaptability', 'PostgreSQL', 'Teamwork']",11,5-8,Synthetic
SYN_0041,Cloud Engineer,"['AWS', 'Serverless', 'Networking', 'Linux', 'Google Cloud', 'Azure', 'Time Management', 'Terraform', 'Adaptability', 'Infrastructure as Code']",10,5-8,Synthetic
SYN_0042,Backend Developer,"['Microservices', 'Django', 'Leadership', 'Python', 'API Security', 'Redis', 'SQL', 'Time Management', 'REST APIs', 'Spring Boot', 'Node.js']",11,3-5,Synthetic
SYN_0043,Cloud Engineer,"['AWS', 'Linux', 'Communication', 'CI/CD', 'Python', 'Leadership', 'Azure', 'Google Cloud', 'Monitoring', 'Terraform', 'CloudFormation', 'Teamwork', 'Docker']",13,0-2,Synthetic
SYN_0044,IT Support Specialist,"['Active Directory', 'Windows', 'Communication', 'Remote Support', 'MacOS', 'Time Management', 'Software Installation', 'Troubleshooting']",8,8+,Synthetic
SYN_0045,DevOps Engineer,"['AWS', 'Linux', 'Problem Solving', 'Python', 'Monitoring', 'Terraform', 'Adaptability', 'Creativity', 'Kubernetes', 'Ansible', 'Grafana', 'Git', 'Docker']",13,8+,Synthetic
SYN_0046,Database Administrator,"['Scripting', 'Replication', 'Database Design', 'Leadership', 'High Availability', 'Performance Tuning', 'Monitoring', 'Database Security', 'Query Optimization', 'MongoDB', 'PostgreSQL', 'Teamwork']",12,5-8,Synthetic
SYN_0047,Cloud Engineer,"['AWS', 'Linux', 'Problem Solving', 'Leadership', 'Azure', 'Google Cloud', 'Critical Thinking', 'Terraform', 'Kubernetes', 'Security']",10,3-5,Synthetic
SYN_0048,UI/UX Designer,"['Wireframing', 'Photoshop', 'Prototyping', 'Communication', 'Illustrator', 'Sketch', 'Visual Design', 'User Flows', 'Adobe XD', 'Creativity', 'Design Systems', 'Interaction Design']",12,3-5,Synthetic
SYN_0049,UI/UX Designer,"['Photoshop', 'Prototyping', 'Sketch', 'Critical Thinking', 'Time Management', 'User Research', 'Design Systems', 'Interaction Design']",8,0-2,Synthetic
SYN_0050,Software Developer,"['Debugging', 'Linux', 'Leadership', 'JavaScript', 'Version Control', 'Time Management', 'REST APIs', 'Testing', 'Object-Oriented Programming']",9,0-2,Synthetic
SYN_0051,DevOps Engineer,"['Bash', 'Linux', 'Problem Solving', 'Jenkins', 'Prometheus', 'Monitoring', 'Time Management', 'Ansible']",8,5-8,Synthetic
SYN_0052,Product Manager,"['Roadmapping', 'JIRA', 'Leadership', 'Communication', 'Scrum', 'User Research', 'Creativity', 'Agile', 'Adaptability', 'MVP', 'Product Strategy']",11,0-2,Synthetic
SYN_0053,UI/UX Designer,"['Wireframing', 'Photoshop', 'Prototyping', 'Sketch', 'User Flows', 'Critical Thinking', 'Time Management', 'Adobe XD', 'User Research', 'Design Systems', 'Interaction Design', 'Information Architecture']",12,5-8,Synthetic
SYN_0054,Data Analyst,"['Data Warehousing', 'Data Visualization', 'Problem Solving', 'Communication', 'Leadership', 'Excel', 'Statistics', 'ETL', 'Business Intelligence']",9,0-2,Synthetic
SYN_0055,Cybersecurity Analyst,"['Vulnerability Scanning', 'SIEM', 'Compliance', 'Risk Assessment', 'Python', 'Communication', 'Leadership', 'NIST', 'Wireshark']",9,8+,Synthetic
SYN_0056,Cybersecurity Analyst,"['Vulnerability Scanning', 'SIEM', 'Problem Solving', 'Risk Assessment', 'ISO 27001', 'Python', 'Leadership', 'Time Management', 'Incident Response', 'Cryptography', 'Penetration Testing']",11,3-5,Synthetic
SYN_0057,Network Engineer,"['Switching', 'Leadership', 'Network Security', 'TCP/IP', 'Cisco', 'Critical Thinking', 'DHCP', 'DNS']",8,3-5,Synthetic
SYN_0058,Software Developer,"['Debugging', 'Java', 'Problem Solving', 'Communication', 'Algorithms', 'JavaScript', 'Version Control', 'Documentation', 'Data Structures', 'Teamwork']",10,0-2,Synthetic
SYN_0059,Cybersecurity Analyst,"['SIEM', 'Linux', 'Risk Assessment', 'Critical Thinking', 'Time Management', 'NIST', 'Cryptography', 'Wireshark']",8,3-5,Synthetic
SYN_0060,Software Developer,"['Linux', 'Debugging', 'Leadership', 'Algorithms', 'JavaScript', 'Version Control', 'Time Management', 'REST APIs', 'Adaptability', 'Git', 'Data Structures']",11,0-2,Synthetic
SYN_0061,Software Developer,"['Debugging', 'Java', 'Python', 'Algorithms', 'JavaScript', 'SQL', 'Version Control', 'Time Management', 'REST APIs', 'Object-Oriented Programming', 'Creativity', 'Data Structures']",12,3-5,Synthetic
SYN_0062,Data Analyst,"['SQL', 'Tableau', 'Statistics', 'Reporting', 'Critical Thinking', 'ETL', 'Business Intelligence', 'Adaptability', 'Data Cleaning']",9,0-2,Synthetic
SYN_0063,Frontend Developer,"['UI/UX Principles', 'CSS', 'Leadership', 'Angular', 'Next.js', 'Webpack', 'REST APIs', 'Testing', 'Git', 'Teamwork']",10,8+,Synthetic
SYN_0064,Database Administrator,"['Linux', 'Problem Solving', 'High Availability', 'Monitoring', 'Backup Recovery', 'Time Management', 'Query Optimization', 'MongoDB', 'Teamwork']",9,0-2,Synthetic
SYN_0065,Product Manager,"['Stakeholder Management', 'Leadership', 'Prioritization', 'Product Metrics', 'Time Management', 'Data Analysis', 'User Research', 'Agile', 'Adaptability', 'Product Strategy']",10,0-2,Synthetic
SYN_0066,Frontend Developer,"['UI/UX Principles', 'Angular', 'Next.js', 'Webpack', 'REST APIs', 'Adaptability', 'Git', 'Teamwork']",8,0-2,Synthetic
SYN_0067,Mobile Developer,"['Java', 'API Integration', 'Flutter', 'Critical Thinking', 'App Store Deployment', 'Swift', 'Creativity', 'Mobile UI', 'Git', 'Teamwork']",10,0-2,Synthetic
SYN_0068,Frontend Developer,"['Communication', 'Leadership', 'JavaScript', 'Angular', 'REST APIs', 'TypeScript', 'Webpack', 'Creativity', 'Vue.js', 'Git', 'React']",11,3-5,Synthetic
SYN_0069,DevOps Engineer,"['Bash', 'Scripting', 'Linux', 'Communication', 'Prometheus', 'Python', 'Time Management', 'Terraform', 'Adaptability', 'Ansible']",10,3-5,Synthetic
SYN_0070,DevOps Engineer,"['AWS', 'Bash', 'Communication', 'Prometheus', 'CI/CD', 'Monitoring', 'Terraform', 'Creativity', 'Kubernetes', 'Grafana', 'Teamwork', 'Docker']",12,0-2,Synthetic
SYN_0071,Frontend Developer,"['Leadership', 'Angular', 'Next.js', 'Time Management', 'Webpack', 'REST APIs', 'TypeScript', 'Vue.js', 'Git', 'React']",10,3-5,Synthetic
SYN_0072,Frontend Developer,"['CSS', 'Problem Solving', 'Communication', 'Responsive Design', 'Angular', 'Critical Thinking', 'Webpack', 'HTML', 'TypeScript', 'Vue.js', 'Git']",11,3-5,Synthetic
SYN_0073,Database Administrator,"['Sharding', 'Replication', 'Linux', 'Performance Tuning', 'PostgreSQL', 'Query Optimization', 'Adaptability', 'Database Security', 'Teamwork']",9,3-5,Synthetic
SYN_0074,Backend Developer,"['Microservices', 'Linux', 'SQL', 'API Security', 'Time Management', 'REST APIs', 'MongoDB', 'Adaptability', 'Node.js']",9,3-5,Synthetic
SYN_0075,Cloud Engineer,"['AWS', 'Serverless', 'Linux', 'Python', 'Monitoring', 'Adaptability', 'Teamwork', 'Docker']",8,0-2,Synthetic
SYN_0076,Backend Developer,"['Microservices', 'Java', 'Database Design', 'Problem Solving', 'Critical Thinking', 'REST APIs', 'MongoDB', 'Docker']",8,3-5,Synthetic
SYN_0077,Data Scientist,"['A/B Testing', 'Data Visualization', 'NumPy', 'Leadership', 'PyTorch', 'Spark', 'SQL', 'Statistics', 'Creativity', 'TensorFlow']",10,0-2,Synthetic
SYN_0078,UI/UX Designer,"['Wireframing', 'Figma', 'Photoshop', 'Communication', 'Visual Design', 'Adobe XD', 'Adaptability', 'User Research', 'Design Systems', 'User Flows', 'Accessibility', 'Interaction Design', 'Teamwork']",13,0-2,Synthetic
SYN_0079,Full Stack Developer,"['Communication', 'Python', 'JavaScript', 'Teamwork', 'Next.js', 'HTML/CSS', 'Time Management', 'REST APIs', 'Git', 'React', 'Tailwind CSS']",11,3-5,Synthetic
SYN_0080,Mobile Developer,"['iOS', 'Java', 'Kotlin', 'Leadership', 'Communication', 'Time Management', 'Firebase', 'REST APIs', 'App Store Deployment', 'Mobile UI', 'UX Design']",11,0-2,Synthetic
SYN_0081,Data Scientist,"['Data Visualization', 'NumPy', 'Scikit-learn', 'Leadership', 'Python', 'PyTorch', 'Deep Learning', 'Big Data', 'Machine Learning', 'Time Management', 'Creativity']",11,0-2,Synthetic
SYN_0082,Database Administrator,"['Sharding', 'Replication', 'Linux', 'Database Design', 'Problem Solving', 'Monitoring', 'SQL', 'Critical Thinking', 'MySQL', 'Creativity', 'Database Security']",11,0-2,Synthetic
SYN_0083,Frontend Developer,"['UI/UX Principles', 'JavaScript', 'Next.js', 'Time Management', 'Webpack', 'Creativity', 'Vue.js', 'Testing', 'Git']",9,3-5,Synthetic
SYN_0084,DevOps Engineer,"['Bash', 'Scripting', 'Linux', 'Leadership', 'Monitoring', 'Time Management', 'Adaptability', 'Kubernetes', 'Grafana', 'Docker']",10,5-8,Synthetic
SYN_0085,Cybersecurity Analyst,"['SIEM', 'Compliance', 'Risk Assessment', 'ISO 27001', 'Python', 'Leadership', 'Security Audits', 'Cryptography', 'Teamwork']",9,3-5,Synthetic
SYN_0086,IT Support Specialist,"['Active Directory', 'Linux', 'Hardware', 'Windows', 'Printers', 'Leadership', 'Remote Support', 'MacOS', 'Customer Service', 'Time Management', 'Software Installation', 'Documentation', 'Teamwork']",13,5-8,Synthetic
SYN_0087,Database Administrator,"['Sharding', 'Replication', 'Linux', 'Database Design', 'Leadership', 'High Availability', 'Performance Tuning', 'Time Management', 'Database Security']",9,3-5,Synthetic
SYN_0088,Backend Developer,"['Microservices', 'Linux', 'Java', 'Leadership', 'API Security', 'SQL', 'REST APIs', 'MongoDB', 'Adaptability', 'Node.js', 'Docker']",11,3-5,Synthetic
SYN_0089,Database Administrator,"['Sharding', 'Replication', 'Linux', 'Scripting', 'High Availability', 'Performance Tuning', 'Monitoring', 'MySQL', 'Backup Recovery', 'Query Optimization', 'Creativity', 'Adaptability', 'Teamwork']",13,5-8,Synthetic
SYN_0090,Cybersecurity Analyst,"['Linux', 'Compliance', 'Leadership', 'Python', 'Network Security', 'Critical Thinking', 'Firewalls', 'NIST', 'Creativity', 'Security Audits', 'Wireshark']",11,0-2,Synthetic
SYN_0091,UI/UX Designer,"['Photoshop', 'Illustrator', 'Visual Design', 'Critical Thinking', 'Time Management', 'Adobe XD', 'Usability Testing', 'User Research', 'Design Systems', 'User Flows', 'Interaction Design', 'Information Architecture']",12,0-2,Synthetic
SYN_0092,Backend Developer,"['Django', 'Linux', 'Database Design', 'Problem Solving', 'API Security', 'Redis', 'Authentication', 'REST APIs', 'MongoDB', 'Teamwork']",10,3-5,Synthetic
SYN_0093,Backend Developer,"['Django', 'Java', 'Problem Solving', 'Redis', 'Critical Thinking', 'Authentication', 'Spring Boot', 'MongoDB', 'Node.js']",9,0-2,Synthetic
SYN_0094,Frontend Developer,"['UI/UX Principles', 'Teamwork', 'Next.js', 'Time Management', 'Webpack', 'TypeScript', 'HTML', 'React', 'Vue.js', 'Git', 'Tailwind CSS']",11,5-8,Synthetic
SYN_0095,Frontend Developer,"['UI/UX Principles', 'Responsive Design', 'Angular', 'Teamwork', 'Next.js', 'Critical Thinking', 'HTML', 'TypeScript', 'REST APIs', 'Testing', 'Git', 'Tailwind CSS']",12,0-2,Synthetic
SYN_0096,UI/UX Designer,"['Figma', 'Photoshop', 'Prototyping', 'Leadership', 'Problem Solving', 'Design Systems', 'Visual Design', 'Time Management', 'Adobe XD', 'Usability Testing', 'User Flows', 'Accessibility', 'Information Architecture']",13,5-8,Synthetic
SYN_0097,Cloud Engineer,"['AWS', 'Linux', 'Problem Solving', 'Leadership', 'CI/CD', 'Python', 'Azure', 'Google Cloud', 'Monitoring', 'Adaptability', 'Kubernetes', 'Security', 'CloudFormation']",13,3-5,Synthetic
SYN_0098,UI/UX Designer,"['Prototyping', 'Problem Solving', 'Sketch', 'User Research', 'Design Systems', 'Interaction Design', 'Accessibility', 'Teamwork']",8,0-2,Synthetic
SYN_0099,Cloud Engineer,"['Networking', 'Serverless', 'Python', 'Monitoring', 'Time Management', 'Terraform', 'Creativity', 'Kubernetes', 'Teamwork', 'CloudFormation']",10,0-2,Synthetic
SYN_0100,Data Scientist,"['A/B Testing', 'Data Visualization', 'NumPy', 'Problem Solving', 'PyTorch', 'Spark', 'SQL', 'Deep Learning', 'Big Data', 'Machine Learning', 'Time Management', 'TensorFlow']",12,5-8,Synthetic
SYN_0101,Frontend Developer,"['UI/UX Principles', 'CSS', 'Leadership', 'Responsive Design', 'JavaScript', 'Angular', 'Critical Thinking', 'Next.js', 'Time Management', 'HTML', 'React', 'Tailwind CSS']",12,0-2,Synthetic
SYN_0102,Cybersecurity Analyst,"['Linux', 'Compliance', 'ISO 27001', 'Risk Assessment', 'Python', 'Problem Solving', 'Network Security', 'Critical Thinking', 'Creativity', 'Incident Response', 'Cryptography']",11,8+,Synthetic
SYN_0103,Data Scientist,"['A/B Testing', 'Pandas', 'NumPy', 'Scikit-learn', 'Leadership', 'Python', 'Spark', 'Tableau', 'Big Data', 'Adaptability', 'TensorFlow', 'Teamwork']",12,5-8,Synthetic
SYN_0104,Software Developer,"['Linux', 'Debugging', 'Leadership', 'JavaScript', 'SQL', 'Object-Oriented Programming', 'Creativity', 'Testing', 'Git', 'Data Structures', 'Teamwork']",11,0-2,Synthetic
SYN_0105,Data Analyst,"['Data Warehousing', 'Data Cleaning', 'Python', 'SQL', 'Tableau', 'Time Management', 'Business Intelligence', 'Adaptability', 'Looker', 'Teamwork']",10,8+,Synthetic
SYN_0106,Software Developer,"['Linux', 'Debugging', 'Leadership', 'Critical Thinking', 'Version Control', 'Time Management', 'Documentation', 'Agile', 'Git', 'Object-Oriented Programming']",10,3-5,Synthetic
SYN_0107,Software Developer,"['Debugging', 'Java', 'Leadership', 'SQL', 'JavaScript', 'Critical Thinking', 'REST APIs', 'Object-Oriented Programming', 'Git', 'Data Structures']",10,5-8,Synthetic
SYN_0108,Cloud Engineer,"['Leadership', 'CI/CD', 'Google Cloud', 'Azure', 'Critical Thinking', 'Kubernetes', 'Security', 'Infrastructure as Code', 'Docker']",9,5-8,Synthetic
SYN_0109,Cloud Engineer,"['AWS', 'Linux', 'Problem Solving', 'Leadership', 'CI/CD', 'Google Cloud', 'Azure', 'Terraform', 'Kubernetes', 'Infrastructure as Code', 'Docker']",11,0-2,Synthetic
SYN_0110,Software Developer,"['Debugging', 'Java', 'Communication', 'Leadership', 'Algorithms', 'SQL', 'JavaScript', 'Version Control', 'REST APIs', 'Agile', 'Git', 'Data Structures']",12,3-5,Synthetic
SYN_0111,Data Scientist,"['Scikit-learn', 'Communication', 'Python', 'PyTorch', 'Spark', 'Tableau', 'Time Management', 'Machine Learning', 'Creativity']",9,0-2,Synthetic
SYN_0112,Data Scientist,"['Pandas', 'NumPy', 'Scikit-learn', 'SQL', 'Statistics', 'Deep Learning', 'Machine Learning', 'Critical Thinking', 'Time Management']",9,8+,Synthetic
SYN_0113,Cloud Engineer,"['Networking', 'AWS', 'Serverless', 'Linux', 'Problem Solving', 'CI/CD', 'Python', 'Google Cloud', 'Teamwork']",9,3-5,Synthetic
SYN_0114,Software Developer,"['Java', 'Communication', 'JavaScript', 'Version Control', 'Documentation', 'REST APIs', 'Creativity', 'Agile', 'Testing', 'Git', 'Object-Oriented Programming']",11,8+,Synthetic
SYN_0115,QA Tester,"['API Testing', 'Test Automation', 'Jenkins', 'SQL', 'Time Management', 'Agile Testing', 'Bug Tracking', 'Git', 'Teamwork']",9,3-5,Synthetic
SYN_0116,Backend Developer,"['Linux', 'Python', 'API Security', 'Redis', 'Critical Thinking', 'Time Management', 'REST APIs', 'Spring Boot', 'MongoDB', 'Node.js', 'Docker']",11,3-5,Synthetic
SYN_0117,Data Analyst,"['Data Warehousing', 'Communication', 'Python', 'Excel', 'SQL', 'Reporting', 'Time Management', 'Creativity', 'Business Intelligence', 'Power BI', 'Adaptability', 'Looker']",12,0-2,Synthetic
SYN_0118,Data Scientist,"['NumPy', 'Scikit-learn', 'Python', 'PyTorch', 'Spark', 'Tableau', 'Deep Learning', 'Big Data', 'SQL', 'Time Management', 'Adaptability', 'TensorFlow', 'Teamwork']",13,5-8,Synthetic
SYN_0119,Data Analyst,"['Data Visualization', 'Communication', 'Python', 'Excel', 'Leadership', 'Reporting', 'Creativity', 'Power BI', 'Adaptability', 'Data Cleaning']",10,3-5,Synthetic
SYN_0120,Data Scientist,"['A/B Testing', 'Pandas', 'NumPy', 'SQL', 'Tableau', 'Statistics', 'Big Data', 'Critical Thinking', 'Creativity']",9,3-5,Synthetic
SYN_0121,UI/UX Designer,"['Wireframing', 'Photoshop', 'Problem Solving', 'Sketch', 'Time Management', 'Adobe XD', 'Design Systems', 'Interaction Design', 'Accessibility', 'Information Architecture']",10,0-2,Synthetic
SYN_0122,Database Administrator,"['Replication', 'Linux', 'High Availability', 'Performance Tuning', 'Monitoring', 'SQL', 'Time Management', 'Query Optimization', 'MongoDB', 'Database Security', 'Teamwork']",11,8+,Synthetic
SYN_0123,Cybersecurity Analyst,"['SIEM', 'Compliance', 'Risk Assessment', 'Communication', 'Problem Solving', 'Network Security', 'Time Management', 'NIST', 'Incident Response', 'Penetration Testing', 'Wireshark']",11,3-5,Synthetic
SYN_0124,DevOps Engineer,"['AWS', 'Linux', 'CI/CD', 'Monitoring', 'Critical Thinking', 'Grafana', 'Teamwork', 'Docker']",8,3-5,Synthetic
SYN_0125,DevOps Engineer,"['AWS', 'Linux', 'Problem Solving', 'Jenkins', 'Monitoring', 'Time Management', 'Terraform', 'Adaptability', 'Grafana', 'Git', 'Ansible']",11,3-5,Synthetic
SYN_0126,Database Administrator,"['Replication', 'Scripting', 'Communication', 'Performance Tuning', 'Time Management', 'Query Optimization', 'MongoDB', 'Adaptability', 'Database Security']",9,0-2,Synthetic
SYN_0127,Data Analyst,"['Problem Solving', 'Python', 'Excel', 'SQL', 'Tableau', 'Statistics', 'ETL', 'Creativity', 'Business Intelligence', 'Power BI', 'Adaptability', 'Data Cleaning']",12,3-5,Synthetic
SYN_0128,DevOps Engineer,"['Bash', 'Scripting', 'Linux', 'Prometheus', 'Python', 'Jenkins', 'Monitoring', 'CI/CD', 'Critical Thinking', 'Time Management', 'Terraform', 'Creativity', 'Docker']",13,5-8,Synthetic
SYN_0129,DevOps Engineer,"['Bash', 'Scripting', 'Linux', 'Problem Solving', 'Prometheus', 'Jenkins', 'Monitoring', 'Time Management', 'Terraform', 'Ansible']",10,3-5,Synthetic
SYN_0130,Software Developer,"['Linux', 'Debugging', 'Java', 'Problem Solving', 'Critical Thinking', 'Documentation', 'Agile', 'Data Structures', 'Testing', 'Object-Oriented Programming']",10,5-8,Synthetic
SYN_0131,Data Scientist,"['Data Visualization', 'Pandas', 'NumPy', 'Problem Solving', 'Python', 'PyTorch', 'Spark', 'Tableau', 'Deep Learning', 'Big Data', 'Critical Thinking', 'TensorFlow']",12,0-2,Synthetic
SYN_0132,Network Engineer,"['Network Monitoring', 'Switching', 'Leadership', 'Routing', 'OSPF', 'VLAN', 'Time Management', 'Firewalls', 'BGP', 'DNS']",10,3-5,Synthetic
SYN_0133,Data Scientist,"['Data Visualization', 'NumPy', 'Python', 'Spark', 'Critical Thinking', 'Big Data', 'Machine Learning', 'Time Management', 'Teamwork']",9,5-8,Synthetic
SYN_0134,Backend Developer,"['Django', 'Database Design', 'Leadership', 'SQL', 'API Security', 'Critical Thinking', 'Adaptability', 'Node.js', 'Docker']",9,3-5,Synthetic
SYN_0135,Cybersecurity Analyst,"['Compliance', 'Communication', 'Network Security', 'Firewalls', 'NIST', 'Incident Response', 'Security Audits', 'Adaptability']",8,0-2,Synthetic
SYN_0136,Backend Developer,"['Microservices', 'Django', 'Python', 'API Security', 'Spring Boot', 'Creativity', 'Node.js', 'Teamwork']",8,0-2,Synthetic
SYN_0137,Data Scientist,"['A/B Testing', 'Data Visualization', 'Pandas', 'Scikit-learn', 'Leadership', 'PyTorch', 'SQL', 'Tableau', 'Statistics', 'Spark', 'Time Management', 'Creativity', 'TensorFlow']",13,3-5,Synthetic
SYN_0138,Data Scientist,"['A/B Testing', 'Data Visualization', 'Leadership', 'PyTorch', 'SQL', 'Spark', 'Statistics', 'Deep Learning', 'Machine Learning', 'Adaptability', 'TensorFlow', 'Teamwork']",12,3-5,Synthetic
SYN_0139,Cloud Engineer,"['AWS', 'Linux', 'CI/CD', 'Python', 'Critical Thinking', 'Time Management', 'Terraform', 'Kubernetes', 'CloudFormation', 'Docker']",10,5-8,Synthetic
SYN_0140,Cloud Engineer,"['AWS', 'Linux', 'Communication', 'Python', 'Azure', 'Teamwork', 'Terraform', 'Kubernetes', 'Security', 'CloudFormation', 'Infrastructure as Code', 'Docker']",12,0-2,Synthetic
SYN_0141,Frontend Developer,"['UI/UX Principles', 'CSS', 'Communication', 'Angular', 'Teamwork', 'Creativity', 'Git', 'React', 'Tailwind CSS']",9,0-2,Synthetic
SYN_0142,DevOps Engineer,"['Bash', 'Linux', 'Leadership', 'CI/CD', 'Jenkins', 'Time Management', 'Adaptability', 'Grafana', 'Git']",9,5-8,Synthetic
SYN_0143,Frontend Developer,"['UI/UX Principles', 'Problem Solving', 'Leadership', 'Responsive Design', 'Webpack', 'TypeScript', 'Creativity', 'Vue.js', 'Git', 'Tailwind CSS']",10,3-5,Synthetic
SYN_0144,Software Developer,"['Linux', 'Leadership', 'Python', 'Algorithms', 'Communication', 'Testing', 'Git', 'Data Structures', 'Teamwork']",9,5-8,Synthetic
SYN_0145,Backend Developer,"['Linux', 'Database Design', 'Java', 'Communication', 'Redis', 'REST APIs', 'Creativity', 'MongoDB', 'Node.js']",9,0-2,Synthetic
SYN_0146,Network Engineer,"['Network Monitoring', 'Switching', 'Leadership', 'Routing', 'TCP/IP', 'VLAN', 'Time Management', 'Critical Thinking', 'Firewalls', 'VPN', 'Wireshark']",11,3-5,Synthetic
SYN_0147,Data Scientist,"['NumPy', 'Scikit-learn', 'Leadership', 'PyTorch', 'Python', 'Communication', 'Spark', 'Statistics', 'Big Data', 'Deep Learning', 'Time Management', 'TensorFlow']",12,3-5,Synthetic
SYN_0148,Software Developer,"['Communication', 'Python', 'SQL', 'JavaScript', 'Critical Thinking', 'REST APIs', 'Agile', 'Git', 'Object-Oriented Programming']",9,0-2,Synthetic
SYN_0149,Data Scientist,"['Data Visualization', 'Scikit-learn', 'Problem Solving', 'Deep Learning', 'Big Data', 'Machine Learning', 'Time Management', 'TensorFlow', 'Teamwork']",9,0-2,Synthetic
SYN_0150,Data Analyst,"['Data Warehousing', 'Data Visualization', 'Communication', 'Python', 'Statistics', 'Creativity', 'Looker', 'Teamwork']",8,8+,Synthetic
SYN_0151,Network Engineer,"['Network Monitoring', 'OSPF', 'Cisco', 'VLAN', 'Critical Thinking', 'Firewalls', 'VPN', 'Teamwork']",8,5-8,Synthetic
SYN_0152,Frontend Developer,"['Responsive Design', 'JavaScript', 'Angular', 'Critical Thinking', 'Next.js', 'REST APIs', 'TypeScript', 'Creativity', 'Vue.js', 'Adaptability', 'Testing', 'Git', 'Tailwind CSS']",13,3-5,Synthetic
SYN_0153,Product Manager,"['Roadmapping', 'JIRA', 'Communication', 'Leadership', 'Market Research', 'Agile', 'MVP', 'Stakeholder Management', 'Teamwork']",9,0-2,Synthetic
SYN_0154,Cybersecurity Analyst,"['SIEM', 'Linux', 'ISO 27001', 'Risk Assessment', 'Communication', 'Leadership', 'Firewalls', 'Creativity', 'Cryptography', 'Penetration Testing']",10,0-2,Synthetic
SYN_0155,Product Manager,"['Roadmapping', 'JIRA', 'Customer Discovery', 'Leadership', 'Communication', 'Product Metrics', 'Critical Thinking', 'Market Research']",8,3-5,Synthetic
SYN_0156,Data Analyst,"['Data Warehousing', 'Data Cleaning', 'Problem Solving', 'Communication', 'Tableau', 'ETL', 'Power BI', 'Adaptability', 'Looker']",9,5-8,Synthetic
SYN_0157,UI/UX Designer,"['Wireframing', 'Figma', 'Photoshop', 'Communication', 'Leadership', 'Adaptability', 'Usability Testing', 'Interaction Design', 'Accessibility']",9,3-5,Synthetic
SYN_0158,Data Analyst,"['Data Visualization', 'Problem Solving', 'Leadership', 'Python', 'Statistics', 'ETL', 'Power BI', 'Adaptability', 'Data Cleaning']",9,8+,Synthetic
SYN_0159,Software Developer,"['Linux', 'Debugging', 'Problem Solving', 'Python', 'Algorithms', 'SQL', 'Adaptability', 'Testing', 'Git', 'Data Structures']",10,0-2,Synthetic
SYN_0160,Software Developer,"['Leadership', 'Algorithms', 'JavaScript', 'Version Control', 'Time Management', 'REST APIs', 'Creativity', 'Data Structures', 'Testing', 'Git', 'Object-Oriented Programming']",11,3-5,Synthetic
SYN_0161,DevOps Engineer,"['AWS', 'Bash', 'Scripting', 'Communication', 'Jenkins', 'Prometheus', 'Monitoring', 'Time Management', 'Adaptability', 'Kubernetes', 'Ansible']",11,5-8,Synthetic
SYN_0162,Mobile Developer,"['iOS', 'Android', 'Java', 'API Integration', 'Problem Solving', 'Critical Thinking', 'Firebase', 'Swift', 'React Native', 'Mobile UI', 'Git']",11,3-5,Synthetic
SYN_0163,Software Developer,"['Python', 'Algorithms', 'SQL', 'Version Control', 'Time Management', 'Documentation', 'REST APIs', 'Agile', 'Testing', 'Object-Oriented Programming', 'Teamwork']",11,0-2,Synthetic
SYN_0164,DevOps Engineer,"['Bash', 'Scripting', 'Jenkins', 'Python', 'Prometheus', 'Critical Thinking', 'Adaptability', 'Git', 'Ansible']",9,8+,Synthetic
SYN_0165,Data Scientist,"['A/B Testing', 'Pandas', 'Problem Solving', 'Leadership', 'Python', 'PyTorch', 'SQL', 'Spark', 'Statistics', 'Tableau', 'Machine Learning']",11,0-2,Synthetic
SYN_0166,Data Analyst,"['Data Visualization', 'Problem Solving', 'Communication', 'Python', 'Excel', 'SQL', 'Tableau', 'Reporting', 'Time Management', 'ETL', 'Business Intelligence', 'Power BI']",12,0-2,Synthetic
SYN_0167,Cloud Engineer,"['Networking', 'Serverless', 'Problem Solving', 'CI/CD', 'Google Cloud', 'Docker', 'Creativity', 'Kubernetes', 'CloudFormation']",9,3-5,Synthetic
SYN_0168,Database Administrator,"['Scripting', 'SQL', 'Critical Thinking', 'Backup Recovery', 'Time Management', 'Query Optimization', 'MongoDB', 'PostgreSQL']",8,0-2,Synthetic
SYN_0169,IT Support Specialist,"['Networking Basics', 'Hardware', 'Windows', 'MacOS', 'Critical Thinking', 'Time Management', 'Documentation', 'Troubleshooting']",8,5-8,Synthetic
SYN_0170,Cybersecurity Analyst,"['Vulnerability Scanning', 'Problem Solving', 'ISO 27001', 'Risk Assessment', 'Python', 'Network Security', 'Incident Response', 'Adaptability', 'Penetration Testing', 'Teamwork', 'Wireshark']",11,3-5,Synthetic
SYN_0171,Data Analyst,"['Communication', 'Python', 'Excel', 'Tableau', 'Critical Thinking', 'Reporting', 'Time Management', 'Business Intelligence', 'Adaptability']",9,0-2,Synthetic
SYN_0172,Frontend Developer,"['UI/UX Principles', 'Leadership', 'Communication', 'Responsive Design', 'Critical Thinking', 'Next.js', 'Webpack', 'TypeScript', 'REST APIs', 'HTML', 'Vue.js', 'Testing', 'React']",13,0-2,Synthetic
SYN_0173,Backend Developer,"['Microservices', 'Django', 'Linux', 'Java', 'Database Design', 'Leadership', 'Critical Thinking', 'Authentication', 'Adaptability', 'Spring Boot']",10,3-5,Synthetic
SYN_0174,Software Developer,"['Linux', 'Java', 'Communication', 'Python', 'JavaScript', 'Version Control', 'Time Management', 'Documentation', 'Agile', 'Data Structures', 'Object-Oriented Programming']",11,3-5,Synthetic
SYN_0175,Backend Developer,"['Java', 'Leadership', 'Python', 'Redis', 'Authentication', 'Adaptability', 'Node.js', 'Teamwork', 'Docker']",9,3-5,Synthetic
SYN_0176,Cloud Engineer,"['AWS', 'Problem Solving', 'Azure', 'Google Cloud', 'Terraform', 'Creativity', 'Kubernetes', 'Infrastructure as Code', 'Docker']",9,3-5,Synthetic
SYN_0177,Data Analyst,"['Data Warehousing', 'Communication', 'Python', 'Statistics', 'Reporting', 'ETL', 'Creativity', 'Business Intelligence']",8,0-2,Synthetic
SYN_0178,Cybersecurity Analyst,"['SIEM', 'Vulnerability Scanning', 'Linux', 'Compliance', 'ISO 27001', 'Leadership', 'Firewalls', 'Creativity', 'Security Audits', 'Penetration Testing']",10,0-2,Synthetic
SYN_0179,Cybersecurity Analyst,"['Vulnerability Scanning', 'SIEM', 'Linux', 'Risk Assessment', 'Python', 'Leadership', 'Critical Thinking', 'Firewalls', 'Adaptability', 'Penetration Testing', 'Wireshark']",11,3-5,Synthetic
SYN_0180,Software Developer,"['Linux', 'Java', 'Communication', 'Algorithms', 'Time Management', 'Agile', 'Data Structures', 'Object-Oriented Programming']",8,3-5,Synthetic
SYN_0181,Backend Developer,"['Linux', 'Java', 'Database Design', 'Python', 'SQL', 'Redis', 'REST APIs', 'Creativity', 'MongoDB', 'Spring Boot', 'Teamwork', 'Docker']",12,0-2,Synthetic
SYN_0182,Frontend Developer,"['UI/UX Principles', 'CSS', 'Communication', 'Responsive Design', 'Critical Thinking', 'Webpack', 'Testing', 'Git']",8,5-8,Synthetic
SYN_0183,Cloud Engineer,"['Networking', 'Serverless', 'AWS', 'Linux', 'Communication', 'Leadership', 'Azure', 'Docker', 'Kubernetes', 'Security', 'Infrastructure as Code', 'CloudFormation']",12,0-2,Synthetic
SYN_0184,Frontend Developer,"['UI/UX Principles', 'Problem Solving', 'Responsive Design', 'JavaScript', 'Angular', 'Next.js', 'Time Management', 'HTML', 'Creativity', 'Testing', 'Tailwind CSS']",11,5-8,Synthetic
SYN_0185,Cloud Engineer,"['Networking', 'Serverless', 'AWS', 'Communication', 'Python', 'CI/CD', 'Leadership', 'Azure', 'Critical Thinking', 'Terraform', 'Kubernetes', 'Infrastructure as Code', 'Docker']",13,3-5,Synthetic
SYN_0186,Frontend Developer,"['UI/UX Principles', 'Responsive Design', 'JavaScript', 'Critical Thinking', 'Time Management', 'Webpack', 'TypeScript', 'Vue.js', 'Testing', 'Git']",10,0-2,Synthetic
SYN_0187,Cloud Engineer,"['AWS', 'Serverless', 'Leadership', 'Python', 'CI/CD', 'Google Cloud', 'Monitoring', 'Terraform', 'Docker', 'Adaptability', 'Security', 'CloudFormation']",12,8+,Synthetic
SYN_0188,Backend Developer,"['Linux', 'Java', 'Database Design', 'Communication', 'API Security', 'Critical Thinking', 'Authentication', 'REST APIs', 'Adaptability', 'Spring Boot']",10,3-5,Synthetic
SYN_0189,Software Developer,"['Debugging', 'Linux', 'Problem Solving', 'SQL', 'Version Control', 'Time Management', 'Documentation', 'REST APIs', 'Object-Oriented Programming', 'Testing', 'Git', 'Data Structures']",12,3-5,Synthetic
SYN_0190,Software Developer,"['Java', 'Problem Solving', 'JavaScript', 'Version Control', 'REST APIs', 'Agile', 'Adaptability', 'Testing', 'Teamwork']",9,3-5,Synthetic
SYN_0191,Product Manager,"['Communication', 'Product Metrics', 'Critical Thinking', 'Time Management', 'Scrum', 'User Research', 'Market Research', 'Agile', 'MVP', 'Product Strategy', 'Teamwork']",11,5-8,Synthetic
SYN_0192,Backend Developer,"['Django', 'Linux', 'Java', 'Database Design', 'Communication', 'Redis', 'Critical Thinking', 'REST APIs', 'MongoDB', 'Node.js']",10,3-5,Synthetic
SYN_0193,DevOps Engineer,"['Leadership', 'CI/CD', 'Python', 'Jenkins', 'Monitoring', 'Docker', 'Adaptability', 'Creativity', 'Kubernetes', 'Grafana', 'Ansible']",11,5-8,Synthetic
SYN_0194,Data Analyst,"['Problem Solving', 'Python', 'Excel', 'Statistics', 'Reporting', 'Critical Thinking', 'Power BI', 'Adaptability', 'Looker']",9,5-8,Synthetic
SYN_0195,Backend Developer,"['Database Design', 'Python', 'API Security', 'SQL', 'Redis', 'Time Management', 'Authentication', 'Adaptability', 'Node.js', 'Docker']",10,3-5,Synthetic
SYN_0196,Database Administrator,"['Replication', 'Linux', 'Database Design', 'Problem Solving', 'High Availability', 'Performance Tuning', 'Monitoring', 'Critical Thinking', 'Backup Recovery', 'MySQL', 'Query Optimization', 'Creativity', 'MongoDB']",13,5-8,Synthetic
SYN_0197,Software Developer,"['Debugging', 'Linux', 'Leadership', 'Python', 'JavaScript', 'SQL', 'Documentation', 'REST APIs', 'Creativity', 'Adaptability', 'Testing', 'Git', 'Object-Oriented Programming']",13,3-5,Synthetic
SYN_0198,Data Analyst,"['Data Warehousing', 'Data Visualization', 'Problem Solving', 'Communication', 'Python', 'Statistics', 'Time Management', 'ETL', 'Adaptability']",9,3-5,Synthetic
SYN_0199,Mobile Developer,"['Android', 'Java', 'Flutter', 'Leadership', 'Problem Solving', 'Git', 'Swift', 'React Native', 'UX Design']",9,5-8,Synthetic
SYN_0200,Software Developer,"['Linux', 'Java', 'Problem Solving', 'Documentation', 'REST APIs', 'Agile', 'Adaptability', 'Testing', 'Teamwork']",9,0-2,Synthetic
SYN_0201,Cybersecurity Analyst,"['SIEM', 'Vulnerability Scanning', 'Linux', 'Problem Solving', 'ISO 27001', 'Python', 'Risk Assessment', 'Time Management', 'NIST', 'Incident Response', 'Adaptability']",11,3-5,Synthetic
SYN_0202,Network Engineer,"['Network Monitoring', 'Problem Solving', 'Communication', 'Routing', 'TCP/IP', 'VLAN', 'DHCP', 'BGP', 'VPN']",9,5-8,Synthetic
SYN_0203,Network Engineer,"['Problem Solving', 'Network Security', 'TCP/IP', 'OSPF', 'Time Management', 'DHCP', 'BGP', 'DNS', 'Teamwork']",9,0-2,Synthetic
SYN_0204,Network Engineer,"['Switching', 'Problem Solving', 'Communication', 'Routing', 'OSPF', 'Network Security', 'Critical Thinking', 'Load Balancing', 'DHCP']",9,3-5,Synthetic
SYN_0205,Frontend Developer,"['UI/UX Principles', 'Leadership', 'Angular', 'Teamwork', 'Next.js', 'Webpack', 'HTML', 'TypeScript', 'Testing', 'React']",10,8+,Synthetic
SYN_0206,Software Developer,"['Debugging', 'Leadership', 'Python', 'Algorithms', 'JavaScript', 'SQL', 'Agile', 'Adaptability', 'Object-Oriented Programming']",9,3-5,Synthetic
SYN_0207,Data Scientist,"['Pandas', 'Data Visualization', 'NumPy', 'Communication', 'Python', 'Leadership', 'Tableau', 'Statistics', 'Big Data', 'Machine Learning', 'Deep Learning', 'Time Management']",12,0-2,Synthetic
SYN_0208,IT Support Specialist,"['Networking Basics', 'Linux', 'Active Directory', 'Printers', 'Office 365', 'Customer Service', 'Time Management', 'Troubleshooting', 'Mobile Devices', 'Adaptability', 'Teamwork']",11,5-8,Synthetic
SYN_0209,DevOps Engineer,"['Scripting', 'Linux', 'Communication', 'CI/CD', 'Prometheus', 'Jenkins', 'Monitoring', 'Terraform', 'Grafana', 'Git', 'Teamwork', 'Ansible']",12,0-2,Synthetic
SYN_0210,Database Administrator,"['Sharding', 'Scripting', 'Leadership', 'Performance Tuning', 'Monitoring', 'MySQL', 'Time Management', 'Query Optimization', 'MongoDB', 'Adaptability', 'Database Security']",11,5-8,Synthetic
SYN_0211,Frontend Developer,"['Next.js', 'Time Management', 'Webpack', 'REST APIs', 'TypeScript', 'Testing', 'Git', 'Teamwork']",8,3-5,Synthetic
SYN_0212,Data Scientist,"['A/B Testing', 'Pandas', 'NumPy', 'PyTorch', 'SQL', 'Spark', 'Deep Learning', 'Big Data', 'Statistics', 'Critical Thinking', 'Creativity']",11,0-2,Synthetic
SYN_0213,Cloud Engineer,"['Networking', 'Communication', 'CI/CD', 'Python', 'Leadership', 'Google Cloud', 'Azure', 'Monitoring', 'Terraform', 'Creativity', 'Kubernetes', 'Security', 'CloudFormation']",13,3-5,Synthetic
SYN_0214,DevOps Engineer,"['AWS', 'Scripting', 'Leadership', 'Python', 'CI/CD', 'Monitoring', 'Creativity', 'Kubernetes', 'Docker']",9,3-5,Synthetic
SYN_0215,Cybersecurity Analyst,"['Vulnerability Scanning', 'Compliance', 'Leadership', 'Time Management', 'Firewalls', 'NIST', 'Creativity', 'Penetration Testing', 'Wireshark']",9,8+,Synthetic
SYN_0216,Cloud Engineer,"['Networking', 'AWS', 'Linux', 'Leadership', 'Python', 'Azure', 'Monitoring', 'Terraform', 'Creativity', 'Security', 'Infrastructure as Code', 'CloudFormation']",12,8+,Synthetic
SYN_0217,UI/UX Designer,"['Wireframing', 'Prototyping', 'Leadership', 'Design Systems', 'Adobe XD', 'Adaptability', 'User Research', 'Creativity', 'Usability Testing', 'Accessibility', 'Information Architecture']",11,0-2,Synthetic
SYN_0218,Database Administrator,"['Sharding', 'Replication', 'Scripting', 'Communication', 'Backup Recovery', 'MySQL', 'Time Management', 'MongoDB', 'Adaptability']",9,0-2,Synthetic
SYN_0219,Network Engineer,"['Network Monitoring', 'Leadership', 'Network Security', 'TCP/IP', 'Cisco', 'Load Balancing', 'Creativity', 'BGP', 'Adaptability', 'DNS', 'VPN']",11,0-2,Synthetic
SYN_0220,Mobile Developer,"['iOS', 'Android', 'Java', 'Problem Solving', 'Communication', 'Firebase', 'Swift', 'Testing']",8,3-5,Synthetic
SYN_0221,Backend Developer,"['Microservices', 'Java', 'Python', 'Authentication', 'REST APIs', 'Creativity', 'MongoDB', 'Teamwork']",8,3-5,Synthetic
SYN_0222,Product Manager,"['Roadmapping', 'Customer Discovery', 'Communication', 'Leadership', 'Prioritization', 'Product Metrics', 'Time Management', 'Data Analysis', 'Agile', 'Adaptability', 'Stakeholder Management']",11,0-2,Synthetic
SYN_0223,Cybersecurity Analyst,"['SIEM', 'Compliance', 'Risk Assessment', 'Python', 'ISO 27001', 'Leadership', 'Network Security', 'Firewalls', 'Creativity', 'Cryptography', 'Penetration Testing', 'Teamwork', 'Wireshark']",13,0-2,Synthetic
SYN_0224,Database Administrator,"['Sharding', 'Leadership', 'High Availability', 'Performance Tuning', 'Monitoring', 'SQL', 'MySQL', 'Backup Recovery', 'Query Optimization', 'Creativity', 'Database Security']",11,3-5,Synthetic
SYN_0225,Frontend Developer,"['Leadership', 'Responsive Design', 'Teamwork', 'REST APIs', 'HTML', 'Vue.js', 'React', 'Tailwind CSS']",8,3-5,Synthetic
SYN_0226,Software Developer,"['Debugging', 'Java', 'Problem Solving', 'Python', 'Algorithms', 'SQL', 'Time Management', 'Documentation', 'Object-Oriented Programming', 'Git', 'Data Structures', 'Teamwork']",12,3-5,Synthetic
SYN_0227,Data Analyst,"['Data Warehousing', 'Data Cleaning', 'Data Visualization', 'Problem Solving', 'Leadership', 'Excel', 'SQL', 'Statistics', 'Reporting', 'Business Intelligence', 'Looker']",11,3-5,Synthetic
SYN_0228,IT Support Specialist,"['Networking Basics', 'Linux', 'Active Directory', 'Hardware', 'Windows', 'Problem Solving', 'Office 365', 'Communication', 'MacOS', 'Ticketing Systems', 'Time Management', 'Software Installation']",12,5-8,Synthetic
SYN_0229,Data Scientist,"['Data Visualization', 'Pandas', 'NumPy', 'Problem Solving', 'Spark', 'Tableau', 'SQL', 'Time Management', 'Machine Learning', 'Adaptability', 'TensorFlow']",11,3-5,Synthetic
SYN_0230,Cloud Engineer,"['AWS', 'Serverless', 'Problem Solving', 'Communication', 'Monitoring', 'Google Cloud', 'Teamwork', 'Terraform', 'Kubernetes', 'Infrastructure as Code']",10,8+,Synthetic
SYN_0231,Data Analyst,"['Problem Solving', 'Communication', 'Excel', 'SQL', 'Tableau', 'Critical Thinking', 'ETL', 'Business Intelligence', 'Looker']",9,3-5,Synthetic
SYN_0232,Software Developer,"['Debugging', 'Problem Solving', 'Python', 'Algorithms', 'SQL', 'Critical Thinking', 'Version Control', 'Documentation', 'REST APIs', 'Agile', 'Adaptability', 'Git', 'Object-Oriented Programming']",13,0-2,Synthetic
SYN_0233,Cloud Engineer,"['AWS', 'Problem Solving', 'Monitoring', 'Adaptability', 'Creativity', 'Kubernetes', 'Security', 'CloudFormation', 'Docker']",9,8+,Synthetic
SYN_0234,DevOps Engineer,"['AWS', 'Linux', 'Leadership', 'Python', 'Jenkins', 'Monitoring', 'Terraform', 'Adaptability', 'Grafana', 'Git', 'Ansible']",11,0-2,Synthetic
SYN_0235,Data Analyst,"['Communication', 'Python', 'Tableau', 'Critical Thinking', 'Reporting', 'Power BI', 'Looker', 'Data Cleaning', 'Teamwork']",9,0-2,Synthetic
SYN_0236,Mobile Developer,"['Mobile UI', 'iOS', 'Java', 'Kotlin', 'Communication', 'Critical Thinking', 'Swift', 'Testing', 'Teamwork', 'UX Design']",10,3-5,Synthetic
SYN_0237,IT Support Specialist,"['Linux', 'Active Directory', 'Hardware', 'Windows', 'Communication', 'Office 365', 'Remote Support', 'Customer Service', 'Critical Thinking', 'Documentation', 'Mobile Devices', 'Creativity']",12,3-5,Synthetic
SYN_0238,IT Support Specialist,"['Networking Basics', 'Linux', 'Active Directory', 'Windows', 'Printers', 'Communication', 'Remote Support', 'MacOS', 'Customer Service', 'Time Management', 'Troubleshooting', 'Teamwork']",12,0-2,Synthetic
SYN_0239,Data Analyst,"['Problem Solving', 'Communication', 'Python', 'SQL', 'Tableau', 'Reporting', 'Time Management', 'ETL', 'Business Intelligence', 'Power BI', 'Adaptability', 'Looker']",12,3-5,Synthetic
SYN_0240,UI/UX Designer,"['Wireframing', 'Prototyping', 'Problem Solving', 'Communication', 'Sketch', 'Design Systems', 'Usability Testing', 'Interaction Design', 'Accessibility', 'Information Architecture', 'Teamwork']",11,0-2,Synthetic
SYN_0241,UI/UX Designer,"['Wireframing', 'Photoshop', 'Leadership', 'Visual Design', 'Time Management', 'Adobe XD', 'User Research', 'Creativity', 'Usability Testing', 'User Flows', 'Information Architecture']",11,0-2,Synthetic
SYN_0242,Frontend Developer,"['UI/UX Principles', 'Problem Solving', 'Leadership', 'Webpack', 'HTML', 'Vue.js', 'Testing', 'Git']",8,3-5,Synthetic
SYN_0243,Cybersecurity Analyst,"['Vulnerability Scanning', 'SIEM', 'Linux', 'ISO 27001', 'Python', 'Risk Assessment', 'Firewalls', 'NIST', 'Creativity', 'Security Audits', 'Adaptability']",11,3-5,Synthetic
SYN_0244,UI/UX Designer,"['Wireframing', 'Communication', 'Illustrator', 'Sketch', 'User Flows', 'Time Management', 'Design Systems', 'Visual Design']",8,0-2,Synthetic
SYN_0245,DevOps Engineer,"['AWS', 'Bash', 'Communication', 'Jenkins', 'Prometheus', 'Python', 'Monitoring', 'Critical Thinking', 'Adaptability', 'Grafana', 'Git', 'Docker']",12,3-5,Synthetic
SYN_0246,Data Scientist,"['A/B Testing', 'Scikit-learn', 'Leadership', 'PyTorch', 'Python', 'Problem Solving', 'SQL', 'Tableau', 'Statistics', 'Deep Learning', 'Machine Learning', 'Time Management', 'TensorFlow']",13,3-5,Synthetic
SYN_0247,Software Developer,"['Communication', 'Leadership', 'JavaScript', 'Version Control', 'REST APIs', 'Object-Oriented Programming', 'Testing', 'Git', 'Data Structures']",9,3-5,Synthetic
SYN_0248,Mobile Developer,"['iOS', 'Java', 'Flutter', 'Communication', 'App Store Deployment', 'Swift', 'Adaptability', 'Testing']",8,5-8,Synthetic
SYN_0249,Software Developer,"['Python', 'SQL', 'JavaScript', 'Critical Thinking', 'Version Control', 'Time Management', 'REST APIs', 'Agile', 'Testing']",9,5-8,Synthetic
SYN_0250,Software Developer,"['Debugging', 'Java', 'SQL', 'JavaScript', 'Version Control', 'REST APIs', 'Creativity', 'Testing', 'Git', 'Teamwork']",10,3-5,Synthetic
SYN_0251,Product Manager,"['Roadmapping', 'JIRA', 'Customer Discovery', 'Problem Solving', 'Leadership', 'Communication', 'Product Metrics', 'Product Strategy', 'Market Research', 'Creativity', 'MVP', 'Stakeholder Management']",12,0-2,Synthetic
SYN_0252,DevOps Engineer,"['AWS', 'Bash', 'Scripting', 'CI/CD', 'Prometheus', 'Monitoring', 'Time Management', 'Creativity', 'Adaptability', 'Git', 'Ansible']",11,0-2,Synthetic
SYN_0253,Backend Developer,"['Microservices', 'Django', 'Linux', 'Java', 'Leadership', 'API Security', 'Critical Thinking', 'MongoDB', 'Node.js', 'Docker']",10,3-5,Synthetic
SYN_0254,Data Analyst,"['Data Warehousing', 'Leadership', 'SQL', 'Tableau', 'Statistics', 'Reporting', 'Critical Thinking', 'ETL', 'Power BI', 'Looker', 'Data Cleaning', 'Teamwork']",12,5-8,Synthetic
SYN_0255,Cybersecurity Analyst,"['SIEM', 'Linux', 'Compliance', 'ISO 27001', 'Python', 'Problem Solving', 'Network Security', 'Time Management', 'Firewalls', 'Creativity', 'Incident Response', 'Cryptography', 'Penetration Testing']",13,3-5,Synthetic
SYN_0256,Backend Developer,"['Django', 'Linux', 'Database Design', 'Java', 'Python', 'SQL', 'Critical Thinking', 'Authentication', 'Creativity', 'MongoDB', 'Adaptability', 'Docker']",12,0-2,Synthetic
SYN_0257,IT Support Specialist,"['Networking Basics', 'Hardware', 'Windows', 'Communication', 'Office 365', 'Remote Support', 'Ticketing Systems', 'Software Installation', 'Documentation', 'Troubleshooting', 'Adaptability']",11,8+,Synthetic
SYN_0258,Frontend Developer,"['UI/UX Principles', 'CSS', 'Problem Solving', 'JavaScript', 'Angular', 'Teamwork', 'Next.js', 'Time Management', 'REST APIs', 'HTML', 'React']",11,3-5,Synthetic
SYN_0259,Frontend Developer,"['UI/UX Principles', 'Problem Solving', 'Communication', 'Leadership', 'Responsive Design', 'JavaScript', 'Next.js', 'Webpack', 'HTML', 'Vue.js']",10,5-8,Synthetic
SYN_0260,DevOps Engineer,"['AWS', 'Bash', 'Linux', 'Problem Solving', 'Communication', 'Python', 'Monitoring', 'Critical Thinking', 'Terraform', 'Kubernetes', 'Git', 'Docker']",12,0-2,Synthetic
SYN_0261,Full Stack Developer,"['Problem Solving', 'HTML/CSS', 'REST APIs', 'TypeScript', 'Creativity', 'MongoDB', 'Node.js', 'React', 'Docker']",9,5-8,Synthetic
SYN_0262,Software Developer,"['Debugging', 'Linux', 'Java', 'Communication', 'SQL', 'JavaScript', 'Critical Thinking', 'Documentation', 'REST APIs', 'Testing', 'Object-Oriented Programming']",11,0-2,Synthetic
SYN_0263,Software Developer,"['Linux', 'Java', 'Problem Solving', 'Communication', 'Algorithms', 'SQL', 'Critical Thinking', 'Version Control', 'Testing', 'Git']",10,8+,Synthetic
SYN_0264,Network Engineer,"['Network Monitoring', 'Leadership', 'Routing', 'Network Security', 'DHCP', 'Firewalls', 'Creativity', 'BGP', 'Teamwork']",9,0-2,Synthetic
SYN_0265,Software Developer,"['Debugging', 'Linux', 'Java', 'Leadership', 'Python', 'SQL', 'Version Control', 'Documentation', 'Creativity', 'Testing', 'Object-Oriented Programming', 'Teamwork']",12,0-2,Synthetic
SYN_0266,UI/UX Designer,"['Wireframing', 'Photoshop', 'Leadership', 'Adobe XD', 'Adaptability', 'User Research', 'Design Systems', 'Accessibility']",8,3-5,Synthetic
SYN_0267,DevOps Engineer,"['Bash', 'Linux', 'CI/CD', 'Critical Thinking', 'Time Management', 'Docker', 'Kubernetes', 'Grafana', 'Ansible']",9,5-8,Synthetic
SYN_0268,DevOps Engineer,"['AWS', 'Bash', 'Communication', 'Python', 'CI/CD', 'Terraform', 'Creativity', 'Kubernetes', 'Ansible', 'Grafana', 'Git', 'Docker']",12,3-5,Synthetic
SYN_0269,Network Engineer,"['Leadership', 'Network Security', 'OSPF', 'DHCP', 'Firewalls', 'Creativity', 'BGP', 'VPN']",8,3-5,Synthetic
SYN_0270,UI/UX Designer,"['Wireframing', 'Figma', 'Prototyping', 'Leadership', 'Sketch', 'Visual Design', 'Design Systems', 'Time Management', 'Creativity', 'Usability Testing', 'User Flows', 'Information Architecture']",12,5-8,Synthetic
SYN_0271,Frontend Developer,"['UI/UX Principles', 'Responsive Design', 'Angular', 'Teamwork', 'Critical Thinking', 'Time Management', 'Webpack', 'TypeScript', 'Git', 'React', 'Tailwind CSS']",11,0-2,Synthetic
SYN_0272,Frontend Developer,"['Problem Solving', 'Angular', 'Teamwork', 'Next.js', 'HTML', 'REST APIs', 'Vue.js', 'React']",8,3-5,Synthetic
SYN_0273,Data Scientist,"['A/B Testing', 'Data Visualization', 'Pandas', 'NumPy', 'Problem Solving', 'PyTorch', 'Spark', 'SQL', 'Statistics', 'Time Management', 'Machine Learning', 'Critical Thinking', 'TensorFlow']",13,8+,Synthetic
SYN_0274,Data Analyst,"['Communication', 'Python', 'Leadership', 'Tableau', 'Statistics', 'Reporting', 'Data Cleaning', 'Teamwork']",8,0-2,Synthetic
SYN_0275,Software Developer,"['Debugging', 'Linux', 'Leadership', 'Python', 'Algorithms', 'Communication', 'JavaScript', 'Time Management', 'REST APIs', 'Object-Oriented Programming', 'Agile', 'Testing', 'Data Structures']",13,0-2,Synthetic
SYN_0276,Cloud Engineer,"['Networking', 'Serverless', 'Python', 'Google Cloud', 'Monitoring', 'Critical Thinking', 'Terraform', 'Adaptability', 'Kubernetes', 'Infrastructure as Code', 'CloudFormation']",11,3-5,Synthetic
SYN_0277,Software Developer,"['Linux', 'Debugging', 'Java', 'REST APIs', 'Creativity', 'Agile', 'Object-Oriented Programming', 'Teamwork']",8,0-2,Synthetic
SYN_0278,Frontend Developer,"['Problem Solving', 'JavaScript', 'Angular', 'REST APIs', 'TypeScript', 'React', 'Creativity', 'Vue.js', 'Git', 'Tailwind CSS']",10,3-5,Synthetic
SYN_0279,Data Scientist,"['Pandas', 'NumPy', 'Scikit-learn', 'Leadership', 'Python', 'Spark', 'Deep Learning', 'Big Data', 'Machine Learning', 'Adaptability', 'TensorFlow', 'Teamwork']",12,0-2,Synthetic
SYN_0280,DevOps Engineer,"['AWS', 'Scripting', 'Linux', 'Communication', 'Jenkins', 'Python', 'Time Management', 'Terraform', 'Grafana', 'Docker']",10,5-8,Synthetic
SYN_0281,Data Analyst,"['Data Visualization', 'Problem Solving', 'Communication', 'SQL', 'Statistics', 'ETL', 'Creativity', 'Adaptability', 'Looker']",9,5-8,Synthetic
SYN_0282,UI/UX Designer,"['Wireframing', 'Figma', 'Photoshop', 'Communication', 'Visual Design', 'User Flows', 'Adaptability', 'User Research', 'Usability Testing', 'Interaction Design', 'Accessibility', 'Teamwork']",12,5-8,Synthetic
SYN_0283,Frontend Developer,"['UI/UX Principles', 'Problem Solving', 'Responsive Design', 'Angular', 'Next.js', 'Time Management', 'Webpack', 'TypeScript', 'React', 'Adaptability', 'Git', 'Tailwind CSS']",12,0-2,Synthetic
SYN_0284,Frontend Developer,"['UI/UX Principles', 'CSS', 'Leadership', 'Communication', 'JavaScript', 'Critical Thinking', 'Next.js', 'Webpack', 'HTML', 'Vue.js', 'Testing']",11,5-8,Synthetic
SYN_0285,Network Engineer,"['DNS', 'TCP/IP', 'VLAN', 'OSPF', 'Critical Thinking', 'Firewalls', 'DHCP', 'Creativity', 'BGP', 'VPN', 'Wireshark']",11,3-5,Synthetic
SYN_0286,Backend Developer,"['Microservices', 'Django', 'Linux', 'Database Design', 'Java', 'Communication', 'Leadership', 'Redis', 'REST APIs', 'Authentication', 'Spring Boot', 'Creativity', 'Node.js']",13,0-2,Synthetic
SYN_0287,Data Scientist,"['A/B Testing', 'NumPy', 'PyTorch', 'Python', 'SQL', 'Tableau', 'Statistics', 'Spark', 'Time Management', 'Creativity']",10,5-8,Synthetic
SYN_0288,Product Manager,"['JIRA', 'Customer Discovery', 'Problem Solving', 'Communication', 'Leadership', 'Prioritization', 'Product Metrics', 'User Research', 'Creativity', 'Product Strategy', 'Stakeholder Management']",11,3-5,Synthetic
SYN_0289,Frontend Developer,"['UI/UX Principles', 'CSS', 'Problem Solving', 'Communication', 'Critical Thinking', 'Next.js', 'Webpack', 'HTML', 'Vue.js']",9,5-8,Synthetic
SYN_0290,Frontend Developer,"['Leadership', 'Angular', 'Critical Thinking', 'Next.js', 'Time Management', 'HTML', 'Webpack', 'TypeScript', 'Tailwind CSS']",9,5-8,Synthetic
SYN_0291,Data Scientist,"['NumPy', 'Scikit-learn', 'Communication', 'PyTorch', 'Python', 'SQL', 'Critical Thinking', 'Machine Learning', 'TensorFlow']",9,3-5,Synthetic
SYN_0292,Frontend Developer,"['Leadership', 'Communication', 'Angular', 'Next.js', 'REST APIs', 'HTML', 'Webpack', 'Vue.js', 'Tailwind CSS']",9,3-5,Synthetic
SYN_0293,Software Developer,"['Java', 'Leadership', 'Algorithms', 'Time Management', 'Documentation', 'REST APIs', 'Object-Oriented Programming', 'Agile', 'Git', 'Data Structures']",10,0-2,Synthetic
SYN_0294,Data Scientist,"['Pandas', 'Data Visualization', 'Scikit-learn', 'Communication', 'PyTorch', 'Spark', 'Tableau', 'Deep Learning', 'Big Data', 'Time Management', 'TensorFlow']",11,8+,Synthetic
SYN_0295,Data Analyst,"['Problem Solving', 'Communication', 'Python', 'Excel', 'SQL', 'Critical Thinking', 'Reporting', 'Business Intelligence', 'Looker', 'Data Cleaning']",10,0-2,Synthetic
SYN_0296,Product Manager,"['Roadmapping', 'JIRA', 'Problem Solving', 'Leadership', 'Critical Thinking', 'Time Management', 'Data Analysis', 'User Research', 'Market Research', 'MVP', 'Stakeholder Management']",11,0-2,Synthetic
SYN_0297,Data Analyst,"['Data Warehousing', 'Problem Solving', 'Communication', 'Leadership', 'Excel', 'Statistics', 'Critical Thinking', 'Power BI', 'Data Cleaning']",9,0-2,Synthetic
SYN_0298,DevOps Engineer,"['AWS', 'Bash', 'Leadership', 'Jenkins', 'CI/CD', 'Python', 'Time Management', 'Grafana', 'Teamwork', 'Docker']",10,5-8,Synthetic
SYN_0299,Data Scientist,"['A/B Testing', 'Pandas', 'Communication', 'Python', 'SQL', 'Tableau', 'Deep Learning', 'Big Data', 'Machine Learning', 'Statistics', 'Critical Thinking', 'Adaptability']",12,3-5,Synthetic
SYN_0300,Database Administrator,"['Scripting', 'Linux', 'Replication', 'Problem Solving', 'Communication', 'High Availability', 'Monitoring', 'Critical Thinking', 'MySQL', 'Database Security', 'Query Optimization', 'PostgreSQL']",12,5-8,Synthetic
SYN_0301,Data Scientist,"['A/B Testing', 'Pandas', 'Data Visualization', 'Spark', 'SQL', 'Deep Learning', 'Adaptability', 'Teamwork']",8,3-5,Synthetic
SYN_0302,Backend Developer,"['Microservices', 'Java', 'Leadership', 'Python', 'Communication', 'API Security', 'Authentication', 'MongoDB', 'Node.js']",9,3-5,Synthetic
SYN_0303,Product Manager,"['Roadmapping', 'Leadership', 'Prioritization', 'Product Metrics', 'Time Management', 'Data Analysis', 'Agile', 'Product Strategy']",8,5-8,Synthetic
SYN_0304,Backend Developer,"['Microservices', 'Communication', 'Python', 'SQL', 'REST APIs', 'Authentication', 'Creativity', 'MongoDB', 'Docker']",9,3-5,Synthetic
SYN_0305,Frontend Developer,"['CSS', 'Angular', 'Critical Thinking', 'Next.js', 'Webpack', 'Vue.js', 'Adaptability', 'Testing', 'Tailwind CSS']",9,8+,Synthetic
SYN_0306,DevOps Engineer,"['Bash', 'Linux', 'Communication', 'CI/CD', 'Prometheus', 'Python', 'Monitoring', 'Leadership', 'Creativity', 'Grafana']",10,0-2,Synthetic
SYN_0307,Mobile Developer,"['Android', 'Java', 'Kotlin', 'API Integration', 'Flutter', 'Problem Solving', 'Git', 'Swift', 'Creativity', 'Mobile UI', 'React Native']",11,8+,Synthetic
SYN_0308,Product Manager,"['JIRA', 'Customer Discovery', 'Communication', 'Leadership', 'Prioritization', 'Product Metrics', 'Time Management', 'Data Analysis', 'Creativity', 'Scrum', 'MVP']",11,0-2,Synthetic
SYN_0309,Software Developer,"['Debugging', 'Linux', 'Python', 'JavaScript', 'Critical Thinking', 'Version Control', 'Time Management', 'REST APIs', 'Creativity', 'Agile', 'Testing']",11,5-8,Synthetic
SYN_0310,Data Analyst,"['Data Warehousing', 'Data Visualization', 'Problem Solving', 'Communication', 'Python', 'Excel', 'SQL', 'Critical Thinking', 'Time Management', 'Creativity', 'Business Intelligence', 'Data Cleaning']",12,8+,Synthetic
SYN_0311,Frontend Developer,"['Angular', 'Critical Thinking', 'HTML', 'Webpack', 'REST APIs', 'TypeScript', 'Creativity', 'Testing', 'Tailwind CSS']",9,3-5,Synthetic
SYN_0312,IT Support Specialist,"['Networking Basics', 'Windows', 'Communication', 'Office 365', 'Remote Support', 'Customer Service', 'Ticketing Systems', 'Critical Thinking', 'Software Installation', 'Time Management']",10,3-5,Synthetic
SYN_0313,Database Administrator,"['Scripting', 'Linux', 'High Availability', 'Performance Tuning', 'Monitoring', 'Critical Thinking', 'MySQL', 'Time Management', 'Query Optimization', 'MongoDB', 'Adaptability', 'PostgreSQL']",12,5-8,Synthetic
SYN_0314,Backend Developer,"['Linux', 'Database Design', 'SQL', 'Redis', 'API Security', 'Creativity', 'MongoDB', 'Adaptability', 'Node.js', 'Docker']",10,0-2,Synthetic
SYN_0315,Full Stack Developer,"['Python', 'SQL', 'TypeScript', 'Creativity', 'Adaptability', 'Node.js', 'PostgreSQL', 'Tailwind CSS']",8,5-8,Synthetic
SYN_0316,Software Developer,"['Linux', 'Java', 'Python', 'SQL', 'Agile', 'Adaptability', 'Testing', 'Git', 'Data Structures', 'Teamwork']",10,0-2,Synthetic
SYN_0317,Network Engineer,"['Switching', 'Leadership', 'TCP/IP', 'Network Security', 'VLAN', 'Critical Thinking', 'BGP', 'Wireshark']",8,5-8,Synthetic
SYN_0318,Data Analyst,"['Data Warehousing', 'Data Visualization', 'Problem Solving', 'Communication', 'Python', 'Statistics', 'ETL', 'Creativity', 'Power BI', 'Teamwork']",10,5-8,Synthetic
SYN_0319,Software Developer,"['Debugging', 'Linux', 'SQL', 'Documentation', 'REST APIs', 'Adaptability', 'Git', 'Teamwork']",8,5-8,Synthetic
SYN_0320,Backend Developer,"['Django', 'Java', 'Database Design', 'Leadership', 'Python', 'Communication', 'API Security', 'Time Management', 'REST APIs', 'Authentication', 'MongoDB', 'Node.js']",12,0-2,Synthetic
SYN_0321,Software Developer,"['Linux', 'Debugging', 'Python', 'Algorithms', 'SQL', 'Version Control', 'Creativity', 'Testing', 'Git', 'Object-Oriented Programming', 'Teamwork']",11,0-2,Synthetic
SYN_0322,Data Analyst,"['Data Visualization', 'Problem Solving', 'Communication', 'Statistics', 'Reporting', 'Creativity', 'Business Intelligence', 'Power BI', 'Adaptability', 'Looker']",10,0-2,Synthetic
SYN_0323,Software Developer,"['Linux', 'Debugging', 'Leadership', 'Communication', 'Algorithms', 'Documentation', 'Object-Oriented Programming', 'Agile', 'Testing', 'Data Structures']",10,0-2,Synthetic
SYN_0324,IT Support Specialist,"['Linux', 'Problem Solving', 'Printers', 'MacOS', 'Documentation', 'Troubleshooting', 'Mobile Devices', 'Adaptability']",8,3-5,Synthetic
SYN_0325,IT Support Specialist,"['Networking Basics', 'Linux', 'Communication', 'Printers', 'Office 365', 'Remote Support', 'MacOS', 'Software Installation', 'Documentation', 'Troubleshooting', 'Creativity', 'Adaptability']",12,3-5,Synthetic
SYN_0326,Frontend Developer,"['UI/UX Principles', 'Problem Solving', 'Responsive Design', 'JavaScript', 'HTML', 'Webpack', 'Vue.js', 'Adaptability', 'Testing', 'Teamwork']",10,3-5,Synthetic
SYN_0327,Software Developer,"['Python', 'SQL', 'Critical Thinking', 'Documentation', 'REST APIs', 'Agile', 'Adaptability', 'Data Structures', 'Testing', 'Object-Oriented Programming']",10,8+,Synthetic
SYN_0328,Database Administrator,"['Database Design', 'Performance Tuning', 'Monitoring', 'SQL', 'Critical Thinking', 'Backup Recovery', 'Database Security', 'Teamwork']",8,0-2,Synthetic
SYN_0329,Data Scientist,"['A/B Testing', 'Pandas', 'Problem Solving', 'Leadership', 'Python', 'PyTorch', 'Spark', 'Tableau', 'Statistics', 'Big Data', 'Machine Learning', 'Critical Thinking']",12,3-5,Synthetic
SYN_0330,Data Analyst,"['Leadership', 'Python', 'Tableau', 'Statistics', 'Reporting', 'ETL', 'Business Intelligence', 'Data Cleaning', 'Teamwork']",9,3-5,Synthetic
SYN_0331,Frontend Developer,"['UI/UX Principles', 'Responsive Design', 'JavaScript', 'Angular', 'Teamwork', 'Webpack', 'Creativity', 'Vue.js', 'Testing', 'Git', 'React']",11,8+,Synthetic
SYN_0332,Data Analyst,"['Data Warehousing', 'Problem Solving', 'Leadership', 'Python', 'Excel', 'SQL', 'Statistics', 'Reporting', 'Creativity', 'Power BI', 'Looker', 'Data Cleaning', 'Teamwork']",13,0-2,Synthetic
SYN_0333,Frontend Developer,"['Problem Solving', 'JavaScript', 'Time Management', 'HTML', 'Webpack', 'Vue.js', 'Testing', 'Git']",8,5-8,Synthetic
SYN_0334,Frontend Developer,"['UI/UX Principles', 'CSS', 'Communication', 'JavaScript', 'Teamwork', 'Next.js', 'Time Management', 'HTML', 'TypeScript', 'Vue.js', 'Testing', 'React', 'Tailwind CSS']",13,3-5,Synthetic
SYN_0335,UI/UX Designer,"['Wireframing', 'Figma', 'Illustrator', 'User Flows', 'Time Management', 'Adaptability', 'User Research', 'Visual Design', 'Accessibility']",9,0-2,Synthetic
SYN_0336,Frontend Developer,"['UI/UX Principles', 'Problem Solving', 'Next.js', 'Time Management', 'Webpack', 'HTML', 'Creativity', 'Git', 'Tailwind CSS']",9,3-5,Synthetic
SYN_0337,Network Engineer,"['Network Monitoring', 'Leadership', 'Routing', 'Network Security', 'Cisco', 'OSPF', 'Time Management', 'DHCP', 'Adaptability', 'VPN', 'Wireshark']",11,3-5,Synthetic
SYN_0338,Software Developer,"['Debugging', 'Java', 'Problem Solving', 'Leadership', 'Python', 'SQL', 'Documentation', 'Agile', 'Testing', 'Git']",10,3-5,Synthetic
SYN_0339,Network Engineer,"['Routing', 'OSPF', 'VLAN', 'Cisco', 'DHCP', 'Firewalls', 'BGP', 'Creativity', 'Adaptability', 'DNS', 'VPN', 'Wireshark']",12,8+,Synthetic
SYN_0340,Backend Developer,"['Django', 'Node.js', 'Database Design', 'Java', 'Problem Solving', 'Python', 'Communication', 'API Security', 'Redis', 'SQL', 'Spring Boot']",11,0-2,Synthetic
SYN_0341,Data Analyst,"['Data Visualization', 'Problem Solving', 'Communication', 'Python', 'Tableau', 'Statistics', 'Critical Thinking', 'ETL', 'Business Intelligence', 'Power BI', 'Looker', 'Data Cleaning']",12,0-2,Synthetic
SYN_0342,Backend Developer,"['Linux', 'Database Design', 'Problem Solving', 'Communication', 'API Security', 'Time Management', 'Authentication', 'MongoDB', 'Node.js']",9,3-5,Synthetic
SYN_0343,UI/UX Designer,"['Figma', 'Prototyping', 'Communication', 'Leadership', 'Sketch', 'Critical Thinking', 'Interaction Design', 'Accessibility', 'Information Architecture']",9,5-8,Synthetic
SYN_0344,DevOps Engineer,"['Scripting', 'Communication', 'CI/CD', 'Prometheus', 'Leadership', 'Monitoring', 'Adaptability', 'Kubernetes', 'Git', 'Ansible']",10,0-2,Synthetic
SYN_0345,Data Analyst,"['Data Visualization', 'Problem Solving', 'Communication', 'Excel', 'SQL', 'Tableau', 'Critical Thinking', 'Reporting', 'Business Intelligence', 'Looker', 'Data Cleaning', 'Teamwork']",12,0-2,Synthetic
SYN_0346,Product Manager,"['Roadmapping', 'Communication', 'Scrum', 'Market Research', 'Agile', 'Creativity', 'MVP', 'Product Strategy']",8,8+,Synthetic
SYN_0347,Backend Developer,"['Microservices', 'Django', 'Linux', 'Database Design', 'Java', 'Communication', 'Problem Solving', 'Leadership', 'SQL', 'Redis', 'Authentication', 'Spring Boot', 'Node.js']",13,3-5,Synthetic
SYN_0348,Network Engineer,"['Switching', 'Leadership', 'TCP/IP', 'Network Security', 'OSPF', 'VLAN', 'Creativity', 'BGP', 'DNS']",9,3-5,Synthetic
SYN_0349,Software Developer,"['Java', 'Leadership', 'Python', 'Critical Thinking', 'Version Control', 'Documentation', 'REST APIs', 'Adaptability', 'Git', 'Object-Oriented Programming']",10,0-2,Synthetic
SYN_0350,Software Developer,"['Java', 'Communication', 'Python', 'Leadership', 'JavaScript', 'SQL', 'Version Control', 'Documentation', 'Agile', 'Adaptability', 'Testing', 'Object-Oriented Programming']",12,3-5,Synthetic
SYN_0351,DevOps Engineer,"['AWS', 'Communication', 'CI/CD', 'Prometheus', 'Jenkins', 'Time Management', 'Kubernetes', 'Grafana', 'Git']",9,0-2,Synthetic
SYN_0352,UI/UX Designer,"['Figma', 'Prototyping', 'Photoshop', 'Critical Thinking', 'Time Management', 'Adobe XD', 'User Research', 'Accessibility', 'Teamwork']",9,3-5,Synthetic
SYN_0353,Backend Developer,"['Microservices', 'Django', 'Database Design', 'Java', 'API Security', 'Time Management', 'REST APIs', 'Creativity', 'Node.js']",9,0-2,Synthetic
SYN_0354,Cybersecurity Analyst,"['SIEM', 'Vulnerability Scanning', 'Linux', 'Compliance', 'ISO 27001', 'Python', 'Risk Assessment', 'Communication', 'Creativity', 'Cryptography', 'Adaptability', 'Penetration Testing', 'Wireshark']",13,3-5,Synthetic
SYN_0355,Software Developer,"['Linux', 'Java', 'Python', 'Algorithms', 'SQL', 'Critical Thinking', 'Version Control', 'REST APIs', 'Agile', 'Adaptability', 'Data Structures']",11,0-2,Synthetic
SYN_0356,Frontend Developer,"['UI/UX Principles', 'Problem Solving', 'Next.js', 'Webpack', 'REST APIs', 'TypeScript', 'Adaptability', 'Git', 'React']",9,5-8,Synthetic
SYN_0357,Data Analyst,"['Data Visualization', 'Problem Solving', 'Communication', 'Leadership', 'Excel', 'SQL', 'Tableau', 'Critical Thinking', 'Reporting', 'Business Intelligence', 'Power BI', 'Data Cleaning']",12,3-5,Synthetic
SYN_0358,Cybersecurity Analyst,"['Python', 'Network Security', 'Firewalls', 'Incident Response', 'Security Audits', 'Adaptability', 'Penetration Testing', 'Teamwork', 'Wireshark']",9,0-2,Synthetic
SYN_0359,Cloud Engineer,"['Networking', 'Linux', 'Problem Solving', 'CI/CD', 'Google Cloud', 'Monitoring', 'Critical Thinking', 'Time Management', 'Kubernetes', 'Security']",10,0-2,Synthetic
SYN_0360,DevOps Engineer,"['AWS', 'Bash', 'Prometheus', 'Jenkins', 'Monitoring', 'Critical Thinking', 'Terraform', 'Git', 'Teamwork', 'Ansible']",10,5-8,Synthetic
SYN_0361,Frontend Developer,"['UI/UX Principles', 'Leadership', 'Responsive Design', 'JavaScript', 'Angular', 'Critical Thinking', 'Webpack', 'Creativity', 'Vue.js', 'Tailwind CSS']",10,0-2,Synthetic
SYN_0362,Data Scientist,"['A/B Testing', 'Data Visualization', 'Scikit-learn', 'Leadership', 'PyTorch', 'Communication', 'SQL', 'Spark', 'Deep Learning', 'Big Data', 'Tableau', 'Critical Thinking', 'TensorFlow']",13,5-8,Synthetic
SYN_0363,Cloud Engineer,"['Networking', 'Serverless', 'Problem Solving', 'Google Cloud', 'Azure', 'Monitoring', 'Teamwork', 'Adaptability', 'Kubernetes', 'Infrastructure as Code']",10,5-8,Synthetic
SYN_0364,Data Scientist,"['Data Visualization', 'Pandas', 'Communication', 'Deep Learning', 'Big Data', 'Machine Learning', 'Statistics', 'Critical Thinking', 'Creativity', 'TensorFlow']",10,3-5,Synthetic
SYN_0365,Backend Developer,"['Linux', 'Python', 'API Security', 'Time Management', 'Authentication', 'Creativity', 'MongoDB', 'Node.js']",8,3-5,Synthetic
SYN_0366,Cloud Engineer,"['AWS', 'Serverless', 'Networking', 'Leadership', 'CI/CD', 'Communication', 'Monitoring', 'Terraform', 'Adaptability', 'Kubernetes', 'Infrastructure as Code']",11,8+,Synthetic
SYN_0367,Frontend Developer,"['Leadership', 'JavaScript', 'Time Management', 'Webpack', 'TypeScript', 'Vue.js', 'Git', 'Tailwind CSS']",8,8+,Synthetic
SYN_0368,Software Developer,"['Linux', 'Java', 'Communication', 'Leadership', 'Algorithms', 'JavaScript', 'Object-Oriented Programming', 'Testing', 'Data Structures', 'Teamwork']",10,3-5,Synthetic
SYN_0369,Product Manager,"['Customer Discovery', 'Leadership', 'Product Metrics', 'Time Management', 'Data Analysis', 'Market Research', 'Agile', 'Creativity', 'MVP']",9,0-2,Synthetic
SYN_0370,Product Manager,"['JIRA', 'Stakeholder Management', 'Communication', 'Leadership', 'Data Analysis', 'User Research', 'Agile', 'MVP', 'Product Strategy', 'Teamwork']",10,0-2,Synthetic
SYN_0371,Cloud Engineer,"['AWS', 'Serverless', 'Linux', 'Leadership', 'Python', 'Azure', 'Critical Thinking', 'Terraform', 'Creativity', 'Kubernetes', 'Security', 'Docker']",12,5-8,Synthetic
SYN_0372,UI/UX Designer,"['Figma', 'Leadership', 'Illustrator', 'Sketch', 'User Research', 'Usability Testing', 'User Flows', 'Interaction Design', 'Information Architecture', 'Teamwork']",10,3-5,Synthetic
SYN_0373,Data Scientist,"['A/B Testing', 'Pandas', 'Data Visualization', 'NumPy', 'Scikit-learn', 'Communication', 'PyTorch', 'Python', 'Spark', 'SQL', 'Teamwork']",11,3-5,Synthetic
SYN_0374,Software Developer,"['Java', 'JavaScript', 'Critical Thinking', 'Version Control', 'REST APIs', 'Object-Oriented Programming', 'Git', 'Data Structures', 'Teamwork']",9,5-8,Synthetic
SYN_0375,Software Developer,"['Linux', 'Java', 'Problem Solving', 'Communication', 'Python', 'Algorithms', 'Version Control', 'Documentation', 'Git', 'Object-Oriented Programming', 'Teamwork']",11,8+,Synthetic
SYN_0376,QA Tester,"['API Testing', 'SQL', 'Teamwork', 'Selenium', 'Time Management', 'Postman', 'Test Planning', 'Creativity', 'Bug Tracking', 'Performance Testing', 'Cypress']",11,5-8,Synthetic
SYN_0377,Network Engineer,"['Network Monitoring', 'Problem Solving', 'DNS', 'OSPF', 'Critical Thinking', 'Load Balancing', 'BGP', 'VPN', 'Wireshark']",9,5-8,Synthetic
SYN_0378,Backend Developer,"['Django', 'Linux', 'Java', 'Problem Solving', 'API Security', 'SQL', 'REST APIs', 'Authentication', 'Adaptability', 'Teamwork']",10,0-2,Synthetic
SYN_0379,Frontend Developer,"['UI/UX Principles', 'CSS', 'Responsive Design', 'Critical Thinking', 'Time Management', 'HTML', 'Webpack', 'React']",8,3-5,Synthetic
SYN_0380,DevOps Engineer,"['AWS', 'Scripting', 'Linux', 'Problem Solving', 'Terraform', 'Creativity', 'Kubernetes', 'Teamwork', 'Docker']",9,5-8,Synthetic
SYN_0381,Cybersecurity Analyst,"['SIEM', 'Linux', 'Compliance', 'ISO 27001', 'Python', 'Problem Solving', 'Network Security', 'Critical Thinking', 'NIST', 'Incident Response', 'Cryptography', 'Creativity', 'Wireshark']",13,5-8,Synthetic
SYN_0382,Full Stack Developer,"['Leadership', 'Python', 'Communication', 'JavaScript', 'Next.js', 'HTML/CSS', 'REST APIs', 'TypeScript', 'MongoDB', 'React', 'Docker']",11,0-2,Synthetic
SYN_0383,Backend Developer,"['Django', 'Database Design', 'Communication', 'Python', 'SQL', 'Time Management', 'Authentication', 'REST APIs', 'Spring Boot', 'Node.js', 'Teamwork']",11,0-2,Synthetic
SYN_0384,Cybersecurity Analyst,"['SIEM', 'Compliance', 'ISO 27001', 'Python', 'Network Security', 'NIST', 'Creativity', 'Cryptography', 'Adaptability', 'Wireshark']",10,5-8,Synthetic
SYN_0385,Cloud Engineer,"['Problem Solving', 'Leadership', 'CI/CD', 'Python', 'Monitoring', 'Teamwork', 'Docker', 'Security', 'Infrastructure as Code', 'CloudFormation']",10,5-8,Synthetic
SYN_0386,Database Administrator,"['Replication', 'Linux', 'Scripting', 'Database Design', 'Communication', 'Monitoring', 'MySQL', 'Backup Recovery', 'Database Security', 'Query Optimization', 'Creativity', 'PostgreSQL']",12,5-8,Synthetic
SYN_0387,Frontend Developer,"['Communication', 'Responsive Design', 'Angular', 'Critical Thinking', 'Next.js', 'HTML', 'Testing', 'Git', 'Tailwind CSS']",9,5-8,Synthetic
SYN_0388,Cybersecurity Analyst,"['Vulnerability Scanning', 'Linux', 'Compliance', 'ISO 27001', 'Network Security', 'Critical Thinking', 'Time Management', 'Adaptability', 'Penetration Testing']",9,3-5,Synthetic
SYN_0389,Database Administrator,"['Replication', 'Linux', 'Scripting', 'Communication', 'High Availability', 'Performance Tuning', 'Monitoring', 'SQL', 'Critical Thinking', 'MySQL', 'MongoDB', 'PostgreSQL']",12,5-8,Synthetic
SYN_0390,DevOps Engineer,"['Bash', 'Scripting', 'Linux', 'Problem Solving', 'Prometheus', 'Python', 'CI/CD', 'Monitoring', 'Creativity', 'Kubernetes', 'Git', 'Ansible']",12,0-2,Synthetic
SYN_0391,Backend Developer,"['Microservices', 'Django', 'Database Design', 'Problem Solving', 'Python', 'SQL', 'Critical Thinking', 'Authentication', 'MongoDB', 'Spring Boot', 'Docker']",11,5-8,Synthetic
SYN_0392,Data Scientist,"['Data Visualization', 'Scikit-learn', 'Leadership', 'Problem Solving', 'Spark', 'SQL', 'Deep Learning', 'TensorFlow']",8,0-2,Synthetic
SYN_0393,Database Administrator,"['Sharding', 'Replication', 'Linux', 'Database Design', 'Problem Solving', 'SQL', 'Critical Thinking', 'MySQL', 'Query Optimization', 'PostgreSQL']",10,3-5,Synthetic
SYN_0394,Network Engineer,"['Network Monitoring', 'Leadership', 'Routing', 'TCP/IP', 'OSPF', 'VLAN', 'Load Balancing', 'DHCP', 'Adaptability', 'BGP', 'VPN', 'Wireshark']",12,5-8,Synthetic
SYN_0395,Frontend Developer,"['UI/UX Principles', 'CSS', 'Problem Solving', 'TypeScript', 'Creativity', 'Vue.js', 'Adaptability', 'Testing', 'Git', 'React', 'Tailwind CSS']",11,0-2,Synthetic
SYN_0396,Frontend Developer,"['CSS', 'Leadership', 'JavaScript', 'Angular', 'Critical Thinking', 'Webpack', 'Vue.js', 'Adaptability', 'React', 'Tailwind CSS']",10,3-5,Synthetic
SYN_0397,Data Analyst,"['Data Visualization', 'Problem Solving', 'Excel', 'SQL', 'Reporting', 'ETL', 'Creativity', 'Business Intelligence', 'Power BI', 'Adaptability', 'Looker', 'Data Cleaning']",12,0-2,Synthetic
SYN_0398,Mobile Developer,"['Mobile UI', 'iOS', 'API Integration', 'Kotlin', 'Leadership', 'Problem Solving', 'Time Management', 'App Store Deployment', 'Swift', 'React Native', 'Testing', 'Git', 'UX Design']",13,0-2,Synthetic
SYN_0399,DevOps Engineer,"['Scripting', 'Linux', 'Problem Solving', 'CI/CD', 'Python', 'Prometheus', 'Docker', 'Creativity', 'Grafana', 'Git', 'Teamwork', 'Ansible']",12,8+,Synthetic
SYN_0400,DevOps Engineer,"['AWS', 'Bash', 'Scripting', 'CI/CD', 'Terraform', 'Docker', 'Adaptability', 'Creativity', 'Kubernetes', 'Grafana', 'Git', 'Ansible']",12,3-5,Synthetic
SYN_0401,Software Developer,"['Debugging', 'Linux', 'Java', 'Communication', 'Time Management', 'Documentation', 'Creativity', 'Testing', 'Git', 'Data Structures']",10,0-2,Synthetic
SYN_0402,Database Administrator,"['Database Design', 'Problem Solving', 'Communication', 'Performance Tuning', 'Monitoring', 'SQL', 'MySQL', 'Creativity', 'MongoDB', 'PostgreSQL']",10,0-2,Synthetic
SYN_0403,Product Manager,"['JIRA', 'Problem Solving', 'Leadership', 'Communication', 'Product Metrics', 'User Research', 'Market Research', 'Agile', 'Adaptability', 'MVP', 'Product Strategy']",11,5-8,Synthetic
SYN_0404,Frontend Developer,"['UI/UX Principles', 'Problem Solving', 'Angular', 'Next.js', 'Webpack', 'React', 'Creativity', 'Vue.js', 'Adaptability', 'Testing', 'Tailwind CSS']",11,0-2,Synthetic
SYN_0405,Software Developer,"['Java', 'Python', 'Algorithms', 'JavaScript', 'SQL', 'Critical Thinking', 'Object-Oriented Programming', 'Creativity', 'Adaptability', 'Git', 'Data Structures']",11,3-5,Synthetic
SYN_0406,UI/UX Designer,"['Wireframing', 'Photoshop', 'Leadership', 'Illustrator', 'Sketch', 'User Research', 'Creativity', 'Usability Testing', 'Visual Design', 'Interaction Design', 'Information Architecture']",11,3-5,Synthetic
SYN_0407,Frontend Developer,"['UI/UX Principles', 'CSS', 'JavaScript', 'Angular', 'Next.js', 'Time Management', 'TypeScript', 'Creativity', 'Testing', 'Git', 'Tailwind CSS']",11,3-5,Synthetic
SYN_0408,Product Manager,"['JIRA', 'Communication', 'Prioritization', 'Product Metrics', 'Critical Thinking', 'Data Analysis', 'User Research', 'Stakeholder Management', 'Teamwork']",9,0-2,Synthetic
SYN_0409,QA Tester,"['API Testing', 'JIRA', 'Regression Testing', 'Jenkins', 'Manual Testing', 'Leadership', 'SQL', 'Critical Thinking', 'Selenium', 'Time Management', 'Test Planning', 'Performance Testing', 'Cypress']",13,0-2,Synthetic
SYN_0410,Network Engineer,"['Network Monitoring', 'Switching', 'OSPF', 'TCP/IP', 'VLAN', 'Network Security', 'Critical Thinking', 'Time Management', 'Load Balancing', 'Firewalls', 'BGP', 'VPN']",12,0-2,Synthetic
SYN_0411,Frontend Developer,"['UI/UX Principles', 'Leadership', 'JavaScript', 'Webpack', 'TypeScript', 'HTML', 'React', 'Creativity', 'Testing', 'Git', 'Tailwind CSS']",11,3-5,Synthetic
SYN_0412,Frontend Developer,"['CSS', 'Leadership', 'Responsive Design', 'Angular', 'Next.js', 'REST APIs', 'Webpack', 'Creativity', 'Vue.js', 'Adaptability', 'Testing']",11,0-2,Synthetic
SYN_0413,Data Scientist,"['A/B Testing', 'Pandas', 'NumPy', 'Python', 'Spark', 'Tableau', 'Time Management', 'Machine Learning', 'TensorFlow', 'Teamwork']",10,0-2,Synthetic
SYN_0414,Mobile Developer,"['Java', 'Kotlin', 'API Integration', 'Flutter', 'Communication', 'Git', 'Problem Solving', 'REST APIs', 'App Store Deployment', 'Creativity', 'React Native']",11,5-8,Synthetic
SYN_0415,Network Engineer,"['Switching', 'Network Monitoring', 'Leadership', 'OSPF', 'VLAN', 'TCP/IP', 'Cisco', 'Time Management', 'Load Balancing', 'Firewalls', 'DHCP', 'Teamwork', 'Wireshark']",13,8+,Synthetic
SYN_0416,Software Developer,"['Java', 'Python', 'JavaScript', 'SQL', 'Critical Thinking', 'Version Control', 'REST APIs', 'Creativity', 'Git']",9,3-5,Synthetic
SYN_0417,Network Engineer,"['Communication', 'Routing', 'TCP/IP', 'Time Management', 'Load Balancing', 'DHCP', 'VPN', 'Wireshark']",8,3-5,Synthetic
SYN_0418,Software Developer,"['Java', 'Leadership', 'Python', 'Algorithms', 'SQL', 'JavaScript', 'Critical Thinking', 'Version Control', 'Time Management', 'Agile', 'Testing', 'Git', 'Object-Oriented Programming']",13,5-8,Synthetic
SYN_0419,Frontend Developer,"['UI/UX Principles', 'CSS', 'Leadership', 'Responsive Design', 'Time Management', 'REST APIs', 'TypeScript', 'HTML', 'Creativity', 'Vue.js', 'Git']",11,3-5,Synthetic
SYN_0420,UI/UX Designer,"['Figma', 'Wireframing', 'Communication', 'Sketch', 'Time Management', 'Usability Testing', 'Adaptability', 'Design Systems', 'User Flows', 'Accessibility', 'Information Architecture']",11,5-8,Synthetic
SYN_0421,Backend Developer,"['Microservices', 'Problem Solving', 'API Security', 'Redis', 'Critical Thinking', 'Authentication', 'Spring Boot', 'Node.js']",8,5-8,Synthetic
SYN_0422,Product Manager,"['Roadmapping', 'JIRA', 'Product Metrics', 'User Research', 'Market Research', 'Agile', 'Product Strategy', 'Adaptability', 'MVP', 'Stakeholder Management', 'Teamwork']",11,3-5,Synthetic
SYN_0423,UI/UX Designer,"['Prototyping', 'Sketch', 'Design Systems', 'User Flows', 'Critical Thinking', 'Time Management', 'Adobe XD', 'User Research', 'Usability Testing', 'Visual Design', 'Interaction Design', 'Information Architecture']",12,5-8,Synthetic
SYN_0424,Frontend Developer,"['CSS', 'Communication', 'Responsive Design', 'Angular', 'Teamwork', 'REST APIs', 'Webpack', 'React', 'Creativity', 'Vue.js', 'Testing', 'Git', 'Tailwind CSS']",13,0-2,Synthetic
SYN_0425,Backend Developer,"['Microservices', 'Django', 'Linux', 'Leadership', 'Python', 'API Security', 'REST APIs', 'Authentication', 'Spring Boot', 'Creativity', 'Adaptability', 'Node.js', 'Docker']",13,0-2,Synthetic
SYN_0426,Software Developer,"['Debugging', 'Communication', 'Algorithms', 'JavaScript', 'Documentation', 'Testing', 'Object-Oriented Programming', 'Teamwork']",8,3-5,Synthetic
SYN_0427,Backend Developer,"['Microservices', 'Django', 'Linux', 'Communication', 'API Security', 'SQL', 'Redis', 'REST APIs', 'Spring Boot', 'Node.js', 'Teamwork', 'Docker']",12,5-8,Synthetic
SYN_0428,Database Administrator,"['Sharding', 'Replication', 'Database Design', 'Communication', 'High Availability', 'Performance Tuning', 'SQL', 'Critical Thinking', 'Backup Recovery', 'MySQL', 'Query Optimization', 'Database Security', 'Teamwork']",13,0-2,Synthetic
SYN_0429,Data Analyst,"['Problem Solving', 'Communication', 'Python', 'Leadership', 'SQL', 'Statistics', 'ETL', 'Creativity', 'Power BI']",9,8+,Synthetic
SYN_0430,Backend Developer,"['Django', 'Database Design', 'Java', 'Problem Solving', 'Critical Thinking', 'REST APIs', 'MongoDB', 'Adaptability', 'Node.js']",9,5-8,Synthetic
SYN_0431,Software Developer,"['Debugging', 'Python', 'Algorithms', 'SQL', 'Documentation', 'REST APIs', 'Agile', 'Adaptability', 'Testing', 'Git', 'Object-Oriented Programming', 'Teamwork']",12,3-5,Synthetic
SYN_0432,Software Developer,"['Debugging', 'Communication', 'Python', 'Algorithms', 'SQL', 'JavaScript', 'Version Control', 'Documentation', 'Creativity', 'Agile', 'Data Structures', 'Teamwork']",12,5-8,Synthetic
SYN_0433,DevOps Engineer,"['AWS', 'Bash', 'Scripting', 'Prometheus', 'Python', 'Jenkins', 'Monitoring', 'Creativity', 'Grafana', 'Git', 'Teamwork', 'Ansible']",12,3-5,Synthetic
SYN_0434,UI/UX Designer,"['Figma', 'Illustrator', 'Critical Thinking', 'Adobe XD', 'User Research', 'Creativity', 'Design Systems', 'Visual Design', 'Accessibility', 'Information Architecture', 'Teamwork']",11,3-5,Synthetic
SYN_0435,UI/UX Designer,"['Figma', 'Photoshop', 'Prototyping', 'Communication', 'Adobe XD', 'Creativity', 'Usability Testing', 'Visual Design', 'Information Architecture']",9,3-5,Synthetic
SYN_0436,Frontend Developer,"['UI/UX Principles', 'Leadership', 'JavaScript', 'Next.js', 'HTML', 'REST APIs', 'Creativity', 'Adaptability', 'Testing', 'Git']",10,3-5,Synthetic
SYN_0437,Data Scientist,"['A/B Testing', 'Pandas', 'NumPy', 'Scikit-learn', 'Communication', 'Python', 'PyTorch', 'Tableau', 'Deep Learning', 'Big Data', 'Machine Learning', 'Critical Thinking', 'Creativity']",13,0-2,Synthetic
SYN_0438,Database Administrator,"['Sharding', 'Database Design', 'Leadership', 'High Availability', 'Performance Tuning', 'SQL', 'Critical Thinking', 'Query Optimization', 'Creativity', 'Database Security']",10,8+,Synthetic
SYN_0439,Backend Developer,"['Django', 'Linux', 'Java', 'Communication', 'Python', 'API Security', 'Redis', 'Creativity', 'Node.js']",9,3-5,Synthetic
SYN_0440,Frontend Developer,"['Problem Solving', 'Angular', 'Teamwork', 'Next.js', 'Webpack', 'REST APIs', 'React', 'Vue.js', 'Testing', 'Git', 'Tailwind CSS']",11,5-8,Synthetic
SYN_0441,Cybersecurity Analyst,"['SIEM', 'Communication', 'Python', 'Time Management', 'Firewalls', 'NIST', 'Security Audits', 'Penetration Testing', 'Wireshark']",9,0-2,Synthetic
SYN_0442,Product Manager,"['JIRA', 'Customer Discovery', 'Stakeholder Management', 'Communication', 'Problem Solving', 'Agile', 'Data Analysis', 'Market Research', 'Scrum', 'Adaptability', 'MVP', 'Product Strategy']",12,3-5,Synthetic
SYN_0443,DevOps Engineer,"['Bash', 'Jenkins', 'CI/CD', 'Python', 'Prometheus', 'Terraform', 'Adaptability', 'Grafana', 'Git', 'Teamwork', 'Docker']",11,3-5,Synthetic
SYN_0444,Data Analyst,"['Data Warehousing', 'Data Visualization', 'Problem Solving', 'Communication', 'Python', 'Excel', 'Leadership', 'ETL', 'Business Intelligence', 'Looker', 'Data Cleaning', 'Teamwork']",12,3-5,Synthetic
SYN_0445,Network Engineer,"['Switching', 'Routing', 'OSPF', 'Network Security', 'Cisco', 'Time Management', 'DHCP', 'Teamwork', 'Wireshark']",9,5-8,Synthetic
SYN_0446,DevOps Engineer,"['Bash', 'Problem Solving', 'Python', 'Prometheus', 'Monitoring', 'Adaptability', 'Creativity', 'Kubernetes', 'Grafana', 'Git']",10,3-5,Synthetic
SYN_0447,UI/UX Designer,"['Photoshop', 'Prototyping', 'Leadership', 'Critical Thinking', 'Time Management', 'User Research', 'Design Systems', 'Visual Design', 'Accessibility', 'Interaction Design']",10,3-5,Synthetic
SYN_0448,Data Scientist,"['A/B Testing', 'Pandas', 'Data Visualization', 'Problem Solving', 'PyTorch', 'Statistics', 'Deep Learning', 'Adaptability', 'TensorFlow']",9,0-2,Synthetic
SYN_0449,Database Administrator,"['Sharding', 'Scripting', 'Replication', 'Database Design', 'Problem Solving', 'Leadership', 'High Availability', 'Monitoring', 'SQL', 'PostgreSQL', 'Creativity', 'MongoDB', 'Database Security']",13,3-5,Synthetic
SYN_0450,Backend Developer,"['Linux', 'Java', 'Communication', 'API Security', 'SQL', 'Authentication', 'Creativity', 'Node.js', 'Docker']",9,0-2,Synthetic
SYN_0451,Backend Developer,"['Node.js', 'Communication', 'Time Management', 'REST APIs', 'Authentication', 'Creativity', 'MongoDB', 'Spring Boot', 'Docker']",9,0-2,Synthetic
SYN_0452,DevOps Engineer,"['Bash', 'Scripting', 'Linux', 'Problem Solving', 'Communication', 'CI/CD', 'Python', 'Prometheus', 'Adaptability', 'Ansible', 'Grafana', 'Git', 'Docker']",13,5-8,Synthetic
SYN_0453,Database Administrator,"['Scripting', 'Linux', 'Database Design', 'Communication', 'Critical Thinking', 'Backup Recovery', 'Database Security', 'Query Optimization', 'PostgreSQL']",9,5-8,Synthetic
SYN_0454,Product Manager,"['Roadmapping', 'Customer Discovery', 'Leadership', 'Prioritization', 'Product Metrics', 'Data Analysis', 'User Research', 'Teamwork']",8,3-5,Synthetic
SYN_0455,Software Developer,"['Linux', 'Communication', 'Python', 'Algorithms', 'SQL', 'Version Control', 'REST APIs', 'Creativity', 'Testing', 'Git', 'Data Structures']",11,3-5,Synthetic
SYN_0456,Cloud Engineer,"['Networking', 'Serverless', 'Problem Solving', 'CI/CD', 'Python', 'Azure', 'Monitoring', 'Time Management', 'Terraform', 'Docker', 'Creativity', 'Infrastructure as Code', 'CloudFormation']",13,5-8,Synthetic
SYN_0457,DevOps Engineer,"['AWS', 'Bash', 'Scripting', 'Communication', 'CI/CD', 'Python', 'Leadership', 'Monitoring', 'Critical Thinking', 'Terraform', 'Kubernetes', 'Git', 'Docker']",13,5-8,Synthetic
SYN_0458,Cloud Engineer,"['AWS', 'Serverless', 'Problem Solving', 'Python', 'Azure', 'Google Cloud', 'Time Management', 'Kubernetes', 'Infrastructure as Code']",9,8+,Synthetic
SYN_0459,Network Engineer,"['Switching', 'Network Monitoring', 'Leadership', 'OSPF', 'TCP/IP', 'Critical Thinking', 'DHCP', 'Firewalls', 'BGP', 'VPN', 'Wireshark']",11,8+,Synthetic
SYN_0460,Cloud Engineer,"['AWS', 'Linux', 'Communication', 'Python', 'Leadership', 'Azure', 'Critical Thinking', 'Terraform', 'Infrastructure as Code']",9,0-2,Synthetic
SYN_0461,Frontend Developer,"['UI/UX Principles', 'CSS', 'Responsive Design', 'Teamwork', 'Next.js', 'REST APIs', 'TypeScript', 'Vue.js', 'Adaptability', 'Testing', 'Git', 'Tailwind CSS']",12,3-5,Synthetic
SYN_0462,Data Scientist,"['A/B Testing', 'Data Visualization', 'NumPy', 'PyTorch', 'Python', 'SQL', 'Spark', 'Critical Thinking', 'Big Data', 'Machine Learning', 'Time Management', 'Creativity', 'TensorFlow']",13,3-5,Synthetic
SYN_0463,DevOps Engineer,"['Bash', 'Scripting', 'Problem Solving', 'Jenkins', 'CI/CD', 'Monitoring', 'Terraform', 'Creativity', 'Kubernetes', 'Grafana', 'Teamwork', 'Docker']",12,3-5,Synthetic
SYN_0464,Backend Developer,"['Microservices', 'Django', 'Linux', 'Java', 'Database Design', 'Problem Solving', 'Python', 'Leadership', 'API Security', 'REST APIs', 'Authentication', 'MongoDB']",12,0-2,Synthetic
SYN_0465,Data Analyst,"['Data Visualization', 'Problem Solving', 'Excel', 'SQL', 'ETL', 'Power BI', 'Data Cleaning', 'Teamwork']",8,0-2,Synthetic
SYN_0466,Cloud Engineer,"['AWS', 'Serverless', 'Linux', 'Communication', 'CI/CD', 'Leadership', 'Azure', 'Terraform', 'CloudFormation']",9,5-8,Synthetic
SYN_0467,Software Developer,"['Debugging', 'Java', 'Python', 'SQL', 'JavaScript', 'Critical Thinking', 'Documentation', 'REST APIs', 'Creativity', 'Agile', 'Git', 'Data Structures']",12,0-2,Synthetic
SYN_0468,Backend Developer,"['Django', 'Linux', 'Database Design', 'SQL', 'Redis', 'API Security', 'Creativity', 'MongoDB', 'Adaptability', 'Node.js', 'Teamwork', 'Docker']",12,3-5,Synthetic
SYN_0469,DevOps Engineer,"['AWS', 'Bash', 'Linux', 'Problem Solving', 'CI/CD', 'Python', 'Monitoring', 'Creativity', 'Kubernetes', 'Grafana']",10,5-8,Synthetic
SYN_0470,DevOps Engineer,"['Bash', 'Scripting', 'Linux', 'Problem Solving', 'Leadership', 'Jenkins', 'Python', 'Monitoring', 'Critical Thinking', 'Grafana', 'Git', 'Ansible']",12,5-8,Synthetic
SYN_0471,Data Scientist,"['Data Visualization', 'Scikit-learn', 'Leadership', 'PyTorch', 'Problem Solving', 'Spark', 'Tableau', 'Deep Learning', 'Statistics', 'Big Data', 'SQL', 'Machine Learning', 'Critical Thinking']",13,5-8,Synthetic
SYN_0472,Network Engineer,"['Switching', 'Network Monitoring', 'OSPF', 'TCP/IP', 'Critical Thinking', 'Time Management', 'Load Balancing', 'DNS', 'VPN']",9,0-2,Synthetic
SYN_0473,UI/UX Designer,"['Photoshop', 'Adaptability', 'User Research', 'Creativity', 'Usability Testing', 'Interaction Design', 'Accessibility', 'Information Architecture']",8,8+,Synthetic
SYN_0474,Frontend Developer,"['Problem Solving', 'Communication', 'Next.js', 'Time Management', 'HTML', 'REST APIs', 'Vue.js', 'Testing', 'Git']",9,8+,Synthetic
SYN_0475,Frontend Developer,"['CSS', 'Communication', 'JavaScript', 'Angular', 'Next.js', 'REST APIs', 'TypeScript', 'HTML', 'React', 'Creativity', 'Vue.js', 'Tailwind CSS']",12,0-2,Synthetic
SYN_0476,DevOps Engineer,"['AWS', 'Bash', 'Leadership', 'CI/CD', 'Prometheus', 'Jenkins', 'Monitoring', 'Time Management', 'Terraform', 'Creativity', 'Ansible', 'Git', 'Docker']",13,5-8,Synthetic
SYN_0477,Mobile Developer,"['Android', 'Kotlin', 'Flutter', 'Critical Thinking', 'Time Management', 'App Store Deployment', 'Swift', 'Testing']",8,3-5,Synthetic
SYN_0478,Cybersecurity Analyst,"['SIEM', 'Problem Solving', 'ISO 27001', 'Risk Assessment', 'Security Audits', 'Firewalls', 'Creativity', 'Cryptography', 'Adaptability', 'Penetration Testing']",10,3-5,Synthetic
SYN_0479,Cloud Engineer,"['Networking', 'AWS', 'Serverless', 'Linux', 'CI/CD', 'Azure', 'Teamwork', 'Adaptability', 'Security', 'CloudFormation', 'Infrastructure as Code', 'Docker']",12,3-5,Synthetic
SYN_0480,Software Developer,"['Linux', 'Java', 'Problem Solving', 'Python', 'JavaScript', 'SQL', 'Time Management', 'Documentation', 'REST APIs', 'Agile', 'Git', 'Data Structures']",12,3-5,Synthetic
SYN_0481,Software Developer,"['Debugging', 'Communication', 'Algorithms', 'SQL', 'Version Control', 'Time Management', 'Documentation', 'REST APIs', 'Agile', 'Adaptability', 'Testing', 'Git', 'Object-Oriented Programming']",13,3-5,Synthetic
SYN_0482,Data Analyst,"['Data Cleaning', 'Data Visualization', 'Problem Solving', 'Communication', 'Python', 'Excel', 'Tableau', 'Statistics', 'Time Management', 'ETL', 'Looker', 'Teamwork']",12,3-5,Synthetic
SYN_0483,Software Developer,"['Linux', 'SQL', 'JavaScript', 'Version Control', 'Time Management', 'REST APIs', 'Creativity', 'Agile', 'Data Structures', 'Testing', 'Git', 'Object-Oriented Programming', 'Teamwork']",13,0-2,Synthetic
SYN_0484,Frontend Developer,"['UI/UX Principles', 'CSS', 'Leadership', 'Problem Solving', 'Angular', 'TypeScript', 'Creativity', 'Git', 'Tailwind CSS']",9,3-5,Synthetic
SYN_0485,Software Developer,"['Debugging', 'Communication', 'Algorithms', 'JavaScript', 'SQL', 'Documentation', 'REST APIs', 'Object-Oriented Programming', 'Creativity', 'Testing', 'Git', 'Data Structures', 'Teamwork']",13,5-8,Synthetic
SYN_0486,DevOps Engineer,"['AWS', 'Bash', 'Problem Solving', 'Jenkins', 'Prometheus', 'Monitoring', 'Time Management', 'Git', 'Teamwork']",9,0-2,Synthetic
SYN_0487,Full Stack Developer,"['Leadership', 'Python', 'Communication', 'JavaScript', 'REST APIs', 'Creativity', 'Node.js', 'PostgreSQL', 'Git', 'Tailwind CSS', 'Docker']",11,3-5,Synthetic
SYN_0488,Data Scientist,"['A/B Testing', 'NumPy', 'Scikit-learn', 'Python', 'Deep Learning', 'Statistics', 'Machine Learning', 'Critical Thinking', 'TensorFlow', 'Teamwork']",10,0-2,Synthetic
SYN_0489,Data Scientist,"['A/B Testing', 'Data Visualization', 'Pandas', 'Scikit-learn', 'Python', 'Spark', 'Tableau', 'Statistics', 'SQL', 'Machine Learning', 'Time Management', 'Critical Thinking']",12,3-5,Synthetic
SYN_0490,IT Support Specialist,"['Networking Basics', 'Hardware', 'Windows', 'Leadership', 'Remote Support', 'Customer Service', 'Ticketing Systems', 'Critical Thinking', 'Software Installation', 'Documentation', 'Troubleshooting', 'Mobile Devices', 'Adaptability']",13,3-5,Synthetic
SYN_0491,Data Analyst,"['Data Cleaning', 'Data Visualization', 'Communication', 'Excel', 'Statistics', 'Reporting', 'ETL', 'Creativity', 'Power BI', 'Looker']",10,3-5,Synthetic
SYN_0492,Full Stack Developer,"['Leadership', 'JavaScript', 'Critical Thinking', 'Next.js', 'Time Management', 'Express.js', 'REST APIs', 'TypeScript', 'MongoDB', 'Git', 'React', 'Docker']",12,0-2,Synthetic
SYN_0493,UI/UX Designer,"['Wireframing', 'Problem Solving', 'Communication', 'Illustrator', 'Sketch', 'Visual Design', 'Adobe XD', 'User Research', 'Creativity', 'User Flows', 'Accessibility', 'Interaction Design', 'Information Architecture']",13,3-5,Synthetic
SYN_0494,Product Manager,"['Roadmapping', 'JIRA', 'Customer Discovery', 'Communication', 'Leadership', 'Product Metrics', 'Critical Thinking', 'Data Analysis', 'Agile', 'MVP', 'Stakeholder Management', 'Teamwork']",12,5-8,Synthetic
SYN_0495,Backend Developer,"['Java', 'Problem Solving', 'Python', 'SQL', 'Redis', 'Time Management', 'Spring Boot', 'Node.js', 'Teamwork']",9,0-2,Synthetic
SYN_0496,Cloud Engineer,"['AWS', 'Linux', 'Communication', 'CI/CD', 'Monitoring', 'Google Cloud', 'Teamwork', 'Terraform', 'Infrastructure as Code', 'CloudFormation']",10,3-5,Synthetic
SYN_0497,Software Developer,"['Debugging', 'Problem Solving', 'Algorithms', 'JavaScript', 'Version Control', 'Agile', 'Adaptability', 'Object-Oriented Programming']",8,0-2,Synthetic
SYN_0498,Software Developer,"['Linux', 'Leadership', 'SQL', 'Time Management', 'Documentation', 'Agile', 'Testing', 'Git', 'Teamwork']",9,5-8,Synthetic
SYN_0499,UI/UX Designer,"['Figma', 'Wireframing', 'Prototyping', 'Photoshop', 'Communication', 'Problem Solving', 'Illustrator', 'Sketch', 'Usability Testing', 'User Research', 'Design Systems', 'Accessibility', 'Teamwork']",13,0-2,Synthetic
SYN_0500,Full Stack Developer,"['Problem Solving', 'Python', 'JavaScript', 'HTML/CSS', 'Express.js', 'REST APIs', 'TypeScript', 'Node.js', 'Teamwork', 'Docker']",10,3-5,Synthetic
SYN_0501,Database Administrator,"['Linux', 'Database Design', 'Leadership', 'High Availability', 'Monitoring', 'Critical Thinking', 'Query Optimization', 'MongoDB']",8,3-5,Synthetic
SYN_0502,Backend Developer,"['Database Design', 'Python', 'SQL', 'Redis', 'Authentication', 'REST APIs', 'MongoDB', 'Adaptability', 'Node.js', 'Teamwork', 'Docker']",11,0-2,Synthetic
SYN_0503,Backend Developer,"['Microservices', 'Django', 'Java', 'Database Design', 'Communication', 'Python', 'SQL', 'Redis', 'Time Management', 'REST APIs', 'Node.js', 'Teamwork', 'Docker']",13,0-2,Synthetic
SYN_0504,UI/UX Designer,"['Prototyping', 'Visual Design', 'Critical Thinking', 'Adobe XD', 'Usability Testing', 'Design Systems', 'Interaction Design', 'Adaptability']",8,3-5,Synthetic
SYN_0505,Mobile Developer,"['iOS', 'Testing', 'API Integration', 'Kotlin', 'Leadership', 'Communication', 'App Store Deployment', 'Mobile UI', 'React Native', 'Teamwork']",10,3-5,Synthetic
SYN_0506,Backend Developer,"['Django', 'Linux', 'Java', 'Communication', 'API Security', 'SQL', 'Time Management', 'REST APIs', 'Spring Boot']",9,0-2,Synthetic
SYN_0507,Data Analyst,"['Communication', 'SQL', 'Tableau', 'Time Management', 'ETL', 'Power BI', 'Looker', 'Data Cleaning', 'Teamwork']",9,3-5,Synthetic
SYN_0508,Database Administrator,"['Sharding', 'Scripting', 'Linux', 'Replication', 'Communication', 'Performance Tuning', 'PostgreSQL', 'Backup Recovery', 'MySQL', 'Query Optimization', 'Creativity', 'Database Security']",12,3-5,Synthetic
SYN_0509,DevOps Engineer,"['Scripting', 'Linux', 'Problem Solving', 'Prometheus', 'Python', 'Monitoring', 'Critical Thinking', 'Kubernetes', 'Docker']",9,0-2,Synthetic
SYN_0510,Cloud Engineer,"['Networking', 'Serverless', 'Python', 'Monitoring', 'Azure', 'Critical Thinking', 'Creativity', 'Security', 'Infrastructure as Code', 'Docker']",10,3-5,Synthetic
SYN_0511,Product Manager,"['Roadmapping', 'Customer Discovery', 'Problem Solving', 'Time Management', 'Scrum', 'Creativity', 'Agile', 'MVP', 'Stakeholder Management']",9,0-2,Synthetic
SYN_0512,Frontend Developer,"['CSS', 'JavaScript', 'Angular', 'Critical Thinking', 'Teamwork', 'TypeScript', 'React', 'Vue.js', 'Tailwind CSS']",9,0-2,Synthetic
SYN_0513,Data Analyst,"['Data Warehousing', 'Data Visualization', 'Problem Solving', 'Communication', 'Tableau', 'Statistics', 'Time Management', 'ETL', 'Business Intelligence', 'Looker', 'Data Cleaning', 'Teamwork']",12,3-5,Synthetic
SYN_0514,Software Developer,"['Debugging', 'Linux', 'Leadership', 'Algorithms', 'SQL', 'JavaScript', 'Version Control', 'REST APIs', 'Creativity', 'Agile', 'Git']",11,3-5,Synthetic
SYN_0515,Database Administrator,"['Sharding', 'Replication', 'Linux', 'Database Design', 'Performance Tuning', 'Monitoring', 'SQL', 'Backup Recovery', 'Query Optimization', 'Adaptability', 'Teamwork']",11,5-8,Synthetic
SYN_0516,Cybersecurity Analyst,"['Vulnerability Scanning', 'Compliance', 'Risk Assessment', 'Problem Solving', 'Communication', 'Network Security', 'NIST', 'Incident Response', 'Creativity', 'Penetration Testing']",10,0-2,Synthetic
SYN_0517,Cloud Engineer,"['AWS', 'Serverless', 'Linux', 'Problem Solving', 'Leadership', 'CI/CD', 'Communication', 'Google Cloud', 'Azure', 'Terraform', 'Kubernetes', 'Security', 'Infrastructure as Code']",13,0-2,Synthetic
SYN_0518,IT Support Specialist,"['Problem Solving', 'Windows', 'Leadership', 'Office 365', 'Remote Support', 'Customer Service', 'Documentation', 'Troubleshooting', 'Teamwork']",9,0-2,Synthetic
SYN_0519,Software Developer,"['Linux', 'Java', 'Communication', 'Python', 'Critical Thinking', 'Version Control', 'Documentation', 'Creativity', 'Agile', 'Git', 'Object-Oriented Programming']",11,0-2,Synthetic
SYN_0520,Data Analyst,"['Data Warehousing', 'Communication', 'Python', 'Excel', 'Critical Thinking', 'Business Intelligence', 'Power BI', 'Adaptability', 'Looker', 'Data Cleaning']",10,0-2,Synthetic
SYN_0521,Database Administrator,"['Sharding', 'Replication', 'Linux', 'Leadership', 'Performance Tuning', 'Monitoring', 'SQL', 'Critical Thinking', 'MySQL', 'Backup Recovery', 'Adaptability']",11,3-5,Synthetic
SYN_0522,DevOps Engineer,"['Bash', 'Jenkins', 'Python', 'Prometheus', 'Critical Thinking', 'Terraform', 'Git', 'Teamwork', 'Docker']",9,8+,Synthetic
SYN_0523,Software Developer,"['Java', 'Problem Solving', 'Python', 'Algorithms', 'JavaScript', 'SQL', 'Critical Thinking', 'Time Management', 'Documentation', 'REST APIs', 'Agile']",11,5-8,Synthetic
SYN_0524,Network Engineer,"['Switching', 'Network Monitoring', 'Routing', 'OSPF', 'Cisco', 'Critical Thinking', 'Firewalls', 'BGP', 'Adaptability', 'DNS', 'VPN', 'Wireshark']",12,0-2,Synthetic
SYN_0525,Cloud Engineer,"['AWS', 'Leadership', 'Python', 'CI/CD', 'Azure', 'Google Cloud', 'Critical Thinking', 'Terraform', 'Docker', 'Adaptability', 'Kubernetes', 'CloudFormation']",12,5-8,Synthetic
SYN_0526,DevOps Engineer,"['Problem Solving', 'Communication', 'Monitoring', 'Terraform', 'Kubernetes', 'Grafana', 'Git', 'Docker']",8,0-2,Synthetic
SYN_0527,Data Analyst,"['Data Cleaning', 'Problem Solving', 'Communication', 'Python', 'Excel', 'ETL', 'Creativity', 'Business Intelligence', 'Looker', 'Teamwork']",10,0-2,Synthetic
SYN_0528,Cloud Engineer,"['AWS', 'Linux', 'Python', 'CI/CD', 'Google Cloud', 'Azure', 'Monitoring', 'Time Management', 'Docker', 'Adaptability', 'Security', 'Teamwork', 'CloudFormation']",13,0-2,Synthetic
SYN_0529,UI/UX Designer,"['Figma', 'Prototyping', 'Photoshop', 'Communication', 'Visual Design', 'User Flows', 'User Research', 'Creativity', 'Usability Testing', 'Interaction Design', 'Information Architecture']",11,5-8,Synthetic
SYN_0530,Cloud Engineer,"['Networking', 'Linux', 'Problem Solving', 'Leadership', 'CI/CD', 'Monitoring', 'Critical Thinking', 'Terraform', 'Infrastructure as Code']",9,0-2,Synthetic
SYN_0531,Database Administrator,"['Sharding', 'Scripting', 'Replication', 'Linux', 'Performance Tuning', 'SQL', 'Backup Recovery', 'MySQL', 'Time Management', 'MongoDB', 'Adaptability', 'Database Security']",12,5-8,Synthetic
SYN_0532,Frontend Developer,"['UI/UX Principles', 'Responsive Design', 'Angular', 'Next.js', 'Time Management', 'Creativity', 'Vue.js', 'Git', 'React', 'Tailwind CSS']",10,5-8,Synthetic
SYN_0533,DevOps Engineer,"['Bash', 'Linux', 'Jenkins', 'Monitoring', 'Critical Thinking', 'Creativity', 'Grafana', 'Ansible']",8,8+,Synthetic
SYN_0534,Data Analyst,"['Data Visualization', 'Problem Solving', 'Communication', 'Python', 'Excel', 'Tableau', 'Creativity', 'Business Intelligence', 'Looker', 'Data Cleaning']",10,8+,Synthetic
SYN_0535,Frontend Developer,"['Leadership', 'Communication', 'Next.js', 'Webpack', 'TypeScript', 'React', 'Vue.js', 'Adaptability', 'Tailwind CSS']",9,0-2,Synthetic
SYN_0536,Cybersecurity Analyst,"['Compliance', 'ISO 27001', 'Risk Assessment', 'Python', 'Network Security', 'Critical Thinking', 'Time Management', 'NIST', 'Incident Response', 'Wireshark']",10,5-8,Synthetic
SYN_0537,Software Developer,"['Debugging', 'Linux', 'Problem Solving', 'Communication', 'Python', 'Algorithms', 'JavaScript', 'Version Control', 'REST APIs', 'Testing', 'Git', 'Data Structures']",12,3-5,Synthetic
SYN_0538,UI/UX Designer,"['Figma', 'Photoshop', 'Communication', 'Sketch', 'User Research', 'Creativity', 'Accessibility', 'Information Architecture', 'Teamwork']",9,0-2,Synthetic
SYN_0539,Product Manager,"['JIRA', 'Customer Discovery', 'Problem Solving', 'Prioritization', 'Data Analysis', 'Scrum', 'User Research', 'Market Research', 'Agile', 'Adaptability', 'MVP']",11,5-8,Synthetic
SYN_0540,Software Developer,"['Java', 'Communication', 'Algorithms', 'JavaScript', 'SQL', 'Version Control', 'Time Management', 'Documentation', 'Agile', 'Git', 'Object-Oriented Programming']",11,0-2,Synthetic
SYN_0541,IT Support Specialist,"['Networking Basics', 'Linux', 'Remote Support', 'Customer Service', 'Time Management', 'Documentation', 'Troubleshooting', 'Mobile Devices', 'Creativity', 'Teamwork']",10,0-2,Synthetic
SYN_0542,Product Manager,"['Roadmapping', 'Leadership', 'Communication', 'User Research', 'Agile', 'MVP', 'Product Strategy', 'Teamwork']",8,8+,Synthetic
SYN_0543,Database Administrator,"['Sharding', 'Replication', 'Database Design', 'Communication', 'Monitoring', 'SQL', 'Query Optimization', 'MongoDB', 'Adaptability', 'PostgreSQL', 'Teamwork']",11,8+,Synthetic
SYN_0544,Data Scientist,"['Pandas', 'Data Visualization', 'Communication', 'Spark', 'Tableau', 'Statistics', 'Deep Learning', 'Machine Learning', 'Big Data', 'Teamwork']",10,5-8,Synthetic
SYN_0545,Product Manager,"['Roadmapping', 'JIRA', 'Leadership', 'Communication', 'Prioritization', 'Scrum', 'Creativity', 'Agile', 'MVP', 'Product Strategy']",10,0-2,Synthetic
SYN_0546,Data Scientist,"['Pandas', 'Data Visualization', 'PyTorch', 'Python', 'SQL', 'Tableau', 'Deep Learning', 'Big Data', 'Machine Learning', 'Adaptability', 'Teamwork']",11,0-2,Synthetic
SYN_0547,Cloud Engineer,"['Serverless', 'Linux', 'Leadership', 'Monitoring', 'Azure', 'Google Cloud', 'Teamwork', 'Terraform', 'Adaptability', 'Kubernetes', 'Security', 'Infrastructure as Code', 'CloudFormation']",13,3-5,Synthetic
SYN_0548,DevOps Engineer,"['Scripting', 'Linux', 'Jenkins', 'CI/CD', 'Prometheus', 'Python', 'Terraform', 'Adaptability', 'Creativity', 'Kubernetes', 'Grafana', 'Ansible']",12,3-5,Synthetic
SYN_0549,Software Developer,"['Communication', 'Python', 'Leadership', 'Version Control', 'Agile', 'Testing', 'Git', 'Data Structures']",8,3-5,Synthetic
SYN_0550,Backend Developer,"['Microservices', 'Django', 'Java', 'Leadership', 'Python', 'SQL', 'Redis', 'Critical Thinking', 'REST APIs', 'Authentication', 'Creativity', 'Docker']",12,5-8,Synthetic
SYN_0551,Network Engineer,"['Switching', 'TCP/IP', 'OSPF', 'Critical Thinking', 'Load Balancing', 'DHCP', 'Firewalls', 'BGP', 'Creativity', 'DNS']",10,3-5,Synthetic
SYN_0552,UI/UX Designer,"['Wireframing', 'Figma', 'Prototyping', 'Illustrator', 'Critical Thinking', 'Time Management', 'Creativity', 'User Flows', 'Accessibility']",9,3-5,Synthetic
SYN_0553,Product Manager,"['Roadmapping', 'JIRA', 'Leadership', 'Prioritization', 'Product Metrics', 'Agile', 'User Research', 'Market Research', 'Scrum', 'Adaptability', 'MVP', 'Stakeholder Management']",12,8+,Synthetic
SYN_0554,Backend Developer,"['Django', 'Linux', 'Database Design', 'SQL', 'Redis', 'Authentication', 'Creativity', 'Adaptability']",8,3-5,Synthetic
SYN_0555,Data Scientist,"['Pandas', 'NumPy', 'Scikit-learn', 'Leadership', 'Python', 'SQL', 'Deep Learning', 'Big Data', 'Statistics', 'Critical Thinking', 'TensorFlow']",11,5-8,Synthetic
SYN_0556,Cybersecurity Analyst,"['Vulnerability Scanning', 'Linux', 'Problem Solving', 'Risk Assessment', 'ISO 27001', 'Python', 'Critical Thinking', 'Security Audits', 'Incident Response', 'Cryptography', 'Wireshark']",11,3-5,Synthetic
SYN_0557,Frontend Developer,"['UI/UX Principles', 'CSS', 'Problem Solving', 'Communication', 'Angular', 'Webpack', 'TypeScript', 'HTML', 'Creativity', 'Vue.js', 'Testing', 'Git', 'React']",13,0-2,Synthetic
SYN_0558,Software Developer,"['Linux', 'Debugging', 'Java', 'Problem Solving', 'Algorithms', 'JavaScript', 'REST APIs', 'Agile', 'Adaptability', 'Testing', 'Git', 'Data Structures', 'Teamwork']",13,3-5,Synthetic
SYN_0559,Cloud Engineer,"['Serverless', 'Linux', 'Communication', 'Python', 'Monitoring', 'Terraform', 'Adaptability', 'Security', 'CloudFormation']",9,8+,Synthetic
SYN_0560,IT Support Specialist,"['Active Directory', 'Linux', 'Problem Solving', 'Windows', 'Communication', 'Leadership', 'Remote Support', 'MacOS', 'Documentation']",9,0-2,Synthetic
SYN_0561,Frontend Developer,"['Leadership', 'Angular', 'React', 'Vue.js', 'Adaptability', 'Testing', 'Git', 'Tailwind CSS']",8,5-8,Synthetic
SYN_0562,IT Support Specialist,"['Hardware', 'Windows', 'Printers', 'Office 365', 'Remote Support', 'Communication', 'Customer Service', 'Ticketing Systems', 'Critical Thinking', 'Software Installation', 'Documentation', 'Creativity']",12,8+,Synthetic
SYN_0563,DevOps Engineer,"['Scripting', 'Prometheus', 'Monitoring', 'Time Management', 'Terraform', 'Creativity', 'Grafana', 'Teamwork', 'Ansible']",9,0-2,Synthetic
SYN_0564,Data Scientist,"['A/B Testing', 'Data Visualization', 'NumPy', 'Leadership', 'Spark', 'Deep Learning', 'Statistics', 'Creativity', 'Adaptability']",9,3-5,Synthetic
SYN_0565,Data Analyst,"['Data Warehousing', 'Problem Solving', 'Leadership', 'Excel', 'SQL', 'Tableau', 'Statistics', 'Time Management', 'Looker', 'Data Cleaning']",10,5-8,Synthetic
SYN_0566,Data Analyst,"['Data Visualization', 'Python', 'Excel', 'SQL', 'Statistics', 'Reporting', 'Time Management', 'ETL', 'Power BI', 'Adaptability', 'Looker', 'Data Cleaning']",12,3-5,Synthetic
SYN_0567,Backend Developer,"['Linux', 'Database Design', 'Problem Solving', 'Python', 'API Security', 'SQL', 'Critical Thinking', 'Authentication', 'REST APIs', 'Adaptability', 'Node.js', 'Docker']",12,0-2,Synthetic
SYN_0568,Frontend Developer,"['Problem Solving', 'Leadership', 'Angular', 'Webpack', 'REST APIs', 'TypeScript', 'Vue.js', 'Adaptability', 'Testing', 'Git', 'React']",11,3-5,Synthetic
SYN_0569,Frontend Developer,"['UI/UX Principles', 'Problem Solving', 'JavaScript', 'Angular', 'Teamwork', 'HTML', 'Vue.js', 'React', 'Tailwind CSS']",9,3-5,Synthetic
SYN_0570,Frontend Developer,"['UI/UX Principles', 'Responsive Design', 'JavaScript', 'Angular', 'Time Management', 'REST APIs', 'HTML', 'Webpack', 'Adaptability', 'Testing', 'Tailwind CSS']",11,0-2,Synthetic
SYN_0571,Frontend Developer,"['CSS', 'Leadership', 'Problem Solving', 'JavaScript', 'Next.js', 'Webpack', 'TypeScript', 'React', 'Vue.js', 'Adaptability', 'Testing', 'Git', 'Tailwind CSS']",13,3-5,Synthetic
SYN_0572,Data Analyst,"['Communication', 'Excel', 'Statistics', 'Reporting', 'Time Management', 'Business Intelligence', 'Data Cleaning', 'Teamwork']",8,3-5,Synthetic
SYN_0573,DevOps Engineer,"['Bash', 'Linux', 'Problem Solving', 'CI/CD', 'Prometheus', 'Python', 'Monitoring', 'Time Management', 'Creativity', 'Kubernetes', 'Grafana', 'Git', 'Ansible']",13,3-5,Synthetic
SYN_0574,Backend Developer,"['Linux', 'Database Design', 'Problem Solving', 'Communication', 'Python', 'SQL', 'Redis', 'API Security', 'Spring Boot', 'MongoDB', 'Adaptability', 'Node.js']",12,0-2,Synthetic
SYN_0575,Data Scientist,"['Pandas', 'Data Visualization', 'NumPy', 'Python', 'Spark', 'SQL', 'Deep Learning', 'Big Data', 'Critical Thinking', 'Teamwork']",10,5-8,Synthetic
SYN_0576,Product Manager,"['Roadmapping', 'Communication', 'Leadership', 'Product Metrics', 'Agile', 'User Research', 'Market Research', 'Scrum', 'Adaptability', 'MVP', 'Stakeholder Management']",11,5-8,Synthetic
SYN_0577,Data Analyst,"['Data Warehousing', 'Data Visualization', 'Problem Solving', 'Communication', 'Python', 'Excel', 'Statistics', 'Reporting', 'ETL', 'Adaptability', 'Data Cleaning']",11,0-2,Synthetic
SYN_0578,Network Engineer,"['Network Monitoring', 'Problem Solving', 'Network Security', 'Cisco', 'VLAN', 'TCP/IP', 'OSPF', 'Critical Thinking', 'Load Balancing', 'DHCP', 'Adaptability', 'BGP', 'Wireshark']",13,3-5,Synthetic
SYN_0579,Data Analyst,"['Data Warehousing', 'Data Visualization', 'Problem Solving', 'Communication', 'SQL', 'Tableau', 'ETL', 'Creativity', 'Power BI', 'Looker']",10,5-8,Synthetic
SYN_0580,Product Manager,"['Roadmapping', 'JIRA', 'Customer Discovery', 'Communication', 'Prioritization', 'Product Metrics', 'Scrum', 'Creativity', 'Agile', 'MVP', 'Product Strategy', 'Teamwork']",12,0-2,Synthetic
SYN_0581,Cybersecurity Analyst,"['Vulnerability Scanning', 'Linux', 'Compliance', 'Risk Assessment', 'Python', 'Communication', 'Time Management', 'Penetration Testing', 'Wireshark']",9,3-5,Synthetic
SYN_0582,Cloud Engineer,"['Serverless', 'Linux', 'Problem Solving', 'CI/CD', 'Terraform', 'Adaptability', 'CloudFormation', 'Infrastructure as Code', 'Docker']",9,8+,Synthetic
SYN_0583,Data Analyst,"['Data Warehousing', 'Data Visualization', 'Problem Solving', 'Excel', 'Tableau', 'Statistics', 'Critical Thinking', 'ETL', 'Business Intelligence', 'Looker', 'Teamwork']",11,0-2,Synthetic
SYN_0584,Software Developer,"['Linux', 'Debugging', 'Java', 'Communication', 'Python', 'Algorithms', 'Time Management', 'Creativity', 'Agile', 'Testing', 'Object-Oriented Programming']",11,3-5,Synthetic
SYN_0585,UI/UX Designer,"['Photoshop', 'Problem Solving', 'Communication', 'Illustrator', 'User Flows', 'Usability Testing', 'Visual Design', 'Information Architecture']",8,0-2,Synthetic
SYN_0586,Software Developer,"['Debugging', 'Communication', 'Python', 'Algorithms', 'JavaScript', 'REST APIs', 'Agile', 'Testing', 'Data Structures', 'Teamwork']",10,0-2,Synthetic
SYN_0587,Backend Developer,"['Microservices', 'Django', 'Linux', 'Java', 'Problem Solving', 'Python', 'API Security', 'Critical Thinking', 'Authentication', 'MongoDB', 'Adaptability', 'Node.js', 'Docker']",13,5-8,Synthetic
SYN_0588,Backend Developer,"['Microservices', 'Django', 'Node.js', 'Linux', 'Communication', 'API Security', 'Redis', 'Critical Thinking', 'REST APIs', 'Creativity', 'MongoDB', 'Spring Boot']",12,3-5,Synthetic
SYN_0589,Mobile Developer,"['iOS', 'Kotlin', 'Critical Thinking', 'Firebase', 'App Store Deployment', 'Creativity', 'Testing', 'Git']",8,0-2,Synthetic
SYN_0590,Backend Developer,"['Django', 'Node.js', 'Database Design', 'Python', 'API Security', 'SQL', 'Critical Thinking', 'REST APIs', 'Spring Boot', 'Teamwork', 'Docker']",11,3-5,Synthetic
SYN_0591,DevOps Engineer,"['Leadership', 'CI/CD', 'Python', 'Prometheus', 'Time Management', 'Terraform', 'Docker', 'Creativity', 'Kubernetes', 'Grafana', 'Git', 'Ansible']",12,5-8,Synthetic
SYN_0592,Software Developer,"['Java', 'Problem Solving', 'Communication', 'Python', 'Version Control', 'REST APIs', 'Creativity', 'Agile', 'Git']",9,0-2,Synthetic
SYN_0593,Cybersecurity Analyst,"['Vulnerability Scanning', 'Cryptography', 'Compliance', 'Risk Assessment', 'Python', 'Communication', 'Leadership', 'Network Security', 'Time Management', 'Firewalls', 'Incident Response', 'Security Audits', 'Penetration Testing']",13,5-8,Synthetic
SYN_0594,Backend Developer,"['Microservices', 'Java', 'Problem Solving', 'Leadership', 'API Security', 'SQL', 'Redis', 'Authentication', 'Creativity', 'Docker']",10,8+,Synthetic
SYN_0595,Software Developer,"['Communication', 'Python', 'Algorithms', 'Critical Thinking', 'REST APIs', 'Creativity', 'Agile', 'Testing', 'Data Structures']",9,3-5,Synthetic
SYN_0596,Frontend Developer,"['UI/UX Principles', 'Problem Solving', 'Responsive Design', 'JavaScript', 'Angular', 'Webpack', 'REST APIs', 'Vue.js', 'Adaptability']",9,8+,Synthetic
SYN_0597,Data Scientist,"['A/B Testing', 'Data Visualization', 'Pandas', 'Scikit-learn', 'Leadership', 'SQL', 'Tableau', 'Deep Learning', 'Big Data', 'Machine Learning', 'Critical Thinking']",11,3-5,Synthetic
SYN_0598,DevOps Engineer,"['Linux', 'CI/CD', 'Python', 'Jenkins', 'Monitoring', 'Time Management', 'Terraform', 'Kubernetes', 'Git', 'Teamwork', 'Ansible']",11,0-2,Synthetic
SYN_0599,IT Support Specialist,"['Networking Basics', 'Active Directory', 'Communication', 'Office 365', 'Remote Support', 'MacOS', 'Customer Service', 'Critical Thinking', 'Troubleshooting', 'Mobile Devices', 'Teamwork']",11,5-8,Synthetic
SYN_0600,Network Engineer,"['Problem Solving', 'Communication', 'Leadership', 'Routing', 'TCP/IP', 'VLAN', 'Load Balancing', 'BGP', 'DNS', 'VPN', 'Wireshark']",11,0-2,Synthetic
SYN_0601,Backend Developer,"['Linux', 'Java', 'Problem Solving', 'SQL', 'API Security', 'Time Management', 'REST APIs', 'Authentication', 'Node.js']",9,3-5,Synthetic
SYN_0602,IT Support Specialist,"['Linux', 'Hardware', 'Windows', 'Printers', 'Remote Support', 'Customer Service', 'Ticketing Systems', 'Critical Thinking', 'Software Installation', 'Documentation', 'Mobile Devices', 'Teamwork']",12,3-5,Synthetic
SYN_0603,Cybersecurity Analyst,"['SIEM', 'Linux', 'Cryptography', 'Risk Assessment', 'Python', 'Communication', 'Firewalls', 'Creativity', 'Incident Response', 'Security Audits', 'Penetration Testing', 'Wireshark']",12,0-2,Synthetic
SYN_0604,Data Analyst,"['Communication', 'Python', 'SQL', 'Statistics', 'Reporting', 'ETL', 'Power BI', 'Adaptability', 'Data Cleaning']",9,5-8,Synthetic
SYN_0605,DevOps Engineer,"['AWS', 'Bash', 'Scripting', 'Linux', 'CI/CD', 'Jenkins', 'Prometheus', 'Monitoring', 'Time Management', 'Terraform', 'Creativity', 'Adaptability', 'Grafana']",13,0-2,Synthetic
SYN_0606,DevOps Engineer,"['AWS', 'Scripting', 'Linux', 'Leadership', 'Jenkins', 'Terraform', 'Adaptability', 'Ansible', 'Grafana', 'Teamwork', 'Docker']",11,5-8,Synthetic
SYN_0607,Software Developer,"['Debugging', 'Linux', 'Communication', 'JavaScript', 'Critical Thinking', 'Documentation', 'REST APIs', 'Object-Oriented Programming', 'Agile', 'Data Structures', 'Teamwork']",11,8+,Synthetic
SYN_0608,Backend Developer,"['Microservices', 'Node.js', 'Linux', 'Java', 'Redis', 'Time Management', 'Creativity', 'MongoDB', 'Spring Boot', 'Docker']",10,3-5,Synthetic
SYN_0609,IT Support Specialist,"['Networking Basics', 'Linux', 'Active Directory', 'Hardware', 'Office 365', 'Remote Support', 'MacOS', 'Customer Service', 'Ticketing Systems', 'Time Management', 'Mobile Devices', 'Adaptability']",12,0-2,Synthetic
SYN_0610,Backend Developer,"['Microservices', 'Linux', 'Java', 'Database Design', 'SQL', 'Time Management', 'Authentication', 'Spring Boot', 'Creativity', 'MongoDB', 'Node.js', 'Docker']",12,3-5,Synthetic
SYN_0611,Network Engineer,"['Network Monitoring', 'Network Security', 'VLAN', 'OSPF', 'Time Management', 'Load Balancing', 'DHCP', 'Creativity', 'Adaptability', 'BGP']",10,3-5,Synthetic
SYN_0612,Data Scientist,"['Problem Solving', 'Python', 'PyTorch', 'SQL', 'Tableau', 'Statistics', 'Deep Learning', 'Adaptability', 'TensorFlow']",9,5-8,Synthetic
SYN_0613,DevOps Engineer,"['Bash', 'Leadership', 'Prometheus', 'Python', 'Communication', 'Docker', 'Creativity', 'Grafana', 'Git', 'Ansible']",10,3-5,Synthetic
SYN_0614,QA Tester,"['API Testing', 'JIRA', 'Manual Testing', 'Jenkins', 'Teamwork', 'Time Management', 'Postman', 'Adaptability', 'Git', 'Performance Testing']",10,0-2,Synthetic
SYN_0615,Product Manager,"['JIRA', 'Customer Discovery', 'Problem Solving', 'Leadership', 'Prioritization', 'Time Management', 'User Research', 'Market Research', 'Agile', 'Adaptability', 'MVP', 'Stakeholder Management']",12,3-5,Synthetic
SYN_0616,Cybersecurity Analyst,"['Linux', 'Problem Solving', 'ISO 27001', 'Risk Assessment', 'Python', 'Communication', 'Network Security', 'Firewalls', 'NIST', 'Incident Response', 'Security Audits', 'Creativity', 'Penetration Testing']",13,0-2,Synthetic
SYN_0617,Backend Developer,"['Java', 'Database Design', 'Leadership', 'Problem Solving', 'SQL', 'Redis', 'REST APIs', 'Spring Boot', 'Docker']",9,0-2,Synthetic
SYN_0618,Software Developer,"['Debugging', 'Linux', 'Java', 'Algorithms', 'SQL', 'Critical Thinking', 'Time Management', 'Documentation', 'REST APIs', 'Git', 'Object-Oriented Programming', 'Teamwork']",12,0-2,Synthetic
SYN_0619,Data Analyst,"['Data Warehousing', 'Data Cleaning', 'Problem Solving', 'SQL', 'Tableau', 'ETL', 'Looker', 'Teamwork']",8,3-5,Synthetic
SYN_0620,Backend Developer,"['Microservices', 'Django', 'Linux', 'Java', 'Leadership', 'Python', 'Communication', 'SQL', 'Redis', 'Authentication', 'Spring Boot']",11,5-8,Synthetic
SYN_0621,DevOps Engineer,"['Bash', 'Python', 'Prometheus', 'Monitoring', 'Creativity', 'Adaptability', 'Grafana', 'Teamwork', 'Docker']",9,0-2,Synthetic
SYN_0622,Full Stack Developer,"['Problem Solving', 'SQL', 'JavaScript', 'HTML/CSS', 'REST APIs', 'TypeScript', 'Adaptability', 'Node.js', 'Git', 'React', 'Docker']",11,3-5,Synthetic
SYN_0623,Network Engineer,"['Network Monitoring', 'Switching', 'Communication', 'Routing', 'DNS', 'Network Security', 'Load Balancing', 'Creativity', 'BGP', 'VPN', 'Teamwork']",11,5-8,Synthetic
SYN_0624,Full Stack Developer,"['Leadership', 'JavaScript', 'Next.js', 'Time Management', 'TypeScript', 'MongoDB', 'Node.js', 'Git']",8,3-5,Synthetic
SYN_0625,Software Developer,"['Linux', 'Debugging', 'Problem Solving', 'Leadership', 'Python', 'JavaScript', 'Documentation', 'REST APIs', 'Teamwork']",9,3-5,Synthetic
SYN_0626,UI/UX Designer,"['Photoshop', 'Prototyping', 'Communication', 'Illustrator', 'Sketch', 'Critical Thinking', 'User Research', 'Visual Design', 'Accessibility', 'Interaction Design']",10,0-2,Synthetic
SYN_0627,Cybersecurity Analyst,"['SIEM', 'Compliance', 'Leadership', 'Network Security', 'Critical Thinking', 'Firewalls', 'NIST', 'Incident Response', 'Penetration Testing', 'Wireshark']",10,0-2,Synthetic
SYN_0628,Mobile Developer,"['iOS', 'Android', 'Java', 'Flutter', 'Communication', 'Leadership', 'Critical Thinking', 'Firebase', 'App Store Deployment', 'Swift', 'Testing', 'React Native']",12,0-2,Synthetic
SYN_0629,Frontend Developer,"['CSS', 'Next.js', 'Time Management', 'HTML', 'Webpack', 'Adaptability', 'Testing', 'Git', 'React', 'Tailwind CSS']",10,3-5,Synthetic
SYN_0630,Software Developer,"['Linux', 'Leadership', 'Python', 'SQL', 'JavaScript', 'Documentation', 'Testing', 'Teamwork']",8,0-2,Synthetic
SYN_0631,IT Support Specialist,"['Networking Basics', 'Linux', 'Hardware', 'Windows', 'Printers', 'Office 365', 'Customer Service', 'Critical Thinking', 'Time Management', 'Documentation']",10,5-8,Synthetic
SYN_0632,Data Scientist,"['Data Visualization', 'NumPy', 'PyTorch', 'Python', 'Deep Learning', 'Big Data', 'Machine Learning', 'Creativity', 'Teamwork']",9,5-8,Synthetic
SYN_0633,Software Developer,"['Debugging', 'Problem Solving', 'Algorithms', 'SQL', 'Version Control', 'REST APIs', 'Agile', 'Adaptability', 'Testing', 'Data Structures']",10,0-2,Synthetic
SYN_0634,QA Tester,"['Problem Solving', 'Manual Testing', 'Communication', 'SQL', 'Teamwork', 'Selenium', 'Test Planning', 'Agile Testing', 'Performance Testing']",9,0-2,Synthetic
SYN_0635,Frontend Developer,"['UI/UX Principles', 'CSS', 'Problem Solving', 'JavaScript', 'Teamwork', 'Next.js', 'REST APIs', 'Testing', 'React', 'Tailwind CSS']",10,0-2,Synthetic
SYN_0636,Software Developer,"['Debugging', 'Linux', 'Java', 'Python', 'Algorithms', 'JavaScript', 'Version Control', 'Time Management', 'Creativity', 'Adaptability', 'Data Structures', 'Testing', 'Object-Oriented Programming']",13,3-5,Synthetic
SYN_0637,Full Stack Developer,"['Next.js', 'Express.js', 'TypeScript', 'Creativity', 'Adaptability', 'PostgreSQL', 'Git', 'Tailwind CSS']",8,0-2,Synthetic
SYN_0638,UI/UX Designer,"['Figma', 'Photoshop', 'Illustrator', 'Sketch', 'Critical Thinking', 'Time Management', 'Adobe XD', 'User Flows', 'Accessibility']",9,3-5,Synthetic
SYN_0639,IT Support Specialist,"['Networking Basics', 'Active Directory', 'Hardware', 'Leadership', 'Office 365', 'MacOS', 'Customer Service', 'Time Management', 'Adaptability']",9,0-2,Synthetic
SYN_0640,Backend Developer,"['Node.js', 'Java', 'Database Design', 'Python', 'API Security', 'Redis', 'Critical Thinking', 'REST APIs', 'MongoDB', 'Adaptability', 'Spring Boot', 'Teamwork', 'Docker']",13,3-5,Synthetic
SYN_0641,Database Administrator,"['Sharding', 'Linux', 'Database Design', 'Communication', 'Performance Tuning', 'Monitoring', 'Backup Recovery', 'Time Management', 'Database Security', 'Teamwork']",10,0-2,Synthetic
SYN_0642,Data Scientist,"['Pandas', 'Scikit-learn', 'Python', 'SQL', 'Tableau', 'Deep Learning', 'Statistics', 'Big Data', 'Machine Learning', 'Critical Thinking', 'Creativity', 'TensorFlow', 'Teamwork']",13,5-8,Synthetic
SYN_0643,UI/UX Designer,"['Figma', 'Prototyping', 'Communication', 'Illustrator', 'Sketch', 'Design Systems', 'Creativity', 'Usability Testing', 'Visual Design', 'Adaptability', 'Interaction Design', 'Information Architecture']",12,5-8,Synthetic
SYN_0644,Network Engineer,"['Network Monitoring', 'Leadership', 'OSPF', 'VLAN', 'Cisco', 'Critical Thinking', 'Load Balancing', 'DNS', 'Teamwork']",9,8+,Synthetic
SYN_0645,Network Engineer,"['Switching', 'Leadership', 'Network Security', 'OSPF', 'Cisco', 'VLAN', 'Time Management', 'Load Balancing', 'Firewalls', 'Adaptability', 'BGP', 'Wireshark']",12,3-5,Synthetic
SYN_0646,Software Developer,"['Linux', 'Java', 'Problem Solving', 'Communication', 'Python', 'Algorithms', 'JavaScript', 'Critical Thinking', 'Version Control', 'Agile', 'Testing', 'Git', 'Object-Oriented Programming']",13,3-5,Synthetic
SYN_0647,Backend Developer,"['Microservices', 'Django', 'Database Design', 'Leadership', 'Python', 'SQL', 'Critical Thinking', 'Authentication', 'REST APIs', 'MongoDB', 'Node.js']",11,5-8,Synthetic
SYN_0648,Data Analyst,"['Problem Solving', 'Communication', 'Python', 'SQL', 'Tableau', 'Time Management', 'Data Cleaning']",7,3-5,Synthetic
SYN_0649,Software Developer,"['Linux', 'Java', 'Leadership', 'SQL', 'JavaScript', 'Critical Thinking', 'Documentation', 'Git', 'Data Structures', 'Teamwork']",10,0-2,Synthetic
SYN_0650,Software Developer,"['Debugging', 'Linux', 'Java', 'Leadership', 'Algorithms', 'Agile', 'Adaptability', 'Git', 'Data Structures', 'Teamwork']",10,3-5,Synthetic
SYN_0651,Frontend Developer,"['CSS', 'Communication', 'Angular', 'Time Management', 'Webpack', 'HTML', 'TypeScript', 'REST APIs', 'Adaptability']",9,0-2,Synthetic
SYN_0652,UI/UX Designer,"['Wireframing', 'Figma', 'Photoshop', 'Prototyping', 'Communication', 'Leadership', 'Illustrator', 'Adobe XD', 'User Research', 'Design Systems', 'Interaction Design', 'Adaptability']",12,3-5,Synthetic
SYN_0653,Cybersecurity Analyst,"['SIEM', 'Linux', 'Risk Assessment', 'Network Security', 'Critical Thinking', 'NIST', 'Incident Response', 'Security Audits', 'Penetration Testing', 'Teamwork']",10,0-2,Synthetic
SYN_0654,UI/UX Designer,"['Wireframing', 'Prototyping', 'Leadership', 'Critical Thinking', 'Time Management', 'User Research', 'Usability Testing', 'User Flows', 'Accessibility', 'Interaction Design']",10,0-2,Synthetic
SYN_0655,Data Scientist,"['A/B Testing', 'Data Visualization', 'NumPy', 'Leadership', 'SQL', 'Tableau', 'Big Data', 'Time Management', 'Adaptability']",9,3-5,Synthetic
SYN_0656,Frontend Developer,"['UI/UX Principles', 'CSS', 'Communication', 'JavaScript', 'Teamwork', 'Time Management', 'REST APIs', 'TypeScript', 'Webpack', 'Vue.js', 'Testing', 'React']",12,8+,Synthetic
SYN_0657,Database Administrator,"['Scripting', 'Linux', 'High Availability', 'Performance Tuning', 'Backup Recovery', 'Creativity', 'MongoDB', 'Adaptability']",8,5-8,Synthetic
SYN_0658,DevOps Engineer,"['AWS', 'Bash', 'Linux', 'Jenkins', 'Prometheus', 'Critical Thinking', 'Time Management', 'Terraform', 'Ansible', 'Grafana', 'Teamwork', 'Docker']",12,3-5,Synthetic
SYN_0659,DevOps Engineer,"['AWS', 'Bash', 'Linux', 'Leadership', 'CI/CD', 'Monitoring', 'Critical Thinking', 'Terraform', 'Adaptability', 'Kubernetes', 'Grafana', 'Git']",12,3-5,Synthetic
SYN_0660,Software Developer,"['Linux', 'Problem Solving', 'Python', 'Algorithms', 'JavaScript', 'Creativity', 'Agile', 'Adaptability', 'Git']",9,0-2,Synthetic
SYN_0661,Product Manager,"['Prioritization', 'Product Metrics', 'Time Management', 'User Research', 'Market Research', 'Scrum', 'Creativity', 'Adaptability', 'Stakeholder Management']",9,5-8,Synthetic
SYN_0662,Backend Developer,"['Microservices', 'Leadership', 'Python', 'SQL', 'Redis', 'REST APIs', 'Authentication', 'Creativity', 'Docker']",9,0-2,Synthetic
SYN_0663,Database Administrator,"['Linux', 'Leadership', 'Performance Tuning', 'Monitoring', 'Critical Thinking', 'MySQL', 'Database Security', 'Time Management', 'Query Optimization', 'MongoDB', 'PostgreSQL']",11,3-5,Synthetic
SYN_0664,Network Engineer,"['Network Monitoring', 'Routing', 'DNS', 'TCP/IP', 'Network Security', 'Cisco', 'OSPF', 'Time Management', 'Firewalls', 'Creativity', 'BGP', 'VPN']",12,5-8,Synthetic
SYN_0665,Frontend Developer,"['UI/UX Principles', 'CSS', 'Problem Solving', 'Next.js', 'REST APIs', 'React', 'Creativity', 'Vue.js', 'Testing', 'Git', 'Tailwind CSS']",11,3-5,Synthetic
SYN_0666,Software Developer,"['Debugging', 'Problem Solving', 'Python', 'SQL', 'JavaScript', 'Documentation', 'REST APIs', 'Agile', 'Testing', 'Git', 'Object-Oriented Programming', 'Teamwork']",12,0-2,Synthetic
SYN_0667,Software Developer,"['Debugging', 'Java', 'Leadership', 'SQL', 'REST APIs', 'Creativity', 'Agile', 'Adaptability', 'Object-Oriented Programming']",9,0-2,Synthetic
SYN_0668,Network Engineer,"['Communication', 'OSPF', 'Network Security', 'TCP/IP', 'Cisco', 'Firewalls', 'Adaptability', 'DNS', 'Wireshark']",9,8+,Synthetic
SYN_0669,Data Analyst,"['Data Warehousing', 'Data Cleaning', 'Problem Solving', 'SQL', 'Tableau', 'Reporting', 'Time Management', 'ETL', 'Business Intelligence', 'Power BI', 'Adaptability', 'Looker']",12,5-8,Synthetic
SYN_0670,Product Manager,"['Problem Solving', 'Leadership', 'Product Metrics', 'Critical Thinking', 'Market Research', 'Agile', 'Product Strategy', 'Stakeholder Management']",8,8+,Synthetic
SYN_0671,Cloud Engineer,"['Problem Solving', 'Python', 'Monitoring', 'Critical Thinking', 'Terraform', 'Kubernetes', 'CloudFormation', 'Infrastructure as Code', 'Docker']",9,8+,Synthetic
SYN_0672,IT Support Specialist,"['Active Directory', 'Windows', 'Remote Support', 'Customer Service', 'Ticketing Systems', 'Critical Thinking', 'Software Installation', 'Documentation', 'Teamwork']",9,0-2,Synthetic
SYN_0673,Product Manager,"['JIRA', 'Customer Discovery', 'Leadership', 'Product Metrics', 'Critical Thinking', 'Data Analysis', 'Market Research', 'Scrum', 'Creativity', 'Stakeholder Management']",10,5-8,Synthetic
SYN_0674,Mobile Developer,"['iOS', 'Android', 'Java', 'Flutter', 'Problem Solving', 'App Store Deployment', 'Creativity', 'Testing', 'Teamwork']",9,8+,Synthetic
SYN_0675,Cloud Engineer,"['AWS', 'Serverless', 'Linux', 'Problem Solving', 'CI/CD', 'Google Cloud', 'Azure', 'Monitoring', 'Critical Thinking', 'Teamwork', 'CloudFormation', 'Infrastructure as Code', 'Docker']",13,3-5,Synthetic
SYN_0676,Backend Developer,"['Microservices', 'Django', 'Database Design', 'Python', 'Critical Thinking', 'Authentication', 'Creativity', 'MongoDB', 'Adaptability']",9,3-5,Synthetic
SYN_0677,Frontend Developer,"['UI/UX Principles', 'CSS', 'Problem Solving', 'Communication', 'JavaScript', 'Next.js', 'Webpack', 'TypeScript', 'Adaptability', 'Git']",10,5-8,Synthetic
SYN_0678,Backend Developer,"['Linux', 'Java', 'Database Design', 'Leadership', 'Python', 'Redis', 'Spring Boot', 'Teamwork', 'Docker']",9,5-8,Synthetic
SYN_0679,DevOps Engineer,"['AWS', 'Scripting', 'Linux', 'Leadership', 'Prometheus', 'Monitoring', 'Critical Thinking', 'Grafana', 'Ansible']",9,5-8,Synthetic
SYN_0680,UI/UX Designer,"['Wireframing', 'Prototyping', 'Photoshop', 'Communication', 'Problem Solving', 'Illustrator', 'User Flows', 'Adobe XD', 'Design Systems', 'Visual Design', 'Accessibility', 'Interaction Design']",12,0-2,Synthetic
SYN_0681,Data Scientist,"['A/B Testing', 'Data Visualization', 'NumPy', 'Scikit-learn', 'Communication', 'SQL', 'Deep Learning', 'Big Data', 'Creativity', 'Adaptability']",10,0-2,Synthetic
SYN_0682,DevOps Engineer,"['AWS', 'Bash', 'Scripting', 'Problem Solving', 'Communication', 'Python', 'Prometheus', 'Monitoring', 'Time Management', 'Terraform', 'Ansible', 'Grafana', 'Docker']",13,3-5,Synthetic
SYN_0683,Network Engineer,"['Switching', 'Leadership', 'Routing', 'Network Security', 'VLAN', 'Time Management', 'Load Balancing', 'VPN']",8,5-8,Synthetic
SYN_0684,Frontend Developer,"['CSS', 'Angular', 'REST APIs', 'HTML', 'TypeScript', 'Creativity', 'Adaptability', 'Testing']",8,0-2,Synthetic
SYN_0685,Data Analyst,"['Problem Solving', 'Python', 'SQL', 'Tableau', 'Statistics', 'Reporting', 'Time Management', 'Critical Thinking', 'ETL', 'Adaptability', 'Looker']",11,0-2,Synthetic
SYN_0686,Software Developer,"['Linux', 'Problem Solving', 'SQL', 'JavaScript', 'Critical Thinking', 'REST APIs', 'Agile', 'Testing', 'Git', 'Data Structures']",10,5-8,Synthetic
SYN_0687,Software Developer,"['Linux', 'Java', 'Version Control', 'REST APIs', 'Creativity', 'Testing', 'Data Structures', 'Teamwork']",8,0-2,Synthetic
SYN_0688,Backend Developer,"['Microservices', 'Linux', 'Database Design', 'Communication', 'Critical Thinking', 'REST APIs', 'Creativity', 'MongoDB', 'Docker']",9,0-2,Synthetic
SYN_0689,Data Analyst,"['Data Cleaning', 'Problem Solving', 'Communication', 'Leadership', 'Excel', 'SQL', 'Reporting', 'Time Management', 'ETL', 'Looker']",10,5-8,Synthetic
SYN_0690,Data Scientist,"['Pandas', 'Scikit-learn', 'Problem Solving', 'Python', 'Spark', 'Statistics', 'Big Data', 'Machine Learning', 'Critical Thinking', 'Creativity']",10,8+,Synthetic
SYN_0691,Database Administrator,"['Replication', 'Scripting', 'Linux', 'Communication', 'Monitoring', 'SQL', 'Critical Thinking', 'MySQL', 'Backup Recovery', 'Database Security', 'MongoDB', 'PostgreSQL']",12,5-8,Synthetic
SYN_0692,Backend Developer,"['Microservices', 'Django', 'Linux', 'Database Design', 'API Security', 'Redis', 'Critical Thinking', 'REST APIs', 'Authentication', 'Creativity', 'MongoDB', 'Node.js']",12,0-2,Synthetic
SYN_0693,Software Developer,"['Linux', 'Problem Solving', 'Communication', 'JavaScript', 'Documentation', 'Testing', 'Git', 'Object-Oriented Programming', 'Teamwork']",9,0-2,Synthetic
SYN_0694,Cybersecurity Analyst,"['Vulnerability Scanning', 'SIEM', 'Risk Assessment', 'ISO 27001', 'Communication', 'Network Security', 'Critical Thinking', 'Creativity', 'Security Audits']",9,0-2,Synthetic
SYN_0695,Network Engineer,"['Switching', 'Network Monitoring', 'Leadership', 'Communication', 'Routing', 'TCP/IP', 'VLAN', 'Load Balancing', 'Firewalls', 'DHCP', 'VPN', 'Teamwork']",12,5-8,Synthetic
SYN_0696,Data Analyst,"['Data Visualization', 'Problem Solving', 'Excel', 'SQL', 'Tableau', 'Statistics', 'Reporting', 'Critical Thinking', 'Business Intelligence', 'Data Cleaning', 'Teamwork']",11,5-8,Synthetic
SYN_0697,DevOps Engineer,"['AWS', 'Bash', 'Leadership', 'Python', 'Prometheus', 'CI/CD', 'Critical Thinking', 'Docker', 'Kubernetes', 'Grafana', 'Ansible']",11,3-5,Synthetic
SYN_0698,Network Engineer,"['Network Monitoring', 'Leadership', 'Communication', 'Routing', 'TCP/IP', 'OSPF', 'Network Security', 'VLAN', 'DHCP', 'BGP', 'Wireshark']",11,0-2,Synthetic
SYN_0699,Backend Developer,"['Django', 'Node.js', 'Database Design', 'Problem Solving', 'Leadership', 'Python', 'Redis', 'Critical Thinking', 'REST APIs', 'MongoDB', 'Spring Boot']",11,3-5,Synthetic
SYN_0700,Network Engineer,"['Switching', 'Network Monitoring', 'Network Security', 'Cisco', 'TCP/IP', 'DHCP', 'Creativity', 'Adaptability', 'BGP', 'VPN', 'Teamwork']",11,0-2,Synthetic
SYN_0701,Software Developer,"['Linux', 'Python', 'JavaScript', 'Critical Thinking', 'Version Control', 'Time Management', 'Documentation', 'REST APIs', 'Agile', 'Git', 'Object-Oriented Programming', 'Teamwork']",12,3-5,Synthetic
SYN_0702,Frontend Developer,"['UI/UX Principles', 'CSS', 'Problem Solving', 'Responsive Design', 'JavaScript', 'Angular', 'Next.js', 'REST APIs', 'HTML', 'Webpack', 'Adaptability', 'Git', 'Teamwork']",13,5-8,Synthetic
SYN_0703,Software Developer,"['Debugging', 'Linux', 'Java', 'Python', 'Algorithms', 'JavaScript', 'Critical Thinking', 'Documentation', 'Creativity', 'Agile', 'Object-Oriented Programming']",11,5-8,Synthetic
SYN_0704,Product Manager,"['JIRA', 'Customer Discovery', 'Leadership', 'Communication', 'Prioritization', 'Product Metrics', 'Time Management', 'Data Analysis', 'Market Research', 'Scrum', 'Creativity', 'Adaptability']",12,0-2,Synthetic
SYN_0705,Cloud Engineer,"['AWS', 'Serverless', 'CI/CD', 'Google Cloud', 'Monitoring', 'Critical Thinking', 'Time Management', 'Adaptability', 'Security', 'CloudFormation', 'Docker']",11,0-2,Synthetic
SYN_0706,Data Analyst,"['Problem Solving', 'Communication', 'Excel', 'Tableau', 'Statistics', 'Creativity', 'Business Intelligence', 'Power BI', 'Adaptability', 'Looker']",10,5-8,Synthetic
SYN_0707,Data Analyst,"['Communication', 'Python', 'SQL', 'Reporting', 'Time Management', 'ETL', 'Business Intelligence', 'Looker']",8,0-2,Synthetic
SYN_0708,Cybersecurity Analyst,"['SIEM', 'Compliance', 'ISO 27001', 'Risk Assessment', 'Python', 'Leadership', 'Critical Thinking', 'Security Audits', 'NIST', 'Cryptography', 'Wireshark']",11,3-5,Synthetic
SYN_0709,Software Developer,"['Debugging', 'Communication', 'Python', 'Version Control', 'Documentation', 'Data Structures', 'Object-Oriented Programming', 'Teamwork']",8,3-5,Synthetic
SYN_0710,Software Developer,"['Linux', 'Problem Solving', 'Algorithms', 'SQL', 'Critical Thinking', 'Time Management', 'REST APIs', 'Git', 'Data Structures']",9,0-2,Synthetic
SYN_0711,Software Developer,"['Debugging', 'Java', 'Problem Solving', 'Leadership', 'Python', 'Algorithms', 'JavaScript', 'Version Control', 'REST APIs', 'Agile', 'Git', 'Data Structures', 'Teamwork']",13,3-5,Synthetic
SYN_0712,Cloud Engineer,"['Serverless', 'Problem Solving', 'Communication', 'CI/CD', 'Azure', 'Monitoring', 'Infrastructure as Code', 'Docker']",8,0-2,Synthetic
SYN_0713,Product Manager,"['Roadmapping', 'JIRA', 'Problem Solving', 'Leadership', 'Communication', 'Time Management', 'Agile', 'MVP', 'Stakeholder Management']",9,3-5,Synthetic
SYN_0714,Software Developer,"['Debugging', 'Java', 'Leadership', 'Communication', 'JavaScript', 'Documentation', 'REST APIs', 'Creativity', 'Testing', 'Git', 'Data Structures']",11,5-8,Synthetic
SYN_0715,Cloud Engineer,"['AWS', 'Linux', 'Leadership', 'CI/CD', 'Communication', 'Google Cloud', 'Security', 'Teamwork', 'Docker']",9,5-8,Synthetic
SYN_0716,Data Scientist,"['A/B Testing', 'Scikit-learn', 'Communication', 'PyTorch', 'Python', 'Spark', 'Tableau', 'Deep Learning', 'Big Data', 'Machine Learning', 'Critical Thinking', 'TensorFlow', 'Teamwork']",13,0-2,Synthetic
SYN_0717,Software Developer,"['Linux', 'Debugging', 'Java', 'Leadership', 'Python', 'Version Control', 'REST APIs', 'Object-Oriented Programming', 'Creativity', 'Agile', 'Git', 'Data Structures']",12,3-5,Synthetic
SYN_0718,IT Support Specialist,"['Networking Basics', 'Windows', 'Printers', 'Remote Support', 'MacOS', 'Customer Service', 'Software Installation', 'Documentation', 'Troubleshooting', 'Creativity', 'Adaptability']",11,3-5,Synthetic
SYN_0719,Cloud Engineer,"['AWS', 'Networking', 'Communication', 'CI/CD', 'Google Cloud', 'Monitoring', 'Azure', 'Terraform', 'Creativity', 'Security', 'Infrastructure as Code', 'Docker']",12,5-8,Synthetic
SYN_0720,Software Developer,"['Java', 'Leadership', 'JavaScript', 'Time Management', 'REST APIs', 'Testing', 'Git', 'Data Structures']",8,8+,Synthetic
SYN_0721,Database Administrator,"['Replication', 'Problem Solving', 'High Availability', 'SQL', 'Backup Recovery', 'Time Management', 'Query Optimization', 'MongoDB', 'Adaptability']",9,0-2,Synthetic
SYN_0722,Cloud Engineer,"['Networking', 'Serverless', 'CI/CD', 'Google Cloud', 'Azure', 'Monitoring', 'Teamwork', 'Time Management', 'Terraform', 'Kubernetes', 'Infrastructure as Code', 'CloudFormation']",12,0-2,Synthetic
SYN_0723,Cloud Engineer,"['Networking', 'Serverless', 'Python', 'CI/CD', 'Google Cloud', 'Terraform', 'Adaptability', 'Creativity', 'Kubernetes', 'Security', 'CloudFormation', 'Teamwork', 'Docker']",13,5-8,Synthetic
SYN_0724,Cybersecurity Analyst,"['SIEM', 'Vulnerability Scanning', 'Problem Solving', 'Leadership', 'Python', 'Communication', 'Network Security', 'NIST', 'Incident Response']",9,3-5,Synthetic
SYN_0725,IT Support Specialist,"['Linux', 'Active Directory', 'Hardware', 'Problem Solving', 'Office 365', 'Remote Support', 'Ticketing Systems', 'Critical Thinking', 'Software Installation', 'Troubleshooting', 'Creativity']",11,0-2,Synthetic
SYN_0726,Data Analyst,"['Data Warehousing', 'Data Visualization', 'Problem Solving', 'Python', 'SQL', 'Statistics', 'Reporting', 'Critical Thinking', 'ETL', 'Data Cleaning']",10,0-2,Synthetic
SYN_0727,Cloud Engineer,"['AWS', 'Linux', 'Leadership', 'CI/CD', 'Python', 'Google Cloud', 'Time Management', 'Security', 'Infrastructure as Code', 'Docker']",10,8+,Synthetic
SYN_0728,Frontend Developer,"['UI/UX Principles', 'Communication', 'Responsive Design', 'JavaScript', 'Teamwork', 'Next.js', 'Time Management', 'Webpack', 'REST APIs', 'TypeScript', 'Testing', 'Tailwind CSS']",12,3-5,Synthetic
SYN_0729,Data Scientist,"['Pandas', 'Data Visualization', 'NumPy', 'Problem Solving', 'Leadership', 'PyTorch', 'Deep Learning', 'Statistics', 'Time Management']",9,0-2,Synthetic
SYN_0730,UI/UX Designer,"['Photoshop', 'Communication', 'User Flows', 'Creativity', 'Design Systems', 'Visual Design', 'Interaction Design', 'Information Architecture']",8,3-5,Synthetic
SYN_0731,Cloud Engineer,"['Networking', 'AWS', 'Communication', 'Google Cloud', 'Time Management', 'Creativity', 'Security', 'CloudFormation', 'Docker']",9,3-5,Synthetic
SYN_0732,IT Support Specialist,"['Active Directory', 'Hardware', 'Windows', 'Printers', 'Office 365', 'Remote Support', 'Communication', 'Customer Service', 'Ticketing Systems', 'Critical Thinking', 'Software Installation', 'Time Management', 'Mobile Devices']",13,0-2,Synthetic
SYN_0733,Mobile Developer,"['iOS', 'Android', 'Testing', 'Firebase', 'REST APIs', 'App Store Deployment', 'Swift', 'Adaptability', 'Mobile UI', 'React Native', 'Teamwork', 'UX Design']",12,0-2,Synthetic
SYN_0734,Backend Developer,"['Linux', 'Leadership', 'Python', 'Redis', 'Critical Thinking', 'Time Management', 'REST APIs', 'Authentication', 'Node.js']",9,5-8,Synthetic
SYN_0735,Data Analyst,"['Data Warehousing', 'Problem Solving', 'Communication', 'Python', 'SQL', 'Tableau', 'Statistics', 'Time Management', 'Business Intelligence', 'Power BI', 'Looker', 'Data Cleaning']",12,3-5,Synthetic
SYN_0736,Cloud Engineer,"['Networking', 'AWS', 'Serverless', 'Problem Solving', 'CI/CD', 'Azure', 'Teamwork', 'Kubernetes', 'Infrastructure as Code', 'CloudFormation']",10,5-8,Synthetic
SYN_0737,Data Scientist,"['A/B Testing', 'Data Visualization', 'NumPy', 'Scikit-learn', 'Communication', 'Python', 'SQL', 'Statistics', 'Deep Learning', 'Machine Learning', 'Time Management', 'Creativity', 'TensorFlow']",13,0-2,Synthetic
SYN_0738,Full Stack Developer,"['JavaScript', 'SQL', 'Teamwork', 'HTML/CSS', 'Next.js', 'Time Management', 'REST APIs', 'TypeScript', 'Node.js', 'React']",10,8+,Synthetic
SYN_0739,Software Developer,"['Java', 'Algorithms', 'Version Control', 'Documentation', 'REST APIs', 'Creativity', 'Adaptability', 'Testing', 'Git', 'Data Structures']",10,0-2,Synthetic
SYN_0740,Data Analyst,"['Data Warehousing', 'Data Visualization', 'Communication', 'Leadership', 'Excel', 'Tableau', 'Statistics', 'Reporting', 'Business Intelligence', 'Power BI', 'Data Cleaning', 'Teamwork']",12,0-2,Synthetic
SYN_0741,DevOps Engineer,"['Bash', 'Communication', 'Jenkins', 'Python', 'Prometheus', 'Monitoring', 'Time Management', 'Kubernetes', 'Git', 'Ansible']",10,5-8,Synthetic
SYN_0742,Data Analyst,"['Data Warehousing', 'Data Visualization', 'Problem Solving', 'Communication', 'Leadership', 'SQL', 'Tableau', 'Statistics', 'Reporting', 'Power BI', 'Looker', 'Data Cleaning', 'Teamwork']",13,3-5,Synthetic
SYN_0743,UI/UX Designer,"['Communication', 'Illustrator', 'Sketch', 'Adobe XD', 'Adaptability', 'User Research', 'Design Systems', 'Visual Design', 'Accessibility', 'Information Architecture']",10,5-8,Synthetic
SYN_0744,DevOps Engineer,"['Bash', 'Scripting', 'Problem Solving', 'Python', 'CI/CD', 'Critical Thinking', 'Terraform', 'Creativity', 'Kubernetes', 'Git']",10,0-2,Synthetic
SYN_0745,Cloud Engineer,"['Networking', 'AWS', 'Linux', 'Communication', 'Python', 'CI/CD', 'Monitoring', 'Critical Thinking', 'Terraform', 'Kubernetes', 'CloudFormation', 'Docker']",12,5-8,Synthetic
SYN_0746,DevOps Engineer,"['AWS', 'Scripting', 'Prometheus', 'Python', 'Monitoring', 'Critical Thinking', 'Time Management', 'Adaptability', 'Kubernetes', 'Git']",10,3-5,Synthetic
SYN_0747,Backend Developer,"['Django', 'Node.js', 'Java', 'Communication', 'API Security', 'Time Management', 'MongoDB', 'Spring Boot', 'Teamwork', 'Docker']",10,5-8,Synthetic
SYN_0748,Data Scientist,"['Data Visualization', 'NumPy', 'Problem Solving', 'SQL', 'Tableau', 'Statistics', 'Machine Learning', 'TensorFlow', 'Teamwork']",9,3-5,Synthetic
SYN_0749,Frontend Developer,"['UI/UX Principles', 'Communication', 'Leadership', 'Responsive Design', 'JavaScript', 'Angular', 'Next.js', 'Vue.js', 'Adaptability', 'Testing', 'React', 'Tailwind CSS']",12,3-5,Synthetic
SYN_0750,Frontend Developer,"['CSS', 'Leadership', 'Problem Solving', 'Communication', 'Responsive Design', 'JavaScript', 'Next.js', 'Webpack', 'TypeScript', 'Vue.js', 'Testing', 'Git', 'React']",13,0-2,Synthetic
SYN_0751,Database Administrator,"['Scripting', 'High Availability', 'Performance Tuning', 'Monitoring', 'MySQL', 'Backup Recovery', 'Time Management', 'Query Optimization', 'MongoDB', 'PostgreSQL', 'Teamwork']",11,8+,Synthetic
SYN_0752,Full Stack Developer,"['Leadership', 'Python', 'SQL', 'Teamwork', 'Critical Thinking', 'Express.js', 'MongoDB', 'PostgreSQL', 'Git', 'React', 'Tailwind CSS']",11,0-2,Synthetic
SYN_0753,Data Analyst,"['Data Warehousing', 'Data Visualization', 'Communication', 'Python', 'Excel', 'SQL', 'Tableau', 'Statistics', 'Reporting', 'Critical Thinking', 'Looker', 'Data Cleaning']",12,0-2,Synthetic
SYN_0754,IT Support Specialist,"['Networking Basics', 'Active Directory', 'Windows', 'Office 365', 'Remote Support', 'Customer Service', 'Ticketing Systems', 'Documentation', 'Troubleshooting', 'Creativity', 'Adaptability']",11,3-5,Synthetic
SYN_0755,Data Scientist,"['Pandas', 'Scikit-learn', 'Problem Solving', 'Spark', 'SQL', 'Tableau', 'Deep Learning', 'Machine Learning', 'Adaptability', 'Teamwork']",10,0-2,Synthetic
SYN_0756,Cybersecurity Analyst,"['Compliance', 'Risk Assessment', 'Communication', 'Time Management', 'NIST', 'Incident Response', 'Cryptography', 'Penetration Testing', 'Teamwork']",9,8+,Synthetic
SYN_0757,Backend Developer,"['Microservices', 'Django', 'Linux', 'Communication', 'Python', 'Leadership', 'Redis', 'REST APIs', 'Spring Boot', 'MongoDB', 'Node.js', 'Docker']",12,5-8,Synthetic
SYN_0758,Frontend Developer,"['CSS', 'Leadership', 'Responsive Design', 'Teamwork', 'Next.js', 'Webpack', 'TypeScript', 'Creativity', 'Testing', 'Tailwind CSS']",10,0-2,Synthetic
SYN_0759,Cloud Engineer,"['AWS', 'Leadership', 'Python', 'CI/CD', 'Google Cloud', 'Critical Thinking', 'Adaptability', 'Kubernetes', 'Security', 'Infrastructure as Code']",10,8+,Synthetic
SYN_0760,Data Analyst,"['Data Warehousing', 'Communication', 'Python', 'Reporting', 'Time Management', 'Business Intelligence', 'Adaptability', 'Looker', 'Data Cleaning', 'Teamwork']",10,8+,Synthetic
SYN_0761,Frontend Developer,"['CSS', 'Leadership', 'Teamwork', 'Critical Thinking', 'Webpack', 'HTML', 'Testing', 'Git', 'React', 'Tailwind CSS']",10,3-5,Synthetic
SYN_0762,Data Scientist,"['A/B Testing', 'NumPy', 'Scikit-learn', 'Communication', 'Spark', 'Deep Learning', 'Machine Learning', 'Creativity']",8,3-5,Synthetic
SYN_0763,UI/UX Designer,"['Wireframing', 'Prototyping', 'Communication', 'User Flows', 'Adobe XD', 'Creativity', 'Design Systems', 'Interaction Design', 'Information Architecture']",9,3-5,Synthetic
SYN_0764,UI/UX Designer,"['Prototyping', 'Communication', 'Illustrator', 'User Flows', 'Adobe XD', 'Usability Testing', 'Interaction Design', 'Adaptability', 'Teamwork']",9,3-5,Synthetic
SYN_0765,Cloud Engineer,"['Problem Solving', 'CI/CD', 'Python', 'Monitoring', 'Teamwork', 'Terraform', 'Kubernetes', 'Infrastructure as Code']",8,3-5,Synthetic
SYN_0766,Data Scientist,"['Data Visualization', 'Pandas', 'NumPy', 'Leadership', 'PyTorch', 'Spark', 'SQL', 'Statistics', 'Critical Thinking', 'Machine Learning', 'Creativity', 'TensorFlow']",12,0-2,Synthetic
SYN_0767,Backend Developer,"['Java', 'Database Design', 'Problem Solving', 'SQL', 'Redis', 'API Security', 'REST APIs', 'Authentication', 'Creativity']",9,0-2,Synthetic
SYN_0768,UI/UX Designer,"['Wireframing', 'Figma', 'Photoshop', 'Leadership', 'Illustrator', 'User Flows', 'Time Management', 'Design Systems', 'Visual Design', 'Accessibility', 'Information Architecture', 'Teamwork']",12,0-2,Synthetic
SYN_0769,Cloud Engineer,"['AWS', 'Serverless', 'Networking', 'Leadership', 'CI/CD', 'Monitoring', 'Critical Thinking', 'Terraform', 'Kubernetes', 'Security', 'Teamwork', 'CloudFormation']",12,0-2,Synthetic
SYN_0770,Software Developer,"['Linux', 'Problem Solving', 'Communication', 'Python', 'JavaScript', 'Version Control', 'Documentation', 'REST APIs', 'Agile', 'Testing', 'Object-Oriented Programming']",11,5-8,Synthetic
SYN_0771,Data Analyst,"['Problem Solving', 'Leadership', 'Python', 'SQL', 'Tableau', 'Statistics', 'Reporting', 'Critical Thinking', 'Creativity', 'Power BI', 'Looker', 'Data Cleaning']",12,3-5,Synthetic
SYN_0772,Software Developer,"['Linux', 'Java', 'Problem Solving', 'Leadership', 'Algorithms', 'Time Management', 'REST APIs', 'Agile', 'Data Structures', 'Git', 'Object-Oriented Programming']",11,5-8,Synthetic
SYN_0773,Data Scientist,"['Pandas', 'Scikit-learn', 'Leadership', 'Python', 'Tableau', 'Statistics', 'Big Data', 'Deep Learning', 'Creativity', 'Teamwork']",10,0-2,Synthetic
SYN_0774,Network Engineer,"['Network Monitoring', 'Switching', 'Problem Solving', 'Routing', 'DNS', 'Network Security', 'TCP/IP', 'Time Management', 'Load Balancing', 'DHCP', 'BGP', 'VPN', 'Teamwork']",13,3-5,Synthetic
SYN_0775,Frontend Developer,"['UI/UX Principles', 'CSS', 'Problem Solving', 'Responsive Design', 'Angular', 'Next.js', 'Webpack', 'REST APIs', 'HTML', 'Vue.js', 'Adaptability', 'Git']",12,3-5,Synthetic
SYN_0776,Product Manager,"['Roadmapping', 'JIRA', 'Customer Discovery', 'Leadership', 'Prioritization', 'Product Metrics', 'Agile', 'Market Research', 'Scrum', 'Adaptability', 'Product Strategy']",11,3-5,Synthetic
SYN_0777,Data Analyst,"['Data Warehousing', 'Data Visualization', 'Problem Solving', 'Communication', 'Excel', 'SQL', 'ETL', 'Creativity', 'Business Intelligence', 'Power BI', 'Data Cleaning', 'Teamwork']",12,3-5,Synthetic
SYN_0778,Full Stack Developer,"['Leadership', 'Python', 'SQL', 'JavaScript', 'Teamwork', 'HTML/CSS', 'Next.js', 'REST APIs', 'TypeScript', 'React', 'Node.js', 'Tailwind CSS']",12,0-2,Synthetic
SYN_0779,Frontend Developer,"['UI/UX Principles', 'Leadership', 'Responsive Design', 'JavaScript', 'Critical Thinking', 'Next.js', 'HTML', 'Creativity', 'Git', 'React']",10,3-5,Synthetic
SYN_0780,Mobile Developer,"['iOS', 'Java', 'Kotlin', 'API Integration', 'Communication', 'Firebase', 'React Native', 'Creativity', 'Git']",9,3-5,Synthetic
SYN_0781,Data Scientist,"['NumPy', 'Problem Solving', 'PyTorch', 'SQL', 'Spark', 'Deep Learning', 'Big Data', 'Machine Learning', 'Statistics', 'Time Management', 'Critical Thinking']",11,5-8,Synthetic
SYN_0782,Data Scientist,"['Scikit-learn', 'Communication', 'PyTorch', 'Python', 'Spark', 'Tableau', 'Statistics', 'Big Data', 'Machine Learning', 'Creativity', 'Adaptability', 'TensorFlow']",12,5-8,Synthetic
SYN_0783,Network Engineer,"['Network Monitoring', 'TCP/IP', 'Cisco', 'Network Security', 'Time Management', 'Critical Thinking', 'Firewalls', 'DHCP', 'Wireshark']",9,3-5,Synthetic
SYN_0784,Software Developer,"['Java', 'Leadership', 'Python', 'SQL', 'Version Control', 'Documentation', 'REST APIs', 'Creativity', 'Agile', 'Testing', 'Data Structures']",11,5-8,Synthetic
SYN_0785,Software Developer,"['Linux', 'Java', 'Python', 'Algorithms', 'JavaScript', 'SQL', 'Critical Thinking', 'Documentation', 'Adaptability', 'Data Structures', 'Object-Oriented Programming']",11,5-8,Synthetic
SYN_0786,Cybersecurity Analyst,"['Vulnerability Scanning', 'SIEM', 'Compliance', 'ISO 27001', 'Python', 'Network Security', 'Time Management', 'NIST', 'Incident Response', 'Cryptography', 'Creativity', 'Penetration Testing']",12,0-2,Synthetic
SYN_0787,Frontend Developer,"['UI/UX Principles', 'Problem Solving', 'Communication', 'Responsive Design', 'JavaScript', 'Next.js', 'Webpack', 'HTML', 'Vue.js', 'Testing', 'Git', 'Tailwind CSS']",12,0-2,Synthetic
SYN_0788,Database Administrator,"['Sharding', 'Replication', 'Database Design', 'High Availability', 'Monitoring', 'Backup Recovery', 'Database Security', 'MySQL', 'Query Optimization', 'Creativity', 'Adaptability', 'PostgreSQL']",12,8+,Synthetic
SYN_0789,Backend Developer,"['Microservices', 'Java', 'Database Design', 'Leadership', 'API Security', 'SQL', 'Time Management', 'Authentication', 'MongoDB', 'Adaptability', 'Spring Boot']",11,5-8,Synthetic
SYN_0790,Cloud Engineer,"['AWS', 'Serverless', 'Communication', 'Python', 'Critical Thinking', 'Kubernetes', 'Security', 'CloudFormation']",8,3-5,Synthetic
SYN_0791,Data Scientist,"['A/B Testing', 'Pandas', 'Data Visualization', 'Scikit-learn', 'Leadership', 'PyTorch', 'Spark', 'Big Data', 'Machine Learning', 'Time Management']",10,3-5,Synthetic
SYN_0792,Cloud Engineer,"['Networking', 'Linux', 'Leadership', 'CI/CD', 'Python', 'Monitoring', 'Critical Thinking', 'Teamwork', 'Terraform', 'Security', 'CloudFormation', 'Infrastructure as Code', 'Docker']",13,5-8,Synthetic
SYN_0793,Backend Developer,"['Microservices', 'Node.js', 'Database Design', 'Communication', 'Python', 'Critical Thinking', 'Time Management', 'REST APIs', 'Authentication', 'Spring Boot']",10,3-5,Synthetic
SYN_0794,UI/UX Designer,"['Wireframing', 'Photoshop', 'Prototyping', 'User Flows', 'Time Management', 'User Research', 'Creativity', 'Design Systems', 'Interaction Design', 'Accessibility', 'Information Architecture', 'Teamwork']",12,0-2,Synthetic
SYN_0795,Backend Developer,"['Django', 'Node.js', 'Leadership', 'Python', 'Redis', 'Time Management', 'REST APIs', 'MongoDB', 'Spring Boot', 'Teamwork']",10,5-8,Synthetic
SYN_0796,DevOps Engineer,"['Linux', 'Prometheus', 'Jenkins', 'CI/CD', 'Time Management', 'Kubernetes', 'Git', 'Teamwork']",8,5-8,Synthetic
SYN_0797,Backend Developer,"['Microservices', 'Django', 'Java', 'Database Design', 'Leadership', 'Critical Thinking', 'Authentication', 'Node.js', 'Teamwork', 'Docker']",10,0-2,Synthetic
SYN_0798,Data Analyst,"['Data Visualization', 'Communication', 'Python', 'SQL', 'Reporting', 'Creativity', 'Business Intelligence', 'Data Cleaning']",8,0-2,Synthetic
SYN_0799,Software Developer,"['Java', 'Problem Solving', 'Algorithms', 'Documentation', 'REST APIs', 'Agile', 'Git', 'Data Structures', 'Teamwork']",9,3-5,Synthetic
SYN_0800,Data Scientist,"['A/B Testing', 'Pandas', 'Data Visualization', 'Scikit-learn', 'Leadership', 'PyTorch', 'Spark', 'Deep Learning', 'Big Data', 'Machine Learning', 'Time Management', 'Creativity', 'TensorFlow']",13,8+,Synthetic
SYN_0801,Mobile Developer,"['iOS', 'API Integration', 'Kotlin', 'Flutter', 'Communication', 'REST APIs', 'App Store Deployment', 'Creativity', 'Adaptability']",9,8+,Synthetic
SYN_0802,IT Support Specialist,"['Linux', 'Active Directory', 'Hardware', 'Leadership', 'MacOS', 'Customer Service', 'Ticketing Systems', 'Software Installation', 'Troubleshooting', 'Mobile Devices', 'Creativity', 'Adaptability']",12,3-5,Synthetic
SYN_0803,Frontend Developer,"['Leadership', 'Time Management', 'Webpack', 'TypeScript', 'REST APIs', 'Creativity', 'Vue.js', 'Testing', 'Git', 'React']",10,8+,Synthetic
SYN_0804,Backend Developer,"['Microservices', 'Java', 'Python', 'SQL', 'API Security', 'Time Management', 'REST APIs', 'Spring Boot', 'Adaptability', 'Node.js', 'Teamwork']",11,0-2,Synthetic
SYN_0805,Software Developer,"['Leadership', 'SQL', 'Version Control', 'Time Management', 'Documentation', 'REST APIs', 'Adaptability', 'Git', 'Object-Oriented Programming']",9,0-2,Synthetic
SYN_0806,Database Administrator,"['Scripting', 'Linux', 'Problem Solving', 'Performance Tuning', 'Monitoring', 'MySQL', 'Query Optimization', 'Creativity', 'MongoDB', 'PostgreSQL']",10,8+,Synthetic
SYN_0807,Software Developer,"['Linux', 'Leadership', 'Python', 'SQL', 'JavaScript', 'Version Control', 'Time Management', 'Documentation', 'Git', 'Teamwork']",10,0-2,Synthetic
SYN_0808,Cloud Engineer,"['Serverless', 'Linux', 'Leadership', 'CI/CD', 'Python', 'Azure', 'Google Cloud', 'Critical Thinking', 'Time Management', 'Kubernetes', 'Security', 'Infrastructure as Code', 'CloudFormation']",13,3-5,Synthetic
SYN_0809,DevOps Engineer,"['AWS', 'Communication', 'Jenkins', 'Prometheus', 'CI/CD', 'Monitoring', 'Critical Thinking', 'Terraform', 'Docker', 'Grafana', 'Teamwork', 'Ansible']",12,5-8,Synthetic
SYN_0810,Cybersecurity Analyst,"['SIEM', 'Vulnerability Scanning', 'Risk Assessment', 'Leadership', 'Communication', 'Security Audits', 'Incident Response', 'Cryptography', 'Adaptability']",9,5-8,Synthetic
SYN_0811,Mobile Developer,"['iOS', 'Java', 'Flutter', 'Kotlin', 'Problem Solving', 'Critical Thinking', 'Firebase', 'REST APIs', 'Adaptability', 'Mobile UI', 'Git', 'UX Design']",12,0-2,Synthetic
SYN_0812,UI/UX Designer,"['Figma', 'Wireframing', 'Photoshop', 'Sketch', 'Design Systems', 'Adobe XD', 'Creativity', 'Usability Testing', 'Visual Design', 'Adaptability', 'Interaction Design']",11,3-5,Synthetic
SYN_0813,Software Developer,"['Algorithms', 'SQL', 'Critical Thinking', 'REST APIs', 'Object-Oriented Programming', 'Creativity', 'Testing', 'Git', 'Data Structures']",9,3-5,Synthetic
SYN_0814,Network Engineer,"['Switching', 'Problem Solving', 'Time Management', 'Load Balancing', 'DHCP', 'Firewalls', 'Creativity', 'BGP', 'Wireshark']",9,0-2,Synthetic
SYN_0815,Backend Developer,"['Django', 'Linux', 'Database Design', 'Problem Solving', 'SQL', 'API Security', 'Redis', 'REST APIs', 'Authentication', 'Adaptability', 'Spring Boot']",11,8+,Synthetic
SYN_0816,Data Analyst,"['Data Warehousing', 'Problem Solving', 'Communication', 'SQL', 'Tableau', 'Statistics', 'Reporting', 'Time Management', 'ETL', 'Looker', 'Teamwork']",11,0-2,Synthetic
SYN_0817,Cloud Engineer,"['AWS', 'Networking', 'Linux', 'Leadership', 'Azure', 'Google Cloud', 'Monitoring', 'Time Management', 'Terraform', 'Kubernetes', 'Infrastructure as Code', 'CloudFormation']",12,5-8,Synthetic
SYN_0818,Cybersecurity Analyst,"['Vulnerability Scanning', 'SIEM', 'Compliance', 'Leadership', 'Network Security', 'Critical Thinking', 'Firewalls', 'NIST', 'Incident Response', 'Cryptography', 'Teamwork', 'Wireshark']",12,5-8,Synthetic
SYN_0819,Software Developer,"['Linux', 'Leadership', 'Algorithms', 'JavaScript', 'SQL', 'Version Control', 'Time Management', 'Documentation', 'REST APIs', 'Adaptability', 'Testing', 'Git', 'Data Structures']",13,3-5,Synthetic
SYN_0820,Database Administrator,"['Linux', 'Database Design', 'Leadership', 'Communication', 'Monitoring', 'SQL', 'MySQL', 'MongoDB', 'Database Security', 'Teamwork']",10,0-2,Synthetic
SYN_0821,Database Administrator,"['Scripting', 'Linux', 'Database Design', 'Performance Tuning', 'Monitoring', 'PostgreSQL', 'Backup Recovery', 'Query Optimization', 'Creativity', 'Database Security', 'Teamwork']",11,3-5,Synthetic
SYN_0822,Database Administrator,"['Sharding', 'Scripting', 'Linux', 'Database Design', 'SQL', 'PostgreSQL', 'Backup Recovery', 'Query Optimization', 'Creativity', 'MongoDB', 'Database Security', 'Teamwork']",12,0-2,Synthetic
SYN_0823,Software Developer,"['Linux', 'Problem Solving', 'Leadership', 'Python', 'SQL', 'Agile', 'Adaptability', 'Testing', 'Git', 'Data Structures']",10,5-8,Synthetic
SYN_0824,DevOps Engineer,"['AWS', 'Bash', 'Monitoring', 'Docker', 'Adaptability', 'Creativity', 'Kubernetes', 'Grafana', 'Teamwork', 'Ansible']",10,0-2,Synthetic
SYN_0825,Product Manager,"['Roadmapping', 'JIRA', 'Problem Solving', 'Leadership', 'Product Metrics', 'Time Management', 'User Research', 'Market Research', 'Agile', 'Adaptability']",10,0-2,Synthetic
SYN_0826,Software Developer,"['Debugging', 'Linux', 'Java', 'Problem Solving', 'Python', 'Algorithms', 'Documentation', 'REST APIs', 'Creativity', 'Testing', 'Git']",11,3-5,Synthetic
SYN_0827,Cloud Engineer,"['Linux', 'CI/CD', 'Critical Thinking', 'Teamwork', 'Terraform', 'Creativity', 'Kubernetes', 'Infrastructure as Code', 'Docker']",9,0-2,Synthetic
SYN_0828,Software Developer,"['Debugging', 'Problem Solving', 'Leadership', 'Algorithms', 'Version Control', 'Time Management', 'REST APIs', 'Git', 'Object-Oriented Programming']",9,8+,Synthetic
SYN_0829,Data Scientist,"['A/B Testing', 'Pandas', 'NumPy', 'Problem Solving', 'Communication', 'Tableau', 'Statistics', 'Big Data', 'Deep Learning', 'Adaptability', 'TensorFlow']",11,3-5,Synthetic
SYN_0830,DevOps Engineer,"['AWS', 'Bash', 'Linux', 'Problem Solving', 'Leadership', 'CI/CD', 'Prometheus', 'Python', 'Communication', 'Terraform', 'Kubernetes', 'Ansible', 'Docker']",13,0-2,Synthetic
SYN_0831,Product Manager,"['JIRA', 'Customer Discovery', 'Problem Solving', 'Product Metrics', 'Time Management', 'Agile', 'Data Analysis', 'Market Research', 'Scrum', 'MVP', 'Product Strategy']",11,5-8,Synthetic
SYN_0832,Software Developer,"['Linux', 'Java', 'Algorithms', 'JavaScript', 'Critical Thinking', 'Version Control', 'Time Management', 'Testing', 'Teamwork']",9,0-2,Synthetic
SYN_0833,Database Administrator,"['Replication', 'Linux', 'Database Design', 'Communication', 'High Availability', 'Performance Tuning', 'Monitoring', 'SQL', 'PostgreSQL', 'Critical Thinking', 'Time Management', 'MongoDB', 'Database Security']",13,8+,Synthetic
SYN_0834,Backend Developer,"['Microservices', 'Linux', 'Java', 'Database Design', 'Leadership', 'SQL', 'Redis', 'API Security', 'Authentication', 'Creativity', 'MongoDB', 'Spring Boot', 'Teamwork']",13,3-5,Synthetic
SYN_0835,Software Developer,"['Debugging', 'Java', 'Algorithms', 'SQL', 'Critical Thinking', 'Version Control', 'Time Management', 'Adaptability', 'Git']",9,5-8,Synthetic
SYN_0836,Data Scientist,"['A/B Testing', 'NumPy', 'Problem Solving', 'PyTorch', 'Python', 'Spark', 'Tableau', 'Statistics', 'Deep Learning', 'Time Management', 'TensorFlow', 'Teamwork']",12,8+,Synthetic
SYN_0837,Backend Developer,"['Linux', 'Java', 'Database Design', 'Communication', 'Python', 'API Security', 'Redis', 'REST APIs', 'Creativity', 'Adaptability', 'Docker']",11,3-5,Synthetic
SYN_0838,Software Developer,"['Linux', 'Debugging', 'Problem Solving', 'Algorithms', 'SQL', 'Critical Thinking', 'Documentation', 'REST APIs', 'Object-Oriented Programming', 'Agile', 'Testing', 'Data Structures']",12,0-2,Synthetic
SYN_0839,Backend Developer,"['Linux', 'Database Design', 'Leadership', 'Communication', 'API Security', 'Authentication', 'MongoDB', 'Node.js', 'Teamwork', 'Docker']",10,8+,Synthetic
SYN_0840,Software Developer,"['Java', 'Problem Solving', 'Python', 'SQL', 'Critical Thinking', 'Version Control', 'Documentation', 'REST APIs', 'Testing', 'Git']",10,8+,Synthetic
SYN_0841,Frontend Developer,"['UI/UX Principles', 'Leadership', 'JavaScript', 'Next.js', 'Webpack', 'TypeScript', 'HTML', 'REST APIs', 'Creativity', 'Tailwind CSS']",10,5-8,Synthetic
SYN_0842,Data Analyst,"['Data Warehousing', 'Data Visualization', 'Problem Solving', 'Communication', 'Excel', 'Statistics', 'Reporting', 'ETL', 'Business Intelligence', 'Power BI', 'Looker', 'Teamwork']",12,0-2,Synthetic
SYN_0843,Data Scientist,"['A/B Testing', 'Pandas', 'Data Visualization', 'NumPy', 'PyTorch', 'Spark', 'Tableau', 'Deep Learning', 'Big Data', 'Time Management', 'Adaptability']",11,3-5,Synthetic
SYN_0844,Frontend Developer,"['UI/UX Principles', 'CSS', 'Angular', 'Critical Thinking', 'Time Management', 'HTML', 'TypeScript', 'Webpack', 'Vue.js', 'Testing', 'Git']",11,5-8,Synthetic
SYN_0845,Frontend Developer,"['Communication', 'JavaScript', 'Angular', 'Teamwork', 'Next.js', 'Webpack', 'Testing', 'Tailwind CSS']",8,3-5,Synthetic
SYN_0846,Backend Developer,"['Microservices', 'Database Design', 'Java', 'Communication', 'Problem Solving', 'API Security', 'Redis', 'Time Management', 'REST APIs']",9,0-2,Synthetic
SYN_0847,Software Developer,"['Java', 'Algorithms', 'Time Management', 'REST APIs', 'Agile', 'Adaptability', 'Data Structures', 'Testing', 'Object-Oriented Programming', 'Teamwork']",10,8+,Synthetic
SYN_0848,Data Analyst,"['Data Warehousing', 'Data Visualization', 'Problem Solving', 'Communication', 'Excel', 'SQL', 'Tableau', 'Statistics', 'Critical Thinking', 'Business Intelligence', 'Power BI', 'Data Cleaning']",12,0-2,Synthetic
SYN_0849,Cybersecurity Analyst,"['Linux', 'Risk Assessment', 'ISO 27001', 'Python', 'Leadership', 'Communication', 'Network Security', 'Critical Thinking', 'Firewalls', 'Incident Response', 'Cryptography', 'Penetration Testing', 'Wireshark']",13,0-2,Synthetic
SYN_0850,Cloud Engineer,"['AWS', 'Networking', 'Serverless', 'Problem Solving', 'Communication', 'Python', 'Google Cloud', 'Monitoring', 'Teamwork', 'Terraform', 'Kubernetes', 'Infrastructure as Code', 'Docker']",13,3-5,Synthetic
SYN_0851,Cloud Engineer,"['AWS', 'Serverless', 'Networking', 'Linux', 'Communication', 'CI/CD', 'Python', 'Monitoring', 'Time Management', 'Terraform', 'Adaptability', 'Docker']",12,0-2,Synthetic
SYN_0852,Database Administrator,"['Sharding', 'Scripting', 'Linux', 'Problem Solving', 'Leadership', 'Performance Tuning', 'SQL', 'Query Optimization', 'MongoDB', 'PostgreSQL']",10,5-8,Synthetic
SYN_0853,UI/UX Designer,"['Photoshop', 'Communication', 'Illustrator', 'Visual Design', 'Time Management', 'Adobe XD', 'User Flows', 'Interaction Design', 'Information Architecture']",9,5-8,Synthetic
SYN_0854,Frontend Developer,"['UI/UX Principles', 'CSS', 'Communication', 'Leadership', 'Responsive Design', 'JavaScript', 'Angular', 'Webpack', 'HTML', 'REST APIs', 'Vue.js', 'Adaptability', 'Git']",13,3-5,Synthetic
SYN_0855,Frontend Developer,"['CSS', 'Responsive Design', 'JavaScript', 'Time Management', 'Webpack', 'TypeScript', 'Creativity', 'Testing', 'Git', 'React']",10,8+,Synthetic
SYN_0856,UI/UX Designer,"['Figma', 'Photoshop', 'Problem Solving', 'Communication', 'Sketch', 'Critical Thinking', 'Adobe XD', 'User Research', 'Interaction Design']",9,0-2,Synthetic
SYN_0857,UI/UX Designer,"['Leadership', 'Communication', 'Illustrator', 'Sketch', 'Adobe XD', 'Usability Testing', 'Adaptability', 'User Research', 'Design Systems', 'Visual Design', 'Accessibility', 'Interaction Design']",12,8+,Synthetic
SYN_0858,Network Engineer,"['Communication', 'Cisco', 'VLAN', 'Load Balancing', 'DHCP', 'Creativity', 'DNS', 'Teamwork', 'Wireshark']",9,5-8,Synthetic
SYN_0859,Mobile Developer,"['iOS', 'Java', 'Flutter', 'API Integration', 'Communication', 'Leadership', 'Git', 'Critical Thinking', 'REST APIs', 'App Store Deployment', 'React Native', 'UX Design']",12,3-5,Synthetic
SYN_0860,Frontend Developer,"['UI/UX Principles', 'CSS', 'Problem Solving', 'Leadership', 'JavaScript', 'REST APIs', 'TypeScript', 'Creativity', 'Vue.js', 'Testing', 'React']",11,5-8,Synthetic
SYN_0861,DevOps Engineer,"['AWS', 'Bash', 'Scripting', 'Linux', 'Leadership', 'Python', 'Jenkins', 'CI/CD', 'Terraform', 'Creativity', 'Adaptability', 'Grafana', 'Ansible']",13,0-2,Synthetic
SYN_0862,Software Developer,"['Debugging', 'Java', 'Python', 'Algorithms', 'JavaScript', 'SQL', 'Version Control', 'Time Management', 'Creativity', 'Testing', 'Object-Oriented Programming']",11,0-2,Synthetic
SYN_0863,Software Developer,"['Debugging', 'Linux', 'Leadership', 'Python', 'JavaScript', 'Version Control', 'REST APIs', 'Creativity', 'Agile', 'Git', 'Data Structures']",11,0-2,Synthetic
SYN_0864,Software Developer,"['Linux', 'Java', 'Algorithms', 'JavaScript', 'SQL', 'Critical Thinking', 'Time Management', 'REST APIs', 'Agile', 'Data Structures', 'Teamwork']",11,3-5,Synthetic
SYN_0865,IT Support Specialist,"['Networking Basics', 'Active Directory', 'Linux', 'Hardware', 'Windows', 'Leadership', 'Customer Service', 'Software Installation', 'Documentation', 'Troubleshooting', 'Teamwork']",11,3-5,Synthetic
SYN_0866,Cybersecurity Analyst,"['SIEM', 'Leadership', 'Critical Thinking', 'Firewalls', 'Incident Response', 'Security Audits', 'Penetration Testing', 'Teamwork', 'Wireshark']",9,0-2,Synthetic
SYN_0867,Cybersecurity Analyst,"['SIEM', 'Cryptography', 'Linux', 'Risk Assessment', 'ISO 27001', 'Network Security', 'Time Management', 'NIST', 'Incident Response', 'Security Audits', 'Adaptability', 'Teamwork']",12,3-5,Synthetic
SYN_0868,IT Support Specialist,"['Networking Basics', 'Linux', 'Hardware', 'Windows', 'Leadership', 'Remote Support', 'Ticketing Systems', 'Software Installation', 'Mobile Devices', 'Teamwork']",10,5-8,Synthetic
SYN_0869,Software Developer,"['Debugging', 'Linux', 'Leadership', 'Algorithms', 'JavaScript', 'SQL', 'Version Control', 'Documentation', 'REST APIs', 'Creativity', 'Agile', 'Adaptability', 'Testing']",13,3-5,Synthetic
SYN_0870,Backend Developer,"['Microservices', 'Node.js', 'Linux', 'Database Design', 'Problem Solving', 'Python', 'Redis', 'Time Management', 'REST APIs', 'MongoDB', 'Spring Boot', 'Docker']",12,0-2,Synthetic
SYN_0871,Frontend Developer,"['Communication', 'Responsive Design', 'Next.js', 'Webpack', 'Vue.js', 'Adaptability', 'Git', 'React']",8,3-5,Synthetic
SYN_0872,Network Engineer,"['Switching', 'Network Monitoring', 'Problem Solving', 'Cisco', 'Time Management', 'Load Balancing', 'Firewalls', 'DHCP', 'BGP', 'Creativity', 'DNS', 'VPN', 'Wireshark']",13,8+,Synthetic
SYN_0873,Cloud Engineer,"['Serverless', 'Problem Solving', 'Communication', 'Python', 'Azure', 'Monitoring', 'Adaptability', 'Kubernetes', 'Security', 'CloudFormation']",10,0-2,Synthetic
SYN_0874,Software Developer,"['Linux', 'Debugging', 'Java', 'Communication', 'Python', 'Algorithms', 'SQL', 'JavaScript', 'REST APIs', 'Agile', 'Object-Oriented Programming', 'Teamwork']",12,0-2,Synthetic
SYN_0875,Network Engineer,"['Network Monitoring', 'DNS', 'TCP/IP', 'VLAN', 'Network Security', 'Critical Thinking', 'Time Management', 'Load Balancing', 'DHCP', 'Adaptability', 'BGP', 'VPN', 'Wireshark']",13,5-8,Synthetic
SYN_0876,Product Manager,"['JIRA', 'Customer Discovery', 'Problem Solving', 'Communication', 'Leadership', 'Prioritization', 'Product Metrics', 'Time Management', 'Data Analysis', 'Scrum', 'Creativity', 'Agile', 'Stakeholder Management']",13,3-5,Synthetic
SYN_0877,Data Analyst,"['Data Cleaning', 'Problem Solving', 'Communication', 'Python', 'SQL', 'Tableau', 'Statistics', 'Reporting', 'Time Management', 'Critical Thinking', 'Power BI', 'Looker']",12,0-2,Synthetic
SYN_0878,Cloud Engineer,"['AWS', 'Serverless', 'Linux', 'Problem Solving', 'Python', 'Time Management', 'Terraform', 'Adaptability', 'Infrastructure as Code']",9,0-2,Synthetic
SYN_0879,IT Support Specialist,"['Active Directory', 'Linux', 'Hardware', 'Office 365', 'MacOS', 'Customer Service', 'Documentation', 'Troubleshooting', 'Mobile Devices', 'Creativity', 'Adaptability', 'Teamwork']",12,3-5,Synthetic
SYN_0880,Cybersecurity Analyst,"['Vulnerability Scanning', 'SIEM', 'Linux', 'Problem Solving', 'Leadership', 'Python', 'Network Security', 'Critical Thinking', 'Firewalls', 'Cryptography']",10,0-2,Synthetic
SYN_0881,Cloud Engineer,"['AWS', 'Networking', 'Problem Solving', 'Google Cloud', 'Azure', 'Creativity', 'CloudFormation', 'Infrastructure as Code', 'Docker']",9,0-2,Synthetic
SYN_0882,Network Engineer,"['Network Security', 'VLAN', 'TCP/IP', 'Time Management', 'DHCP', 'Adaptability', 'VPN', 'Wireshark']",8,3-5,Synthetic
SYN_0883,Full Stack Developer,"['Critical Thinking', 'Next.js', 'Teamwork', 'Express.js', 'REST APIs', 'TypeScript', 'Node.js', 'PostgreSQL', 'React']",9,0-2,Synthetic
SYN_0884,Cybersecurity Analyst,"['SIEM', 'Linux', 'Compliance', 'Risk Assessment', 'ISO 27001', 'Communication', 'Leadership', 'Firewalls', 'NIST', 'Penetration Testing', 'Teamwork', 'Wireshark']",12,3-5,Synthetic
SYN_0885,Network Engineer,"['Network Monitoring', 'Switching', 'Problem Solving', 'Leadership', 'Network Security', 'Load Balancing', 'DNS', 'VPN']",8,0-2,Synthetic
SYN_0886,Software Developer,"['Linux', 'Debugging', 'Problem Solving', 'Algorithms', 'JavaScript', 'REST APIs', 'Agile', 'Adaptability', 'Data Structures', 'Object-Oriented Programming']",10,0-2,Synthetic
SYN_0887,IT Support Specialist,"['Networking Basics', 'Active Directory', 'Hardware', 'Communication', 'Critical Thinking', 'Software Installation', 'Documentation', 'Troubleshooting']",8,5-8,Synthetic
SYN_0888,DevOps Engineer,"['AWS', 'Bash', 'Scripting', 'Problem Solving', 'Communication', 'Prometheus', 'Jenkins', 'Critical Thinking', 'Grafana', 'Docker']",10,3-5,Synthetic
SYN_0889,Mobile Developer,"['Java', 'Flutter', 'Kotlin', 'API Integration', 'Communication', 'Problem Solving', 'Firebase', 'App Store Deployment', 'Swift', 'Testing', 'Git', 'Teamwork']",12,0-2,Synthetic
SYN_0890,DevOps Engineer,"['Bash', 'Scripting', 'Leadership', 'Jenkins', 'Python', 'Time Management', 'Terraform', 'Adaptability', 'Git', 'Ansible']",10,0-2,Synthetic
SYN_0891,Cloud Engineer,"['AWS', 'Networking', 'Serverless', 'Linux', 'Leadership', 'Monitoring', 'Critical Thinking', 'Time Management', 'Terraform', 'Kubernetes']",10,3-5,Synthetic
SYN_0892,Cloud Engineer,"['Serverless', 'Python', 'CI/CD', 'Google Cloud', 'Azure', 'Terraform', 'Creativity', 'Kubernetes', 'Security', 'Teamwork', 'Docker']",11,5-8,Synthetic
SYN_0893,Backend Developer,"['Microservices', 'Django', 'Node.js', 'Java', 'Communication', 'SQL', 'Redis', 'Critical Thinking', 'REST APIs', 'Authentication', 'Creativity', 'Spring Boot']",12,3-5,Synthetic
SYN_0894,Software Developer,"['Debugging', 'Java', 'Communication', 'Algorithms', 'SQL', 'JavaScript', 'Version Control', 'REST APIs', 'Agile', 'Adaptability', 'Testing', 'Git', 'Teamwork']",13,5-8,Synthetic
SYN_0895,Software Developer,"['Java', 'Communication', 'Python', 'Algorithms', 'JavaScript', 'Documentation', 'REST APIs', 'Creativity', 'Agile', 'Testing', 'Git', 'Object-Oriented Programming']",12,3-5,Synthetic
SYN_0896,Network Engineer,"['Problem Solving', 'Routing', 'OSPF', 'Critical Thinking', 'Time Management', 'Firewalls', 'BGP', 'DNS', 'Wireshark']",9,0-2,Synthetic
SYN_0897,DevOps Engineer,"['AWS', 'Linux', 'Leadership', 'Jenkins', 'Python', 'CI/CD', 'Monitoring', 'Adaptability', 'Git', 'Teamwork', 'Docker']",11,5-8,Synthetic
SYN_0898,Frontend Developer,"['UI/UX Principles', 'CSS', 'Responsive Design', 'JavaScript', 'Angular', 'Teamwork', 'Time Management', 'Vue.js', 'Adaptability', 'Testing', 'React', 'Tailwind CSS']",12,8+,Synthetic
SYN_0899,Cybersecurity Analyst,"['Vulnerability Scanning', 'SIEM', 'Compliance', 'ISO 27001', 'Network Security', 'Time Management', 'Firewalls', 'NIST', 'Creativity', 'Cryptography', 'Penetration Testing', 'Wireshark']",12,3-5,Synthetic
SYN_0900,Cybersecurity Analyst,"['SIEM', 'Linux', 'Problem Solving', 'Risk Assessment', 'Python', 'Firewalls', 'NIST', 'Incident Response', 'Creativity', 'Penetration Testing', 'Wireshark']",11,3-5,Synthetic
SYN_0901,Software Developer,"['Java', 'Problem Solving', 'SQL', 'JavaScript', 'Version Control', 'Agile', 'Adaptability', 'Git', 'Data Structures']",9,3-5,Synthetic
SYN_0902,Product Manager,"['Roadmapping', 'Problem Solving', 'Leadership', 'Communication', 'Prioritization', 'Time Management', 'Data Analysis', 'Market Research', 'MVP', 'Product Strategy']",10,5-8,Synthetic
SYN_0903,Data Scientist,"['Pandas', 'NumPy', 'Leadership', 'Python', 'PyTorch', 'Big Data', 'Machine Learning', 'Adaptability']",8,3-5,Synthetic
SYN_0904,Backend Developer,"['Microservices', 'Django', 'Java', 'Database Design', 'Leadership', 'Communication', 'API Security', 'SQL', 'Time Management', 'Authentication', 'Spring Boot', 'Node.js', 'Docker']",13,3-5,Synthetic
SYN_0905,Software Developer,"['Debugging', 'Linux', 'Java', 'Leadership', 'Algorithms', 'SQL', 'Testing', 'Git', 'Data Structures', 'Teamwork']",10,0-2,Synthetic
SYN_0906,DevOps Engineer,"['AWS', 'Communication', 'Python', 'CI/CD', 'Monitoring', 'Docker', 'Adaptability', 'Creativity', 'Kubernetes', 'Grafana', 'Git', 'Ansible']",12,5-8,Synthetic
SYN_0907,Cybersecurity Analyst,"['SIEM', 'Vulnerability Scanning', 'ISO 27001', 'Python', 'Leadership', 'Time Management', 'Firewalls', 'Security Audits', 'Adaptability', 'Penetration Testing']",10,0-2,Synthetic
SYN_0908,Cloud Engineer,"['AWS', 'Linux', 'Python', 'Google Cloud', 'Azure', 'Time Management', 'Terraform', 'Kubernetes', 'Security', 'Teamwork', 'CloudFormation']",11,5-8,Synthetic
SYN_0909,Backend Developer,"['Linux', 'Problem Solving', 'Python', 'SQL', 'API Security', 'Critical Thinking', 'REST APIs', 'Authentication', 'MongoDB', 'Spring Boot']",10,3-5,Synthetic
SYN_0910,Network Engineer,"['Switching', 'Leadership', 'Routing', 'OSPF', 'Cisco', 'Network Security', 'Load Balancing', 'DHCP', 'Firewalls', 'BGP', 'Adaptability', 'DNS']",12,8+,Synthetic
SYN_0911,Full Stack Developer,"['JavaScript', 'Teamwork', 'Next.js', 'Time Management', 'Express.js', 'REST APIs', 'MongoDB', 'Node.js', 'PostgreSQL', 'React', 'Tailwind CSS']",11,0-2,Synthetic
SYN_0912,Cybersecurity Analyst,"['Vulnerability Scanning', 'SIEM', 'Linux', 'Network Security', 'Time Management', 'NIST', 'Adaptability', 'Penetration Testing']",8,5-8,Synthetic
SYN_0913,Product Manager,"['Roadmapping', 'JIRA', 'Communication', 'Prioritization', 'Data Analysis', 'Market Research', 'Agile', 'Creativity', 'Teamwork']",9,3-5,Synthetic
SYN_0914,DevOps Engineer,"['Bash', 'Scripting', 'Communication', 'Jenkins', 'Prometheus', 'Monitoring', 'Critical Thinking', 'Git']",8,3-5,Synthetic
SYN_0915,Cloud Engineer,"['AWS', 'Serverless', 'Leadership', 'CI/CD', 'Google Cloud', 'Azure', 'Adaptability', 'Kubernetes', 'Infrastructure as Code', 'CloudFormation']",10,8+,Synthetic
SYN_0916,Backend Developer,"['Microservices', 'Django', 'Linux', 'Problem Solving', 'Critical Thinking', 'Authentication', 'REST APIs', 'Spring Boot', 'MongoDB', 'Node.js']",10,0-2,Synthetic
SYN_0917,Software Developer,"['Java', 'JavaScript', 'Critical Thinking', 'Version Control', 'REST APIs', 'Adaptability', 'Testing', 'Data Structures', 'Teamwork']",9,0-2,Synthetic
SYN_0918,Frontend Developer,"['UI/UX Principles', 'Problem Solving', 'Leadership', 'JavaScript', 'Angular', 'Next.js', 'TypeScript', 'React', 'Creativity', 'Vue.js', 'Testing', 'Git', 'Tailwind CSS']",13,3-5,Synthetic
SYN_0919,Software Developer,"['Debugging', 'Linux', 'Java', 'Problem Solving', 'Communication', 'SQL', 'Version Control', 'Documentation', 'Agile', 'Git', 'Teamwork']",11,3-5,Synthetic
SYN_0920,Frontend Developer,"['UI/UX Principles', 'Responsive Design', 'Time Management', 'Webpack', 'HTML', 'REST APIs', 'Creativity', 'Vue.js', 'Adaptability', 'Tailwind CSS']",10,3-5,Synthetic
SYN_0921,Backend Developer,"['Linux', 'Java', 'Problem Solving', 'SQL', 'API Security', 'Authentication', 'Spring Boot', 'REST APIs', 'MongoDB', 'Adaptability', 'Node.js', 'Teamwork']",12,3-5,Synthetic
SYN_0922,Software Developer,"['Linux', 'Debugging', 'Leadership', 'Python', 'Algorithms', 'SQL', 'JavaScript', 'Version Control', 'Creativity', 'Adaptability', 'Data Structures', 'Testing', 'Object-Oriented Programming']",13,3-5,Synthetic
SYN_0923,Cloud Engineer,"['Serverless', 'Leadership', 'CI/CD', 'Python', 'Communication', 'Monitoring', 'Azure', 'Teamwork', 'Security', 'Infrastructure as Code', 'Docker']",11,0-2,Synthetic
SYN_0924,Frontend Developer,"['CSS', 'Communication', 'Responsive Design', 'Next.js', 'Time Management', 'HTML', 'TypeScript', 'REST APIs', 'Vue.js']",9,0-2,Synthetic
SYN_0925,UI/UX Designer,"['Photoshop', 'Prototyping', 'Problem Solving', 'Sketch', 'Visual Design', 'User Flows', 'Time Management', 'Adobe XD', 'Design Systems', 'Interaction Design']",10,0-2,Synthetic
SYN_0926,Backend Developer,"['Database Design', 'Python', 'API Security', 'Redis', 'Creativity', 'MongoDB', 'Adaptability', 'Node.js']",8,3-5,Synthetic
SYN_0927,Network Engineer,"['Switching', 'Network Monitoring', 'TCP/IP', 'OSPF', 'Time Management', 'Load Balancing', 'Firewalls', 'Creativity', 'DNS', 'Teamwork']",10,3-5,Synthetic
SYN_0928,Cybersecurity Analyst,"['SIEM', 'Linux', 'Cryptography', 'Compliance', 'Communication', 'Problem Solving', 'Firewalls', 'NIST', 'Incident Response', 'Security Audits']",10,5-8,Synthetic
SYN_0929,Frontend Developer,"['Problem Solving', 'Responsive Design', 'JavaScript', 'Angular', 'Critical Thinking', 'Time Management', 'Webpack', 'Vue.js', 'Testing', 'Git', 'React']",11,5-8,Synthetic
SYN_0930,Software Developer,"['Debugging', 'Linux', 'Problem Solving', 'Leadership', 'SQL', 'Agile', 'Adaptability', 'Testing', 'Git']",9,0-2,Synthetic
SYN_0931,Backend Developer,"['Django', 'Linux', 'Java', 'Problem Solving', 'Python', 'API Security', 'Redis', 'Authentication', 'MongoDB', 'Spring Boot', 'Teamwork', 'Docker']",12,0-2,Synthetic
SYN_0932,Database Administrator,"['Sharding', 'Replication', 'Scripting', 'Database Design', 'High Availability', 'Monitoring', 'MySQL', 'Database Security', 'Time Management', 'Query Optimization', 'Adaptability', 'PostgreSQL']",12,5-8,Synthetic
SYN_0933,Data Scientist,"['A/B Testing', 'Pandas', 'NumPy', 'Problem Solving', 'Python', 'Spark', 'SQL', 'Tableau', 'Big Data', 'Machine Learning', 'Teamwork']",11,5-8,Synthetic
SYN_0934,Mobile Developer,"['Android', 'Testing', 'Communication', 'Time Management', 'Firebase', 'Mobile UI', 'Git', 'UX Design']",8,0-2,Synthetic
SYN_0935,Mobile Developer,"['iOS', 'Java', 'Testing', 'Firebase', 'Creativity', 'Adaptability', 'Mobile UI', 'Teamwork', 'UX Design']",9,0-2,Synthetic
SYN_0936,Cloud Engineer,"['Serverless', 'CI/CD', 'Azure', 'Teamwork', 'Time Management', 'Terraform', 'CloudFormation', 'Infrastructure as Code', 'Docker']",9,0-2,Synthetic
SYN_0937,IT Support Specialist,"['Active Directory', 'Hardware', 'Printers', 'Remote Support', 'MacOS', 'Customer Service', 'Ticketing Systems', 'Time Management', 'Mobile Devices', 'Creativity']",10,0-2,Synthetic
SYN_0938,Data Scientist,"['Data Visualization', 'Pandas', 'NumPy', 'Leadership', 'PyTorch', 'Spark', 'Big Data', 'Machine Learning', 'Time Management', 'Adaptability', 'TensorFlow']",11,3-5,Synthetic
SYN_0939,Data Analyst,"['Data Cleaning', 'Problem Solving', 'Communication', 'Python', 'Statistics', 'Reporting', 'Time Management', 'ETL', 'Business Intelligence', 'Power BI', 'Adaptability', 'Looker']",12,3-5,Synthetic
SYN_0940,Data Scientist,"['Data Visualization', 'Scikit-learn', 'Python', 'Deep Learning', 'Statistics', 'Time Management', 'Critical Thinking', 'TensorFlow', 'Teamwork']",9,3-5,Synthetic
SYN_0941,Software Developer,"['Debugging', 'Communication', 'Leadership', 'Algorithms', 'JavaScript', 'Critical Thinking', 'Version Control', 'Documentation', 'Agile', 'Git', 'Data Structures']",11,0-2,Synthetic
SYN_0942,QA Tester,"['API Testing', 'JIRA', 'Regression Testing', 'SQL', 'Critical Thinking', 'Selenium', 'Postman', 'Agile Testing', 'Creativity', 'Bug Tracking', 'Git', 'Cypress']",12,3-5,Synthetic
SYN_0943,Backend Developer,"['Microservices', 'Django', 'Node.js', 'Python', 'Redis', 'Critical Thinking', 'Spring Boot', 'Teamwork']",8,3-5,Synthetic
SYN_0944,Frontend Developer,"['CSS', 'Critical Thinking', 'Webpack', 'HTML', 'TypeScript', 'Adaptability', 'Git', 'React']",8,5-8,Synthetic
SYN_0945,Data Analyst,"['Problem Solving', 'Python', 'Statistics', 'Reporting', 'Critical Thinking', 'Creativity', 'Business Intelligence', 'Power BI', 'Data Cleaning']",9,3-5,Synthetic
SYN_0946,Software Developer,"['Debugging', 'Linux', 'Java', 'Communication', 'Python', 'Algorithms', 'JavaScript', 'Version Control', 'Time Management', 'Documentation', 'Adaptability', 'Data Structures', 'Object-Oriented Programming']",13,0-2,Synthetic
SYN_0947,Network Engineer,"['Switching', 'Communication', 'Routing', 'VLAN', 'Critical Thinking', 'DHCP', 'Firewalls', 'VPN', 'Teamwork', 'Wireshark']",10,0-2,Synthetic
SYN_0948,Data Scientist,"['A/B Testing', 'Pandas', 'Leadership', 'PyTorch', 'SQL', 'Tableau', 'Spark', 'Deep Learning', 'Machine Learning', 'Creativity', 'Adaptability', 'TensorFlow']",12,3-5,Synthetic
SYN_0949,DevOps Engineer,"['AWS', 'Bash', 'Problem Solving', 'Python', 'Creativity', 'Adaptability', 'Grafana', 'Git', 'Ansible']",9,8+,Synthetic
SYN_0950,Frontend Developer,"['UI/UX Principles', 'CSS', 'Communication', 'Problem Solving', 'Responsive Design', 'Angular', 'Critical Thinking', 'REST APIs', 'React', 'Testing', 'Git', 'Tailwind CSS']",12,3-5,Synthetic
SYN_0951,Software Developer,"['Debugging', 'Linux', 'Python', 'Critical Thinking', 'Version Control', 'REST APIs', 'Object-Oriented Programming', 'Agile', 'Adaptability', 'Testing', 'Data Structures']",11,0-2,Synthetic
SYN_0952,Frontend Developer,"['UI/UX Principles', 'Communication', 'Angular', 'Next.js', 'Webpack', 'Vue.js', 'Adaptability', 'Git', 'Teamwork']",9,5-8,Synthetic
SYN_0953,Data Scientist,"['A/B Testing', 'Data Visualization', 'NumPy', 'Python', 'SQL', 'Spark', 'Deep Learning', 'Machine Learning', 'Creativity', 'Teamwork']",10,3-5,Synthetic
SYN_0954,IT Support Specialist,"['Windows', 'Communication', 'Remote Support', 'Customer Service', 'Ticketing Systems', 'Critical Thinking', 'Software Installation', 'Troubleshooting', 'Mobile Devices', 'Creativity']",10,3-5,Synthetic
SYN_0955,Software Developer,"['Debugging', 'Linux', 'Java', 'Problem Solving', 'Python', 'SQL', 'JavaScript', 'Version Control', 'Time Management', 'Teamwork']",10,3-5,Synthetic
SYN_0956,Software Developer,"['Java', 'Leadership', 'Python', 'Algorithms', 'Critical Thinking', 'Time Management', 'Documentation', 'Testing', 'Object-Oriented Programming']",9,3-5,Synthetic
SYN_0957,Backend Developer,"['Microservices', 'Node.js', 'Linux', 'Database Design', 'Leadership', 'Python', 'API Security', 'MongoDB', 'Adaptability', 'Spring Boot']",10,5-8,Synthetic
SYN_0958,Software Developer,"['Linux', 'Debugging', 'Java', 'Communication', 'Python', 'SQL', 'JavaScript', 'Time Management', 'Adaptability', 'Testing', 'Git', 'Data Structures']",12,8+,Synthetic
SYN_0959,Full Stack Developer,"['Leadership', 'Python', 'Teamwork', 'HTML/CSS', 'REST APIs', 'Creativity', 'MongoDB', 'Node.js', 'PostgreSQL', 'Tailwind CSS']",10,8+,Synthetic
SYN_0960,Frontend Developer,"['Responsive Design', 'JavaScript', 'Critical Thinking', 'Time Management', 'HTML', 'Webpack', 'Vue.js', 'Git', 'React']",9,3-5,Synthetic
SYN_0961,Data Analyst,"['Data Warehousing', 'Data Visualization', 'Problem Solving', 'Python', 'Tableau', 'Critical Thinking', 'Power BI', 'Adaptability']",8,0-2,Synthetic
SYN_0962,DevOps Engineer,"['AWS', 'Bash', 'Linux', 'Jenkins', 'Prometheus', 'CI/CD', 'Adaptability', 'Creativity', 'Kubernetes', 'Grafana', 'Teamwork', 'Ansible']",12,3-5,Synthetic
SYN_0963,IT Support Specialist,"['Linux', 'Hardware', 'Windows', 'Problem Solving', 'MacOS', 'Customer Service', 'Ticketing Systems', 'Critical Thinking', 'Mobile Devices']",9,0-2,Synthetic
SYN_0964,DevOps Engineer,"['Scripting', 'Communication', 'Jenkins', 'Python', 'CI/CD', 'Prometheus', 'Critical Thinking', 'Terraform', 'Adaptability', 'Grafana', 'Git']",11,0-2,Synthetic
SYN_0965,Cloud Engineer,"['Networking', 'Problem Solving', 'Leadership', 'CI/CD', 'Google Cloud', 'Monitoring', 'Terraform', 'Kubernetes', 'Security']",9,3-5,Synthetic
SYN_0966,UI/UX Designer,"['Figma', 'User Flows', 'Adobe XD', 'Adaptability', 'User Research', 'Creativity', 'Design Systems', 'Visual Design', 'Accessibility', 'Interaction Design', 'Teamwork']",11,0-2,Synthetic
SYN_0967,Product Manager,"['Roadmapping', 'JIRA', 'Problem Solving', 'Leadership', 'Communication', 'Product Metrics', 'User Research', 'Market Research', 'Creativity', 'MVP']",10,0-2,Synthetic
SYN_0968,Database Administrator,"['Replication', 'Scripting', 'Linux', 'Performance Tuning', 'Monitoring', 'SQL', 'Backup Recovery', 'Query Optimization', 'Adaptability', 'PostgreSQL', 'Teamwork']",11,0-2,Synthetic
SYN_0969,Product Manager,"['Roadmapping', 'JIRA', 'Problem Solving', 'Communication', 'Critical Thinking', 'Time Management', 'Data Analysis', 'User Research', 'Scrum', 'MVP', 'Stakeholder Management']",11,3-5,Synthetic
SYN_0970,Cybersecurity Analyst,"['SIEM', 'Compliance', 'Risk Assessment', 'ISO 27001', 'Problem Solving', 'Network Security', 'Critical Thinking', 'Firewalls', 'Creativity', 'Penetration Testing']",10,0-2,Synthetic
SYN_0971,UI/UX Designer,"['Wireframing', 'Figma', 'Leadership', 'Illustrator', 'Critical Thinking', 'Usability Testing', 'User Research', 'Design Systems', 'User Flows', 'Accessibility']",10,3-5,Synthetic
SYN_0972,Database Administrator,"['Scripting', 'Linux', 'Leadership', 'Monitoring', 'PostgreSQL', 'Critical Thinking', 'MySQL', 'Time Management', 'Database Security']",9,0-2,Synthetic
SYN_0973,Network Engineer,"['Leadership', 'Routing', 'Network Security', 'Cisco', 'VLAN', 'Load Balancing', 'Creativity', 'DNS', 'Teamwork', 'Wireshark']",10,8+,Synthetic
SYN_0974,Network Engineer,"['Network Monitoring', 'OSPF', 'Cisco', 'VLAN', 'Time Management', 'Load Balancing', 'Firewalls', 'Adaptability', 'DNS']",9,5-8,Synthetic
SYN_0975,Software Developer,"['Linux', 'Debugging', 'Java', 'Algorithms', 'Time Management', 'REST APIs', 'Creativity', 'Agile', 'Git', 'Teamwork']",10,3-5,Synthetic
SYN_0976,UI/UX Designer,"['Figma', 'Prototyping', 'Problem Solving', 'Illustrator', 'Sketch', 'Design Systems', 'Interaction Design', 'Accessibility', 'Information Architecture', 'Teamwork']",10,3-5,Synthetic
SYN_0977,Cybersecurity Analyst,"['Vulnerability Scanning', 'SIEM', 'Linux', 'Compliance', 'ISO 27001', 'Python', 'Risk Assessment', 'Critical Thinking', 'Firewalls', 'Adaptability', 'Penetration Testing']",11,0-2,Synthetic
SYN_0978,Frontend Developer,"['CSS', 'Problem Solving', 'Communication', 'Responsive Design', 'JavaScript', 'Angular', 'Time Management', 'REST APIs', 'Webpack', 'Vue.js', 'Testing', 'Git', 'Tailwind CSS']",13,0-2,Synthetic
SYN_0979,DevOps Engineer,"['Bash', 'Communication', 'CI/CD', 'Python', 'Jenkins', 'Monitoring', 'Docker', 'Creativity', 'Grafana', 'Teamwork', 'Ansible']",11,3-5,Synthetic
SYN_0980,Data Analyst,"['Data Warehousing', 'Communication', 'Python', 'Leadership', 'Statistics', 'Critical Thinking', 'Business Intelligence', 'Looker']",8,3-5,Synthetic
SYN_0981,DevOps Engineer,"['AWS', 'Bash', 'Scripting', 'Linux', 'Leadership', 'Python', 'Jenkins', 'Monitoring', 'Creativity', 'Adaptability', 'Grafana', 'Git']",12,0-2,Synthetic
SYN_0982,Cybersecurity Analyst,"['SIEM', 'Linux', 'Compliance', 'Risk Assessment', 'Network Security', 'Firewalls', 'NIST', 'Creativity', 'Cryptography', 'Teamwork']",10,0-2,Synthetic
SYN_0983,Product Manager,"['Leadership', 'Communication', 'Prioritization', 'Time Management', 'Data Analysis', 'User Research', 'Market Research', 'Stakeholder Management']",8,3-5,Synthetic
SYN_0984,Cloud Engineer,"['AWS', 'Linux', 'Communication', 'CI/CD', 'Azure', 'Time Management', 'Terraform', 'Adaptability', 'Kubernetes', 'Infrastructure as Code', 'CloudFormation']",11,3-5,Synthetic
SYN_0985,Frontend Developer,"['CSS', 'Problem Solving', 'Communication', 'Responsive Design', 'JavaScript', 'Angular', 'Critical Thinking', 'Next.js', 'HTML', 'Tailwind CSS']",10,3-5,Synthetic
SYN_0986,Product Manager,"['Roadmapping', 'Leadership', 'Time Management', 'Adaptability', 'User Research', 'Market Research', 'Agile', 'Product Strategy', 'Creativity', 'MVP', 'Stakeholder Management']",11,0-2,Synthetic
SYN_0987,Software Developer,"['Linux', 'SQL', 'Time Management', 'REST APIs', 'Object-Oriented Programming', 'Agile', 'Adaptability', 'Testing', 'Git', 'Data Structures']",10,0-2,Synthetic
SYN_0988,Network Engineer,"['Network Monitoring', 'Leadership', 'Routing', 'Network Security', 'TCP/IP', 'Cisco', 'VLAN', 'DHCP', 'Firewalls', 'Creativity', 'BGP', 'Wireshark']",12,5-8,Synthetic
SYN_0989,Frontend Developer,"['Problem Solving', 'JavaScript', 'Teamwork', 'Next.js', 'TypeScript', 'React', 'Vue.js', 'Git', 'Tailwind CSS']",9,0-2,Synthetic
SYN_0990,Database Administrator,"['Replication', 'Linux', 'Database Design', 'Problem Solving', 'Communication', 'High Availability', 'Performance Tuning', 'SQL', 'Backup Recovery', 'Query Optimization', 'PostgreSQL']",11,5-8,Synthetic
SYN_0991,Software Developer,"['Debugging', 'Communication', 'Python', 'Critical Thinking', 'Version Control', 'REST APIs', 'Object-Oriented Programming', 'Git', 'Data Structures']",9,5-8,Synthetic
SYN_0992,Product Manager,"['Roadmapping', 'Customer Discovery', 'Stakeholder Management', 'Leadership', 'Prioritization', 'Critical Thinking', 'Data Analysis', 'Product Strategy']",8,8+,Synthetic
SYN_0993,Cloud Engineer,"['Linux', 'Leadership', 'CI/CD', 'Communication', 'Google Cloud', 'Monitoring', 'Azure', 'Terraform', 'Adaptability', 'Kubernetes', 'Security', 'Infrastructure as Code', 'Docker']",13,8+,Synthetic
SYN_0994,Database Administrator,"['Leadership', 'Performance Tuning', 'Critical Thinking', 'MySQL', 'Backup Recovery', 'Query Optimization', 'MongoDB', 'Adaptability', 'Database Security']",9,0-2,Synthetic
SYN_0995,Cybersecurity Analyst,"['Vulnerability Scanning', 'SIEM', 'Compliance', 'Risk Assessment', 'ISO 27001', 'Python', 'Leadership', 'Network Security', 'Time Management', 'Incident Response', 'Security Audits', 'Penetration Testing']",12,8+,Synthetic
SYN_0996,Frontend Developer,"['UI/UX Principles', 'CSS', 'Leadership', 'Responsive Design', 'Critical Thinking', 'REST APIs', 'Creativity', 'Vue.js', 'Testing', 'Git', 'React', 'Tailwind CSS']",12,0-2,Synthetic
SYN_0997,Data Analyst,"['Data Warehousing', 'Data Visualization', 'Problem Solving', 'Communication', 'Leadership', 'Tableau', 'Statistics', 'Critical Thinking', 'ETL', 'Power BI', 'Looker']",11,0-2,Synthetic
SYN_0998,Frontend Developer,"['Problem Solving', 'Responsive Design', 'Angular', 'Critical Thinking', 'HTML', 'Webpack', 'REST APIs', 'React', 'Vue.js', 'Adaptability', 'Testing', 'Git', 'Tailwind CSS']",13,8+,Synthetic
SYN_0999,Data Scientist,"['A/B Testing', 'Pandas', 'Data Visualization', 'Scikit-learn', 'Python', 'Spark', 'Tableau', 'Statistics', 'Critical Thinking', 'Adaptability', 'TensorFlow']",11,8+,Synthetic
SYN_1000,Data Scientist,"['A/B Testing', 'Pandas', 'NumPy', 'Leadership', 'Python', 'PyTorch', 'Spark', 'Deep Learning', 'Big Data', 'Machine Learning', 'Time Management', 'Adaptability', 'TensorFlow']",13,3-5,Synthetic
SYN_1001,Cloud Engineer,"['AWS', 'Serverless', 'Linux', 'Problem Solving', 'Leadership', 'Python', 'Time Management', 'Infrastructure as Code', 'CloudFormation']",9,5-8,Synthetic
SYN_1002,DevOps Engineer,"['Scripting', 'Linux', 'Communication', 'Jenkins', 'CI/CD', 'Python', 'Monitoring', 'Critical Thinking', 'Terraform', 'Creativity', 'Kubernetes', 'Grafana', 'Docker']",13,3-5,Synthetic
SYN_1003,Software Developer,"['Debugging', 'Leadership', 'Algorithms', 'JavaScript', 'SQL', 'Documentation', 'REST APIs', 'Agile', 'Testing', 'Git', 'Teamwork']",11,5-8,Synthetic
SYN_1004,Backend Developer,"['Linux', 'Database Design', 'Python', 'API Security', 'Redis', 'SQL', 'Time Management', 'Critical Thinking', 'Authentication', 'REST APIs', 'Docker']",11,3-5,Synthetic
SYN_1005,Data Analyst,"['Data Visualization', 'Problem Solving', 'Communication', 'SQL', 'Critical Thinking', 'ETL', 'Creativity', 'Business Intelligence', 'Power BI', 'Adaptability']",10,0-2,Synthetic
SYN_1006,Full Stack Developer,"['Leadership', 'Python', 'SQL', 'JavaScript', 'Teamwork', 'TypeScript', 'MongoDB', 'Tailwind CSS']",8,3-5,Synthetic
SYN_1007,Software Developer,"['Java', 'Python', 'JavaScript', 'SQL', 'Critical Thinking', 'Version Control', 'Time Management', 'REST APIs', 'Agile', 'Git', 'Object-Oriented Programming']",11,0-2,Synthetic
SYN_1008,DevOps Engineer,"['Leadership', 'Monitoring', 'Time Management', 'Terraform', 'Docker', 'Adaptability', 'Grafana', 'Git', 'Ansible']",9,3-5,Synthetic
SYN_1009,Frontend Developer,"['UI/UX Principles', 'JavaScript', 'Angular', 'Critical Thinking', 'Next.js', 'Time Management', 'REST APIs', 'HTML', 'Testing', 'Git', 'Teamwork']",11,0-2,Synthetic
SYN_1010,Data Analyst,"['Data Warehousing', 'Leadership', 'Python', 'Communication', 'SQL', 'Tableau', 'Reporting', 'ETL', 'Creativity', 'Power BI']",10,0-2,Synthetic
SYN_1011,Full Stack Developer,"['Leadership', 'Python', 'SQL', 'Next.js', 'Express.js', 'REST APIs', 'TypeScript', 'React', 'Creativity', 'PostgreSQL', 'Tailwind CSS', 'Docker']",12,0-2,Synthetic
SYN_1012,Software Developer,"['Problem Solving', 'Algorithms', 'JavaScript', 'Documentation', 'REST APIs', 'Agile', 'Adaptability', 'Testing', 'Data Structures']",9,8+,Synthetic
SYN_1013,Mobile Developer,"['iOS', 'Android', 'Java', 'Kotlin', 'Flutter', 'API Integration', 'Time Management', 'Firebase', 'Swift', 'Mobile UI', 'React Native', 'Teamwork']",12,5-8,Synthetic
SYN_1014,QA Tester,"['API Testing', 'Problem Solving', 'Manual Testing', 'Regression Testing', 'Communication', 'SQL', 'Selenium', 'Agile Testing', 'Creativity', 'Bug Tracking', 'Performance Testing', 'Cypress']",12,5-8,Synthetic
SYN_1015,Cloud Engineer,"['Serverless', 'Linux', 'CI/CD', 'Terraform', 'Adaptability', 'Kubernetes', 'Teamwork', 'Docker']",8,8+,Synthetic
SYN_1016,UI/UX Designer,"['Figma', 'Prototyping', 'Illustrator', 'Sketch', 'Visual Design', 'Adobe XD', 'Creativity', 'Interaction Design', 'Adaptability', 'Information Architecture']",10,3-5,Synthetic
SYN_1017,Data Analyst,"['Data Visualization', 'Problem Solving', 'Python', 'Excel', 'SQL', 'Critical Thinking', 'Reporting', 'Time Management', 'ETL', 'Data Cleaning']",10,8+,Synthetic
SYN_1018,Cloud Engineer,"['AWS', 'Networking', 'Leadership', 'CI/CD', 'Monitoring', 'Critical Thinking', 'Time Management', 'Docker', 'Security', 'CloudFormation']",10,0-2,Synthetic
SYN_1019,Mobile Developer,"['Android', 'Java', 'Flutter', 'Kotlin', 'Leadership', 'REST APIs', 'App Store Deployment', 'Swift', 'Testing', 'React Native', 'Teamwork']",11,0-2,Synthetic
SYN_1020,Frontend Developer,"['UI/UX Principles', 'Responsive Design', 'Critical Thinking', 'Time Management', 'Webpack', 'TypeScript', 'HTML', 'Creativity', 'Vue.js', 'Git', 'React']",11,3-5,Synthetic
SYN_1021,Cloud Engineer,"['AWS', 'Serverless', 'Networking', 'Azure', 'Time Management', 'Terraform', 'Creativity', 'Security', 'Infrastructure as Code', 'Docker']",10,5-8,Synthetic
SYN_1022,Database Administrator,"['Replication', 'Scripting', 'Leadership', 'Performance Tuning', 'MySQL', 'Query Optimization', 'Creativity', 'PostgreSQL']",8,3-5,Synthetic
SYN_1023,Software Developer,"['Linux', 'Debugging', 'Java', 'Problem Solving', 'JavaScript', 'SQL', 'Critical Thinking', 'Version Control', 'Documentation', 'Object-Oriented Programming', 'Adaptability', 'Git', 'Data Structures']",13,3-5,Synthetic
SYN_1024,Software Developer,"['Debugging', 'Linux', 'Java', 'Leadership', 'Python', 'SQL', 'JavaScript', 'Version Control', 'REST APIs', 'Creativity', 'Git', 'Object-Oriented Programming', 'Teamwork']",13,5-8,Synthetic
SYN_1025,Frontend Developer,"['UI/UX Principles', 'Problem Solving', 'Responsive Design', 'JavaScript', 'Angular', 'HTML', 'TypeScript', 'Creativity', 'React']",9,0-2,Synthetic
SYN_1026,Cloud Engineer,"['AWS', 'Problem Solving', 'Python', 'CI/CD', 'Azure', 'Critical Thinking', 'Terraform', 'Creativity', 'Kubernetes']",9,5-8,Synthetic
SYN_1027,Data Analyst,"['Problem Solving', 'Communication', 'Leadership', 'Excel', 'SQL', 'Statistics', 'ETL', 'Business Intelligence', 'Power BI', 'Looker', 'Data Cleaning', 'Teamwork']",12,8+,Synthetic
SYN_1028,Frontend Developer,"['UI/UX Principles', 'Communication', 'Next.js', 'Time Management', 'REST APIs', 'HTML', 'Creativity', 'React', 'Tailwind CSS']",9,5-8,Synthetic
SYN_1029,Backend Developer,"['Microservices', 'Django', 'Java', 'Database Design', 'Communication', 'Python', 'API Security', 'Redis', 'Time Management', 'Authentication', 'REST APIs', 'Adaptability', 'Docker']",13,3-5,Synthetic
SYN_1030,UI/UX Designer,"['Prototyping', 'Photoshop', 'Leadership', 'Problem Solving', 'Visual Design', 'User Research', 'Creativity', 'User Flows', 'Accessibility', 'Interaction Design']",10,3-5,Synthetic
SYN_1031,Backend Developer,"['Microservices', 'Django', 'Java', 'API Security', 'Critical Thinking', 'REST APIs', 'Adaptability', 'Spring Boot']",8,8+,Synthetic
SYN_1032,IT Support Specialist,"['Linux', 'Hardware', 'Windows', 'Printers', 'Office 365', 'Remote Support', 'Communication', 'MacOS', 'Customer Service', 'Ticketing Systems', 'Critical Thinking', 'Documentation']",12,0-2,Synthetic
SYN_1033,UI/UX Designer,"['Prototyping', 'Photoshop', 'Problem Solving', 'Illustrator', 'Visual Design', 'Adobe XD', 'User Research', 'Design Systems', 'Interaction Design', 'Adaptability']",10,3-5,Synthetic
SYN_1034,Backend Developer,"['Microservices', 'Django', 'Database Design', 'Problem Solving', 'Python', 'SQL', 'API Security', 'REST APIs', 'Authentication', 'Creativity', 'MongoDB', 'Docker']",12,5-8,Synthetic
SYN_1035,Database Administrator,"['Sharding', 'Scripting', 'Linux', 'Problem Solving', 'Performance Tuning', 'Monitoring', 'MySQL', 'Creativity', 'MongoDB', 'Database Security']",10,8+,Synthetic
SYN_1036,Frontend Developer,"['Communication', 'Critical Thinking', 'Next.js', 'HTML', 'TypeScript', 'Vue.js', 'Testing', 'Tailwind CSS']",8,3-5,Synthetic
SYN_1037,DevOps Engineer,"['Scripting', 'Problem Solving', 'Leadership', 'Python', 'Jenkins', 'Critical Thinking', 'Terraform', 'Grafana', 'Git', 'Docker']",10,3-5,Synthetic
SYN_1038,Data Scientist,"['Data Visualization', 'Pandas', 'NumPy', 'Scikit-learn', 'Leadership', 'Python', 'PyTorch', 'Communication', 'Tableau', 'Deep Learning', 'Big Data', 'TensorFlow']",12,3-5,Synthetic
SYN_1039,Cybersecurity Analyst,"['SIEM', 'Linux', 'Compliance', 'ISO 27001', 'Python', 'Problem Solving', 'Leadership', 'Firewalls', 'NIST', 'Cryptography', 'Adaptability', 'Wireshark']",12,0-2,Synthetic
SYN_1040,Backend Developer,"['Microservices', 'Django', 'Database Design', 'Java', 'Communication', 'Problem Solving', 'Adaptability', 'Node.js', 'Docker']",9,0-2,Synthetic
SYN_1041,Software Developer,"['Linux', 'Java', 'Leadership', 'Python', 'Algorithms', 'JavaScript', 'SQL', 'Time Management', 'REST APIs', 'Agile', 'Git', 'Object-Oriented Programming']",12,0-2,Synthetic
SYN_1042,Software Developer,"['Debugging', 'Linux', 'Algorithms', 'JavaScript', 'Version Control', 'Time Management', 'Documentation', 'Agile', 'Testing', 'Git', 'Data Structures', 'Teamwork']",12,3-5,Synthetic
SYN_1043,Full Stack Developer,"['Problem Solving', 'Communication', 'Python', 'JavaScript', 'SQL', 'Critical Thinking', 'Express.js', 'Git', 'Tailwind CSS', 'Docker']",10,3-5,Synthetic
SYN_1044,Cybersecurity Analyst,"['Vulnerability Scanning', 'Cryptography', 'Compliance', 'ISO 27001', 'Python', 'Network Security', 'Critical Thinking', 'Time Management', 'Incident Response', 'Security Audits', 'Wireshark']",11,3-5,Synthetic
SYN_1045,Frontend Developer,"['CSS', 'Problem Solving', 'Communication', 'Responsive Design', 'JavaScript', 'Angular', 'Critical Thinking', 'Webpack', 'REST APIs', 'TypeScript', 'Vue.js', 'Testing', 'React']",13,0-2,Synthetic
SYN_1046,Cybersecurity Analyst,"['Vulnerability Scanning', 'Problem Solving', 'ISO 27001', 'Python', 'Network Security', 'Firewalls', 'NIST', 'Incident Response', 'Security Audits', 'Penetration Testing', 'Teamwork']",11,5-8,Synthetic
SYN_1047,Product Manager,"['Roadmapping', 'Leadership', 'Communication', 'Prioritization', 'Time Management', 'Data Analysis', 'Market Research', 'Scrum', 'MVP', 'Teamwork']",10,0-2,Synthetic
SYN_1048,Product Manager,"['JIRA', 'Leadership', 'Prioritization', 'Product Metrics', 'Time Management', 'Data Analysis', 'Scrum', 'Market Research', 'Agile', 'MVP', 'Teamwork']",11,3-5,Synthetic
SYN_1049,Data Scientist,"['Scikit-learn', 'PyTorch', 'Spark', 'Tableau', 'Statistics', 'Big Data', 'Machine Learning', 'SQL', 'Critical Thinking', 'Time Management', 'TensorFlow']",11,5-8,Synthetic
SYN_1050,Network Engineer,"['Switching', 'Communication', 'Network Security', 'OSPF', 'Cisco', 'Firewalls', 'DHCP', 'Adaptability', 'BGP', 'VPN', 'Teamwork', 'Wireshark']",12,3-5,Synthetic
SYN_1051,Cloud Engineer,"['AWS', 'Linux', 'Communication', 'CI/CD', 'Python', 'Azure', 'Time Management', 'Adaptability', 'Infrastructure as Code', 'Docker']",10,5-8,Synthetic
SYN_1052,DevOps Engineer,"['AWS', 'Jenkins', 'Python', 'CI/CD', 'Prometheus', 'Time Management', 'Terraform', 'Docker', 'Adaptability', 'Git', 'Ansible']",11,3-5,Synthetic
SYN_1053,Cybersecurity Analyst,"['Vulnerability Scanning', 'SIEM', 'Linux', 'Problem Solving', 'Communication', 'Python', 'Network Security', 'Creativity', 'Penetration Testing']",9,3-5,Synthetic
SYN_1054,Backend Developer,"['Microservices', 'Database Design', 'Python', 'API Security', 'Redis', 'SQL', 'Time Management', 'Critical Thinking', 'Creativity', 'Spring Boot', 'Docker']",11,0-2,Synthetic
SYN_1055,Cloud Engineer,"['Networking', 'Linux', 'Leadership', 'Monitoring', 'Azure', 'Teamwork', 'Terraform', 'Kubernetes', 'Infrastructure as Code']",9,0-2,Synthetic
SYN_1056,Software Developer,"['Linux', 'Debugging', 'Communication', 'Python', 'SQL', 'JavaScript', 'Version Control', 'Time Management', 'Documentation', 'REST APIs', 'Agile', 'Object-Oriented Programming']",12,5-8,Synthetic
SYN_1057,DevOps Engineer,"['Scripting', 'Linux', 'Python', 'CI/CD', 'Prometheus', 'Monitoring', 'Time Management', 'Creativity', 'Teamwork', 'Docker']",10,3-5,Synthetic
SYN_1058,Software Developer,"['Java', 'Python', 'Algorithms', 'REST APIs', 'Creativity', 'Adaptability', 'Data Structures', 'Testing', 'Git', 'Object-Oriented Programming']",10,3-5,Synthetic
SYN_1059,Data Analyst,"['Data Warehousing', 'Data Visualization', 'Problem Solving', 'Communication', 'Tableau', 'Statistics', 'Reporting', 'ETL', 'Creativity', 'Business Intelligence', 'Adaptability', 'Teamwork']",12,0-2,Synthetic
SYN_1060,Frontend Developer,"['Leadership', 'Communication', 'JavaScript', 'Next.js', 'Webpack', 'HTML', 'REST APIs', 'React', 'Vue.js', 'Testing', 'Git', 'Tailwind CSS']",12,0-2,Synthetic
SYN_1061,Database Administrator,"['Scripting', 'Linux', 'Monitoring', 'SQL', 'Critical Thinking', 'Backup Recovery', 'Creativity', 'Adaptability', 'Database Security']",9,3-5,Synthetic
SYN_1062,Cloud Engineer,"['Problem Solving', 'Communication', 'CI/CD', 'Leadership', 'Monitoring', 'Google Cloud', 'Azure', 'Kubernetes', 'Infrastructure as Code', 'CloudFormation']",10,0-2,Synthetic
SYN_1063,DevOps Engineer,"['AWS', 'Scripting', 'Leadership', 'Python', 'Jenkins', 'Communication', 'Time Management', 'Terraform', 'Grafana', 'Git']",10,5-8,Synthetic
SYN_1064,UI/UX Designer,"['Figma', 'Wireframing', 'Photoshop', 'Leadership', 'Sketch', 'Time Management', 'Adobe XD', 'Visual Design', 'Adaptability', 'Interaction Design']",10,0-2,Synthetic
SYN_1065,Data Analyst,"['Problem Solving', 'Communication', 'Python', 'SQL', 'Time Management', 'ETL', 'Business Intelligence', 'Data Cleaning']",8,8+,Synthetic
SYN_1066,DevOps Engineer,"['AWS', 'Bash', 'Scripting', 'Python', 'CI/CD', 'Jenkins', 'Critical Thinking', 'Creativity', 'Grafana', 'Git', 'Docker']",11,3-5,Synthetic
SYN_1067,Software Developer,"['Linux', 'Java', 'Algorithms', 'JavaScript', 'Critical Thinking', 'REST APIs', 'Creativity', 'Agile', 'Adaptability', 'Git', 'Object-Oriented Programming']",11,3-5,Synthetic
SYN_1068,DevOps Engineer,"['Bash', 'Problem Solving', 'Communication', 'Jenkins', 'Python', 'Terraform', 'Docker', 'Git', 'Ansible']",9,3-5,Synthetic
SYN_1069,Product Manager,"['Customer Discovery', 'Problem Solving', 'Leadership', 'Communication', 'Data Analysis', 'Market Research', 'Agile', 'Adaptability', 'MVP', 'Stakeholder Management']",10,5-8,Synthetic
SYN_1070,Backend Developer,"['Linux', 'Java', 'SQL', 'API Security', 'Redis', 'Time Management', 'REST APIs', 'Spring Boot', 'MongoDB', 'Node.js', 'Teamwork', 'Docker']",12,0-2,Synthetic
SYN_1071,Cloud Engineer,"['Networking', 'Serverless', 'Linux', 'Problem Solving', 'Python', 'Azure', 'Monitoring', 'Terraform', 'Creativity', 'Kubernetes', 'Security']",11,5-8,Synthetic
SYN_1072,Product Manager,"['Customer Discovery', 'Leadership', 'Communication', 'Product Metrics', 'Time Management', 'Agile', 'Data Analysis', 'User Research', 'Market Research', 'Scrum', 'MVP', 'Stakeholder Management', 'Teamwork']",13,0-2,Synthetic
SYN_1073,Cybersecurity Analyst,"['Vulnerability Scanning', 'Compliance', 'Risk Assessment', 'Problem Solving', 'Leadership', 'Network Security', 'NIST', 'Incident Response', 'Cryptography', 'Adaptability', 'Wireshark']",11,0-2,Synthetic
SYN_1074,UI/UX Designer,"['Figma', 'Wireframing', 'Prototyping', 'Sketch', 'Design Systems', 'Adobe XD', 'Adaptability', 'Usability Testing', 'Accessibility', 'Teamwork']",10,8+,Synthetic
SYN_1075,Data Scientist,"['A/B Testing', 'NumPy', 'Scikit-learn', 'Problem Solving', 'PyTorch', 'Python', 'Spark', 'SQL', 'Big Data', 'Machine Learning', 'Time Management']",11,8+,Synthetic
SYN_1076,Product Manager,"['Roadmapping', 'JIRA', 'Stakeholder Management', 'Communication', 'Leadership', 'Product Metrics', 'Critical Thinking', 'Data Analysis', 'Product Strategy']",9,0-2,Synthetic
SYN_1077,Software Developer,"['Communication', 'Python', 'Version Control', 'REST APIs', 'Object-Oriented Programming', 'Creativity', 'Agile', 'Git', 'Data Structures', 'Teamwork']",10,3-5,Synthetic
SYN_1078,Frontend Developer,"['CSS', 'Communication', 'Angular', 'Teamwork', 'REST APIs', 'Webpack', 'TypeScript', 'HTML', 'Git', 'Tailwind CSS']",10,3-5,Synthetic
SYN_1079,Backend Developer,"['Microservices', 'Django', 'Linux', 'Java', 'SQL', 'Redis', 'Critical Thinking', 'Time Management', 'Authentication', 'MongoDB', 'Spring Boot']",11,8+,Synthetic
SYN_1080,Software Developer,"['Debugging', 'Problem Solving', 'Python', 'SQL', 'JavaScript', 'Critical Thinking', 'Version Control', 'REST APIs', 'Creativity', 'Agile', 'Git', 'Object-Oriented Programming']",12,0-2,Synthetic
SYN_1081,Software Developer,"['Problem Solving', 'Communication', 'Python', 'Algorithms', 'Version Control', 'Documentation', 'Agile', 'Testing', 'Git', 'Data Structures']",10,0-2,Synthetic
SYN_1082,Software Developer,"['Algorithms', 'JavaScript', 'SQL', 'Critical Thinking', 'Version Control', 'Documentation', 'Data Structures', 'Testing', 'Git', 'Object-Oriented Programming', 'Teamwork']",11,3-5,Synthetic
SYN_1083,Cloud Engineer,"['AWS', 'Serverless', 'Python', 'Monitoring', 'Azure', 'Teamwork', 'Critical Thinking', 'Terraform', 'Infrastructure as Code', 'Docker']",10,0-2,Synthetic
SYN_1084,Frontend Developer,"['Problem Solving', 'Leadership', 'Responsive Design', 'Next.js', 'Webpack', 'HTML', 'TypeScript', 'Testing', 'Git', 'Tailwind CSS']",10,5-8,Synthetic
SYN_1085,Data Analyst,"['Data Cleaning', 'Data Visualization', 'Problem Solving', 'Communication', 'Python', 'Excel', 'Leadership', 'SQL', 'Critical Thinking', 'Time Management', 'ETL', 'Business Intelligence', 'Looker']",13,0-2,Synthetic
SYN_1086,Backend Developer,"['Microservices', 'Linux', 'Java', 'Database Design', 'Communication', 'Python', 'API Security', 'Redis', 'Spring Boot', 'Creativity', 'Node.js', 'Docker']",12,3-5,Synthetic
SYN_1087,Cloud Engineer,"['AWS', 'Serverless', 'Networking', 'Problem Solving', 'Python', 'Google Cloud', 'Azure', 'Critical Thinking', 'Terraform', 'Security', 'CloudFormation', 'Docker']",12,0-2,Synthetic
SYN_1088,Data Analyst,"['Data Warehousing', 'Data Visualization', 'Problem Solving', 'Communication', 'Python', 'Statistics', 'Reporting', 'Critical Thinking', 'Business Intelligence', 'Adaptability', 'Looker', 'Data Cleaning']",12,0-2,Synthetic
SYN_1089,Backend Developer,"['Microservices', 'Linux', 'Java', 'Database Design', 'Time Management', 'Authentication', 'Creativity', 'MongoDB', 'Spring Boot']",9,5-8,Synthetic
SYN_1090,Network Engineer,"['Network Monitoring', 'Switching', 'Leadership', 'Routing', 'TCP/IP', 'Network Security', 'Critical Thinking', 'Load Balancing', 'Firewalls', 'DNS', 'Teamwork', 'Wireshark']",12,3-5,Synthetic
SYN_1091,IT Support Specialist,"['Linux', 'Active Directory', 'Hardware', 'Windows', 'Printers', 'Communication', 'Ticketing Systems', 'Time Management', 'Mobile Devices', 'Teamwork']",10,3-5,Synthetic
SYN_1092,Product Manager,"['JIRA', 'Customer Discovery', 'Communication', 'Leadership', 'Prioritization', 'Product Metrics', 'Time Management', 'User Research', 'Market Research', 'Agile', 'Creativity']",11,3-5,Synthetic
SYN_1093,Backend Developer,"['Microservices', 'Django', 'Java', 'Database Design', 'Communication', 'Python', 'API Security', 'SQL', 'Time Management', 'Authentication', 'Teamwork']",11,5-8,Synthetic
SYN_1094,Cybersecurity Analyst,"['SIEM', 'Linux', 'Compliance', 'Risk Assessment', 'Python', 'Network Security', 'Firewalls', 'NIST', 'Incident Response', 'Cryptography', 'Adaptability', 'Creativity']",12,3-5,Synthetic
SYN_1095,Network Engineer,"['Switching', 'Leadership', 'TCP/IP', 'VLAN', 'Critical Thinking', 'Load Balancing', 'Creativity', 'BGP', 'DNS', 'VPN', 'Wireshark']",11,8+,Synthetic
SYN_1096,Cloud Engineer,"['AWS', 'Serverless', 'CI/CD', 'Python', 'Monitoring', 'Google Cloud', 'Critical Thinking', 'Adaptability', 'CloudFormation']",9,0-2,Synthetic
SYN_1097,Software Developer,"['Linux', 'Debugging', 'Problem Solving', 'Algorithms', 'JavaScript', 'Version Control', 'Documentation', 'Adaptability', 'Testing', 'Git', 'Object-Oriented Programming']",11,0-2,Synthetic
SYN_1098,UI/UX Designer,"['Wireframing', 'Communication', 'Illustrator', 'Critical Thinking', 'Adobe XD', 'User Research', 'Design Systems', 'User Flows', 'Adaptability']",9,0-2,Synthetic
SYN_1099,Data Scientist,"['Data Visualization', 'Communication', 'Python', 'Spark', 'Tableau', 'Deep Learning', 'Machine Learning', 'Adaptability', 'TensorFlow']",9,3-5,Synthetic
SYN_1100,Cybersecurity Analyst,"['Vulnerability Scanning', 'Compliance', 'Risk Assessment', 'Network Security', 'Critical Thinking', 'NIST', 'Creativity', 'Cryptography', 'Penetration Testing', 'Teamwork', 'Wireshark']",11,3-5,Synthetic
SYN_1101,Data Analyst,"['Data Warehousing', 'Data Visualization', 'Problem Solving', 'Leadership', 'Excel', 'SQL', 'Statistics', 'Time Management', 'Business Intelligence', 'Data Cleaning']",10,3-5,Synthetic
SYN_1102,Backend Developer,"['Database Design', 'Java', 'Python', 'Redis', 'Critical Thinking', 'REST APIs', 'Authentication', 'Adaptability', 'Teamwork']",9,0-2,Synthetic
SYN_1103,Database Administrator,"['Replication', 'Linux', 'Scripting', 'Database Design', 'Problem Solving', 'Communication', 'PostgreSQL', 'Backup Recovery', 'Time Management', 'Database Security']",10,5-8,Synthetic
SYN_1104,Database Administrator,"['Sharding', 'Replication', 'Leadership', 'High Availability', 'Performance Tuning', 'SQL', 'Backup Recovery', 'Database Security', 'Time Management', 'MongoDB', 'PostgreSQL', 'Teamwork']",12,0-2,Synthetic
SYN_1105,Backend Developer,"['Microservices', 'Java', 'Communication', 'Python', 'API Security', 'SQL', 'Time Management', 'Authentication', 'REST APIs']",9,0-2,Synthetic
SYN_1106,Cybersecurity Analyst,"['Compliance', 'Risk Assessment', 'ISO 27001', 'Python', 'Communication', 'Firewalls', 'Creativity', 'Incident Response', 'Teamwork']",9,5-8,Synthetic
SYN_1107,Data Scientist,"['Data Visualization', 'NumPy', 'Problem Solving', 'Python', 'Spark', 'Tableau', 'SQL', 'Time Management', 'Machine Learning']",9,0-2,Synthetic
SYN_1108,Cybersecurity Analyst,"['SIEM', 'Linux', 'Risk Assessment', 'ISO 27001', 'Critical Thinking', 'Firewalls', 'NIST', 'Creativity', 'Cryptography', 'Penetration Testing', 'Teamwork']",11,8+,Synthetic
SYN_1109,Product Manager,"['Roadmapping', 'Customer Discovery', 'Communication', 'Leadership', 'Scrum', 'User Research', 'Agile', 'MVP']",8,3-5,Synthetic
SYN_1110,Frontend Developer,"['UI/UX Principles', 'CSS', 'Problem Solving', 'Responsive Design', 'Angular', 'Time Management', 'REST APIs', 'TypeScript', 'HTML', 'Testing', 'Tailwind CSS']",11,5-8,Synthetic
SYN_1111,Data Analyst,"['Data Visualization', 'Problem Solving', 'Communication', 'Excel', 'SQL', 'Tableau', 'Reporting', 'ETL', 'Creativity', 'Business Intelligence', 'Power BI', 'Looker']",12,3-5,Synthetic
SYN_1112,Backend Developer,"['Django', 'Communication', 'Redis', 'Authentication', 'REST APIs', 'MongoDB', 'Teamwork', 'Docker']",8,0-2,Synthetic
SYN_1113,Network Engineer,"['Network Monitoring', 'Routing', 'OSPF', 'VLAN', 'TCP/IP', 'Cisco', 'Critical Thinking', 'Firewalls', 'Creativity', 'BGP', 'DNS', 'Teamwork', 'Wireshark']",13,0-2,Synthetic
SYN_1114,Frontend Developer,"['UI/UX Principles', 'CSS', 'Responsive Design', 'JavaScript', 'Angular', 'Next.js', 'Time Management', 'React', 'Creativity', 'Vue.js', 'Adaptability', 'Testing', 'Tailwind CSS']",13,3-5,Synthetic
SYN_1115,Software Developer,"['Problem Solving', 'Algorithms', 'SQL', 'Version Control', 'Documentation', 'REST APIs', 'Git', 'Teamwork']",8,8+,Synthetic
SYN_1116,Network Engineer,"['Switching', 'OSPF', 'Cisco', 'VLAN', 'Time Management', 'Critical Thinking', 'Firewalls', 'DNS', 'Wireshark']",9,0-2,Synthetic
SYN_1117,DevOps Engineer,"['AWS', 'Linux', 'Problem Solving', 'Jenkins', 'Prometheus', 'Terraform', 'Creativity', 'Kubernetes', 'Docker']",9,0-2,Synthetic
SYN_1118,DevOps Engineer,"['AWS', 'Linux', 'Problem Solving', 'CI/CD', 'Prometheus', 'Critical Thinking', 'Terraform', 'Grafana', 'Git', 'Docker']",10,8+,Synthetic
SYN_1119,Mobile Developer,"['Java', 'Testing', 'API Integration', 'Leadership', 'Firebase', 'App Store Deployment', 'Creativity', 'Adaptability', 'Mobile UI', 'React Native']",10,3-5,Synthetic
SYN_1120,UI/UX Designer,"['Figma', 'Photoshop', 'Prototyping', 'Illustrator', 'Visual Design', 'Critical Thinking', 'Time Management', 'Design Systems', 'Interaction Design', 'Information Architecture']",10,3-5,Synthetic
SYN_1121,Software Developer,"['Leadership', 'Communication', 'Algorithms', 'SQL', 'JavaScript', 'Critical Thinking', 'Version Control', 'Documentation', 'REST APIs', 'Agile', 'Testing', 'Git', 'Data Structures']",13,0-2,Synthetic
SYN_1122,Data Analyst,"['Data Warehousing', 'Data Cleaning', 'Data Visualization', 'Communication', 'Python', 'Excel', 'SQL', 'Reporting', 'Creativity', 'Looker', 'Teamwork']",11,0-2,Synthetic
SYN_1123,Data Scientist,"['Data Visualization', 'Pandas', 'NumPy', 'Python', 'Spark', 'Tableau', 'Big Data', 'Time Management', 'Adaptability', 'TensorFlow', 'Teamwork']",11,3-5,Synthetic
SYN_1124,Mobile Developer,"['iOS', 'Kotlin', 'Flutter', 'Leadership', 'Problem Solving', 'Firebase', 'REST APIs', 'Swift', 'Mobile UI', 'React Native', 'Teamwork']",11,8+,Synthetic
SYN_1125,Data Analyst,"['Data Warehousing', 'Problem Solving', 'Communication', 'Python', 'Leadership', 'Tableau', 'Reporting', 'Business Intelligence', 'Adaptability']",9,3-5,Synthetic
SYN_1126,Database Administrator,"['Sharding', 'Linux', 'Leadership', 'High Availability', 'Critical Thinking', 'Backup Recovery', 'Query Optimization', 'PostgreSQL', 'Teamwork']",9,8+,Synthetic
SYN_1127,Data Analyst,"['Data Warehousing', 'Data Cleaning', 'Problem Solving', 'Python', 'Excel', 'SQL', 'Statistics', 'Time Management', 'ETL', 'Creativity', 'Business Intelligence', 'Power BI', 'Looker']",13,3-5,Synthetic
SYN_1128,Data Analyst,"['Data Warehousing', 'Problem Solving', 'Communication', 'Python', 'Reporting', 'ETL', 'Power BI', 'Adaptability', 'Looker', 'Teamwork']",10,3-5,Synthetic
SYN_1129,Software Developer,"['Linux', 'Java', 'Python', 'JavaScript', 'Critical Thinking', 'Version Control', 'Time Management', 'Agile', 'Data Structures', 'Git', 'Object-Oriented Programming', 'Teamwork']",12,3-5,Synthetic
SYN_1130,Data Analyst,"['Problem Solving', 'Communication', 'Python', 'SQL', 'Tableau', 'Reporting', 'Time Management', 'Business Intelligence', 'Power BI', 'Adaptability']",10,3-5,Synthetic
SYN_1131,Cybersecurity Analyst,"['SIEM', 'ISO 27001', 'Python', 'Communication', 'Critical Thinking', 'Security Audits', 'Firewalls', 'NIST', 'Cryptography', 'Adaptability', 'Wireshark']",11,5-8,Synthetic
SYN_1132,Frontend Developer,"['UI/UX Principles', 'Problem Solving', 'Leadership', 'Responsive Design', 'Next.js', 'HTML', 'React', 'Vue.js', 'Adaptability', 'Tailwind CSS']",10,3-5,Synthetic
SYN_1133,Data Analyst,"['Data Visualization', 'Problem Solving', 'Leadership', 'Excel', 'SQL', 'Tableau', 'ETL', 'Power BI', 'Adaptability', 'Looker']",10,0-2,Synthetic
SYN_1134,Data Scientist,"['A/B Testing', 'Pandas', 'Scikit-learn', 'PyTorch', 'Tableau', 'Deep Learning', 'Critical Thinking', 'Adaptability']",8,8+,Synthetic
SYN_1135,DevOps Engineer,"['Bash', 'Scripting', 'Prometheus', 'CI/CD', 'Python', 'Time Management', 'Creativity', 'Grafana', 'Git', 'Docker']",10,5-8,Synthetic
SYN_1136,Frontend Developer,"['UI/UX Principles', 'CSS', 'Communication', 'Leadership', 'Problem Solving', 'Responsive Design', 'JavaScript', 'Next.js', 'Webpack', 'TypeScript', 'Vue.js', 'Git', 'Tailwind CSS']",13,0-2,Synthetic
SYN_1137,Software Developer,"['Debugging', 'Java', 'Problem Solving', 'JavaScript', 'SQL', 'Documentation', 'REST APIs', 'Creativity', 'Agile', 'Adaptability', 'Git', 'Data Structures']",12,0-2,Synthetic
SYN_1138,Software Developer,"['Debugging', 'Leadership', 'JavaScript', 'Version Control', 'Documentation', 'REST APIs', 'Agile', 'Adaptability', 'Testing', 'Git', 'Object-Oriented Programming']",11,0-2,Synthetic
SYN_1139,Network Engineer,"['Switching', 'Leadership', 'Routing', 'VLAN', 'Cisco', 'Time Management', 'Load Balancing', 'Firewalls', 'Adaptability', 'VPN', 'Wireshark']",11,0-2,Synthetic
SYN_1140,Cloud Engineer,"['Networking', 'Serverless', 'Problem Solving', 'Monitoring', 'Terraform', 'Creativity', 'Security', 'Infrastructure as Code', 'CloudFormation']",9,0-2,Synthetic
SYN_1141,Cloud Engineer,"['Networking', 'Serverless', 'Linux', 'Problem Solving', 'Python', 'CI/CD', 'Google Cloud', 'Monitoring', 'Teamwork', 'Terraform', 'Adaptability', 'Kubernetes', 'Infrastructure as Code']",13,5-8,Synthetic
SYN_1142,Network Engineer,"['Network Monitoring', 'Switching', 'Problem Solving', 'VLAN', 'Time Management', 'Firewalls', 'DHCP', 'DNS', 'Wireshark']",9,8+,Synthetic
SYN_1143,Data Analyst,"['Data Visualization', 'Communication', 'Python', 'SQL', 'Tableau', 'Critical Thinking', 'Time Management', 'Business Intelligence', 'Adaptability', 'Looker', 'Data Cleaning']",11,3-5,Synthetic
SYN_1144,Frontend Developer,"['CSS', 'Problem Solving', 'Responsive Design', 'Angular', 'Next.js', 'HTML', 'REST APIs', 'Adaptability', 'Git', 'Teamwork']",10,0-2,Synthetic
SYN_1145,Product Manager,"['Roadmapping', 'JIRA', 'Problem Solving', 'Leadership', 'User Research', 'Market Research', 'Scrum']",7,5-8,Synthetic
SYN_1146,Software Developer,"['Python', 'Algorithms', 'JavaScript', 'Critical Thinking', 'Version Control', 'Time Management', 'Documentation', 'REST APIs', 'Testing', 'Data Structures', 'Teamwork']",11,5-8,Synthetic
SYN_1147,UI/UX Designer,"['Wireframing', 'Photoshop', 'Sketch', 'Time Management', 'Adobe XD', 'Usability Testing', 'User Research', 'Design Systems', 'Interaction Design', 'Accessibility', 'Information Architecture', 'Teamwork']",12,0-2,Synthetic
SYN_1148,Software Developer,"['Linux', 'Debugging', 'Java', 'Leadership', 'Algorithms', 'Critical Thinking', 'Time Management', 'REST APIs', 'Agile', 'Data Structures', 'Testing', 'Object-Oriented Programming']",12,3-5,Synthetic
SYN_1149,UI/UX Designer,"['Figma', 'Prototyping', 'Time Management', 'Adobe XD', 'Usability Testing', 'Creativity', 'Design Systems', 'Information Architecture']",8,0-2,Synthetic
SYN_1150,Backend Developer,"['Microservices', 'Django', 'Java', 'Problem Solving', 'Python', 'SQL', 'API Security', 'Redis', 'MongoDB', 'Spring Boot', 'Teamwork', 'Docker']",12,0-2,Synthetic
SYN_1151,Software Developer,"['Debugging', 'Java', 'Leadership', 'JavaScript', 'Version Control', 'Documentation', 'REST APIs', 'Testing', 'Git', 'Teamwork']",10,3-5,Synthetic
SYN_1152,Product Manager,"['JIRA', 'Customer Discovery', 'Communication', 'Prioritization', 'Agile', 'User Research', 'Scrum', 'MVP', 'Product Strategy', 'Teamwork']",10,0-2,Synthetic
SYN_1153,Frontend Developer,"['UI/UX Principles', 'CSS', 'Leadership', 'Problem Solving', 'Responsive Design', 'JavaScript', 'Angular', 'Webpack', 'HTML', 'REST APIs', 'TypeScript', 'Tailwind CSS']",12,8+,Synthetic
SYN_1154,Product Manager,"['Roadmapping', 'Customer Discovery', 'Stakeholder Management', 'Communication', 'Leadership', 'Product Metrics', 'Time Management', 'Creativity', 'Scrum', 'Adaptability', 'Product Strategy']",11,8+,Synthetic
SYN_1155,Cloud Engineer,"['Serverless', 'Python', 'CI/CD', 'Google Cloud', 'Monitoring', 'Terraform', 'Adaptability', 'CloudFormation', 'Teamwork', 'Docker']",10,3-5,Synthetic
SYN_1156,Backend Developer,"['Microservices', 'Django', 'Communication', 'API Security', 'Redis', 'Authentication', 'Adaptability', 'Docker']",8,0-2,Synthetic
SYN_1157,Frontend Developer,"['UI/UX Principles', 'CSS', 'Responsive Design', 'Angular', 'Teamwork', 'Next.js', 'HTML', 'TypeScript', 'Adaptability', 'Tailwind CSS']",10,5-8,Synthetic
SYN_1158,Database Administrator,"['Linux', 'Problem Solving', 'Leadership', 'High Availability', 'Backup Recovery', 'Database Security', 'Query Optimization', 'Adaptability', 'PostgreSQL']",9,5-8,Synthetic
SYN_1159,DevOps Engineer,"['AWS', 'Scripting', 'Jenkins', 'Monitoring', 'Docker', 'Creativity', 'Teamwork', 'Ansible']",8,5-8,Synthetic
SYN_1160,Network Engineer,"['Network Monitoring', 'Problem Solving', 'Routing', 'TCP/IP', 'VLAN', 'Cisco', 'Critical Thinking', 'DHCP', 'Adaptability', 'BGP', 'VPN', 'Wireshark']",12,8+,Synthetic
SYN_1161,Full Stack Developer,"['Leadership', 'Python', 'Critical Thinking', 'Next.js', 'HTML/CSS', 'Express.js', 'Node.js', 'PostgreSQL', 'React']",9,3-5,Synthetic
SYN_1162,DevOps Engineer,"['Python', 'Prometheus', 'Jenkins', 'CI/CD', 'Critical Thinking', 'Adaptability', 'Ansible', 'Git', 'Docker']",9,3-5,Synthetic
SYN_1163,Frontend Developer,"['CSS', 'Problem Solving', 'JavaScript', 'Angular', 'Next.js', 'Time Management', 'REST APIs', 'TypeScript', 'Vue.js', 'Git', 'React']",11,8+,Synthetic
SYN_1164,Frontend Developer,"['CSS', 'Communication', 'Problem Solving', 'Responsive Design', 'HTML', 'Webpack', 'TypeScript', 'Creativity', 'Git', 'Tailwind CSS']",10,0-2,Synthetic
SYN_1165,IT Support Specialist,"['Networking Basics', 'Linux', 'Windows', 'Printers', 'Office 365', 'Remote Support', 'Customer Service', 'Time Management', 'Software Installation', 'Troubleshooting', 'Mobile Devices', 'Creativity', 'Teamwork']",13,3-5,Synthetic
SYN_1166,Data Analyst,"['Data Warehousing', 'Communication', 'Python', 'Excel', 'Tableau', 'ETL', 'Creativity', 'Business Intelligence', 'Power BI', 'Looker']",10,0-2,Synthetic
SYN_1167,IT Support Specialist,"['Networking Basics', 'Linux', 'Active Directory', 'Hardware', 'Windows', 'Remote Support', 'MacOS', 'Ticketing Systems', 'Time Management', 'Software Installation', 'Critical Thinking', 'Troubleshooting', 'Teamwork']",13,0-2,Synthetic
SYN_1168,Database Administrator,"['Sharding', 'Scripting', 'Leadership', 'High Availability', 'Performance Tuning', 'SQL', 'MySQL', 'Database Security', 'Time Management', 'PostgreSQL']",10,0-2,Synthetic
SYN_1169,Data Analyst,"['Data Warehousing', 'Data Visualization', 'Problem Solving', 'Communication', 'Excel', 'Reporting', 'ETL', 'Creativity', 'Looker']",9,0-2,Synthetic
SYN_1170,Data Analyst,"['Data Warehousing', 'Data Visualization', 'Leadership', 'Tableau', 'Statistics', 'Time Management', 'Business Intelligence', 'Power BI', 'Adaptability']",9,3-5,Synthetic
SYN_1171,Software Developer,"['Debugging', 'Linux', 'Leadership', 'Algorithms', 'JavaScript', 'Version Control', 'Time Management', 'Documentation', 'Object-Oriented Programming', 'Git', 'Data Structures', 'Teamwork']",12,8+,Synthetic
SYN_1172,Data Analyst,"['Data Visualization', 'Problem Solving', 'Communication', 'Leadership', 'Excel', 'Tableau', 'Critical Thinking', 'Reporting', 'Adaptability', 'Data Cleaning']",10,8+,Synthetic
SYN_1173,Database Administrator,"['Replication', 'Scripting', 'Communication', 'SQL', 'Backup Recovery', 'Query Optimization', 'MongoDB', 'Adaptability', 'PostgreSQL', 'Teamwork']",10,0-2,Synthetic
SYN_1174,Frontend Developer,"['UI/UX Principles', 'CSS', 'Problem Solving', 'Leadership', 'Responsive Design', 'JavaScript', 'Next.js', 'HTML', 'Webpack', 'REST APIs', 'Git', 'Tailwind CSS']",12,3-5,Synthetic
SYN_1175,Data Analyst,"['Data Warehousing', 'Data Visualization', 'Excel', 'SQL', 'Tableau', 'Critical Thinking', 'Reporting', 'ETL', 'Creativity', 'Business Intelligence', 'Power BI']",11,8+,Synthetic
SYN_1176,Backend Developer,"['Linux', 'Java', 'Python', 'API Security', 'Redis', 'Time Management', 'Authentication', 'REST APIs', 'Teamwork', 'Docker']",10,3-5,Synthetic
SYN_1177,Backend Developer,"['Django', 'Node.js', 'Linux', 'Leadership', 'Critical Thinking', 'Authentication', 'Creativity', 'MongoDB', 'Spring Boot']",9,3-5,Synthetic
SYN_1178,Full Stack Developer,"['Problem Solving', 'Communication', 'Python', 'SQL', 'JavaScript', 'HTML/CSS', 'Next.js', 'REST APIs', 'TypeScript', 'Adaptability', 'Node.js', 'Tailwind CSS', 'Docker']",13,0-2,Synthetic
SYN_1179,Database Administrator,"['Sharding', 'Scripting', 'Linux', 'Leadership', 'High Availability', 'SQL', 'Backup Recovery', 'Query Optimization', 'Creativity', 'Database Security']",10,3-5,Synthetic
SYN_1180,UI/UX Designer,"['Figma', 'Photoshop', 'Prototyping', 'Problem Solving', 'Communication', 'Illustrator', 'Sketch', 'Time Management', 'Adobe XD', 'Visual Design', 'Accessibility', 'Interaction Design']",12,8+,Synthetic
SYN_1181,Data Analyst,"['Problem Solving', 'Communication', 'Excel', 'SQL', 'Statistics', 'Reporting', 'Critical Thinking', 'ETL', 'Power BI', 'Adaptability', 'Data Cleaning']",11,0-2,Synthetic
SYN_1182,Data Scientist,"['Pandas', 'NumPy', 'Scikit-learn', 'Spark', 'Tableau', 'Deep Learning', 'Big Data', 'Machine Learning', 'Statistics', 'Creativity', 'Adaptability', 'TensorFlow', 'Teamwork']",13,0-2,Synthetic
SYN_1183,UI/UX Designer,"['Figma', 'Photoshop', 'Prototyping', 'Communication', 'Illustrator', 'Visual Design', 'Adobe XD', 'Usability Testing', 'Creativity', 'Design Systems', 'User Flows', 'Interaction Design']",12,3-5,Synthetic
SYN_1184,Network Engineer,"['Switching', 'Network Security', 'OSPF', 'VLAN', 'Time Management', 'Critical Thinking', 'Load Balancing', 'DHCP', 'DNS', 'VPN']",10,5-8,Synthetic
SYN_1185,Software Developer,"['Debugging', 'Java', 'Problem Solving', 'Python', 'JavaScript', 'Version Control', 'REST APIs', 'Creativity', 'Agile', 'Object-Oriented Programming']",10,3-5,Synthetic
SYN_1186,IT Support Specialist,"['Networking Basics', 'Active Directory', 'Problem Solving', 'Windows', 'Printers', 'Remote Support', 'MacOS', 'Customer Service', 'Ticketing Systems', 'Adaptability', 'Teamwork']",11,0-2,Synthetic
SYN_1187,Product Manager,"['Roadmapping', 'JIRA', 'Customer Discovery', 'Leadership', 'Communication', 'Prioritization', 'Product Metrics', 'Scrum', 'Agile', 'Adaptability', 'MVP', 'Product Strategy', 'Teamwork']",13,3-5,Synthetic
SYN_1188,Software Developer,"['Debugging', 'Java', 'SQL', 'Critical Thinking', 'Version Control', 'Documentation', 'Creativity', 'Testing', 'Git', 'Teamwork']",10,0-2,Synthetic
SYN_1189,Product Manager,"['JIRA', 'Customer Discovery', 'Communication', 'Leadership', 'Prioritization', 'Product Metrics', 'Time Management', 'Data Analysis', 'User Research', 'Agile', 'Adaptability', 'Product Strategy']",12,8+,Synthetic
SYN_1190,Data Analyst,"['Data Visualization', 'Problem Solving', 'Communication', 'Python', 'Reporting', 'Creativity', 'Power BI', 'Adaptability', 'Looker']",9,3-5,Synthetic
SYN_1191,Software Developer,"['Debugging', 'Leadership', 'Python', 'Critical Thinking', 'Documentation', 'Creativity', 'Agile', 'Testing', 'Object-Oriented Programming']",9,3-5,Synthetic
SYN_1192,IT Support Specialist,"['Active Directory', 'Hardware', 'Printers', 'Time Management', 'Software Installation', 'Documentation', 'Troubleshooting', 'Mobile Devices', 'Creativity', 'Teamwork']",10,3-5,Synthetic
SYN_1193,Cloud Engineer,"['Networking', 'Serverless', 'Problem Solving', 'Leadership', 'CI/CD', 'Python', 'Communication', 'Security', 'Docker']",9,3-5,Synthetic
SYN_1194,Frontend Developer,"['CSS', 'Problem Solving', 'Responsive Design', 'Angular', 'Critical Thinking', 'Time Management', 'REST APIs', 'Vue.js', 'Git']",9,5-8,Synthetic
SYN_1195,Frontend Developer,"['CSS', 'Communication', 'Responsive Design', 'JavaScript', 'Time Management', 'Webpack', 'TypeScript', 'Git', 'Tailwind CSS']",9,0-2,Synthetic
SYN_1196,Backend Developer,"['Microservices', 'Django', 'Linux', 'Database Design', 'Communication', 'Python', 'API Security', 'SQL', 'REST APIs', 'Creativity', 'Teamwork']",11,5-8,Synthetic
SYN_1197,DevOps Engineer,"['Bash', 'Scripting', 'Linux', 'Problem Solving', 'Communication', 'CI/CD', 'Python', 'Kubernetes', 'Ansible']",9,3-5,Synthetic
SYN_1198,Cybersecurity Analyst,"['Vulnerability Scanning', 'SIEM', 'Linux', 'ISO 27001', 'Python', 'Communication', 'Network Security', 'NIST', 'Creativity', 'Security Audits', 'Penetration Testing', 'Wireshark']",12,3-5,Synthetic
SYN_1199,Cybersecurity Analyst,"['Vulnerability Scanning', 'SIEM', 'Risk Assessment', 'Communication', 'Network Security', 'Critical Thinking', 'Firewalls', 'Security Audits', 'Adaptability', 'Penetration Testing']",10,5-8,Synthetic
SYN_1200,Frontend Developer,"['UI/UX Principles', 'Problem Solving', 'Responsive Design', 'Angular', 'Teamwork', 'REST APIs', 'HTML', 'Vue.js', 'Adaptability', 'Git', 'Tailwind CSS']",11,3-5,Synthetic
SYN_1201,DevOps Engineer,"['AWS', 'Bash', 'Leadership', 'Jenkins', 'Prometheus', 'Python', 'Monitoring', 'Creativity', 'Ansible', 'Teamwork', 'Docker']",11,3-5,Synthetic
SYN_1202,Mobile Developer,"['iOS', 'Java', 'Flutter', 'Kotlin', 'Problem Solving', 'Leadership', 'Firebase', 'Mobile UI']",8,3-5,Synthetic
SYN_1203,Product Manager,"['Roadmapping', 'JIRA', 'Problem Solving', 'Leadership', 'Prioritization', 'Product Metrics', 'User Research', 'Market Research', 'Creativity', 'Adaptability', 'MVP', 'Product Strategy']",12,5-8,Synthetic
SYN_1204,Software Developer,"['Debugging', 'Python', 'SQL', 'JavaScript', 'Critical Thinking', 'Version Control', 'Time Management', 'Documentation', 'REST APIs', 'Object-Oriented Programming', 'Agile', 'Adaptability', 'Data Structures']",13,0-2,Synthetic
SYN_1205,Frontend Developer,"['Leadership', 'Communication', 'JavaScript', 'REST APIs', 'HTML', 'Vue.js', 'Adaptability', 'Testing', 'React']",9,5-8,Synthetic
SYN_1206,Frontend Developer,"['UI/UX Principles', 'Leadership', 'Responsive Design', 'JavaScript', 'Webpack', 'REST APIs', 'TypeScript', 'Creativity', 'Testing', 'React']",10,0-2,Synthetic
SYN_1207,Database Administrator,"['Linux', 'Leadership', 'High Availability', 'Performance Tuning', 'Critical Thinking', 'MySQL', 'Time Management', 'Query Optimization', 'PostgreSQL']",9,8+,Synthetic
SYN_1208,Cybersecurity Analyst,"['Problem Solving', 'ISO 27001', 'Python', 'Network Security', 'Critical Thinking', 'NIST', 'Incident Response', 'Cryptography', 'Penetration Testing', 'Teamwork', 'Wireshark']",11,8+,Synthetic
SYN_1209,Frontend Developer,"['CSS', 'Communication', 'Problem Solving', 'Critical Thinking', 'TypeScript', 'Vue.js', 'Testing', 'Git', 'Tailwind CSS']",9,3-5,Synthetic
SYN_1210,Software Developer,"['Java', 'Communication', 'Algorithms', 'JavaScript', 'SQL', 'Critical Thinking', 'Documentation', 'REST APIs', 'Git', 'Object-Oriented Programming']",10,5-8,Synthetic
SYN_1211,Product Manager,"['Roadmapping', 'JIRA', 'Customer Discovery', 'Leadership', 'Communication', 'Data Analysis', 'Market Research', 'Scrum', 'Adaptability', 'MVP', 'Stakeholder Management']",11,5-8,Synthetic
SYN_1212,Network Engineer,"['DNS', 'Network Security', 'VLAN', 'DHCP', 'Creativity', 'Adaptability', 'BGP', 'Wireshark']",8,5-8,Synthetic
SYN_1213,Software Developer,"['Debugging', 'Java', 'Problem Solving', 'Python', 'Algorithms', 'JavaScript', 'Version Control', 'Documentation', 'Agile', 'Adaptability', 'Object-Oriented Programming', 'Teamwork']",12,5-8,Synthetic
SYN_1214,Data Scientist,"['A/B Testing', 'Data Visualization', 'Pandas', 'NumPy', 'Problem Solving', 'Communication', 'Python', 'Machine Learning', 'Adaptability']",9,5-8,Synthetic
SYN_1215,Backend Developer,"['Linux', 'Database Design', 'Problem Solving', 'Python', 'API Security', 'REST APIs', 'Authentication', 'Creativity', 'MongoDB', 'Docker']",10,3-5,Synthetic
SYN_1216,IT Support Specialist,"['Networking Basics', 'Hardware', 'Windows', 'Problem Solving', 'MacOS', 'Customer Service', 'Critical Thinking', 'Time Management', 'Software Installation', 'Troubleshooting', 'Mobile Devices']",11,5-8,Synthetic
SYN_1217,Product Manager,"['JIRA', 'Customer Discovery', 'Problem Solving', 'Leadership', 'Prioritization', 'Time Management', 'Data Analysis', 'MVP']",8,5-8,Synthetic
SYN_1218,Database Administrator,"['Sharding', 'Scripting', 'Leadership', 'High Availability', 'Performance Tuning', 'Monitoring', 'SQL', 'MySQL', 'Backup Recovery', 'Query Optimization', 'Adaptability', 'Database Security']",12,8+,Synthetic
SYN_1219,DevOps Engineer,"['Scripting', 'Leadership', 'CI/CD', 'Monitoring', 'Critical Thinking', 'Terraform', 'Adaptability', 'Git', 'Docker']",9,0-2,Synthetic
SYN_1220,Backend Developer,"['Django', 'Node.js', 'Database Design', 'Communication', 'SQL', 'Critical Thinking', 'Authentication', 'Creativity', 'Spring Boot', 'Docker']",10,0-2,Synthetic
SYN_1221,Software Developer,"['Debugging', 'Java', 'Problem Solving', 'Leadership', 'Algorithms', 'JavaScript', 'Version Control', 'Documentation', 'REST APIs', 'Adaptability', 'Git']",11,3-5,Synthetic
SYN_1222,Product Manager,"['Stakeholder Management', 'Leadership', 'Communication', 'Product Metrics', 'Time Management', 'Data Analysis', 'User Research', 'Agile', 'MVP', 'Product Strategy']",10,3-5,Synthetic
SYN_1223,Cybersecurity Analyst,"['SIEM', 'Compliance', 'Risk Assessment', 'Python', 'ISO 27001', 'Communication', 'Network Security', 'Security Audits', 'NIST', 'Creativity', 'Cryptography', 'Wireshark']",12,3-5,Synthetic
SYN_1224,Data Analyst,"['Problem Solving', 'Communication', 'Python', 'Excel', 'Tableau', 'Reporting', 'Time Management', 'Creativity', 'Business Intelligence', 'Power BI', 'Data Cleaning']",11,8+,Synthetic
SYN_1225,Data Scientist,"['Pandas', 'NumPy', 'PyTorch', 'SQL', 'Tableau', 'Time Management', 'Creativity', 'TensorFlow', 'Teamwork']",9,5-8,Synthetic
SYN_1226,Frontend Developer,"['JavaScript', 'Teamwork', 'Time Management', 'HTML', 'TypeScript', 'Vue.js', 'Testing', 'Tailwind CSS']",8,8+,Synthetic
SYN_1227,Cloud Engineer,"['Leadership', 'Monitoring', 'Teamwork', 'Time Management', 'Terraform', 'Kubernetes', 'CloudFormation', 'Infrastructure as Code', 'Docker']",9,0-2,Synthetic
SYN_1228,Software Developer,"['Debugging', 'Linux', 'Leadership', 'Algorithms', 'Critical Thinking', 'Version Control', 'REST APIs', 'Adaptability', 'Testing', 'Data Structures']",10,3-5,Synthetic
SYN_1229,Full Stack Developer,"['Python', 'JavaScript', 'Critical Thinking', 'HTML/CSS', 'TypeScript', 'Adaptability', 'Git', 'Docker']",8,3-5,Synthetic
SYN_1230,Software Developer,"['Leadership', 'Python', 'Algorithms', 'JavaScript', 'Version Control', 'Time Management', 'Documentation', 'Creativity', 'Testing', 'Git', 'Object-Oriented Programming']",11,0-2,Synthetic
SYN_1231,QA Tester,"['JIRA', 'Test Automation', 'Manual Testing', 'Communication', 'SQL', 'Test Planning', 'Agile Testing', 'Adaptability', 'Git', 'Performance Testing', 'Cypress']",11,0-2,Synthetic
SYN_1232,Mobile Developer,"['Mobile UI', 'Android', 'Kotlin', 'Leadership', 'Problem Solving', 'Firebase', 'REST APIs', 'Adaptability', 'Testing', 'React Native', 'UX Design']",11,8+,Synthetic
SYN_1233,Backend Developer,"['Java', 'Communication', 'Python', 'Leadership', 'Redis', 'Authentication', 'Spring Boot', 'Node.js']",8,3-5,Synthetic
SYN_1234,Cloud Engineer,"['Networking', 'Serverless', 'AWS', 'Linux', 'Azure', 'Google Cloud', 'Monitoring', 'Teamwork', 'Time Management', 'Terraform', 'Security', 'Infrastructure as Code']",12,5-8,Synthetic
SYN_1235,QA Tester,"['API Testing', 'JIRA', 'Problem Solving', 'Test Automation', 'Jenkins', 'Regression Testing', 'Leadership', 'SQL', 'Agile Testing', 'Adaptability', 'Bug Tracking']",11,0-2,Synthetic
SYN_1236,DevOps Engineer,"['AWS', 'Jenkins', 'Critical Thinking', 'Terraform', 'Adaptability', 'Creativity', 'Kubernetes', 'Git', 'Docker']",9,0-2,Synthetic
SYN_1237,Frontend Developer,"['UI/UX Principles', 'CSS', 'Problem Solving', 'Angular', 'Next.js', 'Time Management', 'Webpack', 'REST APIs', 'Creativity', 'Git', 'Tailwind CSS']",11,0-2,Synthetic
SYN_1238,Database Administrator,"['Scripting', 'Linux', 'Database Design', 'Leadership', 'Monitoring', 'SQL', 'PostgreSQL', 'MySQL', 'Query Optimization', 'Creativity', 'Database Security']",11,3-5,Synthetic
SYN_1239,Data Scientist,"['Pandas', 'Data Visualization', 'Scikit-learn', 'Spark', 'Tableau', 'Deep Learning', 'Big Data', 'Machine Learning', 'Statistics', 'Time Management', 'Creativity']",11,5-8,Synthetic
SYN_1240,Mobile Developer,"['Java', 'Kotlin', 'Flutter', 'Leadership', 'Communication', 'App Store Deployment', 'Swift', 'Creativity', 'Mobile UI', 'UX Design']",10,5-8,Synthetic
SYN_1241,Cybersecurity Analyst,"['Vulnerability Scanning', 'Risk Assessment', 'Python', 'Leadership', 'Communication', 'Security Audits', 'Time Management', 'Firewalls', 'Cryptography', 'Wireshark']",10,3-5,Synthetic
SYN_1242,DevOps Engineer,"['Scripting', 'Communication', 'Python', 'CI/CD', 'Prometheus', 'Monitoring', 'Time Management', 'Kubernetes', 'Grafana', 'Git', 'Teamwork']",11,8+,Synthetic
SYN_1243,Frontend Developer,"['UI/UX Principles', 'Leadership', 'Responsive Design', 'JavaScript', 'Angular', 'Critical Thinking', 'HTML', 'Webpack', 'TypeScript', 'REST APIs', 'Creativity', 'Vue.js']",12,0-2,Synthetic
SYN_1244,Data Analyst,"['Problem Solving', 'Communication', 'Excel', 'Statistics', 'Reporting', 'Critical Thinking', 'ETL', 'Power BI', 'Adaptability', 'Data Cleaning', 'Teamwork']",11,5-8,Synthetic
SYN_1245,Database Administrator,"['Replication', 'Scripting', 'Database Design', 'Leadership', 'Monitoring', 'MySQL', 'Query Optimization', 'Creativity', 'MongoDB', 'PostgreSQL', 'Teamwork']",11,0-2,Synthetic
SYN_1246,Software Developer,"['Linux', 'Debugging', 'Problem Solving', 'Algorithms', 'SQL', 'JavaScript', 'Time Management', 'REST APIs', 'Agile', 'Data Structures', 'Testing', 'Object-Oriented Programming']",12,5-8,Synthetic
SYN_1247,Cybersecurity Analyst,"['SIEM', 'Vulnerability Scanning', 'Linux', 'Compliance', 'ISO 27001', 'Python', 'Network Security', 'Time Management', 'Firewalls', 'Penetration Testing', 'Teamwork']",11,3-5,Synthetic
SYN_1248,Data Scientist,"['Pandas', 'NumPy', 'Communication', 'Python', 'Tableau', 'Statistics', 'Big Data', 'Deep Learning', 'Time Management']",9,0-2,Synthetic
SYN_1249,Backend Developer,"['Microservices', 'Django', 'Database Design', 'Communication', 'Python', 'API Security', 'Time Management', 'Authentication', 'Creativity', 'MongoDB', 'Spring Boot', 'Docker']",12,3-5,Synthetic
SYN_1250,Cloud Engineer,"['Linux', 'Python', 'Monitoring', 'Azure', 'Google Cloud', 'Time Management', 'Adaptability', 'Teamwork', 'CloudFormation']",9,3-5,Synthetic
SYN_1251,Database Administrator,"['Sharding', 'Linux', 'Database Design', 'Communication', 'Monitoring', 'MySQL', 'Time Management', 'MongoDB']",8,0-2,Synthetic
SYN_1252,Data Analyst,"['Data Warehousing', 'Problem Solving', 'Communication', 'SQL', 'Tableau', 'Reporting', 'ETL', 'Creativity', 'Business Intelligence', 'Power BI', 'Data Cleaning']",11,3-5,Synthetic
SYN_1253,Product Manager,"['Roadmapping', 'Customer Discovery', 'Problem Solving', 'Prioritization', 'Product Metrics', 'Market Research', 'Creativity', 'Adaptability', 'Stakeholder Management']",9,0-2,Synthetic
SYN_1254,Software Developer,"['Debugging', 'Java', 'Problem Solving', 'JavaScript', 'Version Control', 'Creativity', 'Agile', 'Testing']",8,0-2,Synthetic
SYN_1255,UI/UX Designer,"['Figma', 'Photoshop', 'Communication', 'User Flows', 'Critical Thinking', 'Adobe XD', 'User Research', 'Visual Design', 'Interaction Design', 'Information Architecture', 'Teamwork']",11,0-2,Synthetic
SYN_1256,IT Support Specialist,"['Linux', 'Active Directory', 'Windows', 'Leadership', 'Office 365', 'Communication', 'Customer Service', 'Ticketing Systems', 'Software Installation', 'Mobile Devices', 'Teamwork']",11,5-8,Synthetic
SYN_1257,Database Administrator,"['Scripting', 'Linux', 'Database Design', 'Communication', 'Monitoring', 'SQL', 'MySQL', 'Backup Recovery', 'Time Management']",9,0-2,Synthetic
SYN_1258,Backend Developer,"['Linux', 'Communication', 'Python', 'API Security', 'Redis', 'REST APIs', 'Adaptability', 'Teamwork', 'Docker']",9,8+,Synthetic
SYN_1259,Database Administrator,"['Sharding', 'Scripting', 'Linux', 'Replication', 'Database Design', 'Communication', 'Performance Tuning', 'SQL', 'Backup Recovery', 'MySQL', 'Adaptability', 'Database Security', 'Teamwork']",13,3-5,Synthetic
SYN_1260,Data Scientist,"['Pandas', 'NumPy', 'Scikit-learn', 'Communication', 'Python', 'Leadership', 'Statistics', 'Big Data', 'Adaptability', 'TensorFlow']",10,0-2,Synthetic
SYN_1261,Software Developer,"['Debugging', 'Linux', 'Java', 'Algorithms', 'SQL', 'Documentation', 'REST APIs', 'Object-Oriented Programming', 'Adaptability', 'Git', 'Data Structures', 'Teamwork']",12,0-2,Synthetic
SYN_1262,Backend Developer,"['Linux', 'Database Design', 'SQL', 'Redis', 'API Security', 'REST APIs', 'Adaptability', 'Teamwork']",8,3-5,Synthetic
SYN_1263,Frontend Developer,"['Problem Solving', 'Leadership', 'Responsive Design', 'JavaScript', 'Angular', 'Teamwork', 'Next.js', 'TypeScript', 'Vue.js', 'Testing', 'React']",11,0-2,Synthetic
SYN_1264,Backend Developer,"['Microservices', 'Django', 'Linux', 'Database Design', 'Java', 'Communication', 'Python', 'Authentication', 'REST APIs', 'Creativity', 'Node.js', 'Docker']",12,5-8,Synthetic
SYN_1265,Data Analyst,"['Data Warehousing', 'Data Cleaning', 'Problem Solving', 'Leadership', 'Python', 'Tableau', 'Statistics', 'Reporting', 'ETL', 'Creativity', 'Business Intelligence', 'Looker']",12,0-2,Synthetic
SYN_1266,Data Scientist,"['Pandas', 'NumPy', 'Python', 'Spark', 'Tableau', 'Critical Thinking', 'Time Management', 'Machine Learning', 'TensorFlow']",9,5-8,Synthetic
SYN_1267,Software Developer,"['Debugging', 'Linux', 'Problem Solving', 'Leadership', 'Python', 'SQL', 'JavaScript', 'Time Management', 'Agile', 'Git']",10,5-8,Synthetic
SYN_1268,Software Developer,"['Debugging', 'Java', 'Problem Solving', 'Leadership', 'Algorithms', 'JavaScript', 'Version Control', 'Documentation', 'REST APIs', 'Creativity', 'Agile', 'Git']",12,3-5,Synthetic
SYN_1269,IT Support Specialist,"['Networking Basics', 'Hardware', 'Windows', 'Communication', 'Customer Service', 'Ticketing Systems', 'Critical Thinking', 'Software Installation', 'Mobile Devices']",9,0-2,Synthetic
SYN_1270,Database Administrator,"['Sharding', 'Linux', 'Database Design', 'Leadership', 'Performance Tuning', 'Monitoring', 'Critical Thinking', 'Backup Recovery', 'Query Optimization', 'MongoDB', 'Adaptability', 'Database Security']",12,5-8,Synthetic
SYN_1271,DevOps Engineer,"['AWS', 'Linux', 'Jenkins', 'Time Management', 'Adaptability', 'Kubernetes', 'Ansible', 'Grafana', 'Docker']",9,0-2,Synthetic
SYN_1272,Mobile Developer,"['Android', 'Java', 'API Integration', 'Flutter', 'Kotlin', 'Communication', 'Git', 'Problem Solving', 'REST APIs', 'Swift', 'Testing', 'React Native']",12,3-5,Synthetic
SYN_1273,Data Scientist,"['A/B Testing', 'Scikit-learn', 'Problem Solving', 'Python', 'SQL', 'Spark', 'Deep Learning', 'Tableau', 'Statistics', 'Critical Thinking', 'Time Management', 'TensorFlow']",12,3-5,Synthetic
SYN_1274,Data Scientist,"['Scikit-learn', 'Leadership', 'Python', 'SQL', 'Statistics', 'Time Management', 'Machine Learning', 'TensorFlow']",8,0-2,Synthetic
SYN_1275,Database Administrator,"['Sharding', 'Linux', 'PostgreSQL', 'MySQL', 'Time Management', 'Query Optimization', 'Database Security', 'Teamwork']",8,3-5,Synthetic
SYN_1276,Data Analyst,"['Data Warehousing', 'Problem Solving', 'Communication', 'Python', 'Excel', 'Leadership', 'SQL', 'Statistics', 'Reporting', 'Power BI', 'Teamwork']",11,3-5,Synthetic
SYN_1277,Data Analyst,"['Problem Solving', 'Communication', 'Python', 'Excel', 'Statistics', 'Business Intelligence', 'Power BI', 'Adaptability', 'Data Cleaning']",9,5-8,Synthetic
SYN_1278,UI/UX Designer,"['Wireframing', 'Photoshop', 'Leadership', 'Illustrator', 'Visual Design', 'Design Systems', 'Adobe XD', 'Adaptability', 'Creativity', 'Usability Testing', 'Interaction Design', 'Accessibility', 'Information Architecture']",13,8+,Synthetic
SYN_1279,Data Scientist,"['Pandas', 'Scikit-learn', 'Python', 'PyTorch', 'Statistics', 'Time Management', 'TensorFlow', 'Teamwork']",8,3-5,Synthetic
SYN_1280,Software Developer,"['Debugging', 'Leadership', 'Version Control', 'Documentation', 'REST APIs', 'Data Structures', 'Testing', 'Object-Oriented Programming', 'Teamwork']",9,3-5,Synthetic
SYN_1281,UI/UX Designer,"['Figma', 'Prototyping', 'Communication', 'User Flows', 'Creativity', 'Usability Testing', 'Interaction Design', 'Adaptability', 'Information Architecture']",9,0-2,Synthetic
SYN_1282,Network Engineer,"['Network Monitoring', 'Switching', 'Communication', 'Routing', 'Network Security', 'VLAN', 'Time Management', 'DHCP', 'Firewalls', 'BGP', 'Creativity', 'DNS']",12,3-5,Synthetic
SYN_1283,Data Scientist,"['A/B Testing', 'Data Visualization', 'NumPy', 'Leadership', 'PyTorch', 'Spark', 'SQL', 'Deep Learning', 'Big Data', 'Machine Learning', 'Critical Thinking', 'Creativity', 'TensorFlow']",13,5-8,Synthetic
SYN_1284,Cloud Engineer,"['AWS', 'Networking', 'Linux', 'Problem Solving', 'Leadership', 'Python', 'Communication', 'Kubernetes', 'CloudFormation', 'Docker']",10,0-2,Synthetic
SYN_1285,Data Analyst,"['Problem Solving', 'Communication', 'Leadership', 'Tableau', 'Statistics', 'Time Management', 'ETL', 'Business Intelligence', 'Looker']",9,0-2,Synthetic
SYN_1286,Cybersecurity Analyst,"['SIEM', 'Linux', 'Compliance', 'ISO 27001', 'Python', 'Risk Assessment', 'Communication', 'Network Security', 'Time Management', 'NIST', 'Security Audits', 'Penetration Testing']",12,0-2,Synthetic
SYN_1287,DevOps Engineer,"['AWS', 'Bash', 'Scripting', 'CI/CD', 'Prometheus', 'Python', 'Terraform', 'Adaptability', 'Grafana', 'Teamwork', 'Ansible']",11,3-5,Synthetic
SYN_1288,Network Engineer,"['TCP/IP', 'Cisco', 'Network Security', 'VLAN', 'Critical Thinking', 'Adaptability', 'DNS', 'VPN']",8,3-5,Synthetic
SYN_1289,IT Support Specialist,"['Networking Basics', 'Active Directory', 'Linux', 'Hardware', 'Windows', 'Communication', 'Office 365', 'Remote Support', 'Leadership', 'Customer Service', 'Troubleshooting', 'Mobile Devices']",12,3-5,Synthetic
SYN_1290,Database Administrator,"['Scripting', 'Leadership', 'High Availability', 'Performance Tuning', 'SQL', 'Backup Recovery', 'Query Optimization', 'Adaptability', 'Database Security']",9,0-2,Synthetic
SYN_1291,Cloud Engineer,"['Serverless', 'Linux', 'Leadership', 'Monitoring', 'Google Cloud', 'Azure', 'Teamwork', 'Time Management', 'Docker', 'Security', 'Infrastructure as Code', 'CloudFormation']",12,0-2,Synthetic
SYN_1292,DevOps Engineer,"['Bash', 'Linux', 'Prometheus', 'Python', 'Monitoring', 'Adaptability', 'Grafana', 'Teamwork']",8,5-8,Synthetic
SYN_1293,Data Scientist,"['Data Visualization', 'Pandas', 'NumPy', 'Problem Solving', 'Leadership', 'Python', 'Spark', 'Tableau', 'Statistics', 'Deep Learning', 'Machine Learning', 'TensorFlow']",12,8+,Synthetic
SYN_1294,Cloud Engineer,"['AWS', 'Serverless', 'CI/CD', 'Python', 'Azure', 'Critical Thinking', 'Time Management', 'Terraform', 'Docker', 'Kubernetes', 'Security', 'CloudFormation']",12,0-2,Synthetic
SYN_1295,Frontend Developer,"['CSS', 'Leadership', 'JavaScript', 'HTML', 'Webpack', 'Creativity', 'Adaptability', 'Testing', 'React', 'Tailwind CSS']",10,0-2,Synthetic
SYN_1296,DevOps Engineer,"['Bash', 'CI/CD', 'Monitoring', 'Terraform', 'Docker', 'Adaptability', 'Creativity', 'Kubernetes', 'Ansible']",9,0-2,Synthetic
SYN_1297,Network Engineer,"['Network Monitoring', 'Switching', 'Problem Solving', 'Network Security', 'VLAN', 'TCP/IP', 'Creativity', 'DNS', 'VPN', 'Wireshark']",10,5-8,Synthetic
SYN_1298,Software Developer,"['Linux', 'Java', 'JavaScript', 'SQL', 'Version Control', 'Time Management', 'Adaptability', 'Data Structures', 'Testing', 'Git', 'Object-Oriented Programming']",11,8+,Synthetic
SYN_1299,Full Stack Developer,"['Communication', 'Python', 'JavaScript', 'SQL', 'Teamwork', 'Next.js', 'HTML/CSS', 'Express.js', 'TypeScript', 'Adaptability', 'Node.js', 'Tailwind CSS', 'Docker']",13,3-5,Synthetic
SYN_1300,Software Developer,"['Debugging', 'Linux', 'Communication', 'Version Control', 'Documentation', 'Creativity', 'Agile', 'Data Structures', 'Teamwork']",9,0-2,Synthetic
SYN_1301,Frontend Developer,"['UI/UX Principles', 'CSS', 'Communication', 'Teamwork', 'HTML', 'REST APIs', 'TypeScript', 'Creativity', 'Vue.js', 'Tailwind CSS']",10,0-2,Synthetic
SYN_1302,Data Analyst,"['Data Warehousing', 'Problem Solving', 'Python', 'Excel', 'SQL', 'Statistics', 'ETL', 'Creativity', 'Business Intelligence', 'Looker', 'Data Cleaning']",11,0-2,Synthetic
SYN_1303,Data Analyst,"['Data Visualization', 'Communication', 'Leadership', 'SQL', 'Tableau', 'Statistics', 'Creativity', 'Business Intelligence']",8,0-2,Synthetic
SYN_1304,Product Manager,"['Roadmapping', 'JIRA', 'Customer Discovery', 'Stakeholder Management', 'Prioritization', 'Critical Thinking', 'Time Management', 'Market Research', 'Scrum', 'Creativity', 'MVP', 'Product Strategy']",12,3-5,Synthetic
SYN_1305,Backend Developer,"['Microservices', 'Linux', 'Java', 'API Security', 'Critical Thinking', 'Authentication', 'Creativity', 'Teamwork', 'Docker']",9,0-2,Synthetic
SYN_1306,Network Engineer,"['Network Security', 'OSPF', 'TCP/IP', 'Time Management', 'Critical Thinking', 'Load Balancing', 'Firewalls', 'DHCP', 'DNS', 'Teamwork']",10,3-5,Synthetic
SYN_1307,Cybersecurity Analyst,"['Vulnerability Scanning', 'SIEM', 'Linux', 'Compliance', 'Leadership', 'Python', 'Critical Thinking', 'Firewalls', 'Incident Response', 'Security Audits', 'Adaptability']",11,3-5,Synthetic
SYN_1308,Frontend Developer,"['CSS', 'Communication', 'Teamwork', 'HTML', 'REST APIs', 'TypeScript', 'Adaptability', 'Git', 'React']",9,5-8,Synthetic
SYN_1309,Cloud Engineer,"['Networking', 'Serverless', 'CI/CD', 'Python', 'Monitoring', 'Time Management', 'Creativity', 'Kubernetes', 'Security', 'Infrastructure as Code', 'CloudFormation']",11,5-8,Synthetic
SYN_1310,UI/UX Designer,"['Figma', 'Photoshop', 'Prototyping', 'Leadership', 'Problem Solving', 'Sketch', 'Adobe XD', 'Visual Design', 'Adaptability', 'Information Architecture']",10,5-8,Synthetic
SYN_1311,UI/UX Designer,"['Wireframing', 'Figma', 'Photoshop', 'Prototyping', 'Leadership', 'Problem Solving', 'Sketch', 'User Flows', 'User Research', 'Usability Testing', 'Interaction Design', 'Information Architecture']",12,5-8,Synthetic
SYN_1312,Product Manager,"['Roadmapping', 'Customer Discovery', 'Stakeholder Management', 'Leadership', 'Problem Solving', 'Product Metrics', 'Data Analysis', 'User Research', 'Market Research', 'Scrum', 'Creativity', 'Product Strategy']",12,5-8,Synthetic
SYN_1313,Database Administrator,"['Sharding', 'Replication', 'Database Design', 'High Availability', 'SQL', 'MySQL', 'Database Security', 'Time Management', 'MongoDB', 'PostgreSQL', 'Teamwork']",11,8+,Synthetic
SYN_1314,Mobile Developer,"['iOS', 'Android', 'API Integration', 'Kotlin', 'Communication', 'Leadership', 'Firebase', 'Testing', 'UX Design']",9,0-2,Synthetic
SYN_1315,Mobile Developer,"['Java', 'API Integration', 'Flutter', 'Leadership', 'Critical Thinking', 'Firebase', 'App Store Deployment', 'Testing', 'Git', 'Teamwork', 'UX Design']",11,0-2,Synthetic
SYN_1316,Backend Developer,"['Linux', 'Database Design', 'Java', 'Problem Solving', 'Python', 'API Security', 'SQL', 'REST APIs', 'Creativity']",9,3-5,Synthetic
SYN_1317,Software Developer,"['Linux', 'Java', 'Python', 'Algorithms', 'SQL', 'Version Control', 'Time Management', 'Documentation', 'Creativity', 'Agile', 'Testing', 'Object-Oriented Programming']",12,0-2,Synthetic
SYN_1318,Frontend Developer,"['CSS', 'Communication', 'Angular', 'Teamwork', 'Next.js', 'Webpack', 'Vue.js', 'Git', 'Tailwind CSS']",9,0-2,Synthetic
SYN_1319,Data Scientist,"['A/B Testing', 'Pandas', 'NumPy', 'Scikit-learn', 'Leadership', 'Python', 'Problem Solving', 'Tableau', 'Deep Learning', 'Big Data', 'Critical Thinking']",11,3-5,Synthetic
SYN_1320,Mobile Developer,"['Java', 'Flutter', 'API Integration', 'Time Management', 'REST APIs', 'App Store Deployment', 'Swift', 'Mobile UI', 'React Native', 'Teamwork']",10,3-5,Synthetic
SYN_1321,Frontend Developer,"['UI/UX Principles', 'Problem Solving', 'Responsive Design', 'Angular', 'Teamwork', 'REST APIs', 'Webpack', 'Testing', 'Git', 'React']",10,5-8,Synthetic
SYN_1322,Cloud Engineer,"['AWS', 'Serverless', 'CI/CD', 'Monitoring', 'Critical Thinking', 'Time Management', 'Terraform', 'Security', 'Docker']",9,3-5,Synthetic
SYN_1323,DevOps Engineer,"['AWS', 'Scripting', 'Linux', 'Communication', 'CI/CD', 'Leadership', 'Monitoring', 'Kubernetes', 'Grafana', 'Git', 'Docker']",11,0-2,Synthetic
SYN_1324,IT Support Specialist,"['Networking Basics', 'Communication', 'Office 365', 'Remote Support', 'MacOS', 'Customer Service', 'Ticketing Systems', 'Software Installation', 'Creativity', 'Adaptability']",10,3-5,Synthetic
SYN_1325,QA Tester,"['Regression Testing', 'Jenkins', 'Manual Testing', 'Leadership', 'SQL', 'Critical Thinking', 'Selenium', 'Postman', 'Test Planning', 'Git', 'Performance Testing', 'Cypress']",12,3-5,Synthetic
SYN_1326,Database Administrator,"['Sharding', 'Scripting', 'Replication', 'Linux', 'Leadership', 'High Availability', 'SQL', 'Query Optimization', 'Creativity', 'MongoDB', 'PostgreSQL']",11,5-8,Synthetic
SYN_1327,Cloud Engineer,"['AWS', 'Linux', 'CI/CD', 'Monitoring', 'Google Cloud', 'Azure', 'Critical Thinking', 'Terraform', 'Adaptability', 'Kubernetes', 'Teamwork', 'CloudFormation']",12,3-5,Synthetic
SYN_1328,Data Analyst,"['Data Warehousing', 'Data Visualization', 'Problem Solving', 'Communication', 'Python', 'Excel', 'SQL', 'ETL', 'Business Intelligence', 'Adaptability', 'Data Cleaning', 'Teamwork']",12,3-5,Synthetic
SYN_1329,Software Developer,"['Debugging', 'Java', 'JavaScript', 'SQL', 'Critical Thinking', 'Time Management', 'REST APIs', 'Agile', 'Testing', 'Git', 'Object-Oriented Programming']",11,0-2,Synthetic
SYN_1330,Data Analyst,"['Data Cleaning', 'Data Visualization', 'Problem Solving', 'Tableau', 'Critical Thinking', 'ETL', 'Business Intelligence', 'Power BI', 'Looker', 'Teamwork']",10,0-2,Synthetic
SYN_1331,DevOps Engineer,"['Communication', 'Prometheus', 'Python', 'CI/CD', 'Monitoring', 'Critical Thinking', 'Terraform', 'Ansible', 'Grafana', 'Docker']",10,3-5,Synthetic
SYN_1332,Software Developer,"['Java', 'Problem Solving', 'Leadership', 'Python', 'Communication', 'SQL', 'Version Control', 'Testing', 'Data Structures']",9,0-2,Synthetic
SYN_1333,DevOps Engineer,"['Scripting', 'Python', 'CI/CD', 'Monitoring', 'Critical Thinking', 'Time Management', 'Terraform', 'Kubernetes', 'Ansible', 'Grafana', 'Git', 'Docker']",12,5-8,Synthetic
SYN_1334,Database Administrator,"['Replication', 'Linux', 'Database Design', 'Problem Solving', 'High Availability', 'Performance Tuning', 'Monitoring', 'Critical Thinking', 'MySQL', 'Database Security', 'Backup Recovery', 'Time Management', 'PostgreSQL']",13,0-2,Synthetic
SYN_1335,Software Developer,"['Linux', 'Debugging', 'Problem Solving', 'Leadership', 'Python', 'Algorithms', 'SQL', 'Documentation', 'REST APIs', 'Data Structures', 'Teamwork']",11,0-2,Synthetic
SYN_1336,Software Developer,"['Debugging', 'Linux', 'Python', 'Time Management', 'Documentation', 'Creativity', 'Git', 'Object-Oriented Programming', 'Teamwork']",9,5-8,Synthetic
SYN_1337,Network Engineer,"['Network Monitoring', 'Switching', 'Problem Solving', 'Communication', 'DNS', 'Network Security', 'Cisco', 'TCP/IP', 'VLAN', 'Adaptability', 'BGP', 'VPN', 'Wireshark']",13,0-2,Synthetic
SYN_1338,Full Stack Developer,"['Communication', 'JavaScript', 'SQL', 'Next.js', 'Time Management', 'TypeScript', 'Tailwind CSS', 'Creativity', 'MongoDB', 'Git', 'React', 'Docker']",12,8+,Synthetic
SYN_1339,Frontend Developer,"['Problem Solving', 'Responsive Design', 'Critical Thinking', 'Next.js', 'HTML', 'Webpack', 'TypeScript', 'REST APIs', 'Testing']",9,5-8,Synthetic
SYN_1340,DevOps Engineer,"['Bash', 'Scripting', 'Problem Solving', 'Communication', 'Python', 'Monitoring', 'Critical Thinking', 'Grafana', 'Git', 'Ansible']",10,0-2,Synthetic
SYN_1341,Product Manager,"['JIRA', 'Customer Discovery', 'Problem Solving', 'Leadership', 'Prioritization', 'Time Management', 'Agile', 'Data Analysis', 'User Research', 'Market Research', 'Scrum', 'Product Strategy']",12,8+,Synthetic
SYN_1342,Software Developer,"['Linux', 'Java', 'Problem Solving', 'Time Management', 'REST APIs', 'Object-Oriented Programming', 'Agile', 'Testing', 'Git', 'Data Structures', 'Teamwork']",11,3-5,Synthetic
SYN_1343,Database Administrator,"['Scripting', 'Linux', 'Replication', 'Database Design', 'Problem Solving', 'High Availability', 'SQL', 'MySQL', 'Backup Recovery', 'Time Management', 'Creativity', 'MongoDB', 'PostgreSQL']",13,5-8,Synthetic
SYN_1344,Product Manager,"['Roadmapping', 'JIRA', 'Leadership', 'Communication', 'Prioritization', 'User Research', 'Market Research', 'Agile', 'MVP', 'Stakeholder Management', 'Teamwork']",11,3-5,Synthetic
SYN_1345,Software Developer,"['Debugging', 'Linux', 'Communication', 'Python', 'JavaScript', 'SQL', 'Version Control', 'Time Management', 'REST APIs', 'Creativity', 'Testing', 'Data Structures']",12,5-8,Synthetic
SYN_1346,Data Scientist,"['Data Visualization', 'Pandas', 'Tableau', 'Deep Learning', 'Big Data', 'Machine Learning', 'Statistics', 'Time Management', 'Critical Thinking', 'TensorFlow']",10,5-8,Synthetic
SYN_1347,Data Analyst,"['Problem Solving', 'Communication', 'Python', 'Leadership', 'Tableau', 'Statistics', 'Reporting', 'ETL', 'Creativity', 'Power BI', 'Looker', 'Teamwork']",12,8+,Synthetic
SYN_1348,Software Developer,"['Linux', 'Communication', 'Python', 'JavaScript', 'Critical Thinking', 'Documentation', 'Object-Oriented Programming', 'Git', 'Data Structures']",9,3-5,Synthetic
SYN_1349,Database Administrator,"['Scripting', 'Replication', 'Linux', 'Database Design', 'Leadership', 'High Availability', 'Critical Thinking', 'Time Management', 'MongoDB']",9,3-5,Synthetic
SYN_1350,Mobile Developer,"['iOS', 'Android', 'Java', 'Kotlin', 'Leadership', 'Firebase', 'REST APIs', 'App Store Deployment', 'Swift', 'Adaptability', 'Git']",11,3-5,Synthetic
SYN_1351,Cloud Engineer,"['Linux', 'Communication', 'CI/CD', 'Azure', 'Monitoring', 'Critical Thinking', 'Kubernetes', 'Infrastructure as Code']",8,0-2,Synthetic
SYN_1352,IT Support Specialist,"['Networking Basics', 'Active Directory', 'Hardware', 'Leadership', 'Customer Service', 'Troubleshooting', 'Mobile Devices', 'Creativity', 'Teamwork']",9,5-8,Synthetic
SYN_1353,Database Administrator,"['Sharding', 'Replication', 'Linux', 'Scripting', 'High Availability', 'Monitoring', 'Critical Thinking', 'MySQL', 'Query Optimization', 'Adaptability', 'PostgreSQL']",11,3-5,Synthetic
SYN_1354,Backend Developer,"['Microservices', 'Django', 'Linux', 'Database Design', 'Java', 'Python', 'Critical Thinking', 'Authentication', 'REST APIs', 'Creativity', 'Adaptability', 'Spring Boot', 'Docker']",13,3-5,Synthetic
SYN_1355,Data Analyst,"['Data Visualization', 'Problem Solving', 'Communication', 'Python', 'Excel', 'Critical Thinking', 'Reporting', 'ETL', 'Business Intelligence', 'Adaptability', 'Data Cleaning']",11,5-8,Synthetic
SYN_1356,Software Developer,"['Linux', 'Java', 'Critical Thinking', 'Documentation', 'Creativity', 'Agile', 'Data Structures', 'Testing', 'Object-Oriented Programming', 'Teamwork']",10,0-2,Synthetic
SYN_1357,Product Manager,"['Roadmapping', 'Leadership', 'Communication', 'Product Metrics', 'Time Management', 'Data Analysis', 'User Research', 'Creativity', 'MVP']",9,3-5,Synthetic
SYN_1358,Backend Developer,"['Linux', 'Database Design', 'Java', 'API Security', 'Critical Thinking', 'REST APIs', 'Authentication', 'Creativity', 'MongoDB', 'Adaptability', 'Spring Boot']",11,0-2,Synthetic
SYN_1359,Frontend Developer,"['UI/UX Principles', 'Problem Solving', 'Communication', 'Responsive Design', 'JavaScript', 'Angular', 'Time Management', 'REST APIs', 'TypeScript', 'Webpack', 'Vue.js', 'Git', 'Tailwind CSS']",13,5-8,Synthetic
SYN_1360,DevOps Engineer,"['Problem Solving', 'Jenkins', 'Prometheus', 'CI/CD', 'Python', 'Adaptability', 'Creativity', 'Kubernetes', 'Grafana', 'Ansible']",10,3-5,Synthetic
SYN_1361,Backend Developer,"['Microservices', 'Django', 'Java', 'Database Design', 'Communication', 'Python', 'Leadership', 'SQL', 'Time Management', 'Authentication', 'REST APIs']",11,0-2,Synthetic
SYN_1362,Network Engineer,"['Network Monitoring', 'Switching', 'Communication', 'TCP/IP', 'Network Security', 'Cisco', 'Critical Thinking', 'DHCP', 'Adaptability']",9,5-8,Synthetic
SYN_1363,DevOps Engineer,"['AWS', 'Bash', 'Linux', 'Python', 'Prometheus', 'CI/CD', 'Critical Thinking', 'Docker', 'Adaptability', 'Creativity', 'Kubernetes', 'Grafana', 'Ansible']",13,3-5,Synthetic
SYN_1364,Product Manager,"['JIRA', 'Communication', 'Prioritization', 'Agile', 'User Research', 'Creativity', 'Scrum', 'MVP', 'Product Strategy']",9,3-5,Synthetic
SYN_1365,Software Developer,"['Debugging', 'Linux', 'Communication', 'Algorithms', 'Time Management', 'Documentation', 'REST APIs', 'Agile', 'Teamwork']",9,0-2,Synthetic
SYN_1366,Data Analyst,"['Data Warehousing', 'Data Visualization', 'Python', 'Excel', 'SQL', 'Tableau', 'Reporting', 'Creativity', 'Power BI', 'Adaptability', 'Teamwork']",11,0-2,Synthetic
SYN_1367,QA Tester,"['JIRA', 'Manual Testing', 'Jenkins', 'Test Automation', 'Leadership', 'SQL', 'Test Planning', 'Postman', 'Creativity', 'Adaptability', 'Bug Tracking', 'Git', 'Cypress']",13,0-2,Synthetic
SYN_1368,Data Scientist,"['A/B Testing', 'Pandas', 'PyTorch', 'Spark', 'Tableau', 'SQL', 'Machine Learning', 'Adaptability', 'Teamwork']",9,0-2,Synthetic
SYN_1369,Cloud Engineer,"['Networking', 'Serverless', 'Communication', 'CI/CD', 'Azure', 'Google Cloud', 'Monitoring', 'Time Management', 'Terraform', 'Kubernetes', 'Infrastructure as Code', 'Docker']",12,0-2,Synthetic
SYN_1370,Software Developer,"['Linux', 'Debugging', 'Communication', 'SQL', 'JavaScript', 'Documentation', 'REST APIs', 'Agile', 'Testing', 'Data Structures', 'Teamwork']",11,5-8,Synthetic
SYN_1371,Backend Developer,"['Node.js', 'Java', 'Database Design', 'Problem Solving', 'API Security', 'SQL', 'Time Management', 'Authentication', 'MongoDB', 'Spring Boot', 'Teamwork']",11,0-2,Synthetic
SYN_1372,Backend Developer,"['Django', 'Linux', 'Java', 'Database Design', 'API Security', 'Redis', 'Critical Thinking', 'Authentication', 'Spring Boot', 'Teamwork']",10,0-2,Synthetic
SYN_1373,Data Scientist,"['NumPy', 'Scikit-learn', 'PyTorch', 'Tableau', 'Statistics', 'Big Data', 'Time Management', 'Teamwork']",8,3-5,Synthetic
SYN_1374,Cybersecurity Analyst,"['ISO 27001', 'Risk Assessment', 'Network Security', 'Critical Thinking', 'Firewalls', 'NIST', 'Incident Response', 'Security Audits', 'Creativity', 'Penetration Testing', 'Teamwork']",11,8+,Synthetic
SYN_1375,Cloud Engineer,"['Networking', 'Serverless', 'Communication', 'Python', 'CI/CD', 'Azure', 'Terraform', 'Creativity', 'Kubernetes', 'CloudFormation', 'Infrastructure as Code', 'Docker']",12,0-2,Synthetic
SYN_1376,Backend Developer,"['Microservices', 'Linux', 'Leadership', 'Communication', 'API Security', 'Redis', 'Time Management', 'REST APIs', 'Authentication', 'Spring Boot', 'Docker']",11,5-8,Synthetic
SYN_1377,Data Analyst,"['Problem Solving', 'Communication', 'Python', 'Leadership', 'Statistics', 'Time Management', 'ETL', 'Business Intelligence', 'Power BI', 'Looker', 'Teamwork']",11,3-5,Synthetic
SYN_1378,IT Support Specialist,"['Networking Basics', 'Linux', 'Windows', 'Printers', 'Remote Support', 'Customer Service', 'Critical Thinking', 'Documentation', 'Troubleshooting', 'Mobile Devices', 'Creativity']",11,3-5,Synthetic
SYN_1379,Cloud Engineer,"['Networking', 'AWS', 'Python', 'Critical Thinking', 'Terraform', 'Creativity', 'Kubernetes', 'CloudFormation']",8,5-8,Synthetic
SYN_1380,DevOps Engineer,"['Bash', 'Communication', 'Python', 'Prometheus', 'Monitoring', 'Terraform', 'Creativity', 'Git', 'Teamwork', 'Docker']",10,3-5,Synthetic
SYN_1381,Backend Developer,"['Microservices', 'Problem Solving', 'Leadership', 'Python', 'API Security', 'Redis', 'SQL', 'REST APIs', 'Authentication', 'Adaptability', 'Spring Boot']",11,3-5,Synthetic
SYN_1382,Backend Developer,"['Django', 'Linux', 'Java', 'Python', 'SQL', 'Redis', 'Critical Thinking', 'Time Management', 'MongoDB']",9,5-8,Synthetic
SYN_1383,DevOps Engineer,"['Scripting', 'Leadership', 'CI/CD', 'Jenkins', 'Docker', 'Adaptability', 'Kubernetes', 'Ansible']",8,0-2,Synthetic
SYN_1384,Backend Developer,"['Microservices', 'Django', 'Linux', 'Database Design', 'Python', 'Redis', 'Critical Thinking', 'Time Management', 'REST APIs', 'MongoDB', 'Adaptability', 'Spring Boot']",12,0-2,Synthetic
SYN_1385,Frontend Developer,"['UI/UX Principles', 'Communication', 'JavaScript', 'Angular', 'Next.js', 'Time Management', 'REST APIs', 'HTML', 'Vue.js', 'Adaptability', 'Git', 'Tailwind CSS']",12,8+,Synthetic
SYN_1386,Product Manager,"['JIRA', 'Leadership', 'Prioritization', 'Critical Thinking', 'Agile', 'Creativity', 'Scrum', 'MVP', 'Stakeholder Management']",9,5-8,Synthetic
SYN_1387,Network Engineer,"['Switching', 'Routing', 'OSPF', 'VLAN', 'Cisco', 'Time Management', 'DHCP', 'BGP', 'DNS', 'Teamwork']",10,0-2,Synthetic
SYN_1388,Software Developer,"['Linux', 'Leadership', 'Python', 'Critical Thinking', 'Documentation', 'REST APIs', 'Testing', 'Git', 'Object-Oriented Programming']",9,3-5,Synthetic
SYN_1389,Frontend Developer,"['CSS', 'Responsive Design', 'Angular', 'Critical Thinking', 'Next.js', 'Webpack', 'HTML', 'REST APIs', 'React', 'Adaptability', 'Testing', 'Tailwind CSS']",12,3-5,Synthetic
SYN_1390,Mobile Developer,"['iOS', 'Android', 'Java', 'API Integration', 'Flutter', 'Communication', 'REST APIs', 'App Store Deployment', 'Testing', 'Git', 'Teamwork', 'UX Design']",12,3-5,Synthetic
SYN_1391,Cybersecurity Analyst,"['SIEM', 'Vulnerability Scanning', 'Cryptography', 'Communication', 'Leadership', 'Network Security', 'Firewalls', 'NIST', 'Security Audits', 'Penetration Testing', 'Teamwork', 'Wireshark']",12,3-5,Synthetic
SYN_1392,Database Administrator,"['Scripting', 'Replication', 'Database Design', 'Problem Solving', 'Leadership', 'Performance Tuning', 'Monitoring', 'MySQL', 'Backup Recovery', 'Query Optimization', 'Creativity', 'Database Security']",12,3-5,Synthetic
SYN_1393,Mobile Developer,"['Android', 'Testing', 'Flutter', 'Kotlin', 'Critical Thinking', 'REST APIs', 'App Store Deployment', 'Swift', 'Creativity', 'Mobile UI', 'Git', 'Teamwork']",12,0-2,Synthetic
SYN_1394,UI/UX Designer,"['Wireframing', 'Prototyping', 'Communication', 'Adobe XD', 'Usability Testing', 'User Research', 'Creativity', 'Design Systems', 'Interaction Design', 'Accessibility', 'Information Architecture']",11,0-2,Synthetic
SYN_1395,Software Developer,"['Debugging', 'Python', 'Algorithms', 'SQL', 'Time Management', 'Creativity', 'Adaptability', 'Testing', 'Git', 'Object-Oriented Programming']",10,8+,Synthetic
SYN_1396,Backend Developer,"['Microservices', 'Django', 'Node.js', 'Linux', 'Database Design', 'SQL', 'API Security', 'Redis', 'Time Management', 'Creativity', 'Spring Boot', 'Docker']",12,5-8,Synthetic
SYN_1397,Software Developer,"['Linux', 'Java', 'Problem Solving', 'Python', 'Algorithms', 'SQL', 'Critical Thinking', 'REST APIs', 'Adaptability', 'Data Structures', 'Testing', 'Git', 'Object-Oriented Programming']",13,3-5,Synthetic
SYN_1398,Software Developer,"['Linux', 'Java', 'Leadership', 'Python', 'Algorithms', 'JavaScript', 'Critical Thinking', 'Object-Oriented Programming', 'Creativity', 'Agile', 'Git', 'Data Structures']",12,3-5,Synthetic
SYN_1399,Frontend Developer,"['UI/UX Principles', 'CSS', 'Communication', 'Critical Thinking', 'HTML', 'Webpack', 'REST APIs', 'TypeScript', 'Vue.js', 'Testing', 'Git']",11,3-5,Synthetic
SYN_1400,DevOps Engineer,"['AWS', 'Bash', 'Linux', 'Leadership', 'Jenkins', 'Prometheus', 'Python', 'CI/CD', 'Critical Thinking', 'Docker', 'Git', 'Ansible']",12,3-5,Synthetic
SYN_1401,Backend Developer,"['Linux', 'Communication', 'SQL', 'Redis', 'Authentication', 'Spring Boot', 'Creativity', 'Node.js', 'Docker']",9,3-5,Synthetic
SYN_1402,Software Developer,"['Debugging', 'Linux', 'Java', 'Communication', 'Algorithms', 'JavaScript', 'Critical Thinking', 'Time Management', 'REST APIs', 'Agile']",10,0-2,Synthetic
SYN_1403,Cybersecurity Analyst,"['ISO 27001', 'Python', 'Risk Assessment', 'Network Security', 'Critical Thinking', 'Security Audits', 'Firewalls', 'Cryptography', 'Penetration Testing', 'Teamwork', 'Wireshark']",11,0-2,Synthetic
SYN_1404,QA Tester,"['API Testing', 'Test Automation', 'Regression Testing', 'Manual Testing', 'Critical Thinking', 'Time Management', 'Test Planning', 'Creativity', 'Git', 'Performance Testing', 'Cypress']",11,3-5,Synthetic
SYN_1405,Mobile Developer,"['Mobile UI', 'Flutter', 'Kotlin', 'Time Management', 'Firebase', 'REST APIs', 'React Native', 'Testing', 'Git', 'Teamwork', 'UX Design']",11,3-5,Synthetic
SYN_1406,Product Manager,"['Roadmapping', 'JIRA', 'Product Metrics', 'Critical Thinking', 'Data Analysis', 'User Research', 'Scrum', 'Stakeholder Management', 'Teamwork']",9,5-8,Synthetic
SYN_1407,Software Developer,"['Java', 'Problem Solving', 'Algorithms', 'SQL', 'JavaScript', 'Version Control', 'Documentation', 'Agile', 'Adaptability', 'Testing', 'Data Structures']",11,3-5,Synthetic
SYN_1408,Software Developer,"['Java', 'Python', 'JavaScript', 'Critical Thinking', 'Version Control', 'REST APIs', 'Creativity', 'Adaptability', 'Testing', 'Data Structures']",10,5-8,Synthetic
SYN_1409,IT Support Specialist,"['Networking Basics', 'Active Directory', 'Linux', 'Hardware', 'Problem Solving', 'Office 365', 'Remote Support', 'MacOS', 'Customer Service', 'Time Management', 'Software Installation', 'Troubleshooting', 'Adaptability']",13,3-5,Synthetic
SYN_1410,Product Manager,"['Roadmapping', 'Customer Discovery', 'Leadership', 'Prioritization', 'Product Metrics', 'Data Analysis', 'User Research', 'Creativity', 'Agile']",9,3-5,Synthetic
SYN_1411,DevOps Engineer,"['Scripting', 'Linux', 'Prometheus', 'Monitoring', 'Critical Thinking', 'Terraform', 'Adaptability', 'Grafana', 'Ansible']",9,0-2,Synthetic
SYN_1412,Software Developer,"['Java', 'Communication', 'JavaScript', 'SQL', 'Documentation', 'Creativity', 'Agile', 'Git', 'Teamwork']",9,0-2,Synthetic
SYN_1413,Data Scientist,"['A/B Testing', 'Scikit-learn', 'Leadership', 'Problem Solving', 'Spark', 'Statistics', 'Big Data', 'Machine Learning', 'Adaptability']",9,5-8,Synthetic
SYN_1414,Backend Developer,"['Node.js', 'Java', 'API Security', 'SQL', 'Time Management', 'REST APIs', 'Creativity', 'Adaptability', 'Spring Boot', 'Docker']",10,0-2,Synthetic
SYN_1415,Cybersecurity Analyst,"['Vulnerability Scanning', 'SIEM', 'Cryptography', 'Problem Solving', 'Python', 'Critical Thinking', 'Firewalls', 'Incident Response', 'Security Audits', 'Penetration Testing', 'Teamwork', 'Wireshark']",12,3-5,Synthetic
SYN_1416,Backend Developer,"['Microservices', 'Linux', 'Database Design', 'Communication', 'SQL', 'Critical Thinking', 'REST APIs', 'Creativity', 'MongoDB', 'Spring Boot', 'Docker']",11,0-2,Synthetic
SYN_1417,Software Developer,"['Linux', 'Debugging', 'Communication', 'Algorithms', 'Time Management', 'Documentation', 'Testing', 'Git', 'Object-Oriented Programming']",9,5-8,Synthetic
SYN_1418,Data Scientist,"['A/B Testing', 'Pandas', 'Data Visualization', 'Problem Solving', 'Communication', 'PyTorch', 'SQL', 'Spark', 'Statistics', 'Big Data', 'Tableau', 'Machine Learning', 'Critical Thinking']",13,3-5,Synthetic
SYN_1419,IT Support Specialist,"['Networking Basics', 'Active Directory', 'Problem Solving', 'Office 365', 'Remote Support', 'MacOS', 'Customer Service', 'Ticketing Systems', 'Software Installation', 'Documentation', 'Mobile Devices', 'Adaptability', 'Teamwork']",13,0-2,Synthetic
SYN_1420,Database Administrator,"['Linux', 'Leadership', 'Monitoring', 'SQL', 'MySQL', 'Backup Recovery', 'MongoDB', 'Adaptability', 'Teamwork']",9,8+,Synthetic
SYN_1421,Data Scientist,"['Pandas', 'Data Visualization', 'Communication', 'PyTorch', 'Leadership', 'SQL', 'Tableau', 'Statistics', 'Time Management']",9,8+,Synthetic
SYN_1422,Data Scientist,"['Data Visualization', 'NumPy', 'Leadership', 'PyTorch', 'Python', 'Spark', 'SQL', 'Deep Learning', 'Statistics', 'Machine Learning', 'Big Data', 'Critical Thinking', 'Creativity']",13,0-2,Synthetic
SYN_1423,DevOps Engineer,"['AWS', 'Linux', 'Problem Solving', 'Python', 'Jenkins', 'Monitoring', 'Critical Thinking', 'Terraform', 'Docker', 'Adaptability', 'Kubernetes', 'Git', 'Ansible']",13,5-8,Synthetic
SYN_1424,Product Manager,"['JIRA', 'Communication', 'Product Metrics', 'Data Analysis', 'Scrum', 'User Research', 'Market Research', 'Agile', 'Adaptability', 'MVP', 'Product Strategy']",11,3-5,Synthetic
SYN_1425,Frontend Developer,"['UI/UX Principles', 'CSS', 'Problem Solving', 'Responsive Design', 'Angular', 'Next.js', 'HTML', 'Creativity', 'Vue.js', 'Adaptability', 'React']",11,0-2,Synthetic
SYN_1426,Data Analyst,"['Data Warehousing', 'Data Cleaning', 'Data Visualization', 'Leadership', 'Excel', 'Critical Thinking', 'Business Intelligence', 'Looker', 'Teamwork']",9,0-2,Synthetic
SYN_1427,Cybersecurity Analyst,"['SIEM', 'Linux', 'Python', 'Critical Thinking', 'NIST', 'Security Audits', 'Adaptability', 'Penetration Testing', 'Wireshark']",9,0-2,Synthetic
SYN_1428,Full Stack Developer,"['Communication', 'Python', 'Next.js', 'HTML/CSS', 'REST APIs', 'Creativity', 'PostgreSQL', 'Git', 'Tailwind CSS', 'Docker']",10,5-8,Synthetic
SYN_1429,Cybersecurity Analyst,"['SIEM', 'Risk Assessment', 'Python', 'Critical Thinking', 'Security Audits', 'Firewalls', 'NIST', 'Incident Response', 'Cryptography', 'Creativity', 'Teamwork', 'Wireshark']",12,0-2,Synthetic
SYN_1430,Software Developer,"['Problem Solving', 'Communication', 'Python', 'SQL', 'JavaScript', 'Version Control', 'Time Management', 'Documentation', 'REST APIs', 'Agile', 'Git']",11,0-2,Synthetic
SYN_1431,DevOps Engineer,"['Bash', 'Scripting', 'Problem Solving', 'Leadership', 'Jenkins', 'Python', 'Prometheus', 'Terraform', 'Teamwork']",9,3-5,Synthetic
SYN_1432,Software Developer,"['Debugging', 'Communication', 'Python', 'Critical Thinking', 'Version Control', 'Documentation', 'REST APIs', 'Agile', 'Adaptability', 'Testing', 'Git', 'Data Structures']",12,0-2,Synthetic
SYN_1433,Frontend Developer,"['Problem Solving', 'Responsive Design', 'JavaScript', 'Next.js', 'Webpack', 'REST APIs', 'Adaptability', 'Git', 'Tailwind CSS']",9,0-2,Synthetic
SYN_1434,Software Developer,"['Debugging', 'Communication', 'Algorithms', 'Version Control', 'Time Management', 'REST APIs', 'Creativity', 'Agile', 'Data Structures']",9,5-8,Synthetic
SYN_1435,Network Engineer,"['Network Monitoring', 'Communication', 'Network Security', 'TCP/IP', 'Load Balancing', 'DHCP', 'Firewalls', 'Teamwork']",8,0-2,Synthetic
SYN_1436,Cloud Engineer,"['AWS', 'Linux', 'Problem Solving', 'CI/CD', 'Monitoring', 'Azure', 'Time Management', 'Kubernetes', 'Infrastructure as Code']",9,8+,Synthetic
SYN_1437,Data Scientist,"['Data Visualization', 'NumPy', 'Scikit-learn', 'Problem Solving', 'Python', 'SQL', 'Statistics', 'Deep Learning', 'Adaptability', 'TensorFlow', 'Teamwork']",11,8+,Synthetic
SYN_1438,Data Scientist,"['Pandas', 'Data Visualization', 'NumPy', 'Communication', 'Python', 'PyTorch', 'SQL', 'Spark', 'Deep Learning', 'Critical Thinking', 'Adaptability', 'TensorFlow']",12,8+,Synthetic
SYN_1439,DevOps Engineer,"['AWS', 'Bash', 'Scripting', 'Problem Solving', 'CI/CD', 'Monitoring', 'Kubernetes', 'Ansible', 'Grafana', 'Git', 'Teamwork', 'Docker']",12,8+,Synthetic
SYN_1440,Data Analyst,"['Data Warehousing', 'Problem Solving', 'Communication', 'Python', 'Excel', 'SQL', 'Tableau', 'Critical Thinking', 'Reporting', 'ETL', 'Teamwork']",11,3-5,Synthetic
SYN_1441,Software Developer,"['Debugging', 'Java', 'SQL', 'Version Control', 'Time Management', 'Documentation', 'REST APIs', 'Object-Oriented Programming', 'Creativity', 'Agile', 'Git', 'Data Structures', 'Teamwork']",13,0-2,Synthetic
SYN_1442,Frontend Developer,"['UI/UX Principles', 'JavaScript', 'Critical Thinking', 'Next.js', 'Webpack', 'Vue.js', 'Testing', 'Teamwork']",8,3-5,Synthetic
SYN_1443,Frontend Developer,"['UI/UX Principles', 'CSS', 'Communication', 'Problem Solving', 'Responsive Design', 'JavaScript', 'Angular', 'Next.js', 'Time Management', 'Webpack', 'REST APIs', 'Tailwind CSS']",12,3-5,Synthetic
SYN_1444,DevOps Engineer,"['AWS', 'Bash', 'Linux', 'Problem Solving', 'Jenkins', 'Monitoring', 'Terraform', 'Docker', 'Creativity', 'Kubernetes', 'Grafana', 'Ansible']",12,3-5,Synthetic
SYN_1445,Data Scientist,"['A/B Testing', 'Pandas', 'NumPy', 'Leadership', 'PyTorch', 'Communication', 'Spark', 'Tableau', 'Deep Learning', 'Critical Thinking', 'Machine Learning', 'TensorFlow']",12,3-5,Synthetic
SYN_1446,Backend Developer,"['Java', 'Database Design', 'Communication', 'Python', 'Problem Solving', 'SQL', 'Redis', 'Authentication', 'REST APIs', 'MongoDB', 'Spring Boot', 'Docker']",12,0-2,Synthetic
SYN_1447,Data Analyst,"['Data Warehousing', 'Data Visualization', 'Problem Solving', 'Communication', 'Excel', 'Tableau', 'Statistics', 'Reporting', 'ETL', 'Data Cleaning', 'Teamwork']",11,3-5,Synthetic
SYN_1448,Software Developer,"['Debugging', 'Java', 'Problem Solving', 'Leadership', 'Python', 'Algorithms', 'REST APIs', 'Adaptability', 'Testing']",9,0-2,Synthetic
SYN_1449,Frontend Developer,"['UI/UX Principles', 'CSS', 'Angular', 'Teamwork', 'Next.js', 'Critical Thinking', 'HTML', 'Testing', 'Tailwind CSS']",9,0-2,Synthetic
SYN_1450,Backend Developer,"['Linux', 'Java', 'Python', 'Redis', 'Time Management', 'Authentication', 'REST APIs', 'MongoDB', 'Node.js', 'Teamwork', 'Docker']",11,0-2,Synthetic
SYN_1451,UI/UX Designer,"['Figma', 'Wireframing', 'Communication', 'Sketch', 'Visual Design', 'Time Management', 'User Research', 'Interaction Design', 'Accessibility']",9,0-2,Synthetic
SYN_1452,Frontend Developer,"['UI/UX Principles', 'Communication', 'REST APIs', 'Webpack', 'Adaptability', 'Testing', 'React', 'Tailwind CSS']",8,0-2,Synthetic
SYN_1453,Software Developer,"['Debugging', 'Java', 'Algorithms', 'JavaScript', 'REST APIs', 'Creativity', 'Agile', 'Testing', 'Git', 'Teamwork']",10,0-2,Synthetic
SYN_1454,Database Administrator,"['Sharding', 'Scripting', 'Database Design', 'Performance Tuning', 'SQL', 'MySQL', 'Backup Recovery', 'Time Management', 'Creativity', 'Database Security']",10,0-2,Synthetic
SYN_1455,Cybersecurity Analyst,"['SIEM', 'Risk Assessment', 'Leadership', 'Network Security', 'Security Audits', 'Time Management', 'Firewalls', 'Incident Response', 'Cryptography', 'Penetration Testing']",10,5-8,Synthetic
SYN_1456,Product Manager,"['JIRA', 'Customer Discovery', 'Problem Solving', 'Leadership', 'Product Metrics', 'Scrum', 'Market Research', 'Agile', 'MVP', 'Product Strategy', 'Teamwork']",11,8+,Synthetic
SYN_1457,IT Support Specialist,"['Windows', 'Printers', 'Office 365', 'Ticketing Systems', 'Critical Thinking', 'Software Installation', 'Documentation', 'Mobile Devices', 'Creativity']",9,0-2,Synthetic
SYN_1458,IT Support Specialist,"['Networking Basics', 'Hardware', 'Communication', 'Printers', 'Office 365', 'MacOS', 'Time Management', 'Software Installation', 'Creativity']",9,3-5,Synthetic
SYN_1459,Software Developer,"['Linux', 'Communication', 'Python', 'JavaScript', 'SQL', 'Critical Thinking', 'REST APIs', 'Testing', 'Git', 'Data Structures']",10,3-5,Synthetic
SYN_1460,DevOps Engineer,"['AWS', 'Linux', 'Communication', 'Jenkins', 'CI/CD', 'Terraform', 'Creativity', 'Adaptability', 'Grafana', 'Docker']",10,0-2,Synthetic
SYN_1461,UI/UX Designer,"['Figma', 'Photoshop', 'Leadership', 'User Flows', 'Adobe XD', 'User Research', 'Creativity', 'Design Systems', 'Interaction Design', 'Adaptability', 'Information Architecture']",11,0-2,Synthetic
SYN_1462,Frontend Developer,"['UI/UX Principles', 'JavaScript', 'Next.js', 'Time Management', 'Webpack', 'TypeScript', 'REST APIs', 'Teamwork']",8,3-5,Synthetic
SYN_1463,Software Developer,"['Debugging', 'Java', 'Python', 'Object-Oriented Programming', 'Creativity', 'Agile', 'Adaptability', 'Testing', 'Data Structures', 'Teamwork']",10,0-2,Synthetic
SYN_1464,Data Analyst,"['Problem Solving', 'Communication', 'Excel', 'SQL', 'Statistics', 'Power BI', 'Data Cleaning', 'Teamwork']",8,3-5,Synthetic
SYN_1465,Backend Developer,"['Microservices', 'Linux', 'Database Design', 'Problem Solving', 'API Security', 'Redis', 'SQL', 'Time Management', 'REST APIs', 'Authentication', 'Node.js', 'Docker']",12,8+,Synthetic
SYN_1466,IT Support Specialist,"['Linux', 'Active Directory', 'Problem Solving', 'Office 365', 'Remote Support', 'Time Management', 'Software Installation', 'Documentation', 'Troubleshooting', 'Mobile Devices', 'Teamwork']",11,0-2,Synthetic
SYN_1467,Data Analyst,"['Data Visualization', 'Problem Solving', 'SQL', 'Statistics', 'Reporting', 'ETL', 'Adaptability', 'Data Cleaning', 'Teamwork']",9,3-5,Synthetic
SYN_1468,Data Scientist,"['A/B Testing', 'Data Visualization', 'Pandas', 'NumPy', 'Problem Solving', 'Spark', 'Critical Thinking', 'Big Data', 'Adaptability', 'TensorFlow']",10,8+,Synthetic
SYN_1469,IT Support Specialist,"['Networking Basics', 'Problem Solving', 'Office 365', 'MacOS', 'Software Installation', 'Documentation', 'Troubleshooting', 'Adaptability']",8,5-8,Synthetic
SYN_1470,Database Administrator,"['Linux', 'Database Design', 'Critical Thinking', 'MySQL', 'Time Management', 'Query Optimization', 'MongoDB', 'Database Security', 'Teamwork']",9,0-2,Synthetic
SYN_1471,Frontend Developer,"['UI/UX Principles', 'Communication', 'Leadership', 'Responsive Design', 'JavaScript', 'Angular', 'Teamwork', 'Next.js', 'HTML', 'TypeScript', 'Git', 'Tailwind CSS']",12,3-5,Synthetic
SYN_1472,DevOps Engineer,"['Scripting', 'Linux', 'Problem Solving', 'Leadership', 'Jenkins', 'Python', 'CI/CD', 'Terraform', 'Adaptability', 'Kubernetes', 'Ansible', 'Git', 'Docker']",13,3-5,Synthetic
SYN_1473,DevOps Engineer,"['AWS', 'Bash', 'Scripting', 'Leadership', 'Prometheus', 'Terraform', 'Adaptability', 'Kubernetes', 'Grafana', 'Git']",10,0-2,Synthetic
SYN_1474,UI/UX Designer,"['Prototyping', 'Communication', 'Sketch', 'Design Systems', 'Creativity', 'Usability Testing', 'Visual Design', 'Accessibility', 'Information Architecture', 'Teamwork']",10,3-5,Synthetic
SYN_1475,IT Support Specialist,"['Networking Basics', 'Hardware', 'Windows', 'Problem Solving', 'Office 365', 'Customer Service', 'Ticketing Systems', 'Critical Thinking', 'Software Installation', 'Documentation']",10,8+,Synthetic
SYN_1476,Frontend Developer,"['CSS', 'Responsive Design', 'JavaScript', 'Time Management', 'Webpack', 'REST APIs', 'Creativity', 'Vue.js', 'Adaptability', 'Git', 'Tailwind CSS']",11,8+,Synthetic
SYN_1477,Network Engineer,"['Communication', 'Network Security', 'Time Management', 'Load Balancing', 'Firewalls', 'Creativity', 'BGP', 'DNS', 'VPN']",9,0-2,Synthetic
SYN_1478,Database Administrator,"['Replication', 'Linux', 'Database Design', 'Problem Solving', 'Leadership', 'Performance Tuning', 'SQL', 'Backup Recovery', 'MySQL', 'Query Optimization', 'MongoDB', 'Database Security']",12,0-2,Synthetic
SYN_1479,Data Scientist,"['A/B Testing', 'Pandas', 'Python', 'Spark', 'Tableau', 'Statistics', 'Big Data', 'Deep Learning', 'Critical Thinking', 'Time Management', 'TensorFlow', 'Teamwork']",12,5-8,Synthetic
SYN_1480,DevOps Engineer,"['Scripting', 'Linux', 'Problem Solving', 'CI/CD', 'Monitoring', 'Docker', 'Kubernetes', 'Teamwork', 'Ansible']",9,5-8,Synthetic
SYN_1481,Software Developer,"['Java', 'Problem Solving', 'Python', 'JavaScript', 'SQL', 'Critical Thinking', 'Documentation', 'REST APIs', 'Agile', 'Data Structures', 'Teamwork']",11,3-5,Synthetic
SYN_1482,Software Developer,"['Debugging', 'Java', 'Problem Solving', 'Algorithms', 'SQL', 'Critical Thinking', 'REST APIs', 'Object-Oriented Programming', 'Git', 'Data Structures']",10,8+,Synthetic
SYN_1483,Network Engineer,"['Switching', 'Problem Solving', 'Communication', 'Leadership', 'TCP/IP', 'Cisco', 'OSPF', 'Firewalls', 'BGP', 'DNS']",10,3-5,Synthetic
SYN_1484,DevOps Engineer,"['AWS', 'Bash', 'Scripting', 'Linux', 'Problem Solving', 'CI/CD', 'Jenkins', 'Time Management', 'Terraform', 'Adaptability', 'Kubernetes', 'Ansible']",12,3-5,Synthetic
SYN_1485,Software Developer,"['Debugging', 'Java', 'Python', 'Algorithms', 'JavaScript', 'SQL', 'Critical Thinking', 'Version Control', 'Time Management', 'Documentation', 'Agile', 'Testing', 'Teamwork']",13,3-5,Synthetic
SYN_1486,Frontend Developer,"['CSS', 'Communication', 'Leadership', 'JavaScript', 'Angular', 'Webpack', 'TypeScript', 'HTML', 'Vue.js', 'Adaptability', 'Testing', 'Git', 'Tailwind CSS']",13,0-2,Synthetic
SYN_1487,Data Analyst,"['Data Warehousing', 'Problem Solving', 'Communication', 'Python', 'Tableau', 'Statistics', 'Time Management', 'Critical Thinking', 'Power BI', 'Looker', 'Data Cleaning']",11,3-5,Synthetic
SYN_1488,Cloud Engineer,"['AWS', 'Serverless', 'CI/CD', 'Python', 'Azure', 'Critical Thinking', 'Creativity', 'Security', 'Infrastructure as Code', 'Docker']",10,3-5,Synthetic
SYN_1489,IT Support Specialist,"['Hardware', 'Windows', 'Printers', 'Office 365', 'Remote Support', 'MacOS', 'Customer Service', 'Ticketing Systems', 'Time Management', 'Software Installation', 'Documentation', 'Adaptability', 'Teamwork']",13,5-8,Synthetic
SYN_1490,Cloud Engineer,"['AWS', 'Serverless', 'Problem Solving', 'CI/CD', 'Monitoring', 'Terraform', 'Security', 'Teamwork', 'CloudFormation']",9,3-5,Synthetic
SYN_1491,Database Administrator,"['Sharding', 'Replication', 'Linux', 'Performance Tuning', 'Monitoring', 'PostgreSQL', 'Time Management', 'Query Optimization', 'Creativity', 'Adaptability', 'Database Security']",11,0-2,Synthetic
SYN_1492,DevOps Engineer,"['Bash', 'Scripting', 'Communication', 'Prometheus', 'Terraform', 'Adaptability', 'Kubernetes', 'Git']",8,0-2,Synthetic
SYN_1493,Cloud Engineer,"['Networking', 'Serverless', 'AWS', 'Linux', 'Communication', 'Azure', 'Teamwork', 'Terraform', 'Creativity', 'Kubernetes', 'Security', 'Infrastructure as Code', 'CloudFormation']",13,0-2,Synthetic
SYN_1494,IT Support Specialist,"['Networking Basics', 'Active Directory', 'Linux', 'Hardware', 'Windows', 'Printers', 'Problem Solving', 'Ticketing Systems', 'Critical Thinking', 'Software Installation', 'Troubleshooting']",11,0-2,Synthetic
SYN_1495,Backend Developer,"['Django', 'Linux', 'Database Design', 'Communication', 'API Security', 'Redis', 'MongoDB', 'Spring Boot', 'Teamwork', 'Docker']",10,3-5,Synthetic
SYN_1496,DevOps Engineer,"['Bash', 'Scripting', 'Linux', 'Communication', 'CI/CD', 'Prometheus', 'Python', 'Terraform', 'Docker', 'Grafana', 'Teamwork', 'Ansible']",12,8+,Synthetic
SYN_1497,Software Developer,"['Debugging', 'Java', 'Algorithms', 'SQL', 'Critical Thinking', 'Version Control', 'Time Management', 'Documentation', 'REST APIs', 'Adaptability', 'Testing', 'Git', 'Object-Oriented Programming']",13,3-5,Synthetic
SYN_1498,Mobile Developer,"['iOS', 'Flutter', 'Problem Solving', 'Git', 'REST APIs', 'Creativity', 'Mobile UI', 'React Native']",8,5-8,Synthetic
SYN_1499,DevOps Engineer,"['AWS', 'Scripting', 'Jenkins', 'Critical Thinking', 'Terraform', 'Creativity', 'Kubernetes', 'Teamwork', 'Docker']",9,0-2,Synthetic
SYN_1500,Data Scientist,"['Pandas', 'Scikit-learn', 'Python', 'PyTorch', 'Spark', 'SQL', 'Statistics', 'Critical Thinking', 'Machine Learning', 'TensorFlow', 'Teamwork']",11,3-5,Synthetic
