antecedents,consequents,antecedent support,consequent support,support,confidence,lift,representativity,leverage,conviction,zhangs_metric,jaccard,certainty,kulczynski
Cryptography,"Incident Response, Firewalls",0.028072033898305086,0.024364406779661018,0.021716101694915255,0.7735849056603774,31.750615258408533,1.0,0.021032143241884516,4.309057203389831,0.9964777031966504,0.706896551724138,0.767930674205642,0.8324446267432322
"Incident Response, Firewalls",Cryptography,0.024364406779661018,0.028072033898305086,0.021716101694915255,0.8913043478260869,31.75061525840853,1.0,0.021032143241884516,8.94173728813559,0.9926908715341224,0.706896551724138,0.8881649093709276,0.8324446267432322
"Incident Response, Network Security",Penetration Testing,0.02489406779661017,0.02913135593220339,0.022775423728813558,0.9148936170212766,31.40580270793037,1.0,0.022050225779230104,11.407706567796609,0.9928754594949661,0.728813559322034,0.912339961230862,0.8483558994197291
Penetration Testing,"Incident Response, Network Security",0.02913135593220339,0.02489406779661017,0.022775423728813558,0.7818181818181817,31.405802707930366,1.0,0.022050225779230104,4.4692355225988685,0.997208794833733,0.728813559322034,0.7762480865142461,0.8483558994197291
Cryptography,"Incident Response, Python",0.028072033898305086,0.025423728813559324,0.022245762711864406,0.7924528301886792,31.16981132075471,1.0,0.021532066934788853,4.695685670261939,0.9958738808875048,0.711864406779661,0.7870385561936012,0.8337264150943395
"Incident Response, Python",Cryptography,0.025423728813559324,0.028072033898305086,0.022245762711864406,0.8749999999999999,31.16981132075471,1.0,0.021532066934788853,7.775423728813553,0.9931677018633541,0.711864406779661,0.8713896457765666,0.8337264150943395
Penetration Testing,"Network Security, Linux",0.02913135593220339,0.028072033898305086,0.025423728813559324,0.8727272727272728,31.08885077186964,1.0,0.02460595240232692,7.636576876513321,0.9968744317148572,0.8,0.8690512756997771,0.8891938250428817
"Network Security, Linux",Penetration Testing,0.028072033898305086,0.02913135593220339,0.025423728813559324,0.9056603773584906,31.08885077186964,1.0,0.02460595240232692,10.291207627118647,0.9957879200726613,0.8,0.9028296740059085,0.8891938250428817
Incident Response,"Network Security, Cryptography",0.028072033898305086,0.02489406779661017,0.021716101694915255,0.7735849056603774,31.07507025291048,1.0,0.02101727457986211,4.306717867231639,0.9957732438359805,0.6949152542372883,0.7678046180808216,0.8229626655961462
"Incident Response, Network Security",Cryptography,0.02489406779661017,0.028072033898305086,0.021716101694915255,0.8723404255319149,31.07507025291048,1.0,0.02101727457986211,7.6134357344632795,0.992527920933745,0.6949152542372883,0.8686532552611747,0.8229626655961462
"Network Security, Cryptography",Incident Response,0.02489406779661017,0.028072033898305086,0.021716101694915255,0.8723404255319149,31.07507025291048,1.0,0.02101727457986211,7.6134357344632795,0.992527920933745,0.6949152542372883,0.8686532552611747,0.8229626655961462
Cryptography,"Incident Response, Network Security",0.028072033898305086,0.02489406779661017,0.021716101694915255,0.7735849056603774,31.07507025291048,1.0,0.02101727457986211,4.306717867231639,0.9957732438359805,0.6949152542372883,0.7678046180808216,0.8229626655961462
"Cryptography, Penetration Testing",Incident Response,0.023834745762711863,0.028072033898305086,0.02065677966101695,0.8666666666666667,30.872955974842768,1.0,0.01998768987000862,7.289459745762714,0.9912350265036104,0.6610169491525424,0.8628156221616713,0.8012578616352202
Incident Response,"Cryptography, Penetration Testing",0.028072033898305086,0.023834745762711863,0.02065677966101695,0.7358490566037735,30.872955974842768,1.0,0.01998768987000862,3.695482748184019,0.9955564871096206,0.6610169491525424,0.7293993591252981,0.8012578616352202
"Network Security, Cryptography",Penetration Testing,0.02489406779661017,0.02913135593220339,0.022245762711864406,0.8936170212765957,30.67543520309478,1.0,0.021520564762280953,9.126165254237284,0.9920979798763612,0.7000000000000001,0.8904249515385776,0.8286266924564797
Penetration Testing,"Network Security, Cryptography",0.02913135593220339,0.02489406779661017,0.022245762711864406,0.7636363636363637,30.67543520309478,1.0,0.021520564762280953,4.12544817470665,0.9964279219598369,0.7000000000000001,0.7576020937237667,0.8286266924564797
"Cryptography, Python",Incident Response,0.025953389830508475,0.028072033898305086,0.022245762711864406,0.8571428571428571,30.533692722371963,1.0,0.021517198272766446,6.803495762711862,0.9930215696936739,0.7000000000000001,0.8530167380303619,0.8247978436657681
Incident Response,"Cryptography, Python",0.028072033898305086,0.025953389830508475,0.022245762711864406,0.7924528301886792,30.533692722371963,1.0,0.021517198272766446,4.693133667180276,0.9951861943687557,0.7000000000000001,0.7869227533421568,0.8247978436657681
Cryptography,"Incident Response, Linux",0.028072033898305086,0.025953389830508475,0.022245762711864406,0.7924528301886792,30.533692722371963,1.0,0.021517198272766446,4.693133667180276,0.9951861943687557,0.7000000000000001,0.7869227533421568,0.8247978436657681
"Cryptography, Linux",Incident Response,0.025953389830508475,0.028072033898305086,0.022245762711864406,0.8571428571428571,30.533692722371963,1.0,0.021517198272766446,6.803495762711862,0.9930215696936739,0.7000000000000001,0.8530167380303619,0.8247978436657681
Incident Response,"Cryptography, Linux",0.028072033898305086,0.025953389830508475,0.022245762711864406,0.7924528301886792,30.533692722371963,1.0,0.021517198272766446,4.693133667180276,0.9951861943687557,0.7000000000000001,0.7869227533421568,0.8247978436657681
"Incident Response, Linux",Cryptography,0.025953389830508475,0.028072033898305086,0.022245762711864406,0.8571428571428571,30.533692722371963,1.0,0.021517198272766446,6.803495762711862,0.9930215696936739,0.7000000000000001,0.8530167380303619,0.8247978436657681
"Penetration Testing, Firewalls",Cryptography,0.025953389830508475,0.028072033898305086,0.022245762711864406,0.8571428571428571,30.533692722371963,1.0,0.021517198272766446,6.803495762711862,0.9930215696936739,0.7000000000000001,0.8530167380303619,0.8247978436657681
Cryptography,"Penetration Testing, Firewalls",0.028072033898305086,0.025953389830508475,0.022245762711864406,0.7924528301886792,30.533692722371963,1.0,0.021517198272766446,4.693133667180276,0.9951861943687557,0.7000000000000001,0.7869227533421568,0.8247978436657681
Penetration Testing,"Network Security, Python",0.02913135593220339,0.028072033898305086,0.02489406779661017,0.8545454545454546,30.441166380789024,1.0,0.024076291385377764,6.682004766949156,0.9961695163143782,0.7704918032786886,0.8503443150854596,0.8706689536878216
"Network Security, Python",Penetration Testing,0.028072033898305086,0.02913135593220339,0.02489406779661017,0.8867924528301886,30.44116638078902,1.0,0.024076291385377764,8.576006355932197,0.9950837729723461,0.7704918032786886,0.88339560880709,0.8706689536878216
"Python, Firewalls",Cryptography,0.028072033898305086,0.028072033898305086,0.023834745762711863,0.8490566037735848,30.245639017443924,1.0,0.023046706675524272,6.439022775423726,0.9948652739933392,0.7377049180327867,0.8446969307490617,0.8490566037735848
Cryptography,"Python, Firewalls",0.028072033898305086,0.028072033898305086,0.023834745762711863,0.8490566037735848,30.245639017443924,1.0,0.023046706675524272,6.439022775423726,0.9948652739933392,0.7377049180327867,0.8446969307490617,0.8490566037735848
Incident Response,Cryptography,0.028072033898305086,0.028072033898305086,0.023834745762711863,0.8490566037735848,30.245639017443924,1.0,0.023046706675524272,6.439022775423726,0.9948652739933392,0.7377049180327867,0.8446969307490617,0.8490566037735848
Cryptography,Incident Response,0.028072033898305086,0.028072033898305086,0.023834745762711863,0.8490566037735848,30.245639017443924,1.0,0.023046706675524272,6.439022775423726,0.9948652739933392,0.7377049180327867,0.8446969307490617,0.8490566037735848
Cryptography,"Incident Response, Penetration Testing",0.028072033898305086,0.024364406779661018,0.02065677966101695,0.7358490566037735,30.201804757998357,1.0,0.01997282120798621,3.6934776029055683,0.9948159016278906,0.65,0.7292524532399155,0.7918375717801476
"Incident Response, Penetration Testing",Cryptography,0.024364406779661018,0.028072033898305086,0.02065677966101695,0.8478260869565217,30.201804757998357,1.0,0.01997282120798621,6.386955205811138,0.9910353851721928,0.65,0.8434308731192987,0.7918375717801476
"Incident Response, Linux",Penetration Testing,0.025953389830508475,0.02913135593220339,0.022775423728813558,0.8775510204081632,30.123933209647497,1.0,0.022019366292013787,7.928760593220337,0.9925642095678895,0.7049180327868853,0.873876882995424,0.8296846011131724
"Cryptography, Linux",Penetration Testing,0.025953389830508475,0.02913135593220339,0.022775423728813558,0.8775510204081632,30.123933209647497,1.0,0.022019366292013787,7.928760593220337,0.9925642095678895,0.7049180327868853,0.873876882995424,0.8296846011131724
Penetration Testing,"Cryptography, Linux",0.02913135593220339,0.025953389830508475,0.022775423728813558,0.7818181818181817,30.123933209647493,1.0,0.022019366292013787,4.464380296610168,0.9958131922505995,0.7049180327868853,0.7760047456621681,0.8296846011131724
Penetration Testing,"Incident Response, Linux",0.02913135593220339,0.025953389830508475,0.022775423728813558,0.7818181818181817,30.123933209647493,1.0,0.022019366292013787,4.464380296610168,0.9958131922505995,0.7049180327868853,0.7760047456621681,0.8296846011131724
"Network Security, Penetration Testing",Incident Response,0.02701271186440678,0.028072033898305086,0.022775423728813558,0.8431372549019607,30.034776174620788,1.0,0.022017121965670784,6.196040783898301,0.9935435682546114,0.7049180327868849,0.8386066143078483,0.8272290048094708
Incident Response,"Network Security, Penetration Testing",0.028072033898305086,0.02701271186440678,0.022775423728813558,0.8113207547169811,30.034776174620788,1.0,0.022017121965670784,5.156832627118642,0.9946264495279133,0.7049180327868849,0.8060825176405336,0.8272290048094708
Penetration Testing,"Linux, Firewalls",0.02913135593220339,0.028601694915254237,0.02489406779661017,0.8545454545454546,29.87744107744108,1.0,0.024060861641769606,6.67836334745763,0.9955311023667747,0.7580645161290324,0.8502627143848519,0.8624579124579125
"Linux, Firewalls",Penetration Testing,0.028601694915254237,0.02913135593220339,0.02489406779661017,0.8703703703703703,29.877441077441077,1.0,0.024060861641769606,7.489558111380144,0.994988282790784,0.7580645161290324,0.8664807742821927,0.8624579124579125
"Incident Response, Firewalls",Penetration Testing,0.024364406779661018,0.02913135593220339,0.0211864406779661,0.8695652173913043,29.849802371541504,1.0,0.020476672471990805,7.443326271186439,0.9906351791530943,0.6557377049180328,0.8656514623212125,0.7984189723320159
Penetration Testing,"Incident Response, Firewalls",0.02913135593220339,0.024364406779661018,0.0211864406779661,0.7272727272727273,29.8498023715415,1.0,0.020476672471990805,3.5773305084745766,0.9954991816693944,0.6557377049180328,0.7204619484749778,0.7984189723320159
Incident Response,"Penetration Testing, Python",0.028072033898305086,0.025953389830508475,0.021716101694915255,0.7735849056603774,29.80670003850597,1.0,0.020987537255817295,4.302039194915255,0.9943643251146408,0.6721311475409837,0.7675520945550802,0.8051597997689642
Cryptography,"Penetration Testing, Python",0.028072033898305086,0.025953389830508475,0.021716101694915255,0.7735849056603774,29.80670003850597,1.0,0.020987537255817295,4.302039194915255,0.9943643251146408,0.6721311475409837,0.7675520945550802,0.8051597997689642
"Penetration Testing, Python",Cryptography,0.025953389830508475,0.028072033898305086,0.021716101694915255,0.8367346938775511,29.80670003850597,1.0,0.020987537255817295,5.953058792372883,0.9922014880833963,0.6721311475409837,0.8320191291775566,0.8051597997689642
"Penetration Testing, Python",Incident Response,0.025953389830508475,0.028072033898305086,0.021716101694915255,0.8367346938775511,29.80670003850597,1.0,0.020987537255817295,5.953058792372883,0.9922014880833963,0.6721311475409837,0.8320191291775566,0.8051597997689642
"Cryptography, Firewalls",Incident Response,0.025953389830508475,0.028072033898305086,0.021716101694915255,0.8367346938775511,29.80670003850597,1.0,0.020987537255817295,5.953058792372883,0.9922014880833963,0.6721311475409837,0.8320191291775566,0.8051597997689642
Incident Response,"Cryptography, Firewalls",0.028072033898305086,0.025953389830508475,0.021716101694915255,0.7735849056603774,29.80670003850597,1.0,0.020987537255817295,4.302039194915255,0.9943643251146408,0.6721311475409837,0.7675520945550802,0.8051597997689642
Incident Response,Penetration Testing,0.028072033898305086,0.02913135593220339,0.024364406779661018,0.8679245283018868,29.793481989708408,1.0,0.023546630368428613,7.350862590799033,0.994349010780713,0.7419354838709679,0.8639615436082718,0.8521440823327616
Penetration Testing,Incident Response,0.02913135593220339,0.028072033898305086,0.024364406779661018,0.8363636363636364,29.793481989708404,1.0,0.023546630368428613,5.939559792843694,0.9954339524182263,0.7419354838709679,0.831637354471142,0.8521440823327616
Penetration Testing,"Incident Response, Cryptography",0.02913135593220339,0.023834745762711863,0.02065677966101695,0.7090909090909091,29.750303030303034,1.0,0.019962441198649813,3.355568061440678,0.9953837760711738,0.639344262295082,0.7019878656340947,0.7878787878787878
"Incident Response, Cryptography",Penetration Testing,0.023834745762711863,0.02913135593220339,0.02065677966101695,0.8666666666666667,29.750303030303034,1.0,0.019962441198649813,7.281514830508476,0.9899828874326975,0.639344262295082,0.862665939261684,0.7878787878787878
"Linux, Firewalls",Cryptography,0.028601694915254237,0.028072033898305086,0.023834745762711863,0.8333333333333333,29.685534591194966,1.0,0.023031838013501865,5.831567796610167,0.9947655398037076,0.7258064516129031,0.8285195277020889,0.841194968553459
Cryptography,"Linux, Firewalls",0.028072033898305086,0.028601694915254237,0.023834745762711863,0.8490566037735848,29.685534591194966,1.0,0.023031838013501865,6.435513771186438,0.9942234332425067,0.7258064516129031,0.844612250776733,0.841194968553459
Cryptography,"Network Security, Python",0.028072033898305086,0.028072033898305086,0.023305084745762712,0.830188679245283,29.57351370594517,1.0,0.02251704565857512,5.723575800376645,0.9940921476343818,0.7096774193548386,0.8252840470926944,0.830188679245283
"Network Security, Python",Cryptography,0.028072033898305086,0.028072033898305086,0.023305084745762712,0.830188679245283,29.57351370594517,1.0,0.02251704565857512,5.723575800376645,0.9940921476343818,0.7096774193548386,0.8252840470926944,0.830188679245283
Incident Response,"Network Security, Linux",0.028072033898305086,0.028072033898305086,0.023305084745762712,0.830188679245283,29.57351370594517,1.0,0.02251704565857512,5.723575800376645,0.9940921476343818,0.7096774193548386,0.8252840470926944,0.830188679245283
"Network Security, Linux",Incident Response,0.028072033898305086,0.028072033898305086,0.023305084745762712,0.830188679245283,29.57351370594517,1.0,0.02251704565857512,5.723575800376645,0.9940921476343818,0.7096774193548386,0.8252840470926944,0.830188679245283
"Network Security, Linux",Cryptography,0.028072033898305086,0.028072033898305086,0.023305084745762712,0.830188679245283,29.57351370594517,1.0,0.02251704565857512,5.723575800376645,0.9940921476343818,0.7096774193548386,0.8252840470926944,0.830188679245283
Incident Response,"Network Security, Python",0.028072033898305086,0.028072033898305086,0.023305084745762712,0.830188679245283,29.57351370594517,1.0,0.02251704565857512,5.723575800376645,0.9940921476343818,0.7096774193548386,0.8252840470926944,0.830188679245283
"Network Security, Python",Incident Response,0.028072033898305086,0.028072033898305086,0.023305084745762712,0.830188679245283,29.57351370594517,1.0,0.02251704565857512,5.723575800376645,0.9940921476343818,0.7096774193548386,0.8252840470926944,0.830188679245283
Cryptography,"Network Security, Linux",0.028072033898305086,0.028072033898305086,0.023305084745762712,0.830188679245283,29.57351370594517,1.0,0.02251704565857512,5.723575800376645,0.9940921476343818,0.7096774193548386,0.8252840470926944,0.830188679245283
Incident Response,"Penetration Testing, Linux",0.028072033898305086,0.02754237288135593,0.022775423728813558,0.8113207547169811,29.45718432510885,1.0,0.022002253303648377,5.154025423728812,0.9939547557189026,0.6935483870967739,0.8059768980967649,0.8191219158200289
"Penetration Testing, Linux",Incident Response,0.02754237288135593,0.028072033898305086,0.022775423728813558,0.8269230769230769,29.45718432510885,1.0,0.022002253303648377,5.6155838041431245,0.9934133860262453,0.6935483870967739,0.8219241249214001,0.8191219158200289
"Penetration Testing, Linux",Cryptography,0.02754237288135593,0.028072033898305086,0.022775423728813558,0.8269230769230769,29.45718432510885,1.0,0.022002253303648377,5.6155838041431245,0.9934133860262453,0.6935483870967739,0.8219241249214001,0.8191219158200289
Cryptography,"Penetration Testing, Linux",0.028072033898305086,0.02754237288135593,0.022775423728813558,0.8113207547169811,29.45718432510885,1.0,0.022002253303648377,5.154025423728812,0.9939547557189026,0.6935483870967739,0.8059768980967649,0.8191219158200289
Penetration Testing,"Cryptography, Firewalls",0.02913135593220339,0.025953389830508475,0.022245762711864406,0.7636363636363637,29.423376623376626,1.0,0.021489705275064636,4.120966427640157,0.9949990907437716,0.6774193548387097,0.7573384744673489,0.8103896103896104
"Cryptography, Firewalls",Penetration Testing,0.025953389830508475,0.02913135593220339,0.022245762711864406,0.8571428571428571,29.423376623376623,1.0,0.021489705275064636,6.796080508474574,0.9917527641834329,0.6774193548387097,0.8528563634946613,0.8103896103896104
Cryptography,"Network Security, Penetration Testing",0.028072033898305086,0.02701271186440678,0.022245762711864406,0.7924528301886792,29.336293007769143,1.0,0.021487460948721632,4.688029661016948,0.9938108213312573,0.6774193548387095,0.7866907694045869,0.8079911209766926
"Network Security, Penetration Testing",Cryptography,0.02701271186440678,0.028072033898305086,0.022245762711864406,0.8235294117647058,29.336293007769143,1.0,0.021487460948721632,5.507591807909604,0.9927288280581694,0.6774193548387095,0.8184324410963295,0.8079911209766926
"Incident Response, Python",Penetration Testing,0.025423728813559324,0.02913135593220339,0.021716101694915255,0.8541666666666666,29.32121212121212,1.0,0.020975474001723643,6.657384987893461,0.9910922587486745,0.6612903225806452,0.8497908710674668,0.799810606060606
Penetration Testing,"Incident Response, Python",0.02913135593220339,0.025423728813559324,0.021716101694915255,0.7454545454545455,29.32121212121212,1.0,0.020975474001723643,3.8286924939467313,0.9948771173472782,0.6612903225806452,0.7388142292490119,0.799810606060606
Penetration Testing,Cryptography,0.02913135593220339,0.028072033898305086,0.023834745762711863,0.8181818181818182,29.145797598627787,1.0,0.02301696935147946,5.345603813559324,0.9946656967933564,0.7142857142857142,0.8129303938568244,0.8336192109777015
Cryptography,Penetration Testing,0.028072033898305086,0.02913135593220339,0.023834745762711863,0.8490566037735848,29.145797598627787,1.0,0.02301696935147946,6.43200476694915,0.9935815924916741,0.7142857142857142,0.8445274784094534,0.8336192109777015
Incident Response,"Penetration Testing, Firewalls",0.028072033898305086,0.025953389830508475,0.0211864406779661,0.7547169811320754,29.079707354639968,1.0,0.02045787623886814,3.9711131029986957,0.99350136239782,0.6451612903225805,0.7481814357680034,0.7855217558721601
"Penetration Testing, Firewalls",Incident Response,0.025953389830508475,0.028072033898305086,0.0211864406779661,0.8163265306122448,29.079707354639964,1.0,0.02045787623886814,5.291607815442559,0.9913404023926047,0.6451612903225805,0.811021520324751,0.7855217558721601
"Cryptography, Python",Penetration Testing,0.025953389830508475,0.02913135593220339,0.021716101694915255,0.8367346938775511,28.722820037105755,1.0,0.020960044258115484,5.946570444915256,0.9909017360972956,0.6507936507936509,0.8318358439938988,0.7910946196660482
Penetration Testing,"Cryptography, Python",0.02913135593220339,0.025953389830508475,0.021716101694915255,0.7454545454545455,28.722820037105752,1.0,0.020960044258115484,3.8266116828087173,0.994145276968318,0.6507936507936509,0.7386722032725296,0.7910946196660482
Penetration Testing,"Python, Firewalls",0.02913135593220339,0.028072033898305086,0.023305084745762712,0.8,28.49811320754717,1.0,0.022487308334530307,4.859639830508476,0.9938625204582652,0.6875,0.7942234332425069,0.8150943396226416
"Python, Firewalls",Penetration Testing,0.028072033898305086,0.02913135593220339,0.023305084745762712,0.830188679245283,28.498113207547167,1.0,0.022487308334530307,5.717337570621466,0.9927792915531335,0.6875,0.8250934132106351,0.8150943396226416
"Linux, Firewalls",Incident Response,0.028601694915254237,0.028072033898305086,0.022775423728813558,0.7962962962962963,28.366177498252966,1.0,0.02197251597960356,4.771282742681048,0.9931525956734548,0.6718749999999998,0.790412756080331,0.8038085255066387
Incident Response,"Linux, Firewalls",0.028072033898305086,0.028601694915254237,0.022775423728813558,0.8113207547169811,28.366177498252966,1.0,0.02197251597960356,5.148411016949151,0.9926113681008807,0.6718749999999998,0.8057653134709162,0.8038085255066387
Incident Response,"Python, Firewalls",0.028072033898305086,0.028072033898305086,0.022245762711864406,0.7924528301886792,28.229263082947664,1.0,0.021457723624676815,4.682925654853619,0.9924354482937588,0.6562499999999999,0.7864582797799599,0.7924528301886792
"Python, Firewalls",Incident Response,0.028072033898305086,0.028072033898305086,0.022245762711864406,0.7924528301886792,28.229263082947664,1.0,0.021457723624676815,4.682925654853619,0.9924354482937588,0.6562499999999999,0.7864582797799599,0.7924528301886792
Serverless,"Azure, C#",0.03389830508474576,0.02701271186440678,0.025423728813559324,0.75,27.764705882352942,1.0,0.024508043665613332,3.891949152542373,0.9978070175438598,0.7164179104477612,0.7430593358737071,0.8455882352941176
"Azure, C#",Serverless,0.02701271186440678,0.03389830508474576,0.025423728813559324,0.9411764705882353,27.764705882352942,1.0,0.024508043665613332,16.42372881355932,0.9907457811649429,0.7164179104477612,0.9391124871001032,0.8455882352941176
Azure,"Serverless, C#",0.03283898305084746,0.028072033898305086,0.025423728813559324,0.7741935483870968,27.578819233110163,1.0,0.024501871768170067,4.304252421307506,0.9964631252281854,0.7164179104477612,0.7676716181770238,0.8399269628727937
"Serverless, C#",Azure,0.028072033898305086,0.03283898305084746,0.025423728813559324,0.9056603773584906,27.578819233110163,1.0,0.024501871768170067,10.25190677966102,0.9915758401453224,0.7164179104477612,0.9024571700179793,0.8399269628727937
"C#, Terraform",Azure,0.02754237288135593,0.03283898305084746,0.02489406779661017,0.9038461538461539,27.523573200992555,1.0,0.0239896042803792,10.058474576271188,0.9909609233764427,0.7014925373134328,0.900581346364479,0.830955334987593
Azure,"C#, Terraform",0.03283898305084746,0.02754237288135593,0.02489406779661017,0.7580645161290321,27.52357320099255,1.0,0.0239896042803792,4.019491525423727,0.996387872573466,0.7014925373134328,0.751212312882142,0.830955334987593
Azure,"Docker, C#",0.03283898305084746,0.02701271186440678,0.024364406779661018,0.7419354838709677,27.46616065781151,1.0,0.023477336792588337,3.770325741525424,0.9963093480641935,0.6865671641791045,0.7347709273535041,0.8219481340923467
"Docker, C#",Azure,0.02701271186440678,0.03283898305084746,0.024364406779661018,0.9019607843137255,27.46616065781151,1.0,0.023477336792588337,9.865042372881359,0.9903434238242881,0.6865671641791045,0.8986319609990765,0.8219481340923467
Serverless,"Kubernetes, Azure",0.03389830508474576,0.026483050847457626,0.024364406779661018,0.71875,27.14,1.0,0.023466676242459066,3.4613935969868175,0.9969488939740657,0.6764705882352942,0.7110990206746464,0.819375
"Kubernetes, Azure",Serverless,0.026483050847457626,0.03389830508474576,0.024364406779661018,0.92,27.14,1.0,0.023466676242459066,12.076271186440684,0.989355159199508,0.6764705882352942,0.9171929824561403,0.819375
"Machine Learning, AWS",Spark,0.026483050847457626,0.03389830508474576,0.024364406779661018,0.92,27.14,1.0,0.023466676242459066,12.076271186440684,0.989355159199508,0.6764705882352942,0.9171929824561403,0.819375
Spark,"Machine Learning, AWS",0.03389830508474576,0.026483050847457626,0.024364406779661018,0.71875,27.14,1.0,0.023466676242459066,3.4613935969868175,0.9969488939740657,0.6764705882352942,0.7110990206746464,0.819375
"Serverless, Terraform",Azure,0.02913135593220339,0.03283898305084746,0.025953389830508475,0.890909090909091,27.129618768328445,1.0,0.024996745726802643,8.865642655367237,0.992039368939065,0.7205882352941176,0.8872050184207907,0.8406158357771261
Azure,"Serverless, Terraform",0.03283898305084746,0.02913135593220339,0.025953389830508475,0.7903225806451613,27.129618768328445,1.0,0.024996745726802643,4.6302966101694905,0.9958423676151731,0.7205882352941176,0.784031114161519,0.8406158357771261
Serverless,"Kubernetes, C#",0.03389830508474576,0.025953389830508475,0.023834745762711863,0.703125,27.091836734693878,1.0,0.02295496983625395,3.28099910793934,0.9968810916179338,0.6617647058823529,0.6952147906470908,0.8107461734693877
"Kubernetes, C#",Serverless,0.025953389830508475,0.03389830508474576,0.023834745762711863,0.9183673469387754,27.091836734693874,1.0,0.02295496983625395,11.83474576271185,0.9887499244758625,0.6617647058823529,0.9155030433225921,0.8107461734693877
Azure,"Serverless, Linux",0.03283898305084746,0.028601694915254237,0.025423728813559324,0.7741935483870968,27.06810035842294,1.0,0.02448447823901178,4.301906779661016,0.9957557502738225,0.7058823529411765,0.767544939670032,0.8315412186379929
"Serverless, Linux",Azure,0.028601694915254237,0.03283898305084746,0.025423728813559324,0.888888888888889,27.06810035842294,1.0,0.02448447823901178,8.704449152542377,0.9914122137404581,0.7058823529411765,0.8851162224656202,0.8315412186379929
Azure,"Docker, Serverless",0.03283898305084746,0.028072033898305086,0.02489406779661017,0.7580645161290321,27.00426049908703,1.0,0.023972210751220913,4.017302259887004,0.9956654470881592,0.6911764705882353,0.7510767337610968,0.8224284844796104
"Docker, Serverless",Azure,0.028072033898305086,0.03283898305084746,0.02489406779661017,0.8867924528301886,27.00426049908703,1.0,0.023972210751220913,8.543255649717509,0.990782074323149,0.6911764705882353,0.882948604021575,0.8224284844796104
Azure,"Kubernetes, C#",0.03283898305084746,0.025953389830508475,0.022775423728813558,0.6935483870967741,26.722843976300194,1.0,0.02192314080005745,3.178467885816235,0.9952622328638019,0.6323529411764706,0.6853830097002227,0.7855497037524687
"Kubernetes, C#",Azure,0.025953389830508475,0.03283898305084746,0.022775423728813558,0.8775510204081632,26.722843976300194,1.0,0.02192314080005745,7.898481638418078,0.9882266651491584,0.6323529411764706,0.8733933880233363,0.7855497037524687
Serverless,"C#, Terraform",0.03389830508474576,0.02754237288135593,0.02489406779661017,0.734375,26.66346153846154,1.0,0.023960428037920138,3.6610169491525424,0.9962672639044421,0.6811594202898551,0.7268518518518519,0.8191105769230769
"C#, Terraform",Serverless,0.02754237288135593,0.03389830508474576,0.02489406779661017,0.9038461538461539,26.66346153846154,1.0,0.023960428037920138,10.047457627118645,0.9897557131599685,0.6811594202898551,0.900472334682861,0.8191105769230769
"Docker, C#",Serverless,0.02701271186440678,0.03389830508474576,0.024364406779661018,0.9019607843137255,26.607843137254903,1.0,0.023448721631715026,9.854237288135595,0.9891363518023242,0.6666666666666667,0.8985208118335053,0.8103553921568627
Serverless,"Docker, C#",0.03389830508474576,0.02701271186440678,0.024364406779661018,0.71875,26.6078431372549,1.0,0.023448721631715026,3.4595103578154425,0.9961861174675821,0.6666666666666667,0.7109417528579205,0.8103553921568627
Azure,"AWS, Serverless",0.03283898305084746,0.02913135593220339,0.025423728813559324,0.7741935483870968,26.575953079178888,1.0,0.024467084709853492,4.2995611380145276,0.9950483753194596,0.6956521739130436,0.7674181229431744,0.8234604105571848
"AWS, Serverless",Azure,0.02913135593220339,0.03283898305084746,0.025423728813559324,0.8727272727272728,26.575953079178884,1.0,0.024467084709853492,7.59912227602906,0.9912484088016004,0.6956521739130436,0.8684058548242558,0.8234604105571848
"Spark, Hadoop",Big Data,0.028072033898305086,0.03283898305084746,0.024364406779661018,0.8679245283018868,26.429701765063907,1.0,0.02344254973427176,7.3227905569007286,0.98995379694349,0.6666666666666667,0.863440038025171,0.8049300060864273
Big Data,"Spark, Hadoop",0.03283898305084746,0.028072033898305086,0.024364406779661018,0.7419354838709677,26.429701765063907,1.0,0.02344254973427176,3.766220868644068,0.9948330872898709,0.6666666666666667,0.7344818493451701,0.8049300060864273
"Serverless, Python",Azure,0.02754237288135593,0.03283898305084746,0.023834745762711863,0.8653846153846153,26.35235732009925,1.0,0.022930282246480894,7.184624697336558,0.9893004115226337,0.6521739130434782,0.8608138849102703,0.7955955334987592
Azure,"Serverless, Python",0.03283898305084746,0.02754237288135593,0.023834745762711863,0.7258064516129031,26.35235732009925,1.0,0.022930282246480894,3.546610169491524,0.9947182670074236,0.6521739130434782,0.7180406212664276,0.7955955334987592
"Azure, Terraform",Serverless,0.02913135593220339,0.03389830508474576,0.025953389830508475,0.890909090909091,26.281818181818185,1.0,0.024965886239586326,8.855932203389836,0.9908146564681519,0.7000000000000001,0.8870813397129187,0.8282670454545455
Serverless,"Azure, Terraform",0.03389830508474576,0.02913135593220339,0.025953389830508475,0.765625,26.28181818181818,1.0,0.024965886239586326,4.142372881355932,0.9957035445757251,0.7000000000000001,0.7585924713584288,0.8282670454545455
"Azure, Linux",Serverless,0.028601694915254237,0.03389830508474576,0.025423728813559324,0.888888888888889,26.222222222222225,1.0,0.024454179833381214,8.694915254237293,0.990185387131952,0.6857142857142858,0.8849902534113061,0.8194444444444444
Serverless,"Azure, Linux",0.03389830508474576,0.028601694915254237,0.025423728813559324,0.75,26.22222222222222,1.0,0.024454179833381214,3.885593220338983,0.9956140350877194,0.6857142857142858,0.742639040348964,0.8194444444444444
Big Data,"AWS, Scala",0.03283898305084746,0.030190677966101694,0.025953389830508475,0.7903225806451613,26.17770232031692,1.0,0.024961958668486068,4.625244458930899,0.9944564901535641,0.7000000000000001,0.7837952115008544,0.8249858517260894
"AWS, Scala",Big Data,0.030190677966101694,0.03283898305084746,0.025953389830508475,0.8596491228070176,26.177702320316918,1.0,0.024961958668486068,6.891022245762713,0.9917408798582239,0.7000000000000001,0.854883649430257,0.8249858517260894
"SQL, Big Data",Hadoop,0.02489406779661017,0.034957627118644065,0.022775423728813558,0.9148936170212766,26.17150225660864,1.0,0.021905186189313416,11.33924788135593,0.9863446306986852,0.6142857142857142,0.9118107293831889,0.783204384268214
Hadoop,"SQL, Big Data",0.034957627118644065,0.02489406779661017,0.022775423728813558,0.6515151515151515,26.17150225660864,1.0,0.021905186189313416,2.7981300663227704,0.9966303321165089,0.6142857142857142,0.6426184715158099,0.783204384268214
Serverless,Azure,0.03389830508474576,0.03283898305084746,0.02913135593220339,0.859375,26.169354838709676,1.0,0.028018170066072965,6.87758945386064,0.9955342902711324,0.7746478873239435,0.8546002190580504,0.8732358870967741
Azure,Serverless,0.03283898305084746,0.03389830508474576,0.02913135593220339,0.8870967741935483,26.169354838709673,1.0,0.028018170066072965,8.556900726392243,0.9944438912675495,0.7746478873239435,0.883135257498585,0.8732358870967741
"Python, C#",Serverless,0.02754237288135593,0.03389830508474576,0.024364406779661018,0.8846153846153847,26.09615384615385,1.0,0.023430767020970987,8.37288135593221,0.988917306052856,0.6571428571428573,0.8805668016194332,0.8016826923076923
Serverless,"Python, C#",0.03389830508474576,0.02754237288135593,0.024364406779661018,0.71875,26.096153846153847,1.0,0.023430767020970987,3.4576271186440675,0.9954233409610985,0.6571428571428573,0.7107843137254902,0.8016826923076923
Serverless,"Python, Azure",0.03389830508474576,0.02701271186440678,0.023834745762711863,0.703125,26.02941176470588,1.0,0.02291906061476587,3.2774308652988404,0.9953216374269007,0.6428571428571427,0.6948829613500273,0.7927389705882353
"Python, Azure",Serverless,0.02701271186440678,0.03389830508474576,0.023834745762711863,0.8823529411764706,26.02941176470588,1.0,0.02291906061476587,8.21186440677966,0.9882779894755943,0.6428571428571427,0.8782249742002064,0.7927389705882353
"AWS, Hadoop",Big Data,0.02913135593220339,0.03283898305084746,0.02489406779661017,0.8545454545454546,26.022287390029327,1.0,0.023937423692904337,6.6492319915254265,0.9904237907859457,0.6714285714285715,0.8496066912277209,0.8063049853372434
Big Data,"AWS, Hadoop",0.03283898305084746,0.02913135593220339,0.02489406779661017,0.7580645161290321,26.022287390029323,1.0,0.023937423692904337,4.012923728813558,0.9942205961175455,0.6714285714285715,0.7508051317248297,0.8063049853372434
"Machine Learning, Big Data",Spark,0.026483050847457626,0.03389830508474576,0.023305084745762712,0.88,25.96,1.0,0.02240735420856076,8.05084745762712,0.9876347808883175,0.6285714285714286,0.8757894736842106,0.78375
Spark,"Machine Learning, Big Data",0.03389830508474576,0.026483050847457626,0.023305084745762712,0.6875,25.96,1.0,0.02240735420856076,3.1152542372881356,0.9952153110047848,0.6285714285714286,0.6789989118607181,0.78375
Big Data,"Spark, AWS",0.03283898305084746,0.028601694915254237,0.024364406779661018,0.7419354838709677,25.94026284348865,1.0,0.023425156205113474,3.76416843220339,0.9940949569027095,0.6571428571428573,0.734337073908608,0.7968936678614098
Azure,"Serverless, Kubernetes",0.03283898305084746,0.028601694915254237,0.024364406779661018,0.7419354838709677,25.94026284348865,1.0,0.023425156205113474,3.76416843220339,0.9940949569027095,0.6571428571428573,0.734337073908608,0.7968936678614098
"Serverless, Kubernetes",Azure,0.028601694915254237,0.03283898305084746,0.024364406779661018,0.8518518518518519,25.940262843488647,1.0,0.023425156205113474,6.52833686440678,0.9897586648333413,0.6571428571428573,0.8468216299541601,0.7968936678614098
"Spark, AWS",Big Data,0.028601694915254237,0.03283898305084746,0.024364406779661018,0.8518518518518519,25.940262843488647,1.0,0.023425156205113474,6.52833686440678,0.9897586648333413,0.6571428571428573,0.8468216299541601,0.7968936678614098
"Python, C#",Azure,0.02754237288135593,0.03283898305084746,0.023305084745762712,0.8461538461538461,25.7667493796526,1.0,0.022400621229531743,6.286546610169491,0.9884135472370766,0.6285714285714284,0.8409301541831662,0.7779156327543424
Azure,"Python, C#",0.03283898305084746,0.02754237288135593,0.023305084745762712,0.7096774193548386,25.7667493796526,1.0,0.022400621229531743,3.34957627118644,0.9938265458528328,0.6285714285714284,0.7014547754585705,0.7779156327543424
"AWS, SQL",Hadoop,0.026483050847457626,0.034957627118644065,0.023834745762711863,0.9,25.74545454545455,1.0,0.02290896114622235,9.650423728813562,0.9873050417120057,0.6338028169014085,0.896377607025247,0.790909090909091
Hadoop,"AWS, SQL",0.034957627118644065,0.026483050847457626,0.023834745762711863,0.6818181818181819,25.74545454545455,1.0,0.02290896114622235,3.059624697336562,0.9959751189169411,0.6338028169014085,0.673162528440004,0.790909090909091
Spark,"Machine Learning, Scala",0.03389830508474576,0.02913135593220339,0.025423728813559324,0.75,25.745454545454546,1.0,0.024436225222637175,3.8834745762711864,0.9948830409356726,0.6760563380281691,0.7424986361156574,0.8113636363636364
Serverless,"AWS, Azure",0.03389830508474576,0.02913135593220339,0.025423728813559324,0.75,25.745454545454546,1.0,0.024436225222637175,3.8834745762711864,0.9948830409356726,0.6760563380281691,0.7424986361156574,0.8113636363636364
"AWS, Azure",Serverless,0.02913135593220339,0.03389830508474576,0.025423728813559324,0.8727272727272728,25.745454545454546,1.0,0.024436225222637175,7.590799031477001,0.9899981814875433,0.6760563380281691,0.8682615629984052,0.8113636363636364
"Machine Learning, Scala",Spark,0.02913135593220339,0.03389830508474576,0.025423728813559324,0.8727272727272728,25.745454545454546,1.0,0.024436225222637175,7.590799031477001,0.9899981814875433,0.6760563380281691,0.8682615629984052,0.8113636363636364
"Hadoop, Scala",Big Data,0.03072033898305085,0.03283898305084746,0.025953389830508475,0.8448275862068966,25.726362625139043,1.0,0.02494456513932778,6.232815442561207,0.9915913906546225,0.6901408450704226,0.8395588624088832,0.8175750834260289
Big Data,"Hadoop, Scala",0.03283898305084746,0.03072033898305085,0.025953389830508475,0.7903225806451613,25.726362625139043,1.0,0.02494456513932778,4.622718383311603,0.9937635514227596,0.6901408450704226,0.7836770668076855,0.8175750834260289
Serverless,"Docker, Azure",0.03389830508474576,0.028601694915254237,0.02489406779661017,0.734375,25.675925925925927,1.0,0.02392451881643206,3.6570289132602194,0.9947741694662189,0.6619718309859155,0.7265539803707742,0.8023726851851851
"Docker, Azure",Serverless,0.028601694915254237,0.03389830508474576,0.02489406779661017,0.8703703703703703,25.675925925925924,1.0,0.02392451881643206,7.4527845036319595,0.989350100930416,0.6619718309859155,0.8658219623131903,0.8023726851851851
Scala,"AWS, Big Data",0.036016949152542374,0.028072033898305086,0.025953389830508475,0.7205882352941176,25.669256381798,1.0,0.024942320812984774,3.478479036574487,0.9969499887867235,0.6805555555555557,0.7125180317358552,0.822558268590455
"AWS, Big Data",Scala,0.028072033898305086,0.036016949152542374,0.025953389830508475,0.9245283018867924,25.669256381798,1.0,0.024942320812984774,12.772775423728797,0.9888005338375132,0.6805555555555557,0.9217084801990462,0.822558268590455
"AWS, Big Data",Spark,0.028072033898305086,0.03389830508474576,0.024364406779661018,0.8679245283018868,25.60377358490566,1.0,0.023412812410226948,7.314769975786926,0.9886980215614263,0.647887323943662,0.86329030122476,0.7933372641509434
Spark,"AWS, Big Data",0.03389830508474576,0.028072033898305086,0.024364406779661018,0.71875,25.60377358490566,1.0,0.023412812410226948,3.4557438794726933,0.9946605644546149,0.647887323943662,0.7106267029972753,0.7933372641509434
"AWS, SQL",Big Data,0.026483050847457626,0.03283898305084746,0.022245762711864406,0.8400000000000001,25.579354838709676,1.0,0.021376086253950013,6.044756355932207,0.9870459609306181,0.6,0.834567360350493,0.7587096774193549
Big Data,"Machine Learning, AWS",0.03283898305084746,0.026483050847457626,0.022245762711864406,0.6774193548387096,25.579354838709676,1.0,0.021376086253950013,3.017902542372881,0.9935325718458248,0.6,0.6686440380497736,0.7587096774193549
Big Data,"AWS, SQL",0.03283898305084746,0.026483050847457626,0.022245762711864406,0.6774193548387096,25.579354838709676,1.0,0.021376086253950013,3.017902542372881,0.9935325718458248,0.6,0.6686440380497736,0.7587096774193549
"Machine Learning, AWS",Big Data,0.026483050847457626,0.03283898305084746,0.022245762711864406,0.8400000000000001,25.579354838709676,1.0,0.021376086253950013,6.044756355932207,0.9870459609306181,0.6,0.834567360350493,0.7587096774193549
Scala,"AWS, SQL",0.036016949152542374,0.026483050847457626,0.024364406779661018,0.6764705882352942,25.54352941176471,1.0,0.02341056808388394,3.009052388289677,0.9967510750119446,0.638888888888889,0.6676694616910965,0.7982352941176472
Scala,"Machine Learning, AWS",0.036016949152542374,0.026483050847457626,0.024364406779661018,0.6764705882352942,25.54352941176471,1.0,0.02341056808388394,3.009052388289677,0.9967510750119446,0.638888888888889,0.6676694616910965,0.7982352941176472
Scala,"Python, Big Data",0.036016949152542374,0.026483050847457626,0.024364406779661018,0.6764705882352942,25.54352941176471,1.0,0.02341056808388394,3.009052388289677,0.9967510750119446,0.638888888888889,0.6676694616910965,0.7982352941176472
"AWS, SQL",Scala,0.026483050847457626,0.036016949152542374,0.024364406779661018,0.92,25.543529411764705,1.0,0.02341056808388394,12.049788135593227,0.9869896390216207,0.638888888888889,0.9170109890109891,0.7982352941176472
"Python, Big Data",Scala,0.026483050847457626,0.036016949152542374,0.024364406779661018,0.92,25.543529411764705,1.0,0.02341056808388394,12.049788135593227,0.9869896390216207,0.638888888888889,0.9170109890109891,0.7982352941176472
"Machine Learning, AWS",Scala,0.026483050847457626,0.036016949152542374,0.024364406779661018,0.92,25.543529411764705,1.0,0.02341056808388394,12.049788135593227,0.9869896390216207,0.638888888888889,0.9170109890109891,0.7982352941176472
"Penetration Testing, Python",Network Security,0.025953389830508475,0.03760593220338983,0.02489406779661017,0.9591836734693877,25.506179936763438,1.0,0.02391806637819592,23.578654661016923,0.9863940855923085,0.6438356164383563,0.9575887592241079,0.8105777522276516
Network Security,"Penetration Testing, Python",0.03760593220338983,0.025953389830508475,0.02489406779661017,0.6619718309859155,25.506179936763438,1.0,0.02391806637819592,2.881554555084746,0.9983372170634317,0.6438356164383563,0.6529650989132183,0.8105777522276516
Hadoop,"Scala, Big Data",0.034957627118644065,0.02913135593220339,0.025953389830508475,0.7424242424242425,25.485399449035818,1.0,0.02493502675237001,3.769254735792624,0.9955644167656086,0.6805555555555557,0.7346955644827986,0.8166666666666668
"Scala, Big Data",Hadoop,0.02913135593220339,0.034957627118644065,0.025953389830508475,0.890909090909091,25.485399449035818,1.0,0.02493502675237001,8.846221751412436,0.9895899439972389,0.6805555555555557,0.8869573894820877,0.8166666666666668
Penetration Testing,"Network Security, Firewalls",0.02913135593220339,0.03283898305084746,0.024364406779661018,0.8363636363636364,25.468621700879766,1.0,0.023407762675955186,5.91042843691149,0.9895633198130885,0.647887323943662,0.8308075276311859,0.7891495601173021
"Python, Scala",Big Data,0.02913135593220339,0.03283898305084746,0.024364406779661018,0.8363636363636364,25.468621700879766,1.0,0.023407762675955186,5.91042843691149,0.9895633198130885,0.647887323943662,0.8308075276311859,0.7891495601173021
Big Data,"Python, Scala",0.03283898305084746,0.02913135593220339,0.024364406779661018,0.7419354838709677,25.468621700879766,1.0,0.023407762675955186,3.762115995762712,0.9933568265155484,0.647887323943662,0.7341921405064851,0.7891495601173021
"Network Security, Firewalls",Penetration Testing,0.03283898305084746,0.02913135593220339,0.024364406779661018,0.7419354838709677,25.468621700879766,1.0,0.023407762675955186,3.762115995762712,0.9933568265155484,0.647887323943662,0.7341921405064851,0.7891495601173021
Spark,"Machine Learning, Hadoop",0.03389830508474576,0.02701271186440678,0.023305084745762712,0.6875,25.45098039215686,1.0,0.02238939959781672,3.113559322033898,0.9944178628389155,0.6197183098591549,0.6788241698421339,0.7751225490196079
"Machine Learning, Hadoop",Spark,0.02701271186440678,0.03389830508474576,0.023305084745762712,0.8627450980392156,25.45098039215686,1.0,0.02238939959781672,7.038740920096848,0.9873806106794676,0.6197183098591549,0.8579291365669074,0.7751225490196079
"SQL, Big Data",Scala,0.02489406779661017,0.036016949152542374,0.022775423728813558,0.9148936170212766,25.401752190237797,1.0,0.021878815354783105,11.326800847457624,0.9851572072811794,0.597222222222222,0.9117138180967969,0.7736232790988735
Scala,"SQL, Big Data",0.036016949152542374,0.02489406779661017,0.022775423728813558,0.6323529411764706,25.401752190237797,1.0,0.021878815354783105,2.65228813559322,0.9965244058267314,0.597222222222222,0.6229670575454516,0.7736232790988735
Spark,"AWS, SQL",0.03389830508474576,0.026483050847457626,0.022775423728813558,0.671875,25.37,1.0,0.021877693191611605,2.966908797417272,0.9942880456956346,0.6056338028169014,0.6629488574537541,0.7659374999999999
"AWS, SQL",Spark,0.026483050847457626,0.03389830508474576,0.022775423728813558,0.86,25.37,1.0,0.021877693191611605,6.900726392251816,0.9867145785358201,0.6056338028169014,0.8550877192982456,0.7659374999999999
"SQL, Scala",Hadoop,0.028072033898305086,0.034957627118644065,0.02489406779661017,0.8867924528301886,25.36763865065752,1.0,0.023912736103131285,8.52454096045197,0.9883239608093223,0.6527777777777778,0.8826916305946192,0.7994568324757003
Hadoop,"AWS, Big Data",0.034957627118644065,0.028072033898305086,0.02489406779661017,0.7121212121212122,25.36763865065752,1.0,0.023912736103131285,3.3761708296164143,0.9953756685428685,0.6527777777777778,0.703806456939972,0.7994568324757003
"AWS, Big Data",Hadoop,0.028072033898305086,0.034957627118644065,0.02489406779661017,0.8867924528301886,25.36763865065752,1.0,0.023912736103131285,8.52454096045197,0.9883239608093223,0.6527777777777778,0.8826916305946192,0.7994568324757003
Hadoop,"SQL, Scala",0.034957627118644065,0.028072033898305086,0.02489406779661017,0.7121212121212122,25.36763865065752,1.0,0.023912736103131285,3.3761708296164143,0.9953756685428685,0.6527777777777778,0.703806456939972,0.7994568324757003
Spark,"AWS, Scala",0.03389830508474576,0.030190677966101694,0.025953389830508475,0.765625,25.359649122807017,1.0,0.024929977018098248,4.137853107344633,0.9942713927676334,0.6805555555555557,0.7583287820862916,0.8126370614035088
"AWS, Scala",Spark,0.030190677966101694,0.03389830508474576,0.025953389830508475,0.8596491228070176,25.359649122807017,1.0,0.024929977018098248,6.883474576271187,0.9904702459902583,0.6805555555555557,0.8547245306248077,0.8126370614035088
Hadoop,"Spark, Big Data",0.034957627118644065,0.02754237288135593,0.024364406779661018,0.696969696969697,25.30536130536131,1.0,0.02340159077851192,3.2091101694915256,0.9952751395981481,0.638888888888889,0.6883871393675316,0.7907925407925409
"Spark, Big Data",Hadoop,0.02754237288135593,0.034957627118644065,0.024364406779661018,0.8846153846153847,25.30536130536131,1.0,0.02340159077851192,8.363700564971758,0.9876858956142843,0.638888888888889,0.8804357004137466,0.7907925407925409
Cryptography,"Network Security, Firewalls",0.028072033898305086,0.03283898305084746,0.023305084745762712,0.830188679245283,25.280584297017647,1.0,0.022383227700373456,5.695503766478341,0.9881842952687638,0.6197183098591549,0.8244229060323627,0.7699330493000608
"Python, Hadoop",Big Data,0.028072033898305086,0.03283898305084746,0.023305084745762712,0.830188679245283,25.280584297017647,1.0,0.022383227700373456,5.695503766478341,0.9881842952687638,0.6197183098591549,0.8244229060323627,0.7699330493000608
"Network Security, Firewalls",Cryptography,0.03283898305084746,0.028072033898305086,0.023305084745762712,0.7096774193548386,25.280584297017647,1.0,0.022383227700373456,3.347751883239171,0.9930548640844369,0.6197183098591549,0.7012920805133163,0.7699330493000608
Big Data,"Python, Hadoop",0.03283898305084746,0.028072033898305086,0.023305084745762712,0.7096774193548386,25.280584297017647,1.0,0.022383227700373456,3.347751883239171,0.9930548640844369,0.6197183098591549,0.7012920805133163,0.7699330493000608
"AWS, Hadoop",Scala,0.02913135593220339,0.036016949152542374,0.026483050847457626,0.9090909090909091,25.240641711229944,1.0,0.025433828282102843,10.603813559322031,0.9891980360065467,0.6849315068493151,0.9056943056943056,0.8221925133689839
Scala,"AWS, Hadoop",0.036016949152542374,0.02913135593220339,0.026483050847457626,0.7352941176470588,25.240641711229944,1.0,0.025433828282102843,3.667725988700564,0.9962637362637363,0.6849315068493151,0.7273514970636372,0.8221925133689839
Spark,"AWS, Hadoop",0.03389830508474576,0.02913135593220339,0.02489406779661017,0.734375,25.20909090909091,1.0,0.02390656420568802,3.6550348953140577,0.9940276222471072,0.6527777777777778,0.726404800872886,0.7944602272727272
"AWS, Hadoop",Spark,0.02913135593220339,0.03389830508474576,0.02489406779661017,0.8545454545454546,25.20909090909091,1.0,0.02390656420568802,6.6419491525423755,0.9891469628907384,0.6527777777777778,0.8494417862838916,0.7944602272727272
Scala,"Spark, AWS",0.036016949152542374,0.028601694915254237,0.025953389830508475,0.7205882352941176,25.193899782135077,1.0,0.024923244039069235,3.4765834076717215,0.9961874859834045,0.6712328767123289,0.7123612803900186,0.8139978213507626
"Hadoop, Big Data",Scala,0.028601694915254237,0.036016949152542374,0.025953389830508475,0.9074074074074074,25.193899782135077,1.0,0.024923244039069235,10.411016949152545,0.9885830013575768,0.6712328767123289,0.903947903947904,0.8139978213507626
"Spark, AWS",Scala,0.028601694915254237,0.036016949152542374,0.025953389830508475,0.9074074074074074,25.193899782135077,1.0,0.024923244039069235,10.411016949152545,0.9885830013575768,0.6712328767123289,0.903947903947904,0.8139978213507626
Scala,"Hadoop, Big Data",0.036016949152542374,0.028601694915254237,0.025953389830508475,0.7205882352941176,25.193899782135077,1.0,0.024923244039069235,3.4765834076717215,0.9961874859834045,0.6712328767123289,0.7123612803900186,0.8139978213507626
Big Data,"SQL, Hadoop",0.03283898305084746,0.02754237288135593,0.022775423728813558,0.6935483870967741,25.181141439205955,1.0,0.02187096021258259,3.1732827832292587,0.9928933492957028,0.6056338028169012,0.6848689296507132,0.7602357320099256
"SQL, Hadoop",Big Data,0.02754237288135593,0.03283898305084746,0.022775423728813558,0.8269230769230769,25.181141439205952,1.0,0.02187096021258259,5.588041431261769,0.9874854334498658,0.6056338028169012,0.8210464234560619,0.7602357320099256
"Python, Big Data",Hadoop,0.026483050847457626,0.034957627118644065,0.023305084745762712,0.88,25.173333333333336,1.0,0.022379300129273198,8.0420197740113,0.9863982589771492,0.6111111111111112,0.8756531284302964,0.7733333333333334
Hadoop,"Python, Big Data",0.034957627118644065,0.026483050847457626,0.023305084745762712,0.6666666666666667,25.173333333333336,1.0,0.022379300129273198,2.9205508474576276,0.9950603732162459,0.6111111111111112,0.6575988393180995,0.7733333333333334
Scala,"Spark, Hadoop",0.036016949152542374,0.028072033898305086,0.025423728813559324,0.7058823529411765,25.145394006659266,1.0,0.024412659796035623,3.3045550847457634,0.9961080586080585,0.6575342465753427,0.6973874018272159,0.8057713651498335
"Spark, Hadoop",Scala,0.028072033898305086,0.036016949152542374,0.025423728813559324,0.9056603773584906,25.145394006659266,1.0,0.024412659796035623,10.218220338983054,0.9879654859218892,0.6575342465753427,0.9021356002488078,0.8057713651498335
Spark,"Hadoop, Big Data",0.03389830508474576,0.028601694915254237,0.024364406779661018,0.71875,25.12962962962963,1.0,0.02339485779948291,3.4538606403013183,0.9938977879481313,0.638888888888889,0.7104689203925845,0.7853009259259259
"Hadoop, Big Data",Spark,0.028601694915254237,0.03389830508474576,0.024364406779661018,0.8518518518518519,25.12962962962963,1.0,0.02339485779948291,6.521186440677966,0.988478497937509,0.638888888888889,0.8466536712150747,0.7853009259259259
Scala,"SQL, Hadoop",0.036016949152542374,0.02754237288135593,0.02489406779661017,0.6911764705882353,25.09502262443439,1.0,0.02390207555300201,3.1489104116222757,0.9960252513444003,0.6438356164383563,0.6824298346789696,0.7975113122171946
"SQL, Hadoop",Scala,0.02754237288135593,0.036016949152542374,0.02489406779661017,0.9038461538461539,25.09502262443439,1.0,0.02390207555300201,10.02542372881356,0.9873452927270199,0.6438356164383563,0.9002535925612849,0.7975113122171946
"AWS, Scala",Hadoop,0.030190677966101694,0.034957627118644065,0.026483050847457626,0.8771929824561403,25.093035619351408,1.0,0.02542765638465958,7.858202179176753,0.99003823047515,0.6849315068493151,0.8727444296801278,0.8173843700159489
Hadoop,"AWS, Scala",0.034957627118644065,0.030190677966101694,0.026483050847457626,0.7575757575757576,25.093035619351408,1.0,0.02542765638465958,4.0004634533898304,0.9949286498353458,0.6849315068493151,0.7500289624811743,0.8173843700159489
"Spark, Python",Big Data,0.02701271186440678,0.03283898305084746,0.022245762711864406,0.8235294117647058,25.077798861480073,1.0,0.021358692724791725,5.480579096045196,0.9867796873784896,0.5915492957746477,0.8175375297983377,0.7504743833017078
Big Data,"Spark, Python",0.03283898305084746,0.02701271186440678,0.022245762711864406,0.6774193548387096,25.077798861480073,1.0,0.021358692724791725,3.0162605932203386,0.9927241433265529,0.5915492957746477,0.6684636591918801,0.7504743833017078
Big Data,"Machine Learning, Hadoop",0.03283898305084746,0.02701271186440678,0.022245762711864406,0.6774193548387096,25.077798861480073,1.0,0.021358692724791725,3.0162605932203386,0.9927241433265529,0.5915492957746477,0.6684636591918801,0.7504743833017078
"Machine Learning, Hadoop",Big Data,0.02701271186440678,0.03283898305084746,0.022245762711864406,0.8235294117647058,25.077798861480073,1.0,0.021358692724791725,5.480579096045196,0.9867796873784896,0.5915492957746477,0.8175375297983377,0.7504743833017078
Scala,"Spark, Python",0.036016949152542374,0.02701271186440678,0.024364406779661018,0.6764705882352942,25.04267589388697,1.0,0.023391491309968402,3.0074152542372885,0.9959388437649308,0.6301369863013699,0.6674885523071504,0.7892156862745099
"Spark, Python",Scala,0.02701271186440678,0.036016949152542374,0.024364406779661018,0.9019607843137255,25.042675893886965,1.0,0.023391491309968402,9.83262711864407,0.9867222077583963,0.6301369863013699,0.8982977806507219,0.7892156862745099
Big Data,"Spark, Scala",0.03283898305084746,0.029661016949152543,0.024364406779661018,0.7419354838709677,25.013824884792626,1.0,0.0233903691467969,3.7600635593220337,0.992618696128387,0.638888888888889,0.734047048880124,0.7816820276497696
"Spark, Scala",Big Data,0.029661016949152543,0.03283898305084746,0.024364406779661018,0.8214285714285714,25.013824884792623,1.0,0.0233903691467969,5.416101694915254,0.9893677615340801,0.638888888888889,0.8153653575340322,0.7816820276497696
"Penetration Testing, Firewalls",Network Security,0.025953389830508475,0.03760593220338983,0.024364406779661018,0.9387755102040817,24.963495257257836,1.0,0.02338840536124677,15.719103107344644,0.9855190675461617,0.6216216216216217,0.9363831388361619,0.7933314170738719
Network Security,"Penetration Testing, Firewalls",0.03760593220338983,0.025953389830508475,0.024364406779661018,0.647887323943662,24.963495257257833,1.0,0.02338840536124677,2.7662923728813564,0.9974516044124333,0.6216216216216217,0.6385053113679358,0.7933314170738719
Scala,"Spark, SQL",0.036016949152542374,0.025953389830508475,0.023305084745762712,0.6470588235294118,24.931572629051622,1.0,0.022370322823901178,2.7597987288135597,0.9957542457542459,0.6027397260273972,0.637654735629978,0.7725090036014406
"Spark, SQL",Scala,0.025953389830508475,0.036016949152542374,0.023305084745762712,0.8979591836734694,24.93157262905162,1.0,0.022370322823901178,9.447033898305085,0.9854664096099658,0.6027397260273972,0.8941466696568737,0.7725090036014406
Hadoop,Big Data,0.034957627118644065,0.03283898305084746,0.028601694915254237,0.8181818181818182,24.914956011730204,1.0,0.02745372199080724,5.319385593220341,0.9946334918892548,0.7297297297297297,0.812008364034651,0.8445747800586509
Big Data,Hadoop,0.03283898305084746,0.034957627118644065,0.028601694915254237,0.8709677419354838,24.914956011730204,1.0,0.02745372199080724,7.479078389830502,0.9924546671534623,0.7297297297297297,0.8662936864841896,0.8445747800586509
"Spark, AWS",Hadoop,0.028601694915254237,0.034957627118644065,0.02489406779661017,0.8703703703703703,24.897867564534234,1.0,0.023894220410801494,7.44461259079903,0.9880971716281121,0.6438356164383563,0.8656746757734682,0.7912457912457913
Hadoop,"Spark, AWS",0.034957627118644065,0.028601694915254237,0.02489406779661017,0.7121212121212122,24.89786756453423,1.0,0.023894220410801494,3.3743309545049067,0.9946049466333465,0.6438356164383563,0.7036449555533525,0.7912457912457913
Firewalls,"Network Security, Cryptography",0.03760593220338983,0.02489406779661017,0.023305084745762712,0.619718309859155,24.8942163620018,1.0,0.0223689201199368,2.5641674513496553,0.9973357682493621,0.5945945945945946,0.6100098691005348,0.7779442613125562
"Network Security, Cryptography",Firewalls,0.02489406779661017,0.03760593220338983,0.023305084745762712,0.9361702127659575,24.8942163620018,1.0,0.0223689201199368,15.077507062146898,0.9843341069576811,0.5945945945945946,0.9336760383611049,0.7779442613125562
"Incident Response, Penetration Testing",Network Security,0.024364406779661018,0.03760593220338983,0.022775423728813558,0.9347826086956521,24.857317819963257,1.0,0.021859177499281814,14.756709039548008,0.9837386056611873,0.5810810810810809,0.9322342131080854,0.7702082057562767
Network Security,"Incident Response, Penetration Testing",0.03760593220338983,0.024364406779661018,0.022775423728813558,0.6056338028169014,24.857317819963257,1.0,0.021859177499281814,2.4739331113801453,0.9972738093714403,0.5810810810810809,0.595785352724381,0.7702082057562767
"Cryptography, Penetration Testing",Network Security,0.023834745762711863,0.03760593220338983,0.022245762711864406,0.9333333333333333,24.81877934272301,1.0,0.02134943487862683,14.435911016949156,0.9831408417952097,0.5675675675675677,0.9307283067327096,0.7624413145539906
"Cryptography, Penetration Testing",Firewalls,0.023834745762711863,0.03760593220338983,0.022245762711864406,0.9333333333333333,24.81877934272301,1.0,0.02134943487862683,14.435911016949156,0.9831408417952097,0.5675675675675677,0.9307283067327096,0.7624413145539906
Network Security,"Cryptography, Penetration Testing",0.03760593220338983,0.023834745762711863,0.022245762711864406,0.5915492957746479,24.818779342723005,1.0,0.02134943487862683,2.3899218293395674,0.9972089000707602,0.5675675675675677,0.5815762726112508,0.7624413145539906
Firewalls,"Cryptography, Penetration Testing",0.03760593220338983,0.023834745762711863,0.022245762711864406,0.5915492957746479,24.818779342723005,1.0,0.02134943487862683,2.3899218293395674,0.9972089000707602,0.5675675675675677,0.5815762726112508,0.7624413145539906
"Python, Big Data",Spark,0.026483050847457626,0.03389830508474576,0.022245762711864406,0.8400000000000001,24.78,1.0,0.021348032174662454,6.038135593220342,0.9857505570236801,0.5833333333333334,0.8343859649122808,0.748125
Spark,"Python, Big Data",0.03389830508474576,0.026483050847457626,0.022245762711864406,0.65625,24.78,1.0,0.021348032174662454,2.832049306625578,0.9933166248955724,0.5833333333333334,0.64689880304679,0.748125
Big Data,Spark,0.03283898305084746,0.03389830508474576,0.02754237288135593,0.8387096774193548,24.741935483870964,1.0,0.026429187015225508,5.989830508474573,0.9921644620439801,0.7027027027027025,0.8330503678551215,0.8256048387096774
Spark,Big Data,0.03389830508474576,0.03283898305084746,0.02754237288135593,0.8125,24.741935483870964,1.0,0.026429187015225508,5.15819209039548,0.9932523616734142,0.7027027027027025,0.8061336254107339,0.8256048387096774
Big Data,"SQL, Scala",0.03283898305084746,0.028072033898305086,0.022775423728813558,0.6935483870967741,24.70602556299452,1.0,0.0218535666834243,3.171554415700267,0.9921037214396699,0.597222222222222,0.6846971960973894,0.7524345709068776
"SQL, Scala",Big Data,0.028072033898305086,0.03283898305084746,0.022775423728813558,0.8113207547169811,24.70602556299452,1.0,0.0218535666834243,5.1259533898305065,0.987237817628794,0.597222222222222,0.8049143400359585,0.7524345709068776
Spark,"Scala, Big Data",0.03389830508474576,0.02913135593220339,0.024364406779661018,0.71875,24.672727272727276,1.0,0.02337690318873887,3.4519774011299433,0.9931350114416476,0.6301369863013699,0.7103109656301145,0.7775568181818182
Spark,"Python, Scala",0.03389830508474576,0.02913135593220339,0.024364406779661018,0.71875,24.672727272727276,1.0,0.02337690318873887,3.4519774011299433,0.9931350114416476,0.6301369863013699,0.7103109656301145,0.7775568181818182
"Python, Scala",Spark,0.02913135593220339,0.03389830508474576,0.024364406779661018,0.8363636363636364,24.672727272727276,1.0,0.02337690318873887,5.903954802259889,0.9882587347897247,0.6301369863013699,0.830622009569378,0.7775568181818182
"Scala, Big Data",Spark,0.02913135593220339,0.03389830508474576,0.024364406779661018,0.8363636363636364,24.672727272727276,1.0,0.02337690318873887,5.903954802259889,0.9882587347897247,0.6301369863013699,0.830622009569378,0.7775568181818182
Penetration Testing,Network Security,0.02913135593220339,0.03760593220338983,0.02701271186440678,0.9272727272727274,24.657618437900133,1.0,0.025917200068227522,13.232918432203405,0.9882331546912273,0.6800000000000002,0.9244308800720469,0.8227912932138285
Network Security,Penetration Testing,0.03760593220338983,0.02913135593220339,0.02701271186440678,0.7183098591549296,24.65761843790013,1.0,0.025917200068227522,3.4465836864406785,0.9969352628227957,0.6800000000000002,0.7098576181584872,0.8227912932138285
Big Data,Scala,0.03283898305084746,0.036016949152542374,0.02913135593220339,0.8870967741935483,24.629981024667927,1.0,0.027948595949439815,8.53813559322033,0.9919745096086826,0.7333333333333331,0.8828784119106698,0.8479601518026565
Scala,Big Data,0.036016949152542374,0.03283898305084746,0.02913135593220339,0.8088235294117646,24.629981024667927,1.0,0.027948595949439815,5.0589960886571035,0.9952447552447552,0.7333333333333331,0.8023323239481991,0.8479601518026565
Scala,"Python, Hadoop",0.036016949152542374,0.028072033898305086,0.02489406779661017,0.6911764705882353,24.62153163152053,1.0,0.023882998779086468,3.147195318805488,0.9952303016132804,0.6351351351351352,0.6822567719185767,0.7889844617092119
"Python, Hadoop",Scala,0.028072033898305086,0.036016949152542374,0.02489406779661017,0.8867924528301886,24.62153163152053,1.0,0.023882998779086468,8.515183615819202,0.9870949040524087,0.6351351351351352,0.8825627202985693,0.7889844617092119
Cryptography,Firewalls,0.028072033898305086,0.03760593220338983,0.025953389830508475,0.9245283018867924,24.584639914961468,1.0,0.024897714826917553,12.751721398305069,0.9870321970750153,0.6533333333333334,0.9215792151691051,0.8073345734786075
Firewalls,Cryptography,0.03760593220338983,0.028072033898305086,0.025953389830508475,0.6901408450704226,24.584639914961468,1.0,0.024897714826917553,3.1366766178736527,0.9968101715094403,0.6533333333333334,0.681191234601067,0.8073345734786075
"Spark, Big Data",Scala,0.02754237288135593,0.036016949152542374,0.024364406779661018,0.8846153846153847,24.56108597285068,1.0,0.02337241453605286,8.354519774011305,0.9864544851757129,0.6216216216216217,0.8803043110735419,0.7805429864253395
Scala,"Spark, Big Data",0.036016949152542374,0.02754237288135593,0.024364406779661018,0.6764705882352942,24.56108597285068,1.0,0.02337241453605286,3.0057781201849,0.9951266125179169,0.6216216216216217,0.6673074458541587,0.7805429864253395
Network Security,"Penetration Testing, Linux",0.03760593220338983,0.02754237288135593,0.025423728813559324,0.6760563380281691,24.546045503791987,1.0,0.02438797220626257,3.0019344141488586,0.9967437167492204,0.6400000000000002,0.6668814630703612,0.7995666305525462
"Penetration Testing, Linux",Network Security,0.02754237288135593,0.03760593220338983,0.025423728813559324,0.9230769230769231,24.546045503791987,1.0,0.02438797220626257,12.511122881355941,0.986428830791576,0.6400000000000002,0.9200711231531266,0.7995666305525462
Hadoop,"Spark, Scala",0.034957627118644065,0.029661016949152543,0.025423728813559324,0.7272727272727274,24.519480519480524,1.0,0.024386850043091067,3.5579096045197756,0.9939626783754115,0.6486486486486488,0.7189360857483129,0.7922077922077924
"Spark, Scala",Hadoop,0.029661016949152543,0.034957627118644065,0.025423728813559324,0.8571428571428572,24.519480519480524,1.0,0.024386850043091067,6.755296610169495,0.9885371179039302,0.6486486486486488,0.8519680100360671,0.7922077922077924
"Spark, SQL",Hadoop,0.025953389830508475,0.034957627118644065,0.022245762711864406,0.8571428571428571,24.51948051948052,1.0,0.021338493787704683,6.75529661016949,0.984774333877107,0.5753424657534247,0.851968010036067,0.7467532467532467
Hadoop,"Spark, SQL",0.034957627118644065,0.025953389830508475,0.022245762711864406,0.6363636363636364,24.51948051948052,1.0,0.021338493787704683,2.6786281779661016,0.9939626783754116,0.5753424657534247,0.6266745761036137,0.7467532467532467
"Machine Learning, Hadoop",Scala,0.02701271186440678,0.036016949152542374,0.023834745762711863,0.8823529411764706,24.49826989619377,1.0,0.022861830293019247,8.193855932203387,0.9858101977862457,0.6081081081081081,0.8779573367808662,0.7720588235294117
Scala,"Machine Learning, Hadoop",0.036016949152542374,0.02701271186440678,0.023834745762711863,0.6617647058823529,24.49826989619377,1.0,0.022861830293019247,2.8766580692704493,0.9950183150183151,0.6081081081081081,0.652374395593839,0.7720588235294117
Spark,"SQL, Scala",0.03389830508474576,0.028072033898305086,0.023305084745762712,0.6875,24.49056603773585,1.0,0.022353490376328642,3.110169491525424,0.9928229665071772,0.6027397260273972,0.6784741144414169,0.7588443396226414
"SQL, Scala",Spark,0.028072033898305086,0.03389830508474576,0.023305084745762712,0.830188679245283,24.490566037735846,1.0,0.022353490376328642,5.689265536723161,0.9868714391875154,0.6027397260273972,0.8242303872889771,0.7588443396226414
"SQL, Big Data",Spark,0.02489406779661017,0.03389830508474576,0.02065677966101695,0.8297872340425533,24.478723404255323,1.0,0.019812912956047115,5.675847457627121,0.9836348695664285,0.5416666666666667,0.8238148562896604,0.7195811170212767
Spark,"SQL, Big Data",0.03389830508474576,0.02489406779661017,0.02065677966101695,0.609375,24.47872340425532,1.0,0.019812912956047115,2.496271186440678,0.9928025191183087,0.5416666666666667,0.5994024986420423,0.7195811170212767
"Python, Scala",Hadoop,0.02913135593220339,0.034957627118644065,0.02489406779661017,0.8545454545454546,24.445179063360886,1.0,0.023875704718471703,6.634666313559325,0.9878701349955311,0.6351351351351352,0.8492765193094503,0.7833333333333334
Hadoop,"Python, Scala",0.034957627118644065,0.02913135593220339,0.02489406779661017,0.7121212121212122,24.445179063360882,1.0,0.023875704718471703,3.372491079393399,0.9938342247238245,0.6351351351351352,0.7034832779513631,0.7833333333333334
Scala,"Machine Learning, Big Data",0.036016949152542374,0.026483050847457626,0.023305084745762712,0.6470588235294118,24.43294117647059,1.0,0.022351246049985635,2.7582980225988702,0.9949050949050949,0.5945945945945946,0.6374575945721053,0.7635294117647059
"Machine Learning, Big Data",Scala,0.026483050847457626,0.036016949152542374,0.023305084745762712,0.88,24.43294117647059,1.0,0.022351246049985635,8.033192090395481,0.9851617370659808,0.5945945945945946,0.8755164835164835,0.7635294117647059
"Cryptography, Python",Firewalls,0.025953389830508475,0.03760593220338983,0.023834745762711863,0.9183673469387754,24.420810577752228,1.0,0.022858744344297615,11.789327330508462,0.984605159809075,0.6,0.9151775184482157,0.776085081920092
Firewalls,"Cryptography, Python",0.03760593220338983,0.025953389830508475,0.023834745762711863,0.6338028169014085,24.420810577752228,1.0,0.022858744344297615,2.6598965123859197,0.9965266311991684,0.6,0.6240455238226532,0.776085081920092
Firewalls,"Cryptography, Linux",0.03760593220338983,0.025953389830508475,0.023834745762711863,0.6338028169014085,24.420810577752228,1.0,0.022858744344297615,2.6598965123859197,0.9965266311991684,0.6,0.6240455238226532,0.776085081920092
"Cryptography, Linux",Firewalls,0.025953389830508475,0.03760593220338983,0.023834745762711863,0.9183673469387754,24.420810577752228,1.0,0.022858744344297615,11.789327330508462,0.984605159809075,0.6,0.9151775184482157,0.776085081920092
Spark,"Hadoop, Scala",0.03389830508474576,0.03072033898305085,0.025423728813559324,0.75,24.413793103448274,1.0,0.024382361390405057,3.8771186440677967,0.9926900584795322,0.6486486486486488,0.7420765027322405,0.7887931034482758
"Hadoop, Scala",Spark,0.03072033898305085,0.03389830508474576,0.025423728813559324,0.8275862068965517,24.413793103448274,1.0,0.024382361390405057,5.603389830508474,0.9894353369763205,0.6486486486486488,0.8215366001209922,0.7887931034482758
Scala,Hadoop,0.036016949152542374,0.034957627118644065,0.03072033898305085,0.8529411764705882,24.399286987522284,1.0,0.029461271904625108,6.562288135593219,0.9948465327775672,0.763157894736842,0.8476141279783044,0.8658645276292336
Hadoop,Scala,0.034957627118644065,0.036016949152542374,0.03072033898305085,0.8787878787878789,24.399286987522284,1.0,0.029461271904625108,7.952860169491532,0.9937544948711154,0.763157894736842,0.8742590742590743,0.8658645276292336
Network Security,"Incident Response, Python",0.03760593220338983,0.025423728813559324,0.023305084745762712,0.619718309859155,24.375586854460096,1.0,0.022349001723642632,2.5627746390458257,0.9964476909991494,0.5866666666666667,0.6097979179424373,0.7681924882629108
"Incident Response, Python",Network Security,0.025423728813559324,0.03760593220338983,0.023305084745762712,0.9166666666666666,24.375586854460096,1.0,0.022349001723642632,11.548728813559316,0.9839920948616602,0.5866666666666667,0.913410383415887,0.7681924882629108
"Machine Learning, Scala",Big Data,0.02913135593220339,0.03283898305084746,0.023305084745762712,0.8,24.361290322580643,1.0,0.02234844064205688,4.835805084745764,0.9877250409165304,0.6027397260273972,0.7932092004381162,0.7548387096774194
"Spark, Machine Learning",Big Data,0.02913135593220339,0.03283898305084746,0.023305084745762712,0.8,24.361290322580643,1.0,0.02234844064205688,4.835805084745764,0.9877250409165304,0.6027397260273972,0.7932092004381162,0.7548387096774194
Big Data,"Machine Learning, Scala",0.03283898305084746,0.02913135593220339,0.023305084745762712,0.7096774193548386,24.361290322580643,1.0,0.02234844064205688,3.344103107344632,0.9915115005476451,0.6027397260273972,0.7009661580697956,0.7548387096774194
Big Data,"Spark, Machine Learning",0.03283898305084746,0.02913135593220339,0.023305084745762712,0.7096774193548386,24.361290322580643,1.0,0.02234844064205688,3.344103107344632,0.9915115005476451,0.6027397260273972,0.7009661580697956,0.7548387096774194
Scala,Spark,0.036016949152542374,0.03389830508474576,0.029661016949152543,0.8235294117647058,24.294117647058822,1.0,0.028440103418557888,5.474576271186439,0.9946624803767662,0.7368421052631579,0.8173374613003096,0.8492647058823529
Spark,Scala,0.03389830508474576,0.036016949152542374,0.029661016949152543,0.875,24.294117647058822,1.0,0.028440103418557888,7.711864406779661,0.9924812030075189,0.7368421052631579,0.8703296703296703,0.8492647058823529
Big Data,"Spark, SQL",0.03283898305084746,0.025953389830508475,0.02065677966101695,0.6290322580645161,24.236998025016458,1.0,0.019804496732260844,2.625690862196021,0.9912938467155334,0.5416666666666666,0.6191478538476382,0.7124753127057275
"Spark, SQL",Big Data,0.025953389830508475,0.03283898305084746,0.02065677966101695,0.7959183673469388,24.236998025016455,1.0,0.019804496732260844,4.739088983050848,0.9842863317577835,0.5416666666666666,0.788988980038894,0.7124753127057275
Scala,"Spark, Machine Learning",0.036016949152542374,0.02913135593220339,0.025423728813559324,0.7058823529411765,24.23101604278075,1.0,0.02437450624820454,3.300953389830509,0.9945512820512821,0.6400000000000002,0.6970572189595969,0.7893048128342246
"Spark, Machine Learning",Scala,0.02913135593220339,0.036016949152542374,0.025423728813559324,0.8727272727272728,24.231016042780748,1.0,0.02437450624820454,7.574152542372885,0.987497726859429,0.6400000000000002,0.867972027972028,0.7893048128342246
Network Security,"Incident Response, Cryptography",0.03760593220338983,0.023834745762711863,0.021716101694915255,0.5774647887323945,24.22785602503913,1.0,0.02081977386167768,2.310257768361583,0.9961877659503068,0.5466666666666669,0.5671478682185355,0.7442879499217528
Firewalls,"Incident Response, Cryptography",0.03760593220338983,0.023834745762711863,0.021716101694915255,0.5774647887323945,24.22785602503913,1.0,0.02081977386167768,2.310257768361583,0.9961877659503068,0.5466666666666669,0.5671478682185355,0.7442879499217528
"Incident Response, Cryptography",Firewalls,0.023834745762711863,0.03760593220338983,0.021716101694915255,0.9111111111111112,24.227856025039127,1.0,0.02081977386167768,10.826933262711876,0.9821341132564879,0.5466666666666669,0.9076377423102796,0.7442879499217528
"Incident Response, Cryptography",Network Security,0.023834745762711863,0.03760593220338983,0.021716101694915255,0.9111111111111112,24.227856025039127,1.0,0.02081977386167768,10.826933262711876,0.9821341132564879,0.5466666666666669,0.9076377423102796,0.7442879499217528
Hadoop,"Spark, Python",0.034957627118644065,0.02701271186440678,0.022775423728813558,0.6515151515151515,24.118835412953057,1.0,0.021831123419994252,2.792050478997789,0.9932606642330176,0.5810810810810809,0.6418402863694099,0.7473262032085561
"Spark, Python",Hadoop,0.02701271186440678,0.034957627118644065,0.022775423728813558,0.8431372549019607,24.118835412953057,1.0,0.021831123419994252,6.15214512711864,0.985150206985606,0.5810810810810809,0.8374550698435246,0.7473262032085561
Firewalls,"Network Security, Linux",0.03760593220338983,0.028072033898305086,0.025423728813559324,0.6760563380281691,24.082912569758175,1.0,0.024368053809968402,3.000299373618277,0.9959296459365254,0.6315789473684212,0.6666999270829337,0.7908583576933299
Firewalls,"Network Security, Python",0.03760593220338983,0.028072033898305086,0.025423728813559324,0.6760563380281691,24.082912569758175,1.0,0.024368053809968402,3.000299373618277,0.9959296459365254,0.6315789473684212,0.6666999270829337,0.7908583576933299
"Python, Firewalls",Network Security,0.028072033898305086,0.03760593220338983,0.025423728813559324,0.9056603773584906,24.082912569758175,1.0,0.024368053809968402,10.20137711864407,0.9861603088101726,0.6315789473684212,0.9019740189613815,0.7908583576933299
Network Security,"Python, Firewalls",0.03760593220338983,0.028072033898305086,0.025423728813559324,0.6760563380281691,24.082912569758175,1.0,0.024368053809968402,3.000299373618277,0.9959296459365254,0.6315789473684212,0.6666999270829337,0.7908583576933299
"Network Security, Python",Firewalls,0.028072033898305086,0.03760593220338983,0.025423728813559324,0.9056603773584906,24.082912569758175,1.0,0.024368053809968402,10.20137711864407,0.9861603088101726,0.6315789473684212,0.9019740189613815,0.7908583576933299
"Network Security, Linux",Firewalls,0.028072033898305086,0.03760593220338983,0.025423728813559324,0.9056603773584906,24.082912569758175,1.0,0.024368053809968402,10.20137711864407,0.9861603088101726,0.6315789473684212,0.9019740189613815,0.7908583576933299
"Penetration Testing, Linux",Firewalls,0.02754237288135593,0.03760593220338983,0.02489406779661017,0.9038461538461539,24.03466955579632,1.0,0.023858311189313416,10.008898305084747,0.9855374774023085,0.6184210526315791,0.9000889039414081,0.7829089924160346
Firewalls,"Penetration Testing, Linux",0.03760593220338983,0.02754237288135593,0.02489406779661017,0.6619718309859155,24.034669555796317,1.0,0.023858311189313416,2.876853813559322,0.9958430426585791,0.6184210526315791,0.6523980484212464,0.7829089924160346
"Machine Learning, Big Data",Hadoop,0.026483050847457626,0.034957627118644065,0.022245762711864406,0.8400000000000001,24.029090909090915,1.0,0.021319978095374892,6.031514830508478,0.9844551531167418,0.5675675675675677,0.8342041712403953,0.7381818181818183
"Machine Learning, AWS",Hadoop,0.026483050847457626,0.034957627118644065,0.022245762711864406,0.8400000000000001,24.029090909090915,1.0,0.021319978095374892,6.031514830508478,0.9844551531167418,0.5675675675675677,0.8342041712403953,0.7381818181818183
Hadoop,"Machine Learning, AWS",0.034957627118644065,0.026483050847457626,0.022245762711864406,0.6363636363636364,24.02909090909091,1.0,0.021319978095374892,2.6771716101694913,0.9931002038576132,0.5675675675675677,0.6264714610742902,0.7381818181818183
Hadoop,"Machine Learning, Big Data",0.034957627118644065,0.026483050847457626,0.022245762711864406,0.6363636363636364,24.02909090909091,1.0,0.021319978095374892,2.6771716101694913,0.9931002038576132,0.5675675675675677,0.6264714610742902,0.7381818181818183
"Network Security, Penetration Testing",Firewalls,0.02701271186440678,0.03760593220338983,0.024364406779661018,0.9019607843137255,23.984534658934,1.0,0.023348568568658433,9.816419491525425,0.9849115997254503,0.6052631578947371,0.89812986284222,0.7749240541286937
Firewalls,"Network Security, Penetration Testing",0.03760593220338983,0.02701271186440678,0.024364406779661018,0.647887323943662,23.984534658933995,1.0,0.023348568568658433,2.763283898305085,0.9957526740207222,0.6052631578947371,0.6381117406671931,0.7749240541286937
"Python, Hadoop",Spark,0.028072033898305086,0.03389830508474576,0.022775423728813558,0.8113207547169811,23.933962264150942,1.0,0.021823829359379487,5.1203389830508454,0.9858944300107725,0.5810810810810809,0.8047004303210856,0.7415978773584906
Spark,"Python, Hadoop",0.03389830508474576,0.028072033898305086,0.022775423728813558,0.671875,23.933962264150942,1.0,0.021823829359379487,2.9620661824051657,0.9918400652794779,0.5810810810810809,0.6623978201634878,0.7415978773584906
Network Security,"Cryptography, Linux",0.03760593220338983,0.025953389830508475,0.023305084745762712,0.619718309859155,23.878125898246626,1.0,0.022329083327348464,2.5613818267419965,0.9955596137489368,0.5789473684210527,0.6095857362773707,0.7588387467663122
Network Security,"Incident Response, Linux",0.03760593220338983,0.025953389830508475,0.023305084745762712,0.619718309859155,23.878125898246626,1.0,0.022329083327348464,2.5613818267419965,0.9955596137489368,0.5789473684210527,0.6095857362773707,0.7588387467663122
Firewalls,"Penetration Testing, Python",0.03760593220338983,0.025953389830508475,0.023305084745762712,0.619718309859155,23.878125898246626,1.0,0.022329083327348464,2.5613818267419965,0.9955596137489368,0.5789473684210527,0.6095857362773707,0.7588387467663122
Network Security,"Cryptography, Firewalls",0.03760593220338983,0.025953389830508475,0.023305084745762712,0.619718309859155,23.878125898246626,1.0,0.022329083327348464,2.5613818267419965,0.9955596137489368,0.5789473684210527,0.6095857362773707,0.7588387467663122
"Cryptography, Python",Network Security,0.025953389830508475,0.03760593220338983,0.023305084745762712,0.8979591836734694,23.878125898246626,1.0,0.022329083327348464,9.43146186440678,0.9836497108112116,0.5789473684210527,0.8939718980602698,0.7588387467663122
Network Security,"Cryptography, Python",0.03760593220338983,0.025953389830508475,0.023305084745762712,0.619718309859155,23.878125898246626,1.0,0.022329083327348464,2.5613818267419965,0.9955596137489368,0.5789473684210527,0.6095857362773707,0.7588387467663122
"Cryptography, Linux",Network Security,0.025953389830508475,0.03760593220338983,0.023305084745762712,0.8979591836734694,23.878125898246626,1.0,0.022329083327348464,9.43146186440678,0.9836497108112116,0.5789473684210527,0.8939718980602698,0.7588387467663122
"Incident Response, Linux",Network Security,0.025953389830508475,0.03760593220338983,0.023305084745762712,0.8979591836734694,23.878125898246626,1.0,0.022329083327348464,9.43146186440678,0.9836497108112116,0.5789473684210527,0.8939718980602698,0.7588387467663122
"Cryptography, Firewalls",Network Security,0.025953389830508475,0.03760593220338983,0.023305084745762712,0.8979591836734694,23.878125898246626,1.0,0.022329083327348464,9.43146186440678,0.9836497108112116,0.5789473684210527,0.8939718980602698,0.7588387467663122
"Penetration Testing, Python",Firewalls,0.025953389830508475,0.03760593220338983,0.023305084745762712,0.8979591836734694,23.878125898246626,1.0,0.022329083327348464,9.43146186440678,0.9836497108112116,0.5789473684210527,0.8939718980602698,0.7588387467663122
Spark,"SQL, Hadoop",0.03389830508474576,0.02754237288135593,0.022245762711864406,0.65625,23.826923076923077,1.0,0.021312122953174376,2.8289676425269645,0.9916457811194654,0.5675675675675674,0.6465141612200436,0.7319711538461539
"SQL, Hadoop",Spark,0.02754237288135593,0.03389830508474576,0.022245762711864406,0.8076923076923077,23.826923076923077,1.0,0.021312122953174376,5.023728813559322,0.9851644361448284,0.5675675675675674,0.8009446693657221,0.7319711538461539
Network Security,"Incident Response, Firewalls",0.03760593220338983,0.024364406779661018,0.021716101694915255,0.5774647887323945,23.70116350275567,1.0,0.020799855465383512,2.309004237288136,0.9952347074378834,0.5394736842105263,0.5669128779189798,0.7343845682792407
"Incident Response, Firewalls",Network Security,0.024364406779661018,0.03760593220338983,0.021716101694915255,0.8913043478260869,23.701163502755666,1.0,0.020799855465383512,8.85402542372881,0.9817271788353062,0.5394736842105263,0.8870570218468091,0.7343845682792407
Penetration Testing,Firewalls,0.02913135593220339,0.03760593220338983,0.025953389830508475,0.890909090909091,23.690653008962872,1.0,0.024857878034329216,8.821945621468933,0.9865281628199561,0.6363636363636366,0.8866463201080703,0.7905249679897568
Firewalls,Penetration Testing,0.03760593220338983,0.02913135593220339,0.025953389830508475,0.6901408450704226,23.690653008962872,1.0,0.024857878034329216,3.1332578967642535,0.9952152572641605,0.6363636363636366,0.680843379974336,0.7905249679897568
Hadoop,Spark,0.034957627118644065,0.03389830508474576,0.028072033898305086,0.8030303030303031,23.68939393939394,1.0,0.02688702958919851,4.904823989569754,0.992481825901456,0.6883116883116884,0.7961190855927699,0.8155776515151516
Spark,Hadoop,0.03389830508474576,0.034957627118644065,0.028072033898305086,0.828125,23.68939393939394,1.0,0.02688702958919851,5.614791987673343,0.991393578285336,0.6883116883116884,0.8218990120746432,0.8155776515151516
"Linux, Firewalls",Network Security,0.028601694915254237,0.03760593220338983,0.025423728813559324,0.888888888888889,23.636932707355246,1.0,0.024348135413674234,8.661546610169497,0.9858914940021811,0.6233766233766236,0.8845471778878494,0.782472613458529
Network Security,"Linux, Firewalls",0.03760593220338983,0.028601694915254237,0.025423728813559324,0.6760563380281691,23.636932707355246,1.0,0.024348135413674234,2.9986643330876945,0.9951155751238305,0.6233766233766236,0.6665181931282351,0.782472613458529
Cryptography,Network Security,0.028072033898305086,0.03760593220338983,0.02489406779661017,0.8867924528301886,23.581185224554876,1.0,0.023838392793019247,8.50114759887005,0.9852513189170385,0.6103896103896106,0.8823688227536577,0.7743821419080521
Incident Response,Network Security,0.028072033898305086,0.03760593220338983,0.02489406779661017,0.8867924528301886,23.581185224554876,1.0,0.023838392793019247,8.50114759887005,0.9852513189170385,0.6103896103896106,0.8823688227536577,0.7743821419080521
Network Security,Cryptography,0.03760593220338983,0.028072033898305086,0.02489406779661017,0.6619718309859155,23.581185224554876,1.0,0.023838392793019247,2.8752868997175143,0.995011651190295,0.6103896103896106,0.6522086195648003,0.7743821419080521
Network Security,Incident Response,0.03760593220338983,0.028072033898305086,0.02489406779661017,0.6619718309859155,23.581185224554876,1.0,0.023838392793019247,2.8752868997175143,0.995011651190295,0.6103896103896106,0.6522086195648003,0.7743821419080521
Incident Response,"Network Security, Firewalls",0.028072033898305086,0.03283898305084746,0.021716101694915255,0.7735849056603774,23.556908094948266,1.0,0.020794244649526,4.271627824858758,0.9852063534259321,0.554054054054054,0.7658972080431503,0.7174376141205112
"Network Security, Firewalls",Incident Response,0.03283898305084746,0.028072033898305086,0.021716101694915255,0.6612903225806451,23.556908094948263,1.0,0.020794244649526,2.869501614205004,0.9900622445435845,0.554054054054054,0.6515074272655357,0.7174376141205112
Hadoop,"Machine Learning, Scala",0.034957627118644065,0.02913135593220339,0.023834745762711863,0.6818181818181819,23.404958677685954,1.0,0.022816382684573398,3.051301452784504,0.9919502378338823,0.5921052631578948,0.6722709914199276,0.75
"Machine Learning, Scala",Hadoop,0.02913135593220339,0.034957627118644065,0.023834745762711863,0.8181818181818182,23.404958677685954,1.0,0.022816382684573398,5.307733050847459,0.9859974540825606,0.5921052631578948,0.8115956491368127,0.75
Firewalls,"Incident Response, Linux",0.03760593220338983,0.025953389830508475,0.022775423728813558,0.6056338028169014,23.335441218741018,1.0,0.02179942231039931,2.4699039043583535,0.9945476187428806,0.5584415584415584,0.595125948732088,0.7415924116125323
"Incident Response, Linux",Firewalls,0.025953389830508475,0.03760593220338983,0.022775423728813558,0.8775510204081632,23.335441218741018,1.0,0.02179942231039931,7.859551553672315,0.9826498223250756,0.5584415584415584,0.8727662776723237,0.7415924116125323
"Incident Response, Python",Firewalls,0.025423728813559324,0.03760593220338983,0.022245762711864406,0.8749999999999999,23.267605633802816,1.0,0.021289679689744326,7.699152542372874,0.9819875776397516,0.5454545454545454,0.8701155751238304,0.7332746478873239
Firewalls,"Incident Response, Python",0.03760593220338983,0.025423728813559324,0.022245762711864406,0.5915492957746479,23.267605633802816,1.0,0.021289679689744326,2.386031560490941,0.9944178001415206,0.5454545454545454,0.5808940600122474,0.7332746478873239
Network Security,Firewalls,0.03760593220338983,0.03760593220338983,0.03283898305084746,0.8732394366197185,23.220789525887728,1.0,0.031424776913961505,7.592219868173268,0.9943277646599321,0.7750000000000002,0.8682862170269832,0.8732394366197185
Firewalls,Network Security,0.03760593220338983,0.03760593220338983,0.03283898305084746,0.8732394366197185,23.220789525887728,1.0,0.031424776913961505,7.592219868173268,0.9943277646599321,0.7750000000000002,0.8682862170269832,0.8732394366197185
Firewalls,"Incident Response, Network Security",0.03760593220338983,0.02489406779661017,0.021716101694915255,0.5774647887323945,23.196883428228954,1.0,0.020779937069089344,2.30775070621469,0.9942816489254601,0.5324675324675324,0.5666776323339276,0.7249026071321547
"Incident Response, Network Security",Firewalls,0.02489406779661017,0.03760593220338983,0.021716101694915255,0.8723404255319149,23.19688342822895,1.0,0.020779937069089344,7.538753531073449,0.9813198023343624,0.5324675324675324,0.8673520767222099,0.7249026071321547
Firewalls,"Incident Response, Penetration Testing",0.03760593220338983,0.024364406779661018,0.0211864406779661,0.5633802816901409,23.12308634415187,1.0,0.020270194448434357,2.23452022963368,0.9941386901485966,0.5194805194805194,0.552476640516279,0.7164727495407226
"Incident Response, Penetration Testing",Firewalls,0.024364406779661018,0.03760593220338983,0.0211864406779661,0.8695652173913043,23.12308634415187,1.0,0.020270194448434357,7.37835451977401,0.9806460369163952,0.5194805194805194,0.8644684262161709,0.7164727495407226
Incident Response,Firewalls,0.028072033898305086,0.03760593220338983,0.024364406779661018,0.8679245283018868,23.079457879351583,1.0,0.023308731776070096,7.2866979418886215,0.9843028077242032,0.58974358974359,0.8627636265459341,0.7579059261227744
Firewalls,Incident Response,0.03760593220338983,0.028072033898305086,0.024364406779661018,0.647887323943662,23.07945787935158,1.0,0.023308731776070096,2.760275423728814,0.994053743629011,0.58974358974359,0.6377173120466669,0.7579059261227744
Hadoop,"Spark, Machine Learning",0.034957627118644065,0.02913135593220339,0.023305084745762712,0.6666666666666667,22.88484848484849,1.0,0.022286721667624246,2.9126059322033906,0.9909440175631175,0.5714285714285715,0.6566648481542099,0.7333333333333334
"Spark, Machine Learning",Hadoop,0.02913135593220339,0.034957627118644065,0.023305084745762712,0.8,22.884848484848487,1.0,0.022286721667624246,4.825211864406781,0.9849972722313148,0.5714285714285715,0.792755214050494,0.7333333333333334
"Firebase, React Native",Swift,0.02913135593220339,0.03919491525423729,0.025953389830508475,0.890909090909091,22.730221130221132,1.0,0.02481158880350474,8.80737994350283,0.9846910941135866,0.6125,0.8864588553673449,0.7765356265356266
Swift,"Firebase, React Native",0.03919491525423729,0.02913135593220339,0.025953389830508475,0.6621621621621622,22.730221130221132,1.0,0.02481158880350474,2.873771186440678,0.9950048376572238,0.6125,0.6520251839400776,0.7765356265356266
Deep Learning,"Machine Learning, Pandas",0.03919491525423729,0.03072033898305085,0.02701271186440678,0.6891891891891893,22.434296365330848,1.0,0.02580863078138466,3.1185519528371417,0.9944008474393065,0.6296296296296295,0.6793383547481909,0.7842497670083877
"Machine Learning, Pandas",Deep Learning,0.03072033898305085,0.03919491525423729,0.02701271186440678,0.8793103448275862,22.434296365330848,1.0,0.02580863078138466,7.9609564164648905,0.9857066323797278,0.6296296296296295,0.8743869520587005,0.7842497670083877
"Swift, React Native",Firebase,0.0323093220338983,0.036016949152542374,0.025953389830508475,0.8032786885245903,22.30279652844745,1.0,0.024789706621660444,4.900247175141246,0.9870536063358021,0.6125,0.7959286615024321,0.761933461909354
Firebase,"Swift, React Native",0.036016949152542374,0.0323093220338983,0.025953389830508475,0.7205882352941176,22.302796528447445,1.0,0.024789706621660444,3.463314005352364,0.9908499663601705,0.6125,0.7112592163302104,0.761933461909354
"Serverless, Python",C#,0.02754237288135593,0.03972457627118644,0.024364406779661018,0.8846153846153847,22.268717948717953,1.0,0.023270297687446137,8.322387005649723,0.9821445486407124,0.5679012345679013,0.8798421655564513,0.748974358974359
C#,"Serverless, Python",0.03972457627118644,0.02754237288135593,0.024364406779661018,0.6133333333333334,22.268717948717953,1.0,0.023270297687446137,2.5149766218585627,0.9946041871507709,0.5679012345679013,0.6023819898329703,0.748974358974359
"Flutter, React Native",Swift,0.02913135593220339,0.03919491525423729,0.025423728813559324,0.8727272727272728,22.266339066339068,1.0,0.02428192778655559,7.549182808716711,0.9837470449172577,0.5925925925925927,0.8675353312619024,0.7606879606879607
React Native,"Flutter, Swift",0.03919491525423729,0.02913135593220339,0.025423728813559324,0.6486486486486487,22.266339066339068,1.0,0.02428192778655559,2.7632415254237293,0.9940509004042631,0.5925925925925927,0.6381061912976806,0.7606879606879607
Swift,"Flutter, React Native",0.03919491525423729,0.02913135593220339,0.025423728813559324,0.6486486486486487,22.266339066339068,1.0,0.02428192778655559,2.7632415254237293,0.9940509004042631,0.5925925925925927,0.6381061912976806,0.7606879606879607
"Flutter, Swift",React Native,0.02913135593220339,0.03919491525423729,0.025423728813559324,0.8727272727272728,22.266339066339068,1.0,0.02428192778655559,7.549182808716711,0.9837470449172577,0.5925925925925927,0.8675353312619024,0.7606879606879607
Deep Learning,"Machine Learning, Tableau",0.03919491525423729,0.03283898305084746,0.028601694915254237,0.7297297297297297,22.221447253705318,1.0,0.027314573757540938,3.5784957627118645,0.9939564702519498,0.6585365853658536,0.7205529735650218,0.8003487358326067
"Machine Learning, Tableau",Deep Learning,0.03283898305084746,0.03919491525423729,0.028601694915254237,0.8709677419354838,22.221447253705314,1.0,0.027314573757540938,7.446239406779656,0.9874244452557707,0.6585365853658536,0.8657040224775046,0.8003487358326067
Android,"Firebase, Git",0.034957627118644065,0.030190677966101694,0.023305084745762712,0.6666666666666667,22.081871345029242,1.0,0.022249690282964665,2.9094279661016955,0.9892974753018661,0.5569620253164558,0.6562898234116149,0.7192982456140351
"Firebase, Git",Android,0.030190677966101694,0.034957627118644065,0.023305084745762712,0.7719298245614036,22.081871345029242,1.0,0.022249690282964665,4.231339634941332,0.9844347351174221,0.5569620253164558,0.763668226548809,0.7192982456140351
"Swift, Git",Android,0.0323093220338983,0.034957627118644065,0.02489406779661017,0.7704918032786886,22.040735221063095,1.0,0.02376461056449296,4.204827481840195,0.9865026959671127,0.5875000000000002,0.7621781144841735,0.7413065076999503
Android,"Swift, Git",0.034957627118644065,0.0323093220338983,0.02489406779661017,0.7121212121212122,22.04073522106309,1.0,0.02376461056449296,3.3614518287243533,0.9892098932666931,0.5875000000000002,0.702509495612944,0.7413065076999503
"Serverless, Azure",C#,0.02913135593220339,0.03972457627118644,0.025423728813559324,0.8727272727272728,21.96945454545455,1.0,0.02426649804294743,7.545021186440683,0.9831219312602292,0.5853658536585367,0.8674622674622675,0.7563636363636365
C#,"Serverless, Azure",0.03972457627118644,0.02913135593220339,0.025423728813559324,0.6400000000000001,21.96945454545455,1.0,0.02426649804294743,2.6968573446327695,0.9939671814671815,0.5853658536585367,0.6291980360065468,0.7563636363636365
"Dart, Swift",Flutter,0.03283898305084746,0.036016949152542374,0.025953389830508475,0.7903225806451613,21.943074003795065,1.0,0.0247706298477449,4.597457627118644,0.9868341641147148,0.6049382716049382,0.7824884792626727,0.7554554079696394
Flutter,"Dart, Swift",0.036016949152542374,0.03283898305084746,0.025953389830508475,0.7205882352941176,21.943074003795065,1.0,0.0247706298477449,3.4614183764495987,0.9900874635568513,0.6049382716049382,0.7111010888473681,0.7554554079696394
Swift,"Firebase, Flutter",0.03919491525423729,0.026483050847457626,0.022775423728813558,0.581081081081081,21.94162162162162,1.0,0.021737422795173798,2.3238791689447784,0.9933591446373169,0.5308641975308642,0.5696850277916654,0.7205405405405405
"Firebase, Flutter",Swift,0.026483050847457626,0.03919491525423729,0.022775423728813558,0.86,21.94162162162162,1.0,0.021737422795173798,6.862893462469733,0.980388187362401,0.5308641975308642,0.8542888643880926,0.7205405405405405
React Native,"Firebase, Swift",0.03919491525423729,0.030190677966101694,0.025953389830508475,0.6621621621621622,21.93266951161688,1.0,0.02477006876615915,2.870635593220339,0.993339783542965,0.5975609756097562,0.6516450912955556,0.7609056424845899
"Firebase, Swift",React Native,0.030190677966101694,0.03919491525423729,0.025953389830508475,0.8596491228070176,21.93266951161688,1.0,0.02477006876615915,6.84573622881356,0.9841170766504307,0.5975609756097562,0.8539236735720227,0.7609056424845899
C#,"Docker, Serverless",0.03972457627118644,0.028072033898305086,0.024364406779661018,0.6133333333333334,21.848553459119497,1.0,0.023249257127980465,2.5136068088836945,0.9937048850092327,0.5609756097560976,0.6021653042688466,0.7406289308176102
"Docker, Serverless",C#,0.028072033898305086,0.03972457627118644,0.024364406779661018,0.8679245283018868,21.848553459119497,1.0,0.023249257127980465,7.270656779661019,0.9817912569600757,0.5609756097560976,0.8624608435929191,0.7406289308176102
Flutter,"React Native, Swift",0.036016949152542374,0.0323093220338983,0.025423728813559324,0.7058823529411765,21.84763741562199,1.0,0.024260045604711292,3.290148305084746,0.9898809523809524,0.5925925925925927,0.6960623329791689,0.746383799421408
"React Native, Swift",Flutter,0.0323093220338983,0.036016949152542374,0.025423728813559324,0.7868852459016394,21.84763741562199,1.0,0.024260045604711292,4.523305084745765,0.9860883050538224,0.5925925925925927,0.7789227166276348,0.746383799421408
Android,"React Native, Git",0.034957627118644065,0.03336864406779661,0.025423728813559324,0.7272727272727274,21.7950937950938,1.0,0.024257240196782534,3.544314971751414,0.9886800219538967,0.5925925925925927,0.7178580323785805,0.7445887445887447
"React Native, Git",Android,0.03336864406779661,0.034957627118644065,0.025423728813559324,0.761904761904762,21.7950937950938,1.0,0.024257240196782534,4.053177966101696,0.9870547945205478,0.5925925925925927,0.7532800167267786,0.7445887445887447
Android,"Dart, Git",0.034957627118644065,0.03548728813559322,0.02701271186440678,0.7727272727272728,21.774762550881956,1.0,0.02577216047831083,4.243855932203392,0.9886356298831278,0.621951219512195,0.7643652338874745,0.7669606512890095
"Dart, Git",Android,0.03548728813559322,0.034957627118644065,0.02701271186440678,0.7611940298507462,21.774762550881956,1.0,0.02577216047831083,4.041114936440677,0.9891785379720257,0.621951219512195,0.7525435391647689,0.7669606512890095
"Machine Learning, Statistics",Deep Learning,0.036016949152542374,0.03919491525423729,0.03072033898305085,0.8529411764705882,21.761526232114466,1.0,0.029308657713300778,6.533474576271185,0.9896930655551345,0.6904761904761906,0.8469420844412737,0.818362480127186
Deep Learning,"Machine Learning, Statistics",0.03919491525423729,0.036016949152542374,0.03072033898305085,0.7837837837837838,21.761526232114466,1.0,0.029308657713300778,4.458421610169491,0.9929665817587348,0.6904761904761906,0.7757053757053757,0.818362480127186
C#,"Python, Azure",0.03972457627118644,0.02701271186440678,0.023305084745762712,0.5866666666666667,21.71816993464052,1.0,0.022232016213013503,2.3540015035538544,0.9934187434187435,0.5365853658536586,0.5751914353111958,0.7247058823529411
"Python, Azure",C#,0.02701271186440678,0.03972457627118644,0.023305084745762712,0.8627450980392156,21.71816993464052,1.0,0.022232016213013503,6.996292372881353,0.9804399465531747,0.5365853658536586,0.8570671511847981,0.7247058823529411
React Native,"Firebase, Android",0.03919491525423729,0.02489406779661017,0.0211864406779661,0.5405405405405406,21.71362852213916,1.0,0.020210719800344727,2.122289381854437,0.9928610804851157,0.4938271604938272,0.5288107227270725,0.6958021851638874
Swift,"Firebase, Android",0.03919491525423729,0.02489406779661017,0.0211864406779661,0.5405405405405406,21.71362852213916,1.0,0.020210719800344727,2.122289381854437,0.9928610804851157,0.4938271604938272,0.5288107227270725,0.6958021851638874
"Firebase, Android",Swift,0.02489406779661017,0.03919491525423729,0.0211864406779661,0.851063829787234,21.71362852213916,1.0,0.020210719800344727,6.451119854721551,0.9782998370450842,0.4938271604938272,0.8449881536043539,0.6958021851638874
"Firebase, Android",React Native,0.02489406779661017,0.03919491525423729,0.0211864406779661,0.851063829787234,21.71362852213916,1.0,0.020210719800344727,6.451119854721551,0.9782998370450842,0.4938271604938272,0.8449881536043539,0.6958021851638874
Firebase,"Flutter, Swift",0.036016949152542374,0.02913135593220339,0.022775423728813558,0.6323529411764706,21.706951871657754,1.0,0.021726201163458775,2.6407627118644066,0.9895732174801942,0.5375,0.6213215236994961,0.7070855614973262
"Flutter, Swift",Firebase,0.02913135593220339,0.036016949152542374,0.022775423728813558,0.7818181818181817,21.70695187165775,1.0,0.021726201163458775,4.418255649717513,0.9825549677108312,0.5375,0.7736663336663336,0.7070855614973262
"Machine Learning, TensorFlow",Deep Learning,0.03177966101694915,0.03919491525423729,0.02701271186440678,0.8500000000000001,21.68648648648649,1.0,0.02576711074403907,6.405367231638422,0.9851975801261423,0.6144578313253011,0.8438809261300994,0.7695945945945947
Deep Learning,"Machine Learning, TensorFlow",0.03919491525423729,0.03177966101694915,0.02701271186440678,0.6891891891891893,21.68648648648649,1.0,0.02576711074403907,3.1151436993367727,0.9928010895648226,0.6144578313253011,0.6789875214382873,0.7695945945945947
C#,"Kubernetes, Azure",0.03972457627118644,0.026483050847457626,0.022775423728813558,0.5733333333333334,21.64906666666667,1.0,0.02172339575553002,2.281680349576271,0.9932656909401096,0.524390243902439,0.5617265143271672,0.7166666666666667
"Kubernetes, Azure",C#,0.026483050847457626,0.03972457627118644,0.022775423728813558,0.86,21.649066666666666,1.0,0.02172339575553002,6.859110169491525,0.9797555482450592,0.524390243902439,0.8542084942084942,0.7166666666666667
Swift,"Firebase, Kotlin",0.03919491525423729,0.02754237288135593,0.023305084745762712,0.5945945945945946,21.58835758835759,1.0,0.022225563774777364,2.3987288135593223,0.9925829407637565,0.5365853658536586,0.5831125242889948,0.7203742203742204
"Firebase, Kotlin",Swift,0.02754237288135593,0.03919491525423729,0.023305084745762712,0.8461538461538461,21.58835758835759,1.0,0.022225563774777364,6.245233050847458,0.9806892453951278,0.5365853658536586,0.8398778729539479,0.7203742203742204
Android,"Kotlin, Git",0.034957627118644065,0.034427966101694914,0.025953389830508475,0.7424242424242425,21.56456876456877,1.0,0.024749869829072107,3.748691425722833,0.9881717780416228,0.5975609756097562,0.7332402466796324,0.7481351981351982
"Kotlin, Git",Android,0.034427966101694914,0.034957627118644065,0.025953389830508475,0.7538461538461538,21.564568764568765,1.0,0.024749869829072107,3.920484639830508,0.987629720017464,0.5975609756097562,0.7449294942159925,0.7481351981351982
Deep Learning,"Tableau, Pandas",0.03919491525423729,0.03389830508474576,0.028601694915254237,0.7297297297297297,21.527027027027028,1.0,0.027273053720195346,3.5745762711864404,0.9924455878149372,0.6428571428571429,0.7202465623518255,0.7867398648648649
"Tableau, Pandas",Deep Learning,0.03389830508474576,0.03919491525423729,0.028601694915254237,0.84375,21.527027027027028,1.0,0.027273053720195346,6.149152542372882,0.9870045484080572,0.6428571428571429,0.8373759647188533,0.7867398648648649
C#,"Azure, Terraform",0.03972457627118644,0.02913135593220339,0.02489406779661017,0.6266666666666667,21.511757575757578,1.0,0.023736837025998277,2.600541010895884,0.9929586555726373,0.5662650602409639,0.6154646299327151,0.7406060606060607
"Azure, Terraform",C#,0.02913135593220339,0.03972457627118644,0.02489406779661017,0.8545454545454546,21.511757575757578,1.0,0.023736837025998277,6.601893538135596,0.9821244094670986,0.5662650602409639,0.8485283056711629,0.7406060606060607
"Serverless, Terraform",C#,0.02913135593220339,0.03972457627118644,0.02489406779661017,0.8545454545454546,21.511757575757578,1.0,0.023736837025998277,6.601893538135596,0.9821244094670986,0.5662650602409639,0.8485283056711629,0.7406060606060607
C#,"Serverless, Terraform",0.03972457627118644,0.02913135593220339,0.02489406779661017,0.6266666666666667,21.511757575757578,1.0,0.023736837025998277,2.600541010895884,0.9929586555726373,0.5662650602409639,0.6154646299327151,0.7406060606060607
Dart,"Flutter, Android",0.0423728813559322,0.023834745762711863,0.021716101694915255,0.5125000000000001,21.502222222222226,1.0,0.020706154840563058,2.0023902651021297,0.9956831426721346,0.4880952380952382,0.5005968529571352,0.7118055555555556
"Flutter, Android",Dart,0.023834745762711863,0.0423728813559322,0.021716101694915255,0.9111111111111112,21.502222222222226,1.0,0.020706154840563058,10.773305084745774,0.9767743472334343,0.4880952380952382,0.9071779744346117,0.7118055555555556
TensorFlow,"SQL, NumPy",0.04078389830508475,0.034427966101694914,0.030190677966101694,0.7402597402597402,21.5016983016983,1.0,0.028786571297759266,3.7174523305084732,0.9940325689984211,0.6705882352941178,0.7309985680803014,0.8085914085914085
"SQL, NumPy",TensorFlow,0.034427966101694914,0.04078389830508475,0.030190677966101694,0.8769230769230769,21.5016983016983,1.0,0.028786571297759266,7.793630826271186,0.9874892937225126,0.6705882352941178,0.8716900989678461,0.8085914085914085
Flutter,"Dart, React Native",0.036016949152542374,0.03283898305084746,0.025423728813559324,0.7058823529411765,21.495256166982923,1.0,0.02424096883079575,3.288347457627119,0.989102564102564,0.5853658536585366,0.6958958829972296,0.7400379506641366
Firebase,"Dart, Swift",0.036016949152542374,0.03283898305084746,0.025423728813559324,0.7058823529411765,21.495256166982923,1.0,0.02424096883079575,3.288347457627119,0.989102564102564,0.5853658536585366,0.6958958829972296,0.7400379506641366
"Dart, Swift",Firebase,0.03283898305084746,0.036016949152542374,0.025423728813559324,0.7741935483870968,21.49525616698292,1.0,0.02424096883079575,4.269067796610169,0.9858525009127418,0.5853658536585366,0.7657568238213399,0.7400379506641366
"Dart, React Native",Flutter,0.03283898305084746,0.036016949152542374,0.025423728813559324,0.7741935483870968,21.49525616698292,1.0,0.02424096883079575,4.269067796610169,0.9858525009127418,0.5853658536585366,0.7657568238213399,0.7400379506641366
Swift,"Firebase, Dart",0.03919491525423729,0.030190677966101694,0.025423728813559324,0.6486486486486487,21.4850640113798,1.0,0.024240407749209998,2.7602265319426342,0.992351157662624,0.5783132530120483,0.6377108949473778,0.7453769559032717
"Firebase, Dart",Swift,0.030190677966101694,0.03919491525423729,0.025423728813559324,0.8421052631578948,21.4850640113798,1.0,0.024240407749209998,6.0850988700565,0.9831376297105405,0.5783132530120483,0.8356641327685256,0.7453769559032717
"Docker, Azure",C#,0.028601694915254237,0.03972457627118644,0.024364406779661018,0.8518518518518519,21.443950617283953,1.0,0.023228216568514797,6.481859110169492,0.9814375800104311,0.5542168674698796,0.8457232742947028,0.7325925925925927
"Serverless, Linux",C#,0.028601694915254237,0.03972457627118644,0.024364406779661018,0.8518518518518519,21.443950617283953,1.0,0.023228216568514797,6.481859110169492,0.9814375800104311,0.5542168674698796,0.8457232742947028,0.7325925925925927
C#,"Docker, Azure",0.03972457627118644,0.028601694915254237,0.024364406779661018,0.6133333333333334,21.443950617283953,1.0,0.023228216568514797,2.5122369959088258,0.9928055828676947,0.5542168674698796,0.6019483824063977,0.7325925925925927
C#,"Serverless, Linux",0.03972457627118644,0.028601694915254237,0.024364406779661018,0.6133333333333334,21.443950617283953,1.0,0.023228216568514797,2.5122369959088258,0.9928055828676947,0.5542168674698796,0.6019483824063977,0.7325925925925927
Flutter,"Firebase, Dart",0.036016949152542374,0.030190677966101694,0.023305084745762712,0.6470588235294118,21.432404540763674,1.0,0.022217708632576848,2.7477930790960454,0.9889610389610392,0.5432098765432098,0.6360715777299452,0.7094943240454077
"Firebase, Dart",Flutter,0.030190677966101694,0.036016949152542374,0.023305084745762712,0.7719298245614036,21.432404540763674,1.0,0.022217708632576848,4.226694915254239,0.9830197110371879,0.5432098765432098,0.7634085213032582,0.7094943240454077
React Native,"Firebase, Flutter",0.03919491525423729,0.026483050847457626,0.022245762711864406,0.5675675675675675,21.431351351351353,1.0,0.021207761778224647,2.2512579449152543,0.9922297474667926,0.5121951219512195,0.5558038996559127,0.7037837837837838
"Firebase, Flutter",React Native,0.026483050847457626,0.03919491525423729,0.022245762711864406,0.8400000000000001,21.431351351351353,1.0,0.021207761778224647,6.00503177966102,0.979273537488989,0.5121951219512195,0.8334729878721059,0.7037837837837838
"Swift, Git",Firebase,0.0323093220338983,0.036016949152542374,0.02489406779661017,0.7704918032786886,21.39247830279653,1.0,0.023730384587762138,4.200211864406781,0.9850819271215456,0.5731707317073171,0.7619167717528375,0.7308341369334619
Firebase,"Swift, Git",0.036016949152542374,0.0323093220338983,0.02489406779661017,0.6911764705882353,21.39247830279653,1.0,0.023730384587762138,3.133474576271186,0.9888707037643208,0.5731707317073171,0.6808654496281271,0.7308341369334619
Swift,Firebase,0.03919491525423729,0.036016949152542374,0.030190677966101694,0.7702702702702703,21.386327503974563,1.0,0.028778996696351623,4.196161515453639,0.9921275073018819,0.6705882352941178,0.7616869616869617,0.8042527821939587
Firebase,Swift,0.036016949152542374,0.03919491525423729,0.030190677966101694,0.838235294117647,21.38632750397456,1.0,0.028778996696351623,5.939522342064712,0.98885675727781,0.6705882352941178,0.8316362928854011,0.8042527821939587
"Android, Swift",Firebase,0.02754237288135593,0.036016949152542374,0.0211864406779661,0.7692307692307692,21.357466063348415,1.0,0.020194448434357942,4.177259887005649,0.9801742919389977,0.5,0.7606086221470836,0.6787330316742081
Firebase,"Android, Swift",0.036016949152542374,0.02754237288135593,0.0211864406779661,0.588235294117647,21.357466063348415,1.0,0.020194448434357942,2.3616828087167065,0.9887912087912089,0.5,0.5765731129052927,0.6787330316742081
React Native,"Git, Swift",0.03919491525423729,0.0323093220338983,0.02701271186440678,0.6891891891891893,21.330970314576877,1.0,0.025746350725366275,3.1134395725865884,0.9920012106275807,0.6071428571428571,0.6788118167428513,0.7626273814798405
"Git, Swift",React Native,0.0323093220338983,0.03919491525423729,0.02701271186440678,0.836065573770492,21.330970314576877,1.0,0.025746350725366275,5.860911016949158,0.9849426360582548,0.6071428571428571,0.8293780613443709,0.7626273814798405
Deep Learning,"Machine Learning, Data Visualization",0.03919491525423729,0.03177966101694915,0.026483050847457626,0.6756756756756757,21.26126126126126,1.0,0.025237449727089915,2.98534604519774,0.9918412348401322,0.5952380952380951,0.6650304571529955,0.7545045045045045
"Machine Learning, Data Visualization",Deep Learning,0.03177966101694915,0.03919491525423729,0.026483050847457626,0.8333333333333334,21.26126126126126,1.0,0.025237449727089915,5.764830508474578,0.9842450765864332,0.5952380952380951,0.826534362366777,0.7545045045045045
"Deep Learning, Tableau",Pandas,0.03389830508474576,0.03972457627118644,0.028601694915254237,0.84375,21.240000000000002,1.0,0.027255099109451307,6.145762711864407,0.98635477582846,0.6352941176470589,0.8372862658576944,0.7818750000000001
Pandas,"Deep Learning, Tableau",0.03972457627118644,0.03389830508474576,0.028601694915254237,0.7200000000000001,21.240000000000002,1.0,0.027255099109451307,3.450363196125909,0.9923392780535637,0.6352941176470589,0.7101754385964913,0.7818750000000001
NumPy,"Python, Pandas",0.0423728813559322,0.03177966101694915,0.028601694915254237,0.675,21.240000000000002,1.0,0.027255099109451307,2.979139504563234,0.9950835791543755,0.627906976744186,0.6643326039387308,0.7875000000000001
"Python, Pandas",NumPy,0.03177966101694915,0.0423728813559322,0.028601694915254237,0.9,21.240000000000002,1.0,0.027255099109451307,9.57627118644068,0.9841964502796012,0.627906976744186,0.8955752212389381,0.7875000000000001
Flutter,"Firebase, React Native",0.036016949152542374,0.02913135593220339,0.022245762711864406,0.6176470588235294,21.202139037433156,1.0,0.021196540146509624,2.5391949152542375,0.9884353741496599,0.5185185185185186,0.6061743846474761,0.6906417112299466
"Flutter, React Native",Firebase,0.02913135593220339,0.036016949152542374,0.022245762711864406,0.7636363636363637,21.202139037433156,1.0,0.021196540146509624,4.078389830508475,0.9814251941911517,0.5185185185185186,0.7548051948051948,0.6906417112299466
Firebase,"Flutter, React Native",0.036016949152542374,0.02913135593220339,0.022245762711864406,0.6176470588235294,21.202139037433156,1.0,0.021196540146509624,2.5391949152542375,0.9884353741496599,0.5185185185185186,0.6061743846474761,0.6906417112299466
"Firebase, React Native",Flutter,0.02913135593220339,0.036016949152542374,0.022245762711864406,0.7636363636363637,21.202139037433156,1.0,0.021196540146509624,4.078389830508475,0.9814251941911517,0.5185185185185186,0.7548051948051948,0.6906417112299466
TensorFlow,"SQL, Pandas",0.04078389830508475,0.03125,0.02701271186440678,0.6623376623376623,21.194805194805195,1.0,0.02573821504237288,2.8689903846153846,0.9933305182923529,0.6,0.6514453288646836,0.7633722209993397
"SQL, Pandas",TensorFlow,0.03125,0.04078389830508475,0.02701271186440678,0.864406779661017,21.194805194805195,1.0,0.02573821504237288,7.074218750000001,0.9835547122074636,0.6,0.8586416344561016,0.7633722209993397
Flutter,"Dart, Git",0.036016949152542374,0.03548728813559322,0.02701271186440678,0.75,21.134328358208954,1.0,0.0257345680120655,3.858050847457627,0.9882783882783883,0.6071428571428571,0.7408017572762219,0.7555970149253731
"Dart, Git",Flutter,0.03548728813559322,0.036016949152542374,0.02701271186440678,0.7611940298507462,21.134328358208954,1.0,0.0257345680120655,4.036679025423728,0.9877356763682958,0.6071428571428571,0.7522716089880269,0.7555970149253731
Dart,"Flutter, Git",0.0423728813559322,0.030190677966101694,0.02701271186440678,0.6375000000000001,21.115789473684213,1.0,0.025733445848893997,2.6753360607831684,0.9947943779281625,0.5930232558139534,0.6262151829601311,0.7661184210526316
"Flutter, Git",Dart,0.030190677966101694,0.0423728813559322,0.02701271186440678,0.8947368421052632,21.115789473684213,1.0,0.025733445848893997,9.097457627118645,0.9822983262119703,0.5930232558139534,0.8900791802515138,0.7661184210526316
Pandas,"Machine Learning, Tableau",0.03972457627118644,0.03283898305084746,0.02754237288135593,0.6933333333333334,21.113118279569893,1.0,0.026237858194484345,3.1537859248341933,0.9920446349017779,0.6117647058823529,0.6829207740051114,0.7660215053763441
"Machine Learning, Tableau",Pandas,0.03283898305084746,0.03972457627118644,0.02754237288135593,0.8387096774193548,21.113118279569893,1.0,0.026237858194484345,5.953707627118641,0.9849818855842953,0.6117647058823529,0.8320374357240716,0.7660215053763441
Deep Learning,"Machine Learning, NumPy",0.03919491525423729,0.03336864406779661,0.02754237288135593,0.7027027027027027,21.05877305877306,1.0,0.026234491704969835,3.2513963790446847,0.9913705368501399,0.6117647058823529,0.6924398370973713,0.7640497640497641
"Machine Learning, NumPy",Deep Learning,0.03336864406779661,0.03919491525423729,0.02754237288135593,0.8253968253968254,21.058773058773056,1.0,0.026234491704969835,5.502792758089367,0.985395152792413,0.6117647058823529,0.818274093908052,0.7640497640497641
C#,"AWS, Serverless",0.03972457627118644,0.02913135593220339,0.024364406779661018,0.6133333333333334,21.05406060606061,1.0,0.023207176009049126,2.510867182933957,0.9919062807261565,0.5476190476190478,0.6017312238588834,0.7248484848484849
"AWS, Serverless",C#,0.02913135593220339,0.03972457627118644,0.024364406779661018,0.8363636363636364,21.05406060606061,1.0,0.023207176009049126,5.868349811676085,0.9810835171612231,0.5476190476190478,0.8295943438800583,0.7248484848484849
"Flutter, Git",React Native,0.030190677966101694,0.03919491525423729,0.02489406779661017,0.8245614035087719,21.037458511142724,1.0,0.023710746732260844,5.476588983050848,0.9821165041774637,0.5595238095238096,0.8174045919650283,0.7298482693219535
"Firebase, Git",React Native,0.030190677966101694,0.03919491525423729,0.02489406779661017,0.8245614035087719,21.037458511142724,1.0,0.023710746732260844,5.476588983050848,0.9821165041774637,0.5595238095238096,0.8174045919650283,0.7298482693219535
"Firebase, Git",Swift,0.030190677966101694,0.03919491525423729,0.02489406779661017,0.8245614035087719,21.037458511142724,1.0,0.023710746732260844,5.476588983050848,0.9821165041774637,0.5595238095238096,0.8174045919650283,0.7298482693219535
React Native,"Flutter, Git",0.03919491525423729,0.030190677966101694,0.02489406779661017,0.6351351351351351,21.03745851114272,1.0,0.023710746732260844,2.657995919648462,0.9913204625958854,0.5595238095238096,0.6237766985991999,0.7298482693219535
Swift,"Firebase, Git",0.03919491525423729,0.030190677966101694,0.02489406779661017,0.6351351351351351,21.03745851114272,1.0,0.023710746732260844,2.657995919648462,0.9913204625958854,0.5595238095238096,0.6237766985991999,0.7298482693219535
React Native,"Firebase, Git",0.03919491525423729,0.030190677966101694,0.02489406779661017,0.6351351351351351,21.03745851114272,1.0,0.023710746732260844,2.657995919648462,0.9913204625958854,0.5595238095238096,0.6237766985991999,0.7298482693219535
Swift,React Native,0.03919491525423729,0.03919491525423729,0.0323093220338983,0.8243243243243242,21.031409788166542,1.0,0.03077308065211146,5.469198174706647,0.9913062338460427,0.7011494252873562,0.8171578414136297,0.8243243243243242
React Native,Swift,0.03919491525423729,0.03919491525423729,0.0323093220338983,0.8243243243243242,21.031409788166542,1.0,0.03077308065211146,5.469198174706647,0.9913062338460427,0.7011494252873562,0.8171578414136297,0.8243243243243242
"Flutter, Swift",Dart,0.02913135593220339,0.0423728813559322,0.025953389830508475,0.890909090909091,21.025454545454547,1.0,0.02471901034185579,8.778248587570628,0.9810169567008473,0.5697674418604651,0.886082059533387,0.7517045454545455
Dart,"Flutter, Swift",0.0423728813559322,0.02913135593220339,0.025953389830508475,0.6125,21.025454545454547,1.0,0.02471901034185579,2.505467468562056,0.9945819035578835,0.5697674418604651,0.600872885979269,0.7517045454545455
NumPy,"TensorFlow, Python",0.0423728813559322,0.03389830508474576,0.030190677966101694,0.7125,21.01875,1.0,0.028754309106578568,3.360353721444363,0.9945660611706256,0.6551724137931036,0.7024122807017544,0.8015625
"TensorFlow, Python",NumPy,0.03389830508474576,0.0423728813559322,0.030190677966101694,0.890625,21.01875,1.0,0.028754309106578568,8.75544794188862,0.9858417974761465,0.6551724137931036,0.8857853982300885,0.8015625
"Bash, Terraform",Grafana,0.02754237288135593,0.04396186440677966,0.025423728813559324,0.9230769230769231,20.997219647822057,1.0,0.024212914751508188,12.428495762711874,0.9793482207697893,0.5517241379310345,0.919539740038355,0.7506950880444856
Grafana,"Bash, Terraform",0.04396186440677966,0.02754237288135593,0.025423728813559324,0.5783132530120482,20.997219647822057,1.0,0.024212914751508188,2.3061138014527844,0.9961680517082178,0.5517241379310345,0.5663700553849385,0.7506950880444856
Swift,"Dart, React Native",0.03919491525423729,0.03283898305084746,0.02701271186440678,0.6891891891891893,20.986922406277245,1.0,0.02572559070669348,3.1117354458364046,0.9912013316903389,0.6,0.6786359195997751,0.7558849171752398
"Dart, Swift",React Native,0.03283898305084746,0.03919491525423729,0.02701271186440678,0.8225806451612903,20.986922406277245,1.0,0.02572559070669348,5.4154468412942975,0.9846874127526147,0.6,0.8153430309065689,0.7558849171752398
"Dart, React Native",Swift,0.03283898305084746,0.03919491525423729,0.02701271186440678,0.8225806451612903,20.986922406277245,1.0,0.02572559070669348,5.4154468412942975,0.9846874127526147,0.6,0.8153430309065689,0.7558849171752398
React Native,"Dart, Swift",0.03919491525423729,0.03283898305084746,0.02701271186440678,0.6891891891891893,20.986922406277245,1.0,0.02572559070669348,3.1117354458364046,0.9912013316903389,0.6,0.6786359195997751,0.7558849171752398
C#,"Serverless, Kubernetes",0.03972457627118644,0.028601694915254237,0.023834745762711863,0.6,20.977777777777778,1.0,0.022698555551565643,2.428495762711864,0.991726420297849,0.5357142857142857,0.5882224645583424,0.7166666666666666
"Azure, Linux",C#,0.028601694915254237,0.03972457627118644,0.023834745762711863,0.8333333333333333,20.977777777777778,1.0,0.022698555551565643,5.761652542372879,0.9803707742639041,0.5357142857142857,0.8264386835815406,0.7166666666666666
C#,"Azure, Linux",0.03972457627118644,0.028601694915254237,0.023834745762711863,0.6,20.977777777777778,1.0,0.022698555551565643,2.428495762711864,0.991726420297849,0.5357142857142857,0.5882224645583424,0.7166666666666666
"Serverless, Kubernetes",C#,0.028601694915254237,0.03972457627118644,0.023834745762711863,0.8333333333333333,20.977777777777778,1.0,0.022698555551565643,5.761652542372879,0.9803707742639041,0.5357142857142857,0.8264386835815406,0.7166666666666666
TensorFlow,"Machine Learning, Tableau",0.04078389830508475,0.03283898305084746,0.028072033898305086,0.6883116883116883,20.960201089233347,1.0,0.02673273215311692,3.102974929378531,0.9927799714532781,0.616279069767442,0.6777286240594017,0.7715751989945538
"Machine Learning, Tableau",TensorFlow,0.03283898305084746,0.04078389830508475,0.028072033898305086,0.8548387096774194,20.960201089233347,1.0,0.02673273215311692,6.607933145009417,0.9846246047655458,0.616279069767442,0.8486667497907056,0.7715751989945538
Firebase,"Android, React Native",0.036016949152542374,0.028072033898305086,0.0211864406779661,0.588235294117647,20.954495005549386,1.0,0.0201753716604424,2.3603964891041156,0.9878571428571429,0.4938271604938272,0.5763423625581022,0.6714761376248612
"Android, React Native",Firebase,0.028072033898305086,0.036016949152542374,0.0211864406779661,0.7547169811320754,20.954495005549386,1.0,0.0201753716604424,3.930084745762711,0.9797820163487737,0.4938271604938272,0.7455525606469002,0.6714761376248612
Flutter,"Firebase, Swift",0.036016949152542374,0.030190677966101694,0.022775423728813558,0.6323529411764706,20.9453044375645,1.0,0.02168804761562769,2.6378813559322034,0.9878354203935599,0.5243902439024388,0.6209078934686928,0.6933694530443757
"Firebase, Swift",Flutter,0.030190677966101694,0.036016949152542374,0.022775423728813558,0.7543859649122807,20.9453044375645,1.0,0.02168804761562769,3.9247881355932206,0.9819008547877001,0.5243902439024388,0.7452091767881242,0.6933694530443757
Flutter,"Swift, Git",0.036016949152542374,0.0323093220338983,0.024364406779661018,0.6764705882352942,20.937319189971074,1.0,0.023200723570812987,2.9910439137134053,0.9878165312947922,0.5542168674698796,0.6656685662770856,0.715284474445516
"Swift, Git",Flutter,0.0323093220338983,0.036016949152542374,0.024364406779661018,0.7540983606557378,20.93731918997107,1.0,0.023200723570812987,3.9201977401129953,0.9840317936269962,0.5542168674698796,0.74491082687804,0.715284474445516
Dart,"Flutter, Kotlin",0.0423728813559322,0.028072033898305086,0.02489406779661017,0.5875,20.928301886792454,1.0,0.023704574834817582,2.356189008731382,0.9943513462624742,0.5465116279069767,0.5755858310626704,0.7371462264150943
"Flutter, Kotlin",Dart,0.028072033898305086,0.0423728813559322,0.02489406779661017,0.8867924528301886,20.92830188679245,1.0,0.023704574834817582,8.459039548022593,0.9797205635109282,0.5465116279069767,0.8817832693270996,0.7371462264150943
"Machine Learning, Statistics",TensorFlow,0.036016949152542374,0.04078389830508475,0.03072033898305085,0.8529411764705882,20.913674560733384,1.0,0.029251427391554154,6.522669491525422,0.9877605153467223,0.6666666666666666,0.846688537369669,0.8030939648586708
TensorFlow,"Machine Learning, Statistics",0.04078389830508475,0.036016949152542374,0.03072033898305085,0.7532467532467533,20.913674560733384,1.0,0.029251427391554154,3.906668153434434,0.9926693196747844,0.6666666666666666,0.7440274011702583,0.8030939648586708
"TensorFlow, Deep Learning",Pandas,0.03125,0.03972457627118644,0.025953389830508475,0.8305084745762712,20.906666666666666,1.0,0.0247119968220339,5.665625,0.9828834759710335,0.5764705882352941,0.8234969663541092,0.7419209039548023
Pandas,"TensorFlow, Deep Learning",0.03972457627118644,0.03125,0.025953389830508475,0.6533333333333333,20.906666666666666,1.0,0.0247119968220339,2.7944711538461537,0.9915575717324989,0.5764705882352941,0.6421505376344085,0.7419209039548023
Dart,"Firebase, Kotlin",0.0423728813559322,0.02754237288135593,0.024364406779661018,0.5750000000000001,20.87692307692308,1.0,0.02319735708129848,2.288135593220339,0.9942285494420932,0.5348837209302327,0.562962962962963,0.7298076923076924
"Firebase, Kotlin",Dart,0.02754237288135593,0.0423728813559322,0.024364406779661018,0.8846153846153847,20.87692307692308,1.0,0.02319735708129848,8.299435028248594,0.9790660225442835,0.5348837209302327,0.8795098706603132,0.7298076923076924
"Dart, Android",Kotlin,0.029661016949152543,0.04025423728813559,0.02489406779661017,0.8392857142857143,20.84962406015038,1.0,0.023700086182131572,5.971751412429379,0.9811390876149774,0.5529411764705884,0.8325449385052034,0.7288533834586466
Kotlin,"Dart, Android",0.04025423728813559,0.029661016949152543,0.02489406779661017,0.618421052631579,20.849624060150376,1.0,0.023700086182131572,2.5429573348918764,0.9919684373679021,0.5529411764705884,0.6067570673408412,0.7288533834586466
"React Native, Kotlin",Android,0.03125,0.034957627118644065,0.022775423728813558,0.7288135593220338,20.848484848484848,1.0,0.02168299788135593,3.5585937499999996,0.9827456864216055,0.524390243902439,0.7189901207464324,0.6901643554185927
Android,"React Native, Kotlin",0.034957627118644065,0.03125,0.022775423728813558,0.6515151515151515,20.848484848484848,1.0,0.02168299788135593,2.7798913043478257,0.9865213284660352,0.524390243902439,0.6402737047898338,0.6901643554185927
C#,Serverless,0.03972457627118644,0.03389830508474576,0.028072033898305086,0.7066666666666668,20.84666666666667,1.0,0.026725438092502156,3.2935285053929135,0.9914142097430507,0.616279069767442,0.6963742690058481,0.7673958333333334
Serverless,C#,0.03389830508474576,0.03972457627118644,0.028072033898305086,0.828125,20.846666666666668,1.0,0.026725438092502156,5.587057010785824,0.9854352863290301,0.616279069767442,0.8210148924434639,0.7673958333333334
TensorFlow,"Deep Learning, Python",0.04078389830508475,0.03177966101694915,0.02701271186440678,0.6623376623376623,20.841558441558444,1.0,0.02571661340132146,2.867421773142112,0.992496833078897,0.5930232558139534,0.6512546534428373,0.7561688311688313
"Deep Learning, Python",TensorFlow,0.03177966101694915,0.04078389830508475,0.02701271186440678,0.8500000000000001,20.841558441558444,1.0,0.02571661340132146,6.394774011299439,0.9832668297078131,0.5930232558139534,0.8436223081170625,0.7561688311688313
"Dart, Flutter",Swift,0.03177966101694915,0.03919491525423729,0.025953389830508475,0.8166666666666668,20.836036036036038,1.0,0.024707788710140764,5.240755007704164,0.9832536953512259,0.5764705882352941,0.8091877986034547,0.7394144144144145
Deep Learning,"TensorFlow, Pandas",0.03919491525423729,0.03177966101694915,0.025953389830508475,0.6621621621621622,20.836036036036038,1.0,0.024707788710140764,2.8659322033898307,0.990842202371577,0.5764705882352941,0.6510733928677036,0.7394144144144145
"TensorFlow, Pandas",Deep Learning,0.03177966101694915,0.03919491525423729,0.025953389830508475,0.8166666666666668,20.836036036036038,1.0,0.024707788710140764,5.240755007704164,0.9832536953512259,0.5764705882352941,0.8091877986034547,0.7394144144144145
Swift,"Dart, Flutter",0.03919491525423729,0.03177966101694915,0.025953389830508475,0.6621621621621622,20.836036036036038,1.0,0.024707788710140764,2.8659322033898307,0.990842202371577,0.5764705882352941,0.6510733928677036,0.7394144144144145
"Dart, React Native",Kotlin,0.03283898305084746,0.04025423728813559,0.02754237288135593,0.8387096774193548,20.835314091680814,1.0,0.026220464665326057,5.950423728813556,0.9843289240879604,0.6046511627906976,0.8319447411521754,0.7614601018675722
Kotlin,"Dart, React Native",0.04025423728813559,0.03283898305084746,0.02754237288135593,0.6842105263157895,20.835314091680814,1.0,0.026220464665326057,3.0626765536723166,0.9919341144506708,0.6046511627906976,0.6734882112180781,0.7614601018675722
"Dart, Swift",Kotlin,0.03283898305084746,0.04025423728813559,0.02754237288135593,0.8387096774193548,20.835314091680814,1.0,0.026220464665326057,5.950423728813556,0.9843289240879604,0.6046511627906976,0.8319447411521754,0.7614601018675722
Kotlin,"Dart, Swift",0.04025423728813559,0.03283898305084746,0.02754237288135593,0.6842105263157895,20.835314091680814,1.0,0.026220464665326057,3.0626765536723166,0.9919341144506708,0.6046511627906976,0.6734882112180781,0.7614601018675722
"NumPy, Deep Learning",Pandas,0.03072033898305085,0.03972457627118644,0.025423728813559324,0.8275862068965517,20.833103448275864,1.0,0.02420337636455042,5.569597457627118,0.982172131147541,0.5647058823529412,0.8204538106015938,0.7337931034482759
Pandas,"NumPy, Deep Learning",0.03972457627118644,0.03072033898305085,0.025423728813559324,0.6400000000000001,20.833103448275864,1.0,0.02420337636455042,2.69244350282486,0.9913816878102593,0.5647058823529412,0.6285901639344263,0.7337931034482759
TensorFlow,"Statistics, NumPy",0.04078389830508475,0.03866525423728814,0.03283898305084746,0.8051948051948052,20.82476427681907,1.0,0.031262063254093655,4.934851694915255,0.9924564934717942,0.7045454545454545,0.7973596651282602,0.827254936843978
"Statistics, NumPy",TensorFlow,0.03866525423728814,0.04078389830508475,0.03283898305084746,0.8493150684931507,20.82476427681907,1.0,0.031262063254093655,6.365706856702622,0.9902692615302586,0.7045454545454545,0.8429082547294692,0.827254936843978
Dart,Flutter,0.0423728813559322,0.036016949152542374,0.03177966101694915,0.75,20.823529411764707,1.0,0.03025351910370583,3.8559322033898304,0.9941002949852508,0.6818181818181818,0.7406593406593407,0.8161764705882353
Flutter,Dart,0.036016949152542374,0.0423728813559322,0.03177966101694915,0.8823529411764706,20.823529411764707,1.0,0.03025351910370583,8.139830508474574,0.9875457875457876,0.6818181818181818,0.877147319104633,0.8161764705882353
TensorFlow,"NumPy, Tableau",0.04078389830508475,0.034957627118644065,0.029661016949152543,0.7272727272727273,20.804407713498623,1.0,0.02823530863975869,3.5384887005649723,0.9924075096631696,0.6436781609195404,0.7173934737052191,0.787878787878788
"Firebase, React Native",Android,0.02913135593220339,0.034957627118644065,0.0211864406779661,0.7272727272727273,20.804407713498623,1.0,0.020168077599827635,3.5384887005649723,0.9804964539007093,0.4938271604938272,0.7173934737052191,0.6666666666666667
Android,"Firebase, React Native",0.034957627118644065,0.02913135593220339,0.0211864406779661,0.6060606060606061,20.804407713498623,1.0,0.020168077599827635,2.464512711864407,0.9864160263446762,0.4938271604938272,0.5942402750913389,0.6666666666666667
"NumPy, Tableau",TensorFlow,0.034957627118644065,0.04078389830508475,0.029661016949152543,0.8484848484848486,20.804407713498623,1.0,0.02823530863975869,6.330826271186446,0.9864160263446762,0.6436781609195404,0.8420427354717803,0.787878787878788
"React Native, Kotlin",Dart,0.03125,0.0423728813559322,0.02754237288135593,0.8813559322033898,20.8,1.0,0.02621822033898305,8.071428571428571,0.9826302729528537,0.5977011494252873,0.8761061946902655,0.7656779661016949
Dart,"React Native, Kotlin",0.0423728813559322,0.03125,0.02754237288135593,0.65,20.8,1.0,0.02621822033898305,2.7678571428571432,0.9940435670524166,0.5977011494252873,0.6387096774193549,0.7656779661016949
"Swift, Git",Kotlin,0.0323093220338983,0.04025423728813559,0.02701271186440678,0.836065573770492,20.769628990509066,1.0,0.02571212474863545,5.8544491525423785,0.9836333000633205,0.5930232558139534,0.8291897369087686,0.7535591026747197
Kotlin,"Swift, Git",0.04025423728813559,0.0323093220338983,0.02701271186440678,0.6710526315789475,20.769628990509062,1.0,0.02571212474863545,2.94177966101695,0.9917759598320566,0.5930232558139534,0.6600697145161757,0.7535591026747197
Dart,"Firebase, Flutter",0.0423728813559322,0.026483050847457626,0.023305084745762712,0.55,20.768000000000004,1.0,0.02218292157426027,2.1633709981167613,0.9939662107803701,0.5116279069767442,0.5377584330794343,0.7150000000000001
"Firebase, Flutter",Dart,0.026483050847457626,0.0423728813559322,0.023305084745762712,0.88,20.768,1.0,0.02218292157426027,7.980225988700565,0.9777426055989712,0.5116279069767442,0.8746902654867257,0.7150000000000001
"Dart, Git",Kotlin,0.03548728813559322,0.04025423728813559,0.029661016949152543,0.835820895522388,20.76355066771406,1.0,0.028232503231829936,5.845724191063173,0.9868596532517455,0.6436781609195404,0.8289347962175875,0.786331500392773
Kotlin,"Dart, Git",0.04025423728813559,0.03548728813559322,0.029661016949152543,0.736842105263158,20.76355066771406,1.0,0.028232503231829936,3.6651483050847466,0.9917612740460423,0.6436781609195404,0.7271597445012863,0.786331500392773
"AWS, C#",Azure,0.034957627118644065,0.03283898305084746,0.023834745762711863,0.6818181818181819,20.762463343108504,1.0,0.022686772838264865,3.039648910411623,0.9863154043175997,0.5421686746987951,0.6710146370606394,0.7038123167155426
Azure,"AWS, C#",0.03283898305084746,0.034957627118644065,0.023834745762711863,0.7258064516129031,20.762463343108504,1.0,0.022686772838264865,3.5195663010967086,0.9841548010222708,0.5421686746987951,0.7158740837789029,0.7038123167155426
Deep Learning,"SQL, Pandas",0.03919491525423729,0.03125,0.025423728813559324,0.6486486486486487,20.756756756756758,1.0,0.02419888771186441,2.7572115384615388,0.990651414920985,0.5647058823529412,0.6373147340889277,0.7311039853412735
"SQL, Pandas",Deep Learning,0.03125,0.03919491525423729,0.025423728813559324,0.8135593220338984,20.756756756756758,1.0,0.02419888771186441,5.153409090909093,0.9825268817204302,0.5647058823529412,0.8059536934950386,0.7311039853412735
"Git, React Native",Firebase,0.03336864406779661,0.036016949152542374,0.02489406779661017,0.746031746031746,20.713352007469656,1.0,0.023692231039931053,3.7956832627118646,0.9845759253861848,0.5595238095238094,0.736542822257108,0.7186041083099907
"React Native, Git",Flutter,0.03336864406779661,0.036016949152542374,0.02489406779661017,0.746031746031746,20.713352007469656,1.0,0.023692231039931053,3.7956832627118646,0.9845759253861848,0.5595238095238094,0.736542822257108,0.7186041083099907
Flutter,"React Native, Git",0.036016949152542374,0.03336864406779661,0.02489406779661017,0.6911764705882353,20.713352007469652,1.0,0.023692231039931053,3.130044390637611,0.9872808043020809,0.5595238095238094,0.6805157131345689,0.7186041083099907
Firebase,"Git, React Native",0.036016949152542374,0.03336864406779661,0.02489406779661017,0.6911764705882353,20.713352007469652,1.0,0.023692231039931053,3.130044390637611,0.9872808043020809,0.5595238095238094,0.6805157131345689,0.7186041083099907
C#,Azure,0.03972457627118644,0.03283898305084746,0.02701271186440678,0.68,20.70709677419355,1.0,0.025708197177535193,3.022378177966102,0.9910775120859154,0.5930232558139534,0.6691347207009858,0.7512903225806451
Pandas,"Machine Learning, Deep Learning",0.03972457627118644,0.03283898305084746,0.02701271186440678,0.68,20.70709677419355,1.0,0.025708197177535193,3.022378177966102,0.9910775120859154,0.5930232558139534,0.6691347207009858,0.7512903225806451
"Machine Learning, Deep Learning",Pandas,0.03283898305084746,0.03972457627118644,0.02701271186440678,0.8225806451612903,20.70709677419355,1.0,0.025708197177535193,5.4124614791987655,0.984021648089685,0.5930232558139534,0.8152411792964788,0.7512903225806451
Azure,C#,0.03283898305084746,0.03972457627118644,0.02701271186440678,0.8225806451612903,20.70709677419355,1.0,0.025708197177535193,5.4124614791987655,0.984021648089685,0.5930232558139534,0.8152411792964788,0.7512903225806451
"Flutter, Kotlin",Swift,0.028072033898305086,0.03919491525423729,0.022775423728813558,0.8113207547169811,20.69964303926568,1.0,0.021675142739155412,5.092266949152541,0.979177491920664,0.5119047619047618,0.803623806452955,0.696200917899031
"Flutter, Kotlin",React Native,0.028072033898305086,0.03919491525423729,0.022775423728813558,0.8113207547169811,20.69964303926568,1.0,0.021675142739155412,5.092266949152541,0.979177491920664,0.5119047619047618,0.803623806452955,0.696200917899031
React Native,"Flutter, Kotlin",0.03919491525423729,0.028072033898305086,0.022775423728813558,0.581081081081081,20.699643039265677,1.0,0.021675142739155412,2.3200861126298524,0.9905130637675955,0.5119047619047618,0.568981515575521,0.696200917899031
Swift,"Flutter, Kotlin",0.03919491525423729,0.028072033898305086,0.022775423728813558,0.581081081081081,20.699643039265677,1.0,0.021675142739155412,2.3200861126298524,0.9905130637675955,0.5119047619047618,0.568981515575521,0.696200917899031
NumPy,"SQL, TensorFlow",0.0423728813559322,0.034427966101694914,0.030190677966101694,0.7125,20.69538461538462,1.0,0.02873186584314852,3.358511422254974,0.9937897841950007,0.6477272727272729,0.7022490400438837,0.7947115384615384
"SQL, TensorFlow",NumPy,0.034427966101694914,0.0423728813559322,0.030190677966101694,0.8769230769230769,20.695384615384615,1.0,0.02873186584314852,7.78072033898305,0.9856126877808894,0.6477272727272729,0.8714771953710007,0.7947115384615384
TensorFlow,"Tableau, Pandas",0.04078389830508475,0.03389830508474576,0.028601694915254237,0.7012987012987013,20.68831168831169,1.0,0.02721918988796323,3.234340456890199,0.992126306317361,0.6206896551724138,0.6908179539758487,0.7725243506493507
"Tableau, Pandas",TensorFlow,0.03389830508474576,0.04078389830508475,0.028601694915254237,0.84375,20.688311688311686,1.0,0.02721918988796323,6.138983050847457,0.9850552306692657,0.6206896551724138,0.8371065709552733,0.7725243506493507
"Git, React Native",Swift,0.03336864406779661,0.03919491525423729,0.02701271186440678,0.8095238095238095,20.653796653796654,1.0,0.025704830688020684,5.044226694915255,0.9844319097502015,0.5930232558139534,0.8017535569906022,0.7493564993564994
Swift,"Git, React Native",0.03919491525423729,0.03336864406779661,0.02701271186440678,0.6891891891891893,20.653796653796654,1.0,0.025704830688020684,3.1100313190862203,0.9904014527530968,0.5930232558139534,0.6784598296927065,0.7493564993564994
"Deep Learning, Data Visualization",TensorFlow,0.030190677966101694,0.04078389830508475,0.025423728813559324,0.8421052631578948,20.647983595352017,1.0,0.02419243527362827,6.0750353107344655,0.9811919716002184,0.5581395348837209,0.8353919032811183,0.7327409432672591
TensorFlow,"Deep Learning, Data Visualization",0.04078389830508475,0.030190677966101694,0.025423728813559324,0.6233766233766234,20.647983595352017,1.0,0.02419243527362827,2.575010958503799,0.9920278851463281,0.5581395348837209,0.611652138140396,0.7327409432672591
React Native,Flutter,0.03919491525423729,0.036016949152542374,0.02913135593220339,0.7432432432432432,20.635930047694753,1.0,0.027719674662453318,3.7544603033006236,0.9903578229928837,0.632183908045977,0.7336501336501337,0.776033386327504
Swift,Flutter,0.03919491525423729,0.036016949152542374,0.02913135593220339,0.7432432432432432,20.635930047694753,1.0,0.027719674662453318,3.7544603033006236,0.9903578229928837,0.632183908045977,0.7336501336501337,0.776033386327504
React Native,Firebase,0.03919491525423729,0.036016949152542374,0.02913135593220339,0.7432432432432432,20.635930047694753,1.0,0.027719674662453318,3.7544603033006236,0.9903578229928837,0.632183908045977,0.7336501336501337,0.776033386327504
Firebase,React Native,0.036016949152542374,0.03919491525423729,0.02913135593220339,0.8088235294117646,20.63593004769475,1.0,0.027719674662453318,5.025749674054756,0.9870929070929071,0.632183908045977,0.8010247097736558,0.776033386327504
Flutter,React Native,0.036016949152542374,0.03919491525423729,0.02913135593220339,0.8088235294117646,20.63593004769475,1.0,0.027719674662453318,5.025749674054756,0.9870929070929071,0.632183908045977,0.8010247097736558,0.776033386327504
Flutter,Swift,0.036016949152542374,0.03919491525423729,0.02913135593220339,0.8088235294117646,20.63593004769475,1.0,0.027719674662453318,5.025749674054756,0.9870929070929071,0.632183908045977,0.8010247097736558,0.776033386327504
"Android, Swift",React Native,0.02754237288135593,0.03919491525423729,0.022245762711864406,0.8076923076923077,20.60706860706861,1.0,0.02116624174087906,4.996186440677967,0.9784209980288413,0.49999999999999994,0.799847341192435,0.6876299376299376
React Native,"Android, Swift",0.03919491525423729,0.02754237288135593,0.022245762711864406,0.5675675675675675,20.607068607068605,1.0,0.02116624174087906,2.248808262711864,0.9902871843334908,0.49999999999999994,0.5553200259082611,0.6876299376299376
"Dart, React Native",Firebase,0.03283898305084746,0.036016949152542374,0.024364406779661018,0.7419354838709677,20.599620493358632,1.0,0.023181646796897444,3.7354343220338984,0.9837611314824515,0.5476190476190476,0.7322935129386743,0.709203036053131
Firebase,"Dart, React Native",0.036016949152542374,0.03283898305084746,0.024364406779661018,0.6764705882352942,20.599620493358632,1.0,0.023181646796897444,2.9894067796610173,0.9870043000477783,0.5476190476190476,0.6654854712969526,0.709203036053131
Pandas,"NumPy, Tableau",0.03972457627118644,0.034957627118644065,0.028601694915254237,0.7200000000000001,20.59636363636364,1.0,0.027213017990519967,3.446579903147701,0.9908071336642765,0.6206896551724138,0.7098572996706917,0.7690909090909092
Pandas,"TensorFlow, Tableau",0.03972457627118644,0.034957627118644065,0.028601694915254237,0.7200000000000001,20.59636363636364,1.0,0.027213017990519967,3.446579903147701,0.9908071336642765,0.6206896551724138,0.7098572996706917,0.7690909090909092
Dart,"Flutter, React Native",0.0423728813559322,0.02913135593220339,0.025423728813559324,0.6000000000000001,20.59636363636364,1.0,0.02418934932490664,2.4271716101694922,0.9935471976401181,0.5517241379310345,0.5879978177850519,0.7363636363636364
"Flutter, React Native",Dart,0.02913135593220339,0.0423728813559322,0.025423728813559324,0.8727272727272728,20.596363636363638,1.0,0.02418934932490664,7.524213075060537,0.9799963629750864,0.5517241379310345,0.8670957361222849,0.7363636363636364
"TensorFlow, Tableau",Pandas,0.034957627118644065,0.03972457627118644,0.028601694915254237,0.8181818181818182,20.596363636363638,1.0,0.027213017990519967,5.281514830508476,0.9859129162092939,0.6206896551724138,0.8106603820889535,0.7690909090909092
"NumPy, Tableau",Pandas,0.034957627118644065,0.03972457627118644,0.028601694915254237,0.8181818181818182,20.596363636363638,1.0,0.027213017990519967,5.281514830508476,0.9859129162092939,0.6206896551724138,0.8106603820889535,0.7690909090909092
C#,"AWS, Azure",0.03972457627118644,0.02913135593220339,0.023834745762711863,0.6,20.596363636363638,1.0,0.02267751499209997,2.4271716101694913,0.9908071336642766,0.5294117647058824,0.5879978177850518,0.7090909090909091
"AWS, Azure",C#,0.02913135593220339,0.03972457627118644,0.023834745762711863,0.8181818181818182,20.596363636363638,1.0,0.02267751499209997,5.281514830508476,0.9799963629750864,0.5294117647058824,0.8106603820889535,0.7090909090909091
"Firebase, Dart",React Native,0.030190677966101694,0.03919491525423729,0.024364406779661018,0.8070175438596492,20.589853010905646,1.0,0.023181085715311692,4.978717257318954,0.9810509818820792,0.5411764705882354,0.7991450511615312,0.7143195827406355
"Data Visualization, Pandas",Deep Learning,0.030190677966101694,0.03919491525423729,0.024364406779661018,0.8070175438596492,20.589853010905646,1.0,0.023181085715311692,4.978717257318954,0.9810509818820792,0.5411764705882354,0.7991450511615312,0.7143195827406355
"Flutter, Git",Swift,0.030190677966101694,0.03919491525423729,0.024364406779661018,0.8070175438596492,20.589853010905646,1.0,0.023181085715311692,4.978717257318954,0.9810509818820792,0.5411764705882354,0.7991450511615312,0.7143195827406355
React Native,"Firebase, Dart",0.03919491525423729,0.030190677966101694,0.024364406779661018,0.6216216216216216,20.589853010905642,1.0,0.023181085715311692,2.5630674939467313,0.990244954700158,0.5411764705882354,0.6098425022510222,0.7143195827406355
Swift,"Flutter, Git",0.03919491525423729,0.030190677966101694,0.024364406779661018,0.6216216216216216,20.589853010905642,1.0,0.023181085715311692,2.5630674939467313,0.990244954700158,0.5411764705882354,0.6098425022510222,0.7143195827406355
Deep Learning,"Data Visualization, Pandas",0.03919491525423729,0.030190677966101694,0.024364406779661018,0.6216216216216216,20.589853010905642,1.0,0.023181085715311692,2.5630674939467313,0.990244954700158,0.5411764705882354,0.6098425022510222,0.7143195827406355
Dart,"Firebase, Android",0.0423728813559322,0.02489406779661017,0.021716101694915255,0.5125000000000001,20.587234042553195,1.0,0.02066126831370296,2.0002172968274667,0.993524714008202,0.47674418604651164,0.5000543183052689,0.6924202127659576
"Firebase, Android",Dart,0.02489406779661017,0.0423728813559322,0.021716101694915255,0.8723404255319149,20.58723404255319,1.0,0.02066126831370296,7.501412429378533,0.975715743034671,0.47674418604651164,0.866691771794389,0.6924202127659576
Android,"Firebase, Dart",0.034957627118644065,0.030190677966101694,0.021716101694915255,0.6212121212121213,20.57628920786816,1.0,0.020660707232117208,2.5602966101694924,0.9858638322936466,0.5000000000000001,0.6094202538768351,0.6702551834130782
"Firebase, Dart",Android,0.030190677966101694,0.034957627118644065,0.021716101694915255,0.7192982456140351,20.576289207868157,1.0,0.020660707232117208,3.437963453389831,0.9810179696553928,0.5000000000000001,0.7091301249831494,0.6702551834130782
"AWS, C#",Serverless,0.034957627118644065,0.03389830508474576,0.024364406779661018,0.696969696969697,20.560606060606062,1.0,0.02317940247055444,3.1881355932203395,0.9858254187944446,0.5476190476190478,0.6863370547581075,0.7078598484848485
Serverless,"AWS, C#",0.03389830508474576,0.034957627118644065,0.024364406779661018,0.71875,20.560606060606062,1.0,0.02317940247055444,3.4312617702448214,0.9847444698703282,0.5476190476190478,0.7085620197585072,0.7078598484848485
NumPy,"Machine Learning, Tableau",0.0423728813559322,0.03283898305084746,0.028601694915254237,0.675,20.55483870967742,1.0,0.02721021258259121,2.975880052151239,0.993444772205834,0.6136363636363638,0.6639649507119387,0.7729838709677419
"Machine Learning, Tableau",NumPy,0.03283898305084746,0.0423728813559322,0.028601694915254237,0.8709677419354838,20.55483870967742,1.0,0.02721021258259121,7.421610169491519,0.9836517788325017,0.6136363636363638,0.8652583499857264,0.7729838709677419
"Android, Swift",Kotlin,0.02754237288135593,0.04025423728813559,0.022775423728813558,0.8269230769230769,20.54251012145749,1.0,0.021666726515369144,5.545197740112993,0.9782641738866089,0.5058823529411763,0.8196637799286806,0.6963562753036436
Kotlin,"Android, Swift",0.04025423728813559,0.02754237288135593,0.022775423728813558,0.5657894736842105,20.54251012145749,1.0,0.021666726515369144,2.23959938366718,0.9912213152625904,0.5058823529411763,0.5534915720674234,0.6963562753036436
Dart,"Android, Kotlin",0.0423728813559322,0.028601694915254237,0.02489406779661017,0.5875,20.54074074074074,1.0,0.023682131571387533,2.3549049820236263,0.9934099039728865,0.5402298850574713,0.5753544165757907,0.7289351851851852
"Android, Kotlin",Dart,0.028601694915254237,0.0423728813559322,0.02489406779661017,0.8703703703703703,20.54074074074074,1.0,0.023682131571387533,7.387409200968522,0.9793266665119841,0.5402298850574713,0.8646345460504752,0.7289351851851852
Kotlin,"Git, React Native",0.04025423728813559,0.03336864406779661,0.02754237288135593,0.6842105263157895,20.504594820384295,1.0,0.026199143565067508,3.060999293785311,0.9911275258957378,0.5977011494252873,0.6733093006488825,0.7548036758563075
"Git, React Native",Kotlin,0.03336864406779661,0.04025423728813559,0.02754237288135593,0.8253968253968254,20.504594820384295,1.0,0.026199143565067508,5.496725731895222,0.984067439409905,0.5977011494252873,0.8180735134377518,0.7548036758563075
"Swift, Kotlin",Android,0.03177966101694915,0.034957627118644065,0.022775423728813558,0.7166666666666667,20.501010101010102,1.0,0.02166448218902614,3.406031904287139,0.9824436415449597,0.5180722891566265,0.7064032199048664,0.6840909090909091
Android,"Swift, Kotlin",0.034957627118644065,0.03177966101694915,0.022775423728813558,0.6515151515151515,20.501010101010102,1.0,0.02166448218902614,2.7783714075165804,0.9856789114951625,0.5180722891566265,0.6400769179762615,0.6840909090909091
Dart,Kotlin,0.0423728813559322,0.04025423728813559,0.034957627118644065,0.825,20.494736842105265,1.0,0.033251939097960356,5.484261501210653,0.9932957897559669,0.7333333333333332,0.8176600441501103,0.8467105263157895
Kotlin,Dart,0.04025423728813559,0.0423728813559322,0.034957627118644065,0.868421052631579,20.494736842105265,1.0,0.033251939097960356,7.2779661016949175,0.9911030838183157,0.7333333333333332,0.8625989753143922,0.8467105263157895
Android,React Native,0.034957627118644065,0.03919491525423729,0.028072033898305086,0.8030303030303031,20.48812448812449,1.0,0.026701872665900604,4.877933507170797,0.9856471221755068,0.6091954022988507,0.7949951555243728,0.7596232596232597
React Native,Android,0.03919491525423729,0.034957627118644065,0.028072033898305086,0.7162162162162162,20.48812448812449,1.0,0.026701872665900604,3.400625504439064,0.9899939672567659,0.6091954022988507,0.7059364523689442,0.7596232596232597
"TensorFlow, Tableau",Deep Learning,0.034957627118644065,0.03919491525423729,0.028072033898305086,0.8030303030303031,20.48812448812449,1.0,0.026701872665900604,4.877933507170797,0.9856471221755068,0.6091954022988507,0.7949951555243728,0.7596232596232597
Deep Learning,"TensorFlow, Tableau",0.03919491525423729,0.034957627118644065,0.028072033898305086,0.7162162162162162,20.48812448812449,1.0,0.026701872665900604,3.400625504439064,0.9899939672567659,0.6091954022988507,0.7059364523689442,0.7596232596232597
NumPy,"Deep Learning, Python",0.0423728813559322,0.03177966101694915,0.02754237288135593,0.65,20.453333333333337,1.0,0.026195777075553,2.7663438256658597,0.9931926480599046,0.5909090909090909,0.6385120350109409,0.7583333333333333
Dart,"Swift, Kotlin",0.0423728813559322,0.03177966101694915,0.02754237288135593,0.65,20.453333333333337,1.0,0.026195777075553,2.7663438256658597,0.9931926480599046,0.5909090909090909,0.6385120350109409,0.7583333333333333
"Deep Learning, Python",NumPy,0.03177966101694915,0.0423728813559322,0.02754237288135593,0.8666666666666667,20.453333333333337,1.0,0.026195777075553,7.18220338983051,0.9823262077091399,0.5909090909090909,0.8607669616519175,0.7583333333333333
"Swift, Kotlin",Dart,0.03177966101694915,0.0423728813559322,0.02754237288135593,0.8666666666666667,20.453333333333337,1.0,0.026195777075553,7.18220338983051,0.9823262077091399,0.5909090909090909,0.8607669616519175,0.7583333333333333
"Machine Learning, TensorFlow",NumPy,0.03177966101694915,0.0423728813559322,0.02754237288135593,0.8666666666666667,20.453333333333337,1.0,0.026195777075553,7.18220338983051,0.9823262077091399,0.5909090909090909,0.8607669616519175,0.7583333333333333
NumPy,"Machine Learning, TensorFlow",0.0423728813559322,0.03177966101694915,0.02754237288135593,0.65,20.453333333333337,1.0,0.026195777075553,2.7663438256658597,0.9931926480599046,0.5909090909090909,0.6385120350109409,0.7583333333333333
"C#, Linux",Azure,0.03548728813559322,0.03283898305084746,0.023834745762711863,0.6716417910447761,20.452575830524793,1.0,0.022669379309106577,2.945444915254237,0.9861004332174018,0.5357142857142855,0.6604927171372055,0.6987241213288395
Azure,"C#, Linux",0.03283898305084746,0.03548728813559322,0.023834745762711863,0.7258064516129031,20.45257583052479,1.0,0.022669379309106577,3.517634596211365,0.9834002677376171,0.5357142857142855,0.715718056367469,0.6987241213288395
"SQL, Deep Learning",TensorFlow,0.03177966101694915,0.04078389830508475,0.026483050847457626,0.8333333333333334,20.432900432900432,1.0,0.025186952384372307,5.755296610169492,0.9822757111597374,0.5747126436781609,0.8262470090189582,0.7413419913419913
"NumPy, Data Visualization",TensorFlow,0.03177966101694915,0.04078389830508475,0.026483050847457626,0.8333333333333334,20.432900432900432,1.0,0.025186952384372307,5.755296610169492,0.9822757111597374,0.5747126436781609,0.8262470090189582,0.7413419913419913
"Python, Pandas",TensorFlow,0.03177966101694915,0.04078389830508475,0.026483050847457626,0.8333333333333334,20.432900432900432,1.0,0.025186952384372307,5.755296610169492,0.9822757111597374,0.5747126436781609,0.8262470090189582,0.7413419913419913
"Machine Learning, Data Visualization",TensorFlow,0.03177966101694915,0.04078389830508475,0.026483050847457626,0.8333333333333334,20.432900432900432,1.0,0.025186952384372307,5.755296610169492,0.9822757111597374,0.5747126436781609,0.8262470090189582,0.7413419913419913
TensorFlow,"Python, Pandas",0.04078389830508475,0.03177966101694915,0.026483050847457626,0.6493506493506492,20.43290043290043,1.0,0.025186952384372307,2.7612209667294403,0.9914964108227499,0.5747126436781609,0.6378413708829462,0.7413419913419913
TensorFlow,"Machine Learning, Data Visualization",0.04078389830508475,0.03177966101694915,0.026483050847457626,0.6493506493506492,20.43290043290043,1.0,0.025186952384372307,2.7612209667294403,0.9914964108227499,0.5747126436781609,0.6378413708829462,0.7413419913419913
TensorFlow,"NumPy, Data Visualization",0.04078389830508475,0.03177966101694915,0.026483050847457626,0.6493506493506492,20.43290043290043,1.0,0.025186952384372307,2.7612209667294403,0.9914964108227499,0.5747126436781609,0.6378413708829462,0.7413419913419913
TensorFlow,"SQL, Deep Learning",0.04078389830508475,0.03177966101694915,0.026483050847457626,0.6493506493506492,20.43290043290043,1.0,0.025186952384372307,2.7612209667294403,0.9914964108227499,0.5747126436781609,0.6378413708829462,0.7413419913419913
Firebase,Flutter,0.036016949152542374,0.036016949152542374,0.026483050847457626,0.7352941176470588,20.415224913494807,1.0,0.025185830221200804,3.6417137476459502,0.9865494505494506,0.5813953488372092,0.7254040077569489,0.7352941176470588
Flutter,Firebase,0.036016949152542374,0.036016949152542374,0.026483050847457626,0.7352941176470588,20.415224913494807,1.0,0.025185830221200804,3.6417137476459502,0.9865494505494506,0.5813953488372092,0.7254040077569489,0.7352941176470588
Deep Learning,"Statistics, Pandas",0.03919491525423729,0.037076271186440676,0.029661016949152543,0.7567567567567568,20.410810810810812,1.0,0.02820781564205688,3.958686440677967,0.9898015435501653,0.6363636363636366,0.7473909553117475,0.7783783783783784
"Dart, Flutter",React Native,0.03177966101694915,0.03919491525423729,0.025423728813559324,0.8,20.410810810810812,1.0,0.024178127693191612,4.804025423728815,0.9822210065645515,0.5581395348837209,0.7918412348401324,0.7243243243243244
"Statistics, Pandas",Deep Learning,0.037076271186440676,0.03919491525423729,0.029661016949152543,0.8,20.410810810810812,1.0,0.02820781564205688,4.804025423728815,0.9876237623762375,0.6363636363636366,0.7918412348401324,0.7783783783783784
React Native,"Git, Kotlin",0.03919491525423729,0.034427966101694914,0.02754237288135593,0.7027027027027027,20.410810810810812,1.0,0.026192971667624246,3.2478332049306626,0.9898015435501654,0.5977011494252873,0.6921024150865073,0.7513513513513514
React Native,"Dart, Flutter",0.03919491525423729,0.03177966101694915,0.025423728813559324,0.6486486486486487,20.410810810810812,1.0,0.024178127693191612,2.7557040417209913,0.9898015435501654,0.5581395348837209,0.6371163285824117,0.7243243243243244
"Git, Kotlin",React Native,0.034427966101694914,0.03919491525423729,0.02754237288135593,0.8,20.410810810810812,1.0,0.026192971667624246,4.804025423728815,0.9849149753154142,0.5977011494252873,0.7918412348401324,0.7513513513513514
React Native,"Android, Git",0.03919491525423729,0.03177966101694915,0.025423728813559324,0.6486486486486487,20.410810810810812,1.0,0.024178127693191612,2.7557040417209913,0.9898015435501654,0.5581395348837209,0.6371163285824117,0.7243243243243244
"Android, Git",React Native,0.03177966101694915,0.03919491525423729,0.025423728813559324,0.8,20.410810810810812,1.0,0.024178127693191612,4.804025423728815,0.9822210065645515,0.5581395348837209,0.7918412348401324,0.7243243243243244
"Dart, Kotlin",Android,0.034957627118644065,0.034957627118644065,0.02489406779661017,0.7121212121212122,20.370982552800736,1.0,0.02367203210284401,3.352252453166816,0.9853562837190835,0.5529411764705884,0.7016931111332868,0.7121212121212122
Android,"Dart, Kotlin",0.034957627118644065,0.034957627118644065,0.02489406779661017,0.7121212121212122,20.370982552800736,1.0,0.02367203210284401,3.352252453166816,0.9853562837190835,0.5529411764705884,0.7016931111332868,0.7121212121212122
"Deep Learning, Pandas",TensorFlow,0.03125,0.04078389830508475,0.025953389830508475,0.8305084745762712,20.363636363636363,1.0,0.024678893008474576,5.659375,0.9815668202764976,0.5632183908045977,0.823302043070127,0.7334360554699537
TensorFlow,"Deep Learning, Pandas",0.04078389830508475,0.03125,0.025953389830508475,0.6363636363636364,20.363636363636363,1.0,0.024678893008474576,2.6640625,0.9913228681864795,0.5632183908045977,0.624633431085044,0.7334360554699537
Firebase,"Swift, Kotlin",0.036016949152542374,0.03177966101694915,0.023305084745762712,0.6470588235294118,20.360784313725492,1.0,0.02216047831083022,2.7432909604519775,0.9864135864135865,0.5238095238095238,0.6354743210194362,0.6901960784313725
"Dart, Flutter",Firebase,0.03177966101694915,0.036016949152542374,0.023305084745762712,0.7333333333333334,20.360784313725492,1.0,0.02216047831083022,3.6149364406779667,0.9820966779391287,0.5238095238095238,0.7233699633699634,0.6901960784313725
Firebase,"Dart, Flutter",0.036016949152542374,0.03177966101694915,0.023305084745762712,0.6470588235294118,20.360784313725492,1.0,0.02216047831083022,2.7432909604519775,0.9864135864135865,0.5238095238095238,0.6354743210194362,0.6901960784313725
"Swift, Kotlin",Firebase,0.03177966101694915,0.036016949152542374,0.023305084745762712,0.7333333333333334,20.360784313725492,1.0,0.02216047831083022,3.6149364406779667,0.9820966779391287,0.5238095238095238,0.7233699633699634,0.6901960784313725
Firebase,"Android, Git",0.036016949152542374,0.03177966101694915,0.023305084745762712,0.6470588235294118,20.360784313725492,1.0,0.02216047831083022,2.7432909604519775,0.9864135864135865,0.5238095238095238,0.6354743210194362,0.6901960784313725
"Android, Git",Firebase,0.03177966101694915,0.036016949152542374,0.023305084745762712,0.7333333333333334,20.360784313725492,1.0,0.02216047831083022,3.6149364406779667,0.9820966779391287,0.5238095238095238,0.7233699633699634,0.6901960784313725
"Machine Learning, Pandas",NumPy,0.03072033898305085,0.0423728813559322,0.026483050847457626,0.8620689655172413,20.344827586206897,1.0,0.025181341568514794,6.942796610169489,0.980983606557377,0.5681818181818181,0.8559658223985351,0.7435344827586207
NumPy,"Machine Learning, Pandas",0.0423728813559322,0.03072033898305085,0.026483050847457626,0.625,20.344827586206897,1.0,0.025181341568514794,2.5847457627118646,0.9929203539823009,0.5681818181818181,0.6131147540983607,0.7435344827586207
"Kotlin, Git",Dart,0.034427966101694914,0.0423728813559322,0.029661016949152543,0.8615384615384616,20.332307692307694,1.0,0.028202204826199367,6.916195856873825,0.984719065903926,0.6292134831460676,0.8554118447923759,0.7807692307692309
Dart,"Kotlin, Git",0.0423728813559322,0.034427966101694914,0.029661016949152543,0.7000000000000001,20.332307692307694,1.0,0.028202204826199367,3.2185734463276843,0.9928887484197217,0.6292134831460676,0.6893033461327482,0.7807692307692309
Deep Learning,"TensorFlow, Python",0.03919491525423729,0.03389830508474576,0.02701271186440678,0.6891891891891893,20.331081081081084,1.0,0.02568407066934789,3.108327192336036,0.9896015738158549,0.5862068965517241,0.6782835467045994,0.7430320945945946
"TensorFlow, Python",Deep Learning,0.03389830508474576,0.03919491525423729,0.02701271186440678,0.796875,20.33108108108108,1.0,0.02568407066934789,4.730117340286832,0.9841761265909872,0.5862068965517241,0.7885887541345094,0.7430320945945946
"Dart, Android",Flutter,0.029661016949152543,0.036016949152542374,0.021716101694915255,0.7321428571428572,20.327731092436977,1.0,0.02064780235564493,3.598870056497176,0.9798700607093408,0.49397590361445776,0.7221350078492936,0.6675420168067228
"Dart, Android",Firebase,0.029661016949152543,0.036016949152542374,0.021716101694915255,0.7321428571428572,20.327731092436977,1.0,0.02064780235564493,3.598870056497176,0.9798700607093408,0.49397590361445776,0.7221350078492936,0.6675420168067228
Flutter,"Dart, Android",0.036016949152542374,0.029661016949152543,0.021716101694915255,0.6029411764705882,20.327731092436974,1.0,0.02064780235564493,2.4438166980539857,0.9863307424283034,0.49397590361445776,0.5908040071923966,0.6675420168067228
Firebase,"Dart, Android",0.036016949152542374,0.029661016949152543,0.021716101694915255,0.6029411764705882,20.327731092436974,1.0,0.02064780235564493,2.4438166980539857,0.9863307424283034,0.49397590361445776,0.5908040071923966,0.6675420168067228
Kotlin,Android,0.04025423728813559,0.034957627118644065,0.028601694915254237,0.7105263157894738,20.325358851674647,1.0,0.027194502298190176,3.333782742681049,0.9906794211429973,0.6136363636363638,0.700040441388873,0.764354066985646
Android,Kotlin,0.034957627118644065,0.04025423728813559,0.028601694915254237,0.8181818181818182,20.325358851674643,1.0,0.027194502298190176,5.278601694915256,0.9852421026954506,0.6136363636363638,0.8105558900260887,0.764354066985646
Swift,"React Native, Kotlin",0.03919491525423729,0.03125,0.02489406779661017,0.6351351351351351,20.324324324324323,1.0,0.023669226694915255,2.655092592592592,0.9895845551150625,0.5465116279069767,0.6233653007846556,0.7158726523133303
"React Native, Kotlin",Swift,0.03125,0.03919491525423729,0.02489406779661017,0.7966101694915254,20.324324324324323,1.0,0.023669226694915255,4.723958333333333,0.9814687714481812,0.5465116279069767,0.7883131201764058,0.7158726523133303
"Android, Kotlin",Swift,0.028601694915254237,0.03919491525423729,0.022775423728813558,0.7962962962962963,20.316316316316318,1.0,0.021654382720482618,4.716679506933744,0.9787730465877101,0.5058823529411763,0.7879864428927273,0.6886886886886887
"Android, Kotlin",React Native,0.028601694915254237,0.03919491525423729,0.022775423728813558,0.7962962962962963,20.316316316316318,1.0,0.021654382720482618,4.716679506933744,0.9787730465877101,0.5058823529411763,0.7879864428927273,0.6886886886886887
Swift,"Android, Kotlin",0.03919491525423729,0.028601694915254237,0.022775423728813558,0.581081081081081,20.316316316316314,1.0,0.021654382720482618,2.3188217605248767,0.9895643701443552,0.5058823529411763,0.5687465000442099,0.6886886886886887
React Native,"Android, Kotlin",0.03919491525423729,0.028601694915254237,0.022775423728813558,0.581081081081081,20.316316316316314,1.0,0.021654382720482618,2.3188217605248767,0.9895643701443552,0.5058823529411763,0.5687465000442099,0.6886886886886887
TensorFlow,"Statistics, Pandas",0.04078389830508475,0.037076271186440676,0.03072033898305085,0.7532467532467533,20.31614100185529,1.0,0.029208224109451307,3.9023751115075833,0.9912031836097411,0.651685393258427,0.7437458031517438,0.790909090909091
"Statistics, Pandas",TensorFlow,0.037076271186440676,0.04078389830508475,0.03072033898305085,0.8285714285714286,20.31614100185529,1.0,0.029208224109451307,5.595427259887007,0.9873866697014527,0.651685393258427,0.8212826378480713,0.790909090909091
"Deep Learning, Data Visualization",Pandas,0.030190677966101694,0.03972457627118644,0.024364406779661018,0.8070175438596492,20.3153216374269,1.0,0.023165094890117782,4.975972650231126,0.9803742312350106,0.5348837209302327,0.7990342651996788,0.7101754385964913
Pandas,"Deep Learning, Data Visualization",0.03972457627118644,0.030190677966101694,0.024364406779661018,0.6133333333333334,20.3153216374269,1.0,0.023165094890117782,2.5081275569842205,0.9901076764430801,0.5348837209302327,0.6012961951574732,0.7101754385964913
TensorFlow,"Deep Learning, Tableau",0.04078389830508475,0.03389830508474576,0.028072033898305086,0.6883116883116883,20.305194805194805,1.0,0.026689528871014077,3.0995762711864407,0.9911755206651177,0.6022727272727274,0.6773752563226247,0.7582183441558441
"Deep Learning, Tableau",TensorFlow,0.03389830508474576,0.04078389830508475,0.028072033898305086,0.828125,20.305194805194805,1.0,0.026689528871014077,5.580893682588598,0.984111221449851,0.6022727272727274,0.8208172280508007,0.7582183441558441
"Dart, React Native",Android,0.03283898305084746,0.034957627118644065,0.023305084745762712,0.7096774193548386,20.301075268817204,1.0,0.022157111821315714,3.3240348399246695,0.9830230010952902,0.5238095238095238,0.6991607945894267,0.6881720430107527
"Dart, Swift",Android,0.03283898305084746,0.034957627118644065,0.023305084745762712,0.7096774193548386,20.301075268817204,1.0,0.022157111821315714,3.3240348399246695,0.9830230010952902,0.5238095238095238,0.6991607945894267,0.6881720430107527
Android,"Dart, Swift",0.034957627118644065,0.03283898305084746,0.023305084745762712,0.6666666666666667,20.301075268817204,1.0,0.022157111821315714,2.9014830508474585,0.9851811196487376,0.5238095238095238,0.6553486673968603,0.6881720430107527
Android,"Dart, React Native",0.034957627118644065,0.03283898305084746,0.023305084745762712,0.6666666666666667,20.301075268817204,1.0,0.022157111821315714,2.9014830508474585,0.9851811196487376,0.5238095238095238,0.6553486673968603,0.6881720430107527
"NumPy, Deep Learning",TensorFlow,0.03072033898305085,0.04078389830508475,0.025423728813559324,0.8275862068965517,20.291983878190774,1.0,0.024170833632576848,5.563453389830508,0.980851548269581,0.5517241379310345,0.820255526571336,0.7254814151365876
TensorFlow,"NumPy, Deep Learning",0.04078389830508475,0.03072033898305085,0.025423728813559324,0.6233766233766234,20.291983878190774,1.0,0.024170833632576848,2.573604617182934,0.9911420946070312,0.5517241379310345,0.6114399261940245,0.7254814151365876
TensorFlow,"Machine Learning, Pandas",0.04078389830508475,0.03072033898305085,0.025423728813559324,0.6233766233766234,20.291983878190774,1.0,0.024170833632576848,2.573604617182934,0.9911420946070312,0.5517241379310345,0.6114399261940245,0.7254814151365876
"Machine Learning, Pandas",TensorFlow,0.03072033898305085,0.04078389830508475,0.025423728813559324,0.8275862068965517,20.291983878190774,1.0,0.024170833632576848,5.563453389830508,0.980851548269581,0.5517241379310345,0.820255526571336,0.7254814151365876
"Firebase, Kotlin",Flutter,0.02754237288135593,0.036016949152542374,0.020127118644067795,0.7307692307692307,20.289592760180994,1.0,0.019135126400459637,3.5805084745762707,0.977640178878569,0.4634146341463415,0.7207100591715976,0.6447963800904977
Flutter,"Firebase, Kotlin",0.036016949152542374,0.02754237288135593,0.020127118644067795,0.5588235294117646,20.28959276018099,1.0,0.019135126400459637,2.2042372881355927,0.9862348178137651,0.4634146341463415,0.5463283352556708,0.6447963800904977
"Android, Git",Kotlin,0.03177966101694915,0.04025423728813559,0.025953389830508475,0.8166666666666668,20.28771929824562,1.0,0.02467412381499569,5.234976887519263,0.981913990979324,0.5632183908045977,0.8089771891096396,0.730701754385965
Kotlin,"Android, Git",0.04025423728813559,0.03177966101694915,0.025953389830508475,0.6447368421052632,20.287719298245616,1.0,0.02467412381499569,2.7253609541745134,0.9905843131954769,0.5632183908045977,0.6330761257629851,0.730701754385965
"NumPy, Python",TensorFlow,0.036546610169491525,0.04078389830508475,0.030190677966101694,0.8260869565217391,20.255223037831733,1.0,0.028700164733553576,5.515492584745763,0.9866901999363445,0.6404494382022472,0.8186925311502172,0.7831733483907397
TensorFlow,"NumPy, Python",0.04078389830508475,0.036546610169491525,0.030190677966101694,0.7402597402597402,20.25522303783173,1.0,0.028700164733553576,3.709295550847456,0.9910488534976315,0.6404494382022472,0.7304070311217095,0.7831733483907397
"C#, Linux",Serverless,0.03548728813559322,0.03389830508474576,0.024364406779661018,0.6865671641791045,20.253731343283583,1.0,0.0231614478598104,3.082324455205811,0.9856027505193039,0.5411764705882353,0.6755695208169678,0.7026585820895522
Serverless,"C#, Linux",0.03389830508474576,0.03548728813559322,0.024364406779661018,0.71875,20.25373134328358,1.0,0.0231614478598104,3.4293785310734464,0.9839816933638446,0.5411764705882353,0.7084019769357496,0.7026585820895522
TensorFlow,"Machine Learning, NumPy",0.04078389830508475,0.03336864406779661,0.02754237288135593,0.6753246753246753,20.238301381158525,1.0,0.026181469495116346,2.9772245762711864,0.9910058191394471,0.5909090909090909,0.6641167052125956,0.7503607503607503
"Machine Learning, NumPy",TensorFlow,0.03336864406779661,0.04078389830508475,0.02754237288135593,0.8253968253968254,20.23830138115852,1.0,0.026181469495116346,5.49369221879815,0.9834035827186511,0.5909090909090909,0.81797305706748,0.7503607503607503
Flutter,"React Native, Kotlin",0.036016949152542374,0.03125,0.022775423728813558,0.6323529411764706,20.235294117647058,1.0,0.021649894067796608,2.635,0.9860976233069256,0.5119047619047618,0.6204933586337761,0.6805832502492521
"React Native, Kotlin",Flutter,0.03125,0.036016949152542374,0.022775423728813558,0.7288135593220338,20.235294117647058,1.0,0.021649894067796608,3.554687499999999,0.981245311327832,0.5119047619047618,0.7186813186813186,0.6805832502492521
"Android, React Native",Swift,0.028072033898305086,0.03919491525423729,0.022245762711864406,0.7924528301886792,20.218255991840895,1.0,0.02114548172220626,4.629333590138674,0.9779940314000258,0.4941176470588235,0.7839861870982504,0.6800101988781233
Swift,"Android, React Native",0.03919491525423729,0.028072033898305086,0.022245762711864406,0.5675675675675675,20.218255991840895,1.0,0.02114548172220626,2.2475834216101696,0.9893159027668398,0.4941176470588235,0.5550776934973121,0.6800101988781233
React Native,"Dart, Git",0.03919491525423729,0.03548728813559322,0.028072033898305086,0.7162162162162162,20.18233158531666,1.0,0.02668111264722781,3.3987590799031477,0.9892242724303634,0.6022727272727274,0.7057749677189545,0.7536304961678095
"Dart, Git",React Native,0.03548728813559322,0.03919491525423729,0.028072033898305086,0.7910447761194029,20.18233158531666,1.0,0.02668111264722781,4.598138619854721,0.985421653041559,0.6022727272727274,0.7825206931165561,0.7536304961678095
"Machine Learning, Deep Learning",TensorFlow,0.03283898305084746,0.04078389830508475,0.02701271186440678,0.8225806451612903,20.169250104733973,1.0,0.025673410119218615,5.406490755007702,0.9826901187638252,0.5795454545454546,0.8150371386330845,0.7424591537494762
"NumPy, Pandas",TensorFlow,0.03283898305084746,0.04078389830508475,0.02701271186440678,0.8225806451612903,20.169250104733973,1.0,0.025673410119218615,5.406490755007702,0.9826901187638252,0.5795454545454546,0.8150371386330845,0.7424591537494762
TensorFlow,"NumPy, Pandas",0.04078389830508475,0.03283898305084746,0.02701271186440678,0.6623376623376623,20.169250104733973,1.0,0.025673410119218615,2.8642845501955674,0.9908294626519851,0.5795454545454546,0.6508726760643518,0.7424591537494762
TensorFlow,"Machine Learning, Deep Learning",0.04078389830508475,0.03283898305084746,0.02701271186440678,0.6623376623376623,20.169250104733973,1.0,0.025673410119218615,2.8642845501955674,0.9908294626519851,0.5795454545454546,0.6508726760643518,0.7424591537494762
Kotlin,"Android, React Native",0.04025423728813559,0.028072033898305086,0.022775423728813558,0.5657894736842105,20.15491559086395,1.0,0.021645405415110598,2.2383795582948127,0.9902459058473227,0.49999999999999994,0.5532482432238635,0.6885551142005958
"Android, React Native",Kotlin,0.028072033898305086,0.04025423728813559,0.022775423728813558,0.8113207547169811,20.15491559086395,1.0,0.021645405415110598,5.08665254237288,0.9778341043026424,0.49999999999999994,0.8034070556874505,0.6885551142005958
Swift,Kotlin,0.03919491525423729,0.04025423728813559,0.03177966101694915,0.8108108108108107,20.142247510668565,1.0,0.030201899597816717,5.0729418886198525,0.9891216464535096,0.6666666666666666,0.8028757234055247,0.8001422475106685
Kotlin,Swift,0.04025423728813559,0.03919491525423729,0.03177966101694915,0.7894736842105263,20.142247510668565,1.0,0.030201899597816717,4.563824152542374,0.9902133922001471,0.6666666666666666,0.780885510358034,0.8001422475106685
Pandas,"Machine Learning, TensorFlow",0.03972457627118644,0.03177966101694915,0.025423728813559324,0.6400000000000001,20.138666666666673,1.0,0.024161295245619076,2.6895009416195865,0.9896580253723111,0.5517241379310345,0.628183807439825,0.7200000000000001
Pandas,"SQL, Deep Learning",0.03972457627118644,0.03177966101694915,0.025423728813559324,0.6400000000000001,20.138666666666673,1.0,0.024161295245619076,2.6895009416195865,0.9896580253723111,0.5517241379310345,0.628183807439825,0.7200000000000001
"Statistics, Deep Learning",Pandas,0.037076271186440676,0.03972457627118644,0.029661016949152543,0.8,20.13866666666667,1.0,0.02818817778655559,4.801377118644069,0.9869361936193619,0.6292134831460676,0.7917264202978489,0.7733333333333334
"Machine Learning, TensorFlow",Pandas,0.03177966101694915,0.03972457627118644,0.025423728813559324,0.8,20.13866666666667,1.0,0.024161295245619076,4.801377118644069,0.9815371991247265,0.5517241379310345,0.7917264202978489,0.7200000000000001
Pandas,"Statistics, Deep Learning",0.03972457627118644,0.037076271186440676,0.029661016949152543,0.7466666666666667,20.13866666666667,1.0,0.02818817778655559,3.801014719000893,0.9896580253723112,0.6292134831460676,0.7369123579024569,0.7733333333333334
"SQL, Deep Learning",Pandas,0.03177966101694915,0.03972457627118644,0.025423728813559324,0.8,20.13866666666667,1.0,0.024161295245619076,4.801377118644069,0.9815371991247265,0.5517241379310345,0.7917264202978489,0.7200000000000001
"Firebase, Kotlin",React Native,0.02754237288135593,0.03919491525423729,0.021716101694915255,0.7884615384615385,20.11642411642412,1.0,0.020636580723929907,4.541987673343607,0.9772038896859557,0.48235294117647054,0.7798320753116785,0.6712577962577964
React Native,"Firebase, Kotlin",0.03919491525423729,0.02754237288135593,0.021716101694915255,0.5540540540540541,20.116424116424117,1.0,0.020636580723929907,2.180662557781202,0.9890553150294459,0.48235294117647054,0.5414237767178943,0.6712577962577964
Swift,Android,0.03919491525423729,0.034957627118644065,0.02754237288135593,0.7027027027027027,20.101556101556103,1.0,0.02617221164895145,3.2460516178736523,0.989017046900178,0.5909090909090909,0.6919334262912749,0.7452907452907453
Android,Swift,0.034957627118644065,0.03919491525423729,0.02754237288135593,0.787878787878788,20.101556101556103,1.0,0.02617221164895145,4.5295096852300265,0.9846744912606602,0.5909090909090909,0.7792255521031707,0.7452907452907453
"Dart, Kotlin",Swift,0.034957627118644065,0.03919491525423729,0.02754237288135593,0.787878787878788,20.101556101556103,1.0,0.02617221164895145,4.5295096852300265,0.9846744912606602,0.5909090909090909,0.7792255521031707,0.7452907452907453
"Dart, Kotlin",React Native,0.034957627118644065,0.03919491525423729,0.02754237288135593,0.787878787878788,20.101556101556103,1.0,0.02617221164895145,4.5295096852300265,0.9846744912606602,0.5909090909090909,0.7792255521031707,0.7452907452907453
React Native,"Dart, Kotlin",0.03919491525423729,0.034957627118644065,0.02754237288135593,0.7027027027027027,20.101556101556103,1.0,0.02617221164895145,3.2460516178736523,0.989017046900178,0.5909090909090909,0.6919334262912749,0.7452907452907453
Swift,"Dart, Kotlin",0.03919491525423729,0.034957627118644065,0.02754237288135593,0.7027027027027027,20.101556101556103,1.0,0.02617221164895145,3.2460516178736523,0.989017046900178,0.5909090909090909,0.6919334262912749,0.7452907452907453
Deep Learning,"NumPy, Tableau",0.03919491525423729,0.034957627118644065,0.02754237288135593,0.7027027027027027,20.101556101556103,1.0,0.02617221164895145,3.2460516178736523,0.989017046900178,0.5909090909090909,0.6919334262912749,0.7452907452907453
"NumPy, Tableau",Deep Learning,0.034957627118644065,0.03919491525423729,0.02754237288135593,0.787878787878788,20.101556101556103,1.0,0.02617221164895145,4.5295096852300265,0.9846744912606602,0.5909090909090909,0.7792255521031707,0.7452907452907453
"TensorFlow, Data Visualization",Deep Learning,0.0323093220338983,0.03919491525423729,0.025423728813559324,0.7868852459016394,20.07620735489588,1.0,0.02415736767451882,4.508393089960889,0.981914796569969,0.5517241379310345,0.7781914797476821,0.717766947275144
Deep Learning,"TensorFlow, Data Visualization",0.03919491525423729,0.0323093220338983,0.025423728813559324,0.6486486486486487,20.07620735489588,1.0,0.02415736767451882,2.7541965449804433,0.9889516721793459,0.5517241379310345,0.6369177058832232,0.717766947275144
"Flutter, Git",Android,0.030190677966101694,0.034957627118644065,0.0211864406779661,0.7017543859649122,20.07442849548113,1.0,0.020131046215168053,3.2357303090727814,0.9797651556526487,0.48192771084337355,0.6909507577945962,0.6539074960127591
Android,"Firebase, Swift",0.034957627118644065,0.030190677966101694,0.0211864406779661,0.6060606060606061,20.07442849548113,1.0,0.020131046215168053,2.461823663624511,0.9846048298572997,0.48192771084337355,0.5937970640319085,0.6539074960127591
"Firebase, Swift",Android,0.030190677966101694,0.034957627118644065,0.0211864406779661,0.7017543859649122,20.07442849548113,1.0,0.020131046215168053,3.2357303090727814,0.9797651556526487,0.48192771084337355,0.6909507577945962,0.6539074960127591
Android,"Flutter, Git",0.034957627118644065,0.030190677966101694,0.0211864406779661,0.6060606060606061,20.07442849548113,1.0,0.020131046215168053,2.461823663624511,0.9846048298572997,0.48192771084337355,0.5937970640319085,0.6539074960127591
Deep Learning,Pandas,0.03919491525423729,0.03972457627118644,0.03125,0.7972972972972973,20.07063063063063,1.0,0.029692998599540363,4.737358757062146,0.9889372675798405,0.6555555555555556,0.788911912464036,0.791981981981982
Pandas,Deep Learning,0.03972457627118644,0.03919491525423729,0.03125,0.7866666666666667,20.07063063063063,1.0,0.029692998599540363,4.503773834745765,0.9894827376667571,0.6555555555555556,0.7779639838294745,0.791981981981982
NumPy,"TensorFlow, Pandas",0.0423728813559322,0.03177966101694915,0.02701271186440678,0.6375000000000001,20.060000000000002,1.0,0.02566611605860385,2.670952659263589,0.9921915668922436,0.5730337078651686,0.625601750547046,0.7437500000000001
"TensorFlow, Pandas",NumPy,0.03177966101694915,0.0423728813559322,0.02701271186440678,0.8500000000000001,20.060000000000002,1.0,0.02566611605860385,6.384180790960456,0.9813360792894839,0.5730337078651686,0.8433628318584072,0.7437500000000001
Dart,"Android, Git",0.0423728813559322,0.03177966101694915,0.02701271186440678,0.6375000000000001,20.060000000000002,1.0,0.02566611605860385,2.670952659263589,0.9921915668922436,0.5730337078651686,0.625601750547046,0.7437500000000001
"Android, Git",Dart,0.03177966101694915,0.0423728813559322,0.02701271186440678,0.8500000000000001,20.060000000000002,1.0,0.02566611605860385,6.384180790960456,0.9813360792894839,0.5730337078651686,0.8433628318584072,0.7437500000000001
"Firebase, Dart",Kotlin,0.030190677966101694,0.04025423728813559,0.024364406779661018,0.8070175438596492,20.04801477377655,1.0,0.023149104064923872,4.973228043143299,0.9796974805879419,0.5287356321839082,0.7989233569575153,0.7061403508771931
Kotlin,"Firebase, Dart",0.04025423728813559,0.030190677966101694,0.024364406779661018,0.605263157894737,20.04801477377655,1.0,0.023149104064923872,2.4568502824858767,0.9899702466647471,0.5287356321839082,0.5929747908821755,0.7061403508771931
"Flutter, Git",Kotlin,0.030190677966101694,0.04025423728813559,0.024364406779661018,0.8070175438596492,20.04801477377655,1.0,0.023149104064923872,4.973228043143299,0.9796974805879419,0.5287356321839082,0.7989233569575153,0.7061403508771931
Kotlin,"Flutter, Git",0.04025423728813559,0.030190677966101694,0.024364406779661018,0.605263157894737,20.04801477377655,1.0,0.023149104064923872,2.4568502824858767,0.9899702466647471,0.5287356321839082,0.5929747908821755,0.7061403508771931
"Dart, Android",Swift,0.029661016949152543,0.03919491525423729,0.023305084745762712,0.7857142857142857,20.046332046332047,1.0,0.02214252370008618,4.483757062146893,0.9791583961889638,0.5116279069767442,0.7769727516144275,0.6901544401544402
React Native,"Dart, Android",0.03919491525423729,0.029661016949152543,0.023305084745762712,0.5945945945945946,20.046332046332047,1.0,0.02214252370008618,2.393502824858757,0.9888744111456348,0.5116279069767442,0.5822022896258704,0.6901544401544402
"Dart, Android",React Native,0.029661016949152543,0.03919491525423729,0.023305084745762712,0.7857142857142857,20.046332046332047,1.0,0.02214252370008618,4.483757062146893,0.9791583961889638,0.5116279069767442,0.7769727516144275,0.6901544401544402
Swift,"Dart, Android",0.03919491525423729,0.029661016949152543,0.023305084745762712,0.5945945945945946,20.046332046332047,1.0,0.02214252370008618,2.393502824858757,0.9888744111456348,0.5116279069767442,0.5822022896258704,0.6901544401544402
"TensorFlow, Tableau",NumPy,0.034957627118644065,0.0423728813559322,0.029661016949152543,0.8484848484848486,20.024242424242427,1.0,0.028179761562769322,6.320338983050853,0.98447545867963,0.6222222222222225,0.8417806382408154,0.7742424242424244
NumPy,"TensorFlow, Tableau",0.0423728813559322,0.034957627118644065,0.029661016949152543,0.7000000000000001,20.024242424242427,1.0,0.028179761562769322,3.216807909604521,0.9920986093552465,0.6222222222222225,0.689132821075741,0.7742424242424244
Android,Dart,0.034957627118644065,0.0423728813559322,0.029661016949152543,0.8484848484848486,20.024242424242427,1.0,0.028179761562769322,6.320338983050853,0.98447545867963,0.6222222222222225,0.8417806382408154,0.7742424242424244
Dart,Android,0.0423728813559322,0.034957627118644065,0.029661016949152543,0.7000000000000001,20.024242424242427,1.0,0.028179761562769322,3.216807909604521,0.9920986093552465,0.6222222222222225,0.689132821075741,0.7742424242424244
Swift,"Kotlin, Git",0.03919491525423729,0.034427966101694914,0.02701271186440678,0.6891891891891893,20.018295218295222,1.0,0.025663310650675095,3.1066230655858518,0.988801694878613,0.5795454545454546,0.6781070703177122,0.736902286902287
"Kotlin, Git",Swift,0.034427966101694914,0.03919491525423729,0.02701271186440678,0.7846153846153847,20.018295218295222,1.0,0.025663310650675095,4.460880750605329,0.9839200628139353,0.5795454545454546,0.7758290221355272,0.736902286902287
"Statistics, NumPy",Pandas,0.03866525423728814,0.03972457627118644,0.03072033898305085,0.7945205479452055,20.000730593607308,1.0,0.02918437814205688,4.673340395480228,0.9882112662676926,0.6444444444444445,0.7860202948265571,0.7839269406392695
Pandas,"Statistics, NumPy",0.03972457627118644,0.03866525423728814,0.03072033898305085,0.7733333333333334,20.000730593607308,1.0,0.02918437814205688,4.241182701894319,0.9893014055575631,0.6444444444444445,0.7642167125803491,0.7839269406392695
Swift,"Android, Git",0.03919491525423729,0.03177966101694915,0.02489406779661017,0.6351351351351351,19.985585585585586,1.0,0.023648466676242458,2.6536409290646574,0.9887166013746509,0.5402298850574713,0.6231592642971198,0.7092342342342342
"Android, Git",Swift,0.03177966101694915,0.03919491525423729,0.02489406779661017,0.7833333333333333,19.985585585585586,1.0,0.023648466676242458,4.434485006518905,0.9811443735741888,0.5402298850574713,0.77449467107681,0.7092342342342342
React Native,"Swift, Kotlin",0.03919491525423729,0.03177966101694915,0.02489406779661017,0.6351351351351351,19.985585585585586,1.0,0.023648466676242458,2.6536409290646574,0.9887166013746509,0.5402298850574713,0.6231592642971198,0.7092342342342342
Deep Learning,"Python, Pandas",0.03919491525423729,0.03177966101694915,0.02489406779661017,0.6351351351351351,19.985585585585586,1.0,0.023648466676242458,2.6536409290646574,0.9887166013746509,0.5402298850574713,0.6231592642971198,0.7092342342342342
"Python, Pandas",Deep Learning,0.03177966101694915,0.03919491525423729,0.02489406779661017,0.7833333333333333,19.985585585585586,1.0,0.023648466676242458,4.434485006518905,0.9811443735741888,0.5402298850574713,0.77449467107681,0.7092342342342342
"Swift, Kotlin",React Native,0.03177966101694915,0.03919491525423729,0.02489406779661017,0.7833333333333333,19.985585585585586,1.0,0.023648466676242458,4.434485006518905,0.9811443735741888,0.5402298850574713,0.77449467107681,0.7092342342342342
"Machine Learning, NumPy",Pandas,0.03336864406779661,0.03972457627118644,0.026483050847457626,0.7936507936507936,19.978835978835978,1.0,0.025157495601120367,4.653642438070404,0.9827397260273972,0.5681818181818181,0.7851145606247647,0.7301587301587301
Pandas,"Machine Learning, NumPy",0.03972457627118644,0.03336864406779661,0.026483050847457626,0.6666666666666666,19.978835978835978,1.0,0.025157495601120367,2.89989406779661,0.9892443463872035,0.5681818181818181,0.6551598173515981,0.7301587301587301
Firebase,"Flutter, Git",0.036016949152542374,0.030190677966101694,0.021716101694915255,0.6029411764705882,19.97110423116615,1.0,0.020628725581729387,2.4424827369742625,0.9854194585901903,0.488095238095238,0.5905805249461882,0.6611197110423117
Flutter,"Firebase, Git",0.036016949152542374,0.030190677966101694,0.021716101694915255,0.6029411764705882,19.97110423116615,1.0,0.020628725581729387,2.4424827369742625,0.9854194585901903,0.488095238095238,0.5905805249461882,0.6611197110423117
"Firebase, Git",Flutter,0.030190677966101694,0.036016949152542374,0.021716101694915255,0.7192982456140351,19.97110423116615,1.0,0.020628725581729387,3.434189618644068,0.9794994072278241,0.488095238095238,0.7088104877578562,0.6611197110423117
"Flutter, Git",Firebase,0.030190677966101694,0.036016949152542374,0.021716101694915255,0.7192982456140351,19.97110423116615,1.0,0.020628725581729387,3.434189618644068,0.9794994072278241,0.488095238095238,0.7088104877578562,0.6611197110423117
Dart,"Android, Swift",0.0423728813559322,0.02754237288135593,0.023305084745762712,0.55,19.969230769230773,1.0,0.022138035047400174,2.1610169491525424,0.9919549477071602,0.5000000000000001,0.5372549019607843,0.698076923076923
"Android, Swift",Dart,0.02754237288135593,0.0423728813559322,0.023305084745762712,0.8461538461538461,19.96923076923077,1.0,0.022138035047400174,6.22457627118644,0.9768270944741534,0.5000000000000001,0.8393464942137508,0.698076923076923
"Statistics, Deep Learning",TensorFlow,0.037076271186440676,0.04078389830508475,0.030190677966101694,0.8142857142857143,19.96586270871985,1.0,0.028678563092502152,5.165009778357236,0.9864898770578812,0.6333333333333333,0.8063895243354106,0.7772727272727272
TensorFlow,"Statistics, Deep Learning",0.04078389830508475,0.037076271186440676,0.030190677966101694,0.7402597402597402,19.96586270871985,1.0,0.028678563092502152,3.7072563559322025,0.9903029246224341,0.6333333333333333,0.7302587401597301,0.7772727272727272
NumPy,TensorFlow,0.0423728813559322,0.04078389830508475,0.034427966101694914,0.8125,19.92207792207792,1.0,0.03269983481758115,5.115819209039548,0.9918311776718856,0.7065217391304347,0.804527885146328,0.828327922077922
TensorFlow,NumPy,0.04078389830508475,0.0423728813559322,0.034427966101694914,0.8441558441558441,19.92207792207792,1.0,0.03269983481758115,6.144774011299433,0.9901881663339421,0.7065217391304347,0.8372600850476957,0.828327922077922
"Tableau, Pandas",NumPy,0.03389830508474576,0.0423728813559322,0.028601694915254237,0.84375,19.9125,1.0,0.02716532605573111,6.128813559322034,0.9831059129304743,0.6000000000000001,0.8368362831858407,0.759375
NumPy,"Tableau, Pandas",0.0423728813559322,0.03389830508474576,0.028601694915254237,0.675,19.9125,1.0,0.02716532605573111,2.972620599739244,0.9918059652572926,0.6000000000000001,0.6635964912280702,0.759375
"Flutter, Kotlin",Firebase,0.028072033898305086,0.036016949152542374,0.020127118644067795,0.7169811320754716,19.90677025527192,1.0,0.019116049626544094,3.406073446327683,0.9771977627993689,0.45783132530120485,0.7064068007464234,0.6379023307436181
Firebase,"Flutter, Kotlin",0.036016949152542374,0.028072033898305086,0.020127118644067795,0.5588235294117646,19.906770255271915,1.0,0.019116049626544094,2.2030367231638412,0.9852515905147483,0.45783132530120485,0.5460811027408238,0.6379023307436181
Flutter,"Swift, Kotlin",0.036016949152542374,0.03177966101694915,0.022775423728813558,0.6323529411764706,19.898039215686275,1.0,0.021630817293881065,2.633559322033898,0.9852287247636085,0.5058823529411763,0.6202857510619126,0.6745098039215687
"Swift, Kotlin",Flutter,0.03177966101694915,0.036016949152542374,0.022775423728813558,0.7166666666666667,19.898039215686275,1.0,0.021630817293881065,3.402293120638086,0.9809170016793038,0.5058823529411763,0.7060805860805861,0.6745098039215687
Firebase,"Dart, Git",0.036016949152542374,0.03548728813559322,0.025423728813559324,0.7058823529411765,19.891132572431957,1.0,0.024145584961218044,3.2793432203389834,0.9852106227106228,0.5517241379310345,0.6950608909132022,0.7111501316944688
"Dart, Git",Firebase,0.03548728813559322,0.036016949152542374,0.025423728813559324,0.7164179104477612,19.891132572431957,1.0,0.024145584961218044,3.3993086529884025,0.9846695954603698,0.5517241379310345,0.7058225356732819,0.7111501316944688
Dart,"Firebase, Swift",0.0423728813559322,0.030190677966101694,0.025423728813559324,0.6000000000000001,19.87368421052632,1.0,0.02414446279804654,2.4245233050847466,0.9917035398230089,0.5393258426966293,0.5875477880939378,0.7210526315789474
Dart,"Firebase, Git",0.0423728813559322,0.030190677966101694,0.025423728813559324,0.6000000000000001,19.87368421052632,1.0,0.02414446279804654,2.4245233050847466,0.9917035398230089,0.5393258426966293,0.5875477880939378,0.7210526315789474
"Firebase, Swift",Dart,0.030190677966101694,0.0423728813559322,0.025423728813559324,0.8421052631578948,19.873684210526317,1.0,0.02414446279804654,6.064971751412432,0.9792463134898962,0.5393258426966293,0.8351187703772707,0.7210526315789474
"Firebase, Git",Dart,0.030190677966101694,0.0423728813559322,0.025423728813559324,0.8421052631578948,19.873684210526317,1.0,0.02414446279804654,6.064971751412432,0.9792463134898962,0.5393258426966293,0.8351187703772707,0.7210526315789474
Dart,"React Native, Git",0.0423728813559322,0.03336864406779661,0.028072033898305086,0.6625000000000001,19.853968253968254,1.0,0.02665810830221201,2.8640929064657885,0.991651360828185,0.588888888888889,0.6508493150684932,0.7518849206349207
"React Native, Git",Dart,0.03336864406779661,0.0423728813559322,0.028072033898305086,0.8412698412698413,19.853968253968254,1.0,0.02665810830221201,6.033050847457628,0.9824140604807443,0.588888888888889,0.8342463829189493,0.7518849206349207
Kotlin,React Native,0.04025423728813559,0.03919491525423729,0.03125,0.7763157894736843,19.806543385490755,1.0,0.029672238580867566,4.295363908275176,0.9893366258839376,0.6483516483516484,0.7671908547554113,0.7868065433854907
React Native,Kotlin,0.03919491525423729,0.04025423728813559,0.03125,0.7972972972972973,19.806543385490755,1.0,0.029672238580867566,4.734745762711864,0.9882458468035804,0.6483516483516484,0.7887954179344907,0.7868065433854907
NumPy,"Machine Learning, Deep Learning",0.0423728813559322,0.03283898305084746,0.02754237288135593,0.65,19.793548387096774,1.0,0.026150890548692903,2.7633171912832935,0.9914908100748808,0.5777777777777778,0.6381161007667032,0.7443548387096774
"Machine Learning, Deep Learning",NumPy,0.03283898305084746,0.0423728813559322,0.02754237288135593,0.8387096774193548,19.793548387096774,1.0,0.026150890548692903,5.937288135593217,0.9817170781026203,0.5777777777777778,0.8315729374821581,0.7443548387096774
"Data Visualization, Pandas",TensorFlow,0.030190677966101694,0.04078389830508475,0.024364406779661018,0.8070175438596492,19.787650945545682,1.0,0.023133113239729962,4.9704834360554715,0.9790207299408733,0.5227272727272727,0.798812326232478,0.7022100706311233
TensorFlow,"Data Visualization, Pandas",0.04078389830508475,0.030190677966101694,0.024364406779661018,0.5974025974025974,19.787650945545682,1.0,0.023133113239729962,2.4088812192454894,0.9898326651141575,0.5227272727272727,0.5848695269776646,0.7022100706311233
NumPy,"Machine Learning, Statistics",0.0423728813559322,0.036016949152542374,0.030190677966101694,0.7125,19.78235294117647,1.0,0.028664536052858375,3.3529845246868093,0.9914609532681261,0.6263736263736264,0.7017582417582418,0.7753676470588236
Firebase,Dart,0.036016949152542374,0.0423728813559322,0.030190677966101694,0.838235294117647,19.78235294117647,1.0,0.028664536052858375,5.919876733436052,0.9849238480817429,0.6263736263736264,0.8310775637688703,0.7753676470588236
Dart,Firebase,0.0423728813559322,0.036016949152542374,0.030190677966101694,0.7125,19.78235294117647,1.0,0.028664536052858375,3.3529845246868093,0.9914609532681261,0.6263736263736264,0.7017582417582418,0.7753676470588236
"Machine Learning, Statistics",NumPy,0.036016949152542374,0.0423728813559322,0.030190677966101694,0.838235294117647,19.78235294117647,1.0,0.028664536052858375,5.919876733436052,0.9849238480817429,0.6263736263736264,0.8310775637688703,0.7753676470588236
Dart,Swift,0.0423728813559322,0.03919491525423729,0.03283898305084746,0.7750000000000001,19.772972972972976,1.0,0.031178181557023846,4.270244821092281,0.991435912075364,0.6739130434782609,0.765821389195149,0.806418918918919
Dart,React Native,0.0423728813559322,0.03919491525423729,0.03283898305084746,0.7750000000000001,19.772972972972976,1.0,0.031178181557023846,4.270244821092281,0.991435912075364,0.6739130434782609,0.765821389195149,0.806418918918919
React Native,Dart,0.03919491525423729,0.0423728813559322,0.03283898305084746,0.8378378378378379,19.772972972972976,1.0,0.031178181557023846,5.905367231638421,0.9881566312195468,0.6739130434782609,0.8306625209280077,0.806418918918919
Swift,Dart,0.03919491525423729,0.0423728813559322,0.03283898305084746,0.8378378378378379,19.772972972972976,1.0,0.031178181557023846,5.905367231638421,0.9881566312195468,0.6739130434782609,0.8306625209280077,0.806418918918919
NumPy,"Statistics, TensorFlow",0.0423728813559322,0.03919491525423729,0.03283898305084746,0.7750000000000001,19.772972972972976,1.0,0.031178181557023846,4.270244821092281,0.991435912075364,0.6739130434782609,0.765821389195149,0.806418918918919
"Statistics, TensorFlow",NumPy,0.03919491525423729,0.0423728813559322,0.03283898305084746,0.8378378378378379,19.772972972972976,1.0,0.031178181557023846,5.905367231638421,0.9881566312195468,0.6739130434782609,0.8306625209280077,0.806418918918919
"Dart, Kotlin",Flutter,0.034957627118644065,0.036016949152542374,0.02489406779661017,0.7121212121212122,19.771836007130126,1.0,0.02363500071818443,3.3485727029438004,0.9838148399000396,0.5402298850574713,0.7013653013653014,0.7016488413547237
Flutter,"Dart, Kotlin",0.036016949152542374,0.034957627118644065,0.02489406779661017,0.6911764705882353,19.771836007130126,1.0,0.02363500071818443,3.1248991121872476,0.9848959551087211,0.5402298850574713,0.6799896687544392,0.7016488413547237
Android,Firebase,0.034957627118644065,0.036016949152542374,0.02489406779661017,0.7121212121212122,19.771836007130126,1.0,0.02363500071818443,3.3485727029438004,0.9838148399000396,0.5402298850574713,0.7013653013653014,0.7016488413547237
Firebase,Android,0.036016949152542374,0.034957627118644065,0.02489406779661017,0.6911764705882353,19.771836007130126,1.0,0.02363500071818443,3.1248991121872476,0.9848959551087211,0.5402298850574713,0.6799896687544392,0.7016488413547237
"NumPy, Pandas",Deep Learning,0.03283898305084746,0.03919491525423729,0.025423728813559324,0.7741935483870968,19.75239755884917,1.0,0.024136607655846024,4.2549939467312345,0.9816082511865645,0.5454545454545455,0.7649820393356332,0.7114210985178727
Deep Learning,"NumPy, Pandas",0.03919491525423729,0.03283898305084746,0.025423728813559324,0.6486486486486487,19.75239755884917,1.0,0.024136607655846024,2.7526890482398962,0.9881018008085263,0.5454545454545455,0.6367188656345283,0.7114210985178727
"SQL, TensorFlow",Pandas,0.034427966101694914,0.03972457627118644,0.02701271186440678,0.7846153846153847,19.75138461538462,1.0,0.02564507549913818,4.458421610169494,0.9832209351101933,0.5730337078651686,0.7757053757053758,0.7323076923076923
"TensorFlow, NumPy",Pandas,0.034427966101694914,0.03972457627118644,0.02701271186440678,0.7846153846153847,19.75138461538462,1.0,0.02564507549913818,4.458421610169494,0.9832209351101933,0.5730337078651686,0.7757053757053758,0.7323076923076923
Pandas,"TensorFlow, NumPy",0.03972457627118644,0.034427966101694914,0.02701271186440678,0.68,19.751384615384616,1.0,0.02564507549913818,3.0174126059322037,0.9886441062911651,0.5730337078651686,0.6685902358749315,0.7323076923076923
Pandas,"SQL, TensorFlow",0.03972457627118644,0.034427966101694914,0.02701271186440678,0.68,19.751384615384616,1.0,0.02564507549913818,3.0174126059322037,0.9886441062911651,0.5730337078651686,0.6685902358749315,0.7323076923076923
"Firebase, React Native",Dart,0.02913135593220339,0.0423728813559322,0.024364406779661018,0.8363636363636364,19.738181818181822,1.0,0.023130027291008333,5.852165725047083,0.9778220546028132,0.5168539325842697,0.8291230893000805,0.7056818181818183
Dart,"Firebase, React Native",0.0423728813559322,0.02913135593220339,0.024364406779661018,0.5750000000000001,19.738181818181822,1.0,0.023130027291008333,2.2843968095712865,0.9913428241631397,0.5168539325842697,0.5622476813966176,0.7056818181818183
"React Native, Swift",Dart,0.0323093220338983,0.0423728813559322,0.02701271186440678,0.836065573770492,19.73114754098361,1.0,0.0256436727951738,5.841525423728819,0.9810146280734516,0.5666666666666668,0.82881183809662,0.736782786885246
Dart,"React Native, Swift",0.0423728813559322,0.0323093220338983,0.02701271186440678,0.6375000000000001,19.73114754098361,1.0,0.0256436727951738,2.6694915254237293,0.991323963213604,0.5666666666666668,0.6253968253968255,0.736782786885246
"Swift, Git",Dart,0.0323093220338983,0.0423728813559322,0.02701271186440678,0.836065573770492,19.73114754098361,1.0,0.0256436727951738,5.841525423728819,0.9810146280734516,0.5666666666666668,0.82881183809662,0.736782786885246
Dart,"Swift, Git",0.0423728813559322,0.0323093220338983,0.02701271186440678,0.6375000000000001,19.73114754098361,1.0,0.0256436727951738,2.6694915254237293,0.991323963213604,0.5666666666666668,0.6253968253968255,0.736782786885246
"Statistics, TensorFlow",Pandas,0.03919491525423729,0.03972457627118644,0.03072033898305085,0.7837837837837838,19.73045045045045,1.0,0.029163337582591212,4.441273834745763,0.9880431889898491,0.6373626373626374,0.7748393732949718,0.7785585585585586
Pandas,"Statistics, TensorFlow",0.03972457627118644,0.03919491525423729,0.03072033898305085,0.7733333333333334,19.73045045045045,1.0,0.029163337582591212,4.238845962113661,0.9885881659280674,0.6373626373626374,0.7640867328188167,0.7785585585585586
Pandas,"Machine Learning, Data Visualization",0.03972457627118644,0.03177966101694915,0.02489406779661017,0.6266666666666667,19.719111111111115,1.0,0.023631634228669922,2.5934473365617436,0.9885578153055357,0.5340909090909091,0.6144128373450036,0.7050000000000001
Pandas,"Deep Learning, Python",0.03972457627118644,0.03177966101694915,0.02489406779661017,0.6266666666666667,19.719111111111115,1.0,0.023631634228669922,2.5934473365617436,0.9885578153055357,0.5340909090909091,0.6144128373450036,0.7050000000000001
Pandas,"NumPy, Data Visualization",0.03972457627118644,0.03177966101694915,0.02489406779661017,0.6266666666666667,19.719111111111115,1.0,0.023631634228669922,2.5934473365617436,0.9885578153055357,0.5340909090909091,0.6144128373450036,0.7050000000000001
"Machine Learning, Data Visualization",Pandas,0.03177966101694915,0.03972457627118644,0.02489406779661017,0.7833333333333333,19.71911111111111,1.0,0.023631634228669922,4.432040417209909,0.9804460170398995,0.5340909090909091,0.774370288656003,0.7050000000000001
"Deep Learning, Python",Pandas,0.03177966101694915,0.03972457627118644,0.02489406779661017,0.7833333333333333,19.71911111111111,1.0,0.023631634228669922,4.432040417209909,0.9804460170398995,0.5340909090909091,0.774370288656003,0.7050000000000001
"NumPy, Data Visualization",Pandas,0.03177966101694915,0.03972457627118644,0.02489406779661017,0.7833333333333333,19.71911111111111,1.0,0.023631634228669922,4.432040417209909,0.9804460170398995,0.5340909090909091,0.774370288656003,0.7050000000000001
Pandas,"NumPy, Python",0.03972457627118644,0.036546610169491525,0.028601694915254237,0.7200000000000001,19.700869565217392,1.0,0.027149896312122952,3.440904963680388,0.9885089170803456,0.6000000000000001,0.7093787795492029,0.751304347826087
"NumPy, Python",Pandas,0.036546610169491525,0.03972457627118644,0.028601694915254237,0.782608695652174,19.700869565217392,1.0,0.027149896312122952,4.417266949152543,0.9852483049294484,0.6000000000000001,0.7736156742367923,0.751304347826087
"React Native, Swift",Android,0.0323093220338983,0.034957627118644065,0.022245762711864406,0.6885245901639345,19.695976154992554,1.0,0.0211163054797472,3.098293933987512,0.9809211040738135,0.4941176470588236,0.6772417267999498,0.6624441132637855
Android,"React Native, Swift",0.034957627118644065,0.0323093220338983,0.022245762711864406,0.6363636363636364,19.69597615499255,1.0,0.0211163054797472,2.6611493644067794,0.9836129841618315,0.4941176470588236,0.624222520774245,0.6624441132637855
"TensorFlow, Python",Pandas,0.03389830508474576,0.03972457627118644,0.026483050847457626,0.78125,19.666666666666668,1.0,0.025136455041654696,4.389830508474576,0.9824561403508771,0.5617977528089887,0.7722007722007722,0.7239583333333333
Pandas,"TensorFlow, Python",0.03972457627118644,0.03389830508474576,0.026483050847457626,0.6666666666666666,19.666666666666664,1.0,0.025136455041654696,2.8983050847457625,0.9884169884169883,0.5617977528089887,0.6549707602339181,0.7239583333333333
"Statistics, TensorFlow",Deep Learning,0.03919491525423729,0.03919491525423729,0.030190677966101694,0.7702702702702703,19.652300949598246,1.0,0.028654436584314852,4.182328015952144,0.9878334203756358,0.6263736263736264,0.7608987156947465,0.7702702702702703
Deep Learning,"Statistics, TensorFlow",0.03919491525423729,0.03919491525423729,0.030190677966101694,0.7702702702702703,19.652300949598246,1.0,0.028654436584314852,4.182328015952144,0.9878334203756358,0.6263736263736264,0.7608987156947465,0.7702702702702703
"Kotlin, Git",Flutter,0.034427966101694914,0.036016949152542374,0.024364406779661018,0.7076923076923077,19.648868778280544,1.0,0.02312441647515082,3.2978367528991974,0.9829473634000334,0.5287356321839081,0.696770921386306,0.6920814479638009
Flutter,"Kotlin, Git",0.036016949152542374,0.034427966101694914,0.024364406779661018,0.6764705882352942,19.648868778280544,1.0,0.02312441647515082,2.984495377503852,0.9845676063067368,0.5287356321839081,0.664934981123552,0.6920814479638009
"SQL, TensorFlow",Deep Learning,0.034427966101694914,0.03919491525423729,0.026483050847457626,0.7692307692307693,19.62577962577963,1.0,0.02513364963372594,4.163488700564972,0.9828853538123972,0.5617977528089887,0.7598168094309219,0.7224532224532225
Deep Learning,"SQL, TensorFlow",0.03919491525423729,0.034427966101694914,0.026483050847457626,0.6756756756756757,19.625779625779625,1.0,0.02513364963372594,2.977180437853107,0.9877618522601984,0.5617977528089887,0.664111725548917,0.7224532224532225
Pandas,"Machine Learning, Statistics",0.03972457627118644,0.036016949152542374,0.028072033898305086,0.7066666666666668,19.620392156862746,1.0,0.026641275854639473,3.2863058551617885,0.9882921041950692,0.588888888888889,0.6957069597069598,0.7430392156862746
"Machine Learning, Statistics",Pandas,0.036016949152542374,0.03972457627118644,0.028072033898305086,0.7794117647058824,19.620392156862746,1.0,0.026641275854639473,4.353248587570621,0.9844909807173958,0.588888888888889,0.7702864929755686,0.7430392156862746
TensorFlow,Pandas,0.04078389830508475,0.03972457627118644,0.03177966101694915,0.7792207792207791,19.615584415584415,1.0,0.0301595379380925,4.349482801595213,0.9893705135284374,0.6521739130434782,0.7700876068223006,0.7896103896103897
Pandas,TensorFlow,0.03972457627118644,0.04078389830508475,0.03177966101694915,0.8,19.615584415584415,1.0,0.0301595379380925,4.796080508474577,0.9882790954219526,0.6521739130434782,0.7914964108227499,0.7896103896103897
Kotlin,"Firebase, Git",0.04025423728813559,0.030190677966101694,0.023834745762711863,0.5921052631578948,19.612188365650972,1.0,0.022619443047974717,2.377597047566977,0.9888153053715967,0.5113636363636365,0.5794072839115814,0.6907894736842106
"Firebase, Git",Kotlin,0.030190677966101694,0.04025423728813559,0.023834745762711863,0.7894736842105263,19.612188365650972,1.0,0.022619443047974717,4.558792372881356,0.9785545239395593,0.5113636363636365,0.7806436621354711,0.6907894736842106
Dart,"Android, React Native",0.0423728813559322,0.028072033898305086,0.023305084745762712,0.55,19.59245283018868,1.0,0.022115591783970125,2.1598399246704334,0.9909493161705552,0.49438202247191004,0.5370027247956404,0.6900943396226416
"Android, React Native",Dart,0.028072033898305086,0.0423728813559322,0.023305084745762712,0.830188679245283,19.592452830188677,1.0,0.022115591783970125,5.63935969868173,0.9763685905375279,0.49438202247191004,0.8226749039906495,0.6900943396226416
NumPy,"Statistics, Pandas",0.0423728813559322,0.037076271186440676,0.03072033898305085,0.7250000000000001,19.55428571428572,1.0,0.02914931054294743,3.501540832049308,0.9908452853219408,0.6304347826086958,0.7144114411441145,0.7767857142857144
"Statistics, Pandas",NumPy,0.037076271186440676,0.0423728813559322,0.03072033898305085,0.8285714285714286,19.554285714285715,1.0,0.02914931054294743,5.586158192090397,0.9853950912332612,0.6304347826086958,0.8209860935524653,0.7767857142857144
Deep Learning,TensorFlow,0.03919491525423729,0.04078389830508475,0.03125,0.7972972972972973,19.549315549315548,1.0,0.029651478562194772,4.732132768361581,0.9875544260273205,0.6413043478260868,0.788678794752787,0.7817655317655317
TensorFlow,Deep Learning,0.04078389830508475,0.03919491525423729,0.03125,0.7662337662337662,19.549315549315548,1.0,0.029651478562194772,4.1101106403013175,0.9891903527407837,0.6413043478260868,0.756697547215739,0.7817655317655317
Android,"Dart, Flutter",0.034957627118644065,0.03177966101694915,0.021716101694915255,0.6212121212121213,19.54747474747475,1.0,0.02060516015512784,2.556101694915255,0.9832133008487055,0.4823529411764707,0.6087792586698496,0.6522727272727273
"Dart, Flutter",Android,0.03177966101694915,0.034957627118644065,0.021716101694915255,0.6833333333333333,19.547474747474748,1.0,0.02060516015512784,3.047502230151651,0.9799861237124406,0.4823529411764707,0.6718624222466155,0.6522727272727273
Pandas,NumPy,0.03972457627118644,0.0423728813559322,0.03283898305084746,0.8266666666666668,19.509333333333338,1.0,0.031155738293593797,5.524771838331164,0.9879899649484902,0.6666666666666667,0.8189970501474927,0.8008333333333335
NumPy,Pandas,0.0423728813559322,0.03972457627118644,0.03283898305084746,0.7750000000000001,19.509333333333338,1.0,0.031155738293593797,4.267890772128063,0.9907222380816443,0.6666666666666667,0.7656922228350801,0.8008333333333335
"Data Visualization, Pandas",NumPy,0.030190677966101694,0.0423728813559322,0.02489406779661017,0.8245614035087719,19.45964912280702,1.0,0.023614801781097386,5.458474576271187,0.9781423939946778,0.5222222222222223,0.8167986337525229,0.706030701754386
Kotlin,"Dart, Flutter",0.04025423728813559,0.03177966101694915,0.02489406779661017,0.618421052631579,19.45964912280702,1.0,0.023614801781097386,2.537405026300409,0.9883988539758584,0.5280898876404494,0.6058965795232063,0.7008771929824562
NumPy,"Data Visualization, Pandas",0.0423728813559322,0.030190677966101694,0.02489406779661017,0.5875,19.45964912280702,1.0,0.023614801781097386,2.35105290190036,0.9905855771041235,0.5222222222222223,0.5746586564718733,0.706030701754386
"Dart, Flutter",Kotlin,0.03177966101694915,0.04025423728813559,0.02489406779661017,0.7833333333333333,19.45964912280702,1.0,0.023614801781097386,4.429595827900912,0.9797476605056102,0.5280898876404494,0.7742457689477557,0.7008771929824562
Kotlin,"Flutter, Swift",0.04025423728813559,0.02913135593220339,0.022775423728813558,0.5657894736842105,19.42200956937799,1.0,0.021602763214593507,2.235939907550077,0.9882950870167874,0.4886363636363636,0.5527607890429839,0.6738038277511962
Kotlin,"Flutter, React Native",0.04025423728813559,0.02913135593220339,0.022775423728813558,0.5657894736842105,19.42200956937799,1.0,0.021602763214593507,2.235939907550077,0.9882950870167874,0.4886363636363636,0.5527607890429839,0.6738038277511962
"Flutter, React Native",Kotlin,0.02913135593220339,0.04025423728813559,0.022775423728813558,0.7818181818181817,19.42200956937799,1.0,0.021602763214593507,4.39883474576271,0.9769725573782972,0.4886363636363636,0.7726670680313064,0.6738038277511962
"Flutter, Swift",Kotlin,0.02913135593220339,0.04025423728813559,0.022775423728813558,0.7818181818181817,19.42200956937799,1.0,0.021602763214593507,4.39883474576271,0.9769725573782972,0.4886363636363636,0.7726670680313064,0.6738038277511962
"Dart, Git",Swift,0.03548728813559322,0.03919491525423729,0.02701271186440678,0.7611940298507462,19.420734167002824,1.0,0.025621790613329504,4.0233712923728815,0.983407091557106,0.5666666666666668,0.7514522207046356,0.7251916095199678
Swift,"Dart, Git",0.03919491525423729,0.03548728813559322,0.02701271186440678,0.6891891891891893,19.420734167002824,1.0,0.025621790613329504,3.103214812085483,0.9872019370041291,0.5666666666666668,0.6777535360731407,0.7251916095199678
Flutter,Kotlin,0.036016949152542374,0.04025423728813559,0.028072033898305086,0.7794117647058824,19.362229102167184,1.0,0.02662219908072393,4.350847457627118,0.9837860252954592,0.5824175824175826,0.7701597195169458,0.738390092879257
Kotlin,Flutter,0.04025423728813559,0.036016949152542374,0.028072033898305086,0.6973684210526316,19.362229102167184,1.0,0.02662219908072393,3.185335298452469,0.9881294514557041,0.5824175824175826,0.6860613071139388,0.738390092879257
Firebase,"Dart, Kotlin",0.036016949152542374,0.034957627118644065,0.024364406779661018,0.6764705882352942,19.351158645276296,1.0,0.023105339701235277,2.982858243451464,0.9837553750597229,0.5227272727272727,0.6647510815522697,0.6867201426024956
"Dart, Kotlin",Firebase,0.034957627118644065,0.036016949152542374,0.024364406779661018,0.696969696969697,19.351158645276293,1.0,0.023105339701235277,3.1811440677966107,0.9826755118598767,0.5227272727272727,0.6856476856476857,0.6867201426024956
NumPy,"TensorFlow, Data Visualization",0.0423728813559322,0.0323093220338983,0.026483050847457626,0.625,19.34426229508197,1.0,0.025114011778224647,2.580508474576271,0.9902654867256637,0.5494505494505495,0.6124794745484401,0.7223360655737705
"TensorFlow, Data Visualization",NumPy,0.0323093220338983,0.0423728813559322,0.026483050847457626,0.819672131147541,19.34426229508197,1.0,0.025114011778224647,5.3104776579352855,0.9799671592775041,0.5494505494505495,0.8116930219062818,0.7223360655737705
"Kotlin, React Native",Firebase,0.03125,0.036016949152542374,0.021716101694915255,0.6949152542372882,19.294117647058822,1.0,0.020590572033898306,3.1597222222222228,0.9787568843430369,0.47674418604651164,0.6835164835164835,0.6489282153539382
Firebase,"Kotlin, React Native",0.036016949152542374,0.03125,0.021716101694915255,0.6029411764705882,19.294117647058822,1.0,0.020590572033898306,2.4398148148148144,0.9835968909139642,0.47674418604651164,0.5901328273244781,0.6489282153539382
NumPy,"Machine Learning, Data Visualization",0.0423728813559322,0.03177966101694915,0.025953389830508475,0.6125,19.273333333333337,1.0,0.024606794024705544,2.4986331328594864,0.9900668231894528,0.5384615384615385,0.5997811816192561,0.7145833333333333
"Machine Learning, Data Visualization",NumPy,0.03177966101694915,0.0423728813559322,0.025953389830508475,0.8166666666666668,19.273333333333337,1.0,0.024606794024705544,5.223420647149464,0.9792345822355201,0.5384615384615385,0.8085545722713865,0.7145833333333333
Deep Learning,"NumPy, Python",0.03919491525423729,0.036546610169491525,0.02754237288135593,0.7027027027027027,19.227575401488448,1.0,0.026109931592933063,3.24070685670262,0.9866635569502161,0.5714285714285715,0.6914253450812,0.72816294555425
"NumPy, Python",Deep Learning,0.036546610169491525,0.03919491525423729,0.02754237288135593,0.7536231884057971,19.227575401488444,1.0,0.026109931592933063,3.8997382851445668,0.9839514526155537,0.5714285714285715,0.7435725356726268,0.72816294555425
Firebase,"Kotlin, Git",0.036016949152542374,0.034427966101694914,0.023834745762711863,0.6617647058823529,19.221719457013574,1.0,0.022594755458201665,2.8547347089167276,0.9833943833943833,0.5113636363636362,0.6497047529928043,0.6770361990950227
"Kotlin, Git",Firebase,0.034427966101694914,0.036016949152542374,0.023834745762711863,0.6923076923076923,19.221719457013574,1.0,0.022594755458201665,3.132944915254237,0.9817760711891267,0.5113636363636362,0.6808114961961116,0.6770361990950227
"SQL, Pandas",NumPy,0.03125,0.0423728813559322,0.025423728813559324,0.8135593220338984,19.200000000000003,1.0,0.024099576271186442,5.136363636363638,0.978494623655914,0.5274725274725276,0.8053097345132744,0.7067796610169492
NumPy,"SQL, Pandas",0.0423728813559322,0.03125,0.025423728813559324,0.6000000000000001,19.200000000000003,1.0,0.024099576271186442,2.4218750000000004,0.9898598820058997,0.5274725274725276,0.5870967741935484,0.7067796610169492
NumPy,"TensorFlow, Deep Learning",0.0423728813559322,0.03125,0.025423728813559324,0.6000000000000001,19.200000000000003,1.0,0.024099576271186442,2.4218750000000004,0.9898598820058997,0.5274725274725276,0.5870967741935484,0.7067796610169492
"TensorFlow, Deep Learning",NumPy,0.03125,0.0423728813559322,0.025423728813559324,0.8135593220338984,19.200000000000003,1.0,0.024099576271186442,5.136363636363638,0.978494623655914,0.5274725274725276,0.8053097345132744,0.7067796610169492
"Deep Learning, Pandas",NumPy,0.03125,0.0423728813559322,0.025423728813559324,0.8135593220338984,19.200000000000003,1.0,0.024099576271186442,5.136363636363638,0.978494623655914,0.5274725274725276,0.8053097345132744,0.7067796610169492
NumPy,"Deep Learning, Pandas",0.0423728813559322,0.03125,0.025423728813559324,0.6000000000000001,19.200000000000003,1.0,0.024099576271186442,2.4218750000000004,0.9898598820058997,0.5274725274725276,0.5870967741935484,0.7067796610169492
Kotlin,"Firebase, Swift",0.04025423728813559,0.030190677966101694,0.023305084745762712,0.5789473684210527,19.176361957525394,1.0,0.022089782031025566,2.3032971398305087,0.9876078667469395,0.4943820224719102,0.5658397769409872,0.6754385964912282
"Firebase, Swift",Kotlin,0.030190677966101694,0.04025423728813559,0.023305084745762712,0.7719298245614036,19.176361957525394,1.0,0.022089782031025566,4.208116036505868,0.9773596147162503,0.4943820224719102,0.7623639673134271,0.6754385964912282
"Deep Learning, Tableau",NumPy,0.03389830508474576,0.0423728813559322,0.02754237288135593,0.8125,19.175,1.0,0.026106004021832805,5.107344632768362,0.98110661268556,0.5652173913043479,0.8042035398230089,0.73125
NumPy,"Deep Learning, Tableau",0.0423728813559322,0.03389830508474576,0.02754237288135593,0.65,19.175,1.0,0.026106004021832805,2.7602905569007263,0.9897889720898569,0.5652173913043479,0.637719298245614,0.73125
Kotlin,"Swift, React Native",0.04025423728813559,0.0323093220338983,0.02489406779661017,0.618421052631579,19.14063848144953,1.0,0.02359348068083884,2.5360169491525424,0.9875064581278475,0.5222222222222223,0.6056808688387636,0.6944564279551337
"Swift, React Native",Kotlin,0.0323093220338983,0.04025423728813559,0.02489406779661017,0.7704918032786886,19.14063848144953,1.0,0.02359348068083884,4.181749394673125,0.9793988517392773,0.5222222222222223,0.7608656316722759,0.6944564279551337
Firebase,Kotlin,0.036016949152542374,0.04025423728813559,0.02754237288135593,0.7647058823529411,18.9969040247678,1.0,0.026092538063774776,4.078919491525423,0.9827557058326288,0.5652173913043479,0.7548370341514089,0.7244582043343653
Kotlin,Firebase,0.04025423728813559,0.036016949152542374,0.02754237288135593,0.6842105263157895,18.9969040247678,1.0,0.026092538063774776,3.0526129943502824,0.9870945831210732,0.5652173913043479,0.6724117987275882,0.7244582043343653
"Terraform, Jenkins",Ansible,0.02701271186440678,0.0413135593220339,0.0211864406779661,0.7843137254901961,18.984414278531926,1.0,0.020070449403906922,4.444818952234206,0.9736254763200871,0.449438202247191,0.7750189578593869,0.6485671191553544
Ansible,"Terraform, Jenkins",0.0413135593220339,0.02701271186440678,0.0211864406779661,0.5128205128205128,18.984414278531922,1.0,0.020070449403906922,1.9971844335414806,0.9881491712707183,0.449438202247191,0.49929511606158306,0.6485671191553544
Pandas,"TensorFlow, Data Visualization",0.03972457627118644,0.0323093220338983,0.024364406779661018,0.6133333333333334,18.98316939890711,1.0,0.0230809326522551,2.502648305084746,0.9865104678769274,0.5111111111111112,0.6004232804232806,0.6837158469945356
"TensorFlow, Data Visualization",Pandas,0.0323093220338983,0.03972457627118644,0.024364406779661018,0.7540983606557378,18.983169398907105,1.0,0.0230809326522551,3.905120056497176,0.9789510006901312,0.5111111111111112,0.7439259265957159,0.6837158469945356
Android,Flutter,0.034957627118644065,0.036016949152542374,0.023834745762711863,0.6818181818181819,18.930481283422463,1.0,0.022575678684286123,3.029661016949153,0.981485547017929,0.5056179775280898,0.66993006993007,0.6717914438502675
Flutter,Android,0.036016949152542374,0.034957627118644065,0.023834745762711863,0.6617647058823529,18.93048128342246,1.0,0.022575678684286123,2.853168754605748,0.9825641025641025,0.5056179775280898,0.6495124943501001,0.6717914438502675
Ansible,"Docker, Prometheus",0.0413135593220339,0.02913135593220339,0.022775423728813558,0.5512820512820512,18.924009324009322,1.0,0.02157190372737719,2.163650121065375,0.9879737890273674,0.47777777777777763,0.5378180648229748,0.6665501165501164
"Docker, Prometheus",Ansible,0.02913135593220339,0.0413135593220339,0.022775423728813558,0.7818181818181817,18.924009324009322,1.0,0.02157190372737719,4.3939795197740095,0.9755769547951637,0.47777777777777763,0.7724158714213962,0.6665501165501164
Grafana,"Python, Bash",0.04396186440677966,0.028072033898305086,0.023305084745762712,0.5301204819277109,18.88429188451921,1.0,0.0220709857979029,2.0684620817036072,0.990594308738353,0.4782608695652174,0.5165490299070944,0.6801545805864969
"Python, Bash",Grafana,0.028072033898305086,0.04396186440677966,0.023305084745762712,0.830188679245283,18.884291884519207,1.0,0.0220709857979029,5.630002354048962,0.9743993064156551,0.4782608695652174,0.8223801808393874,0.6801545805864969
"Firebase, Flutter",Kotlin,0.026483050847457626,0.04025423728813559,0.020127118644067795,0.76,18.880000000000003,1.0,0.019061063631140476,3.9989406779661016,0.9727965179542982,0.4318181818181819,0.7499337748344371,0.63
Kotlin,"Firebase, Flutter",0.04025423728813559,0.026483050847457626,0.020127118644067795,0.5,18.880000000000003,1.0,0.019061063631140476,1.9470338983050848,0.9867549668874173,0.4318181818181819,0.48639825897714906,0.63
NumPy,"SQL, Deep Learning",0.0423728813559322,0.03177966101694915,0.025423728813559324,0.6000000000000001,18.880000000000003,1.0,0.024077133007756393,2.4205508474576276,0.9889380530973452,0.5217391304347827,0.5868708971553611,0.7000000000000001
"SQL, Deep Learning",NumPy,0.03177966101694915,0.0423728813559322,0.025423728813559324,0.8,18.880000000000003,1.0,0.024077133007756393,4.78813559322034,0.9781181619256019,0.5217391304347827,0.7911504424778761,0.7000000000000001
"Statistics, NumPy",Deep Learning,0.03866525423728814,0.03919491525423729,0.028601694915254237,0.7397260273972602,18.873009996297668,1.0,0.02708621355214019,3.6915142729705614,0.9851035608611367,0.5806451612903226,0.7291084562988023,0.734727878563495
Deep Learning,"Statistics, NumPy",0.03919491525423729,0.03866525423728814,0.028601694915254237,0.7297297297297297,18.873009996297668,1.0,0.02708621355214019,3.5569385593220337,0.9856466168483807,0.5806451612903226,0.7188593552229916,0.734727878563495
"SQL, NumPy",Deep Learning,0.034427966101694914,0.03919491525423729,0.025423728813559324,0.7384615384615385,18.840748440748442,1.0,0.02407432759982764,3.673666500498505,0.9806865971841289,0.5274725274725276,0.7277923840217115,0.6935550935550936
Deep Learning,"TensorFlow, NumPy",0.03919491525423729,0.034427966101694914,0.025423728813559324,0.6486486486486487,18.840748440748442,1.0,0.02407432759982764,2.7481665580182533,0.9855521866960677,0.5274725274725276,0.6361210360113267,0.6935550935550936
"TensorFlow, NumPy",Deep Learning,0.034427966101694914,0.03919491525423729,0.025423728813559324,0.7384615384615385,18.840748440748442,1.0,0.02407432759982764,3.673666500498505,0.9806865971841289,0.5274725274725276,0.7277923840217115,0.6935550935550936
Deep Learning,"SQL, NumPy",0.03919491525423729,0.034427966101694914,0.025423728813559324,0.6486486486486487,18.840748440748442,1.0,0.02407432759982764,2.7481665580182533,0.9855521866960677,0.5274725274725276,0.6361210360113267,0.6935550935550936
Grafana,"Bash, Ansible",0.04396186440677966,0.02754237288135593,0.022775423728813558,0.5180722891566265,18.810009267840595,1.0,0.02156460966676242,2.0178495762711863,0.9903755717322681,0.46739130434782594,0.5044229204399296,0.6724976830398517
"Bash, Ansible",Grafana,0.02754237288135593,0.04396186440677966,0.022775423728813558,0.8269230769230769,18.81000926784059,1.0,0.02156460966676242,5.523775894538605,0.9736535441049805,0.46739130434782594,0.8189644150862987,0.6724976830398517
Deep Learning,"NumPy, Data Visualization",0.03919491525423729,0.03177966101694915,0.023305084745762712,0.5945945945945946,18.70990990990991,1.0,0.022059483625395,2.3882768361581923,0.9851658815275132,0.4888888888888889,0.5812880714412443,0.6639639639639641
"NumPy, Data Visualization",Deep Learning,0.03177966101694915,0.03919491525423729,0.023305084745762712,0.7333333333333334,18.70990990990991,1.0,0.022059483625395,3.603019067796611,0.9776208474239109,0.4888888888888889,0.7224549797868431,0.6639639639639641
Prometheus,"Ansible, Grafana",0.03866525423728814,0.028601694915254237,0.02065677966101695,0.5342465753424658,18.678843226788434,1.0,0.019550887855501294,2.085649302093719,0.9845306208942572,0.4431818181818182,0.520533006677522,0.628234398782344
"Ansible, Grafana",Prometheus,0.028601694915254237,0.03866525423728814,0.02065677966101695,0.7222222222222222,18.67884322678843,1.0,0.019550887855501294,3.4608050847457625,0.9743310124989514,0.4431818181818182,0.7110498928680746,0.628234398782344
"Bash, Prometheus",Grafana,0.026483050847457626,0.04396186440677966,0.021716101694915255,0.8200000000000001,18.652530120481927,1.0,0.020551857404481472,5.311322975517893,0.9721330183922079,0.4456521739130434,0.8117229916897508,0.656987951807229
Pandas,"SQL, NumPy",0.03972457627118644,0.034427966101694914,0.025423728813559324,0.6400000000000001,18.589538461538467,1.0,0.02405609244829072,2.682144538606404,0.9853488692774407,0.5217391304347827,0.627164015359298,0.6892307692307693
"SQL, NumPy",Pandas,0.034427966101694914,0.03972457627118644,0.025423728813559324,0.7384615384615385,18.589538461538464,1.0,0.02405609244829072,3.671641326021935,0.979943773998903,0.5217391304347827,0.7276422419279562,0.6892307692307693
Kotlin,"Firebase, React Native",0.04025423728813559,0.02913135593220339,0.021716101694915255,0.5394736842105264,18.518660287081346,1.0,0.020543441180695204,2.10817191283293,0.9856781349270447,0.4555555555555556,0.5256553823183163,0.642464114832536
"Firebase, React Native",Kotlin,0.02913135593220339,0.04025423728813559,0.021716101694915255,0.7454545454545455,18.518660287081342,1.0,0.020543441180695204,3.7704297820823247,0.9743855867363912,0.4555555555555556,0.7347782460365242,0.642464114832536
"Android, Git",Flutter,0.03177966101694915,0.036016949152542374,0.0211864406779661,0.6666666666666666,18.509803921568626,1.0,0.02004183424303361,2.8919491525423724,0.9770240700218817,0.45454545454545453,0.6542124542124542,0.6274509803921569
Flutter,"Android, Git",0.036016949152542374,0.03177966101694915,0.0211864406779661,0.588235294117647,18.509803921568626,1.0,0.02004183424303361,2.35139225181598,0.9813186813186813,0.45454545454545453,0.5747200411893422,0.6274509803921569
NumPy,Deep Learning,0.0423728813559322,0.03919491525423729,0.03072033898305085,0.7250000000000001,18.4972972972973,1.0,0.029059537489227235,3.4938366718027747,0.9877937137625877,0.6041666666666666,0.713781697905182,0.7543918918918919
Deep Learning,NumPy,0.03919491525423729,0.0423728813559322,0.03072033898305085,0.7837837837837838,18.497297297297298,1.0,0.029059537489227235,4.429025423728813,0.9845264798692164,0.6041666666666666,0.7742166945706769,0.7543918918918919
Ansible,"Docker, Jenkins",0.0413135593220339,0.02913135593220339,0.022245762711864406,0.5384615384615384,18.483916083916085,1.0,0.02104224271042804,2.1035487288135593,0.9866614048934492,0.46153846153846145,0.5246128666750598,0.651048951048951
"Docker, Jenkins",Ansible,0.02913135593220339,0.0413135593220339,0.022245762711864406,0.7636363636363637,18.483916083916085,1.0,0.02104224271042804,4.055981095176011,0.9742810381108254,0.46153846153846145,0.7534505273731793,0.651048951048951
"Ansible, Git",Jenkins,0.029661016949152543,0.04078389830508475,0.022245762711864406,0.75,18.38961038961039,1.0,0.021036070812984774,3.836864406779661,0.9745269286754003,0.46153846153846145,0.7393705135284373,0.6477272727272727
Jenkins,"Ansible, Git",0.04078389830508475,0.029661016949152543,0.022245762711864406,0.5454545454545454,18.38961038961039,1.0,0.021036070812984774,2.134745762711864,0.9858273513712498,0.46153846153846145,0.5315601429138547,0.6477272727272727
Grafana,"Prometheus, Terraform",0.04396186440677966,0.029661016949152543,0.023834745762711863,0.5421686746987951,18.278829604130806,1.0,0.022530792157426024,2.119424620874219,0.9887596183441059,0.4787234042553191,0.5281738306939548,0.6728700516351118
"Prometheus, Terraform",Grafana,0.029661016949152543,0.04396186440677966,0.023834745762711863,0.8035714285714285,18.278829604130806,1.0,0.022530792157426024,4.867103235747302,0.9741872877244057,0.4787234042553191,0.7945389790265136,0.6728700516351118
NumPy,"Deep Learning, Data Visualization",0.0423728813559322,0.030190677966101694,0.023305084745762712,0.55,18.217543859649126,1.0,0.02202581873024993,2.1551318267419965,0.9869267900241352,0.4731182795698925,0.53599126160568,0.6609649122807018
"Deep Learning, Data Visualization",NumPy,0.030190677966101694,0.0423728813559322,0.023305084745762712,0.7719298245614036,18.217543859649126,1.0,0.02202581873024993,4.198826597131683,0.9745295665557817,0.4731182795698925,0.7618382238782798,0.6609649122807018
"Statistics, Deep Learning",NumPy,0.037076271186440676,0.0423728813559322,0.028601694915254237,0.7714285714285715,18.205714285714286,1.0,0.02703066647515082,4.189618644067798,0.9814611090738703,0.5625,0.7613147914032871,0.7232142857142858
NumPy,"Statistics, Deep Learning",0.0423728813559322,0.037076271186440676,0.028601694915254237,0.675,18.205714285714286,1.0,0.02703066647515082,2.96284224250326,0.9868895444116683,0.5625,0.6624862486248625,0.7232142857142858
Grafana,"Bash, Jenkins",0.04396186440677966,0.02913135593220339,0.023305084745762712,0.5301204819277109,18.197590361445787,1.0,0.02202441602628555,2.066207627118644,0.9885041551246537,0.46808510638297873,0.5160215329402718,0.6650602409638555
"Bash, Jenkins",Grafana,0.02913135593220339,0.04396186440677966,0.023305084745762712,0.8,18.197590361445783,1.0,0.02202441602628555,4.780190677966103,0.973404255319149,0.46808510638297873,0.7908033240997231,0.6650602409638555
Jenkins,"Bash, Git",0.04078389830508475,0.03072033898305085,0.022775423728813558,0.5584415584415584,18.1782355575459,1.0,0.02152252854783108,2.1951333499501495,0.9851681584117731,0.46739130434782594,0.5444468100205805,0.649910434393193
"Bash, Git",Jenkins,0.03072033898305085,0.04078389830508475,0.022775423728813558,0.7413793103448275,18.1782355575459,1.0,0.02152252854783108,3.708968926553671,0.9749396365484814,0.46739130434782594,0.7303832898570041,0.649910434393193
Ansible,"AWS, Prometheus",0.0413135593220339,0.02754237288135593,0.02065677966101695,0.5,18.153846153846153,1.0,0.019518906205113474,1.944915254237288,0.9856353591160222,0.4285714285714286,0.48583877995642705,0.625
"AWS, Prometheus",Ansible,0.02754237288135593,0.0413135593220339,0.02065677966101695,0.75,18.153846153846153,1.0,0.019518906205113474,3.834745762711864,0.9716775599128541,0.4285714285714286,0.7392265193370166,0.625
"Git, Terraform",Grafana,0.03125,0.04396186440677966,0.02489406779661017,0.7966101694915254,18.12048192771084,1.0,0.023520259533898306,4.700520833333333,0.9752916952642416,0.49473684210526325,0.7872576177285319,0.6814376148662447
Grafana,"Bash, Kubernetes",0.04396186440677966,0.03125,0.02489406779661017,0.5662650602409638,18.12048192771084,1.0,0.023520259533898306,2.233506944444444,0.9882595626804974,0.49473684210526325,0.5522736105713174,0.6814376148662447
"Bash, Kubernetes",Grafana,0.03125,0.04396186440677966,0.02489406779661017,0.7966101694915254,18.12048192771084,1.0,0.023520259533898306,4.700520833333333,0.9752916952642416,0.49473684210526325,0.7872576177285319,0.6814376148662447
Grafana,"Git, Terraform",0.04396186440677966,0.03125,0.02489406779661017,0.5662650602409638,18.12048192771084,1.0,0.023520259533898306,2.233506944444444,0.9882595626804974,0.49473684210526325,0.5522736105713174,0.6814376148662447
"AWS, Jenkins",Ansible,0.02913135593220339,0.0413135593220339,0.021716101694915255,0.7454545454545455,18.043822843822845,1.0,0.020512581693478887,3.7662681598062955,0.9729219059784707,0.4456521739130434,0.7344851833249625,0.6355477855477856
Ansible,"AWS, Jenkins",0.0413135593220339,0.02913135593220339,0.021716101694915255,0.5256410256410257,18.043822843822845,1.0,0.020512581693478887,2.046696060467247,0.9852850020212911,0.4456521739130434,0.5114076685271448,0.6355477855477856
"Bash, Git",Grafana,0.03072033898305085,0.04396186440677966,0.024364406779661018,0.7931034482758621,18.040714582467803,1.0,0.02301388340275783,4.620850988700566,0.9745070087906866,0.4842105263157896,0.7835896456204031,0.6736601578728708
Grafana,"Bash, Git",0.04396186440677966,0.03072033898305085,0.024364406779661018,0.5542168674698795,18.040714582467803,1.0,0.02301388340275783,2.1743300503893725,0.9880043357822473,0.4842105263157896,0.5400882217394167,0.6736601578728708
"Kubernetes, Grafana",Jenkins,0.03177966101694915,0.04078389830508475,0.023305084745762712,0.7333333333333334,17.98095238095238,1.0,0.022008986282677393,3.597060381355933,0.975382932166302,0.4731182795698925,0.7219952144303332,0.6523809523809524
Jenkins,"Kubernetes, Grafana",0.04078389830508475,0.03177966101694915,0.023305084745762712,0.5714285714285714,17.98095238095238,1.0,0.022008986282677393,2.2591807909604515,0.9845389287686362,0.4731182795698925,0.557361675523601,0.6523809523809524
"Docker, Ansible",Prometheus,0.03283898305084746,0.03866525423728814,0.022775423728813558,0.6935483870967741,17.937251436146706,1.0,0.021505696100258546,3.1369870651204272,0.9763111643190097,0.46739130434782594,0.6812227850351017,0.6412947414935926
Prometheus,"Docker, Ansible",0.03866525423728814,0.03283898305084746,0.022775423728813558,0.5890410958904109,17.937251436146703,1.0,0.021505696100258546,2.3534251412429374,0.9822282016785189,0.46739130434782594,0.5750873981605125,0.6412947414935926
"Terraform, Grafana",Prometheus,0.034427966101694914,0.03866525423728814,0.023834745762711863,0.6923076923076923,17.905163329820862,1.0,0.02250357970051709,3.124337923728813,0.977814347534589,0.48387096774193544,0.679932189023098,0.6543730242360379
Prometheus,"Terraform, Grafana",0.03866525423728814,0.034427966101694914,0.023834745762711863,0.6164383561643835,17.905163329820862,1.0,0.02250357970051709,2.517384231234866,0.982124273033364,0.48387096774193544,0.6027622690281711,0.6543730242360379
Jenkins,"Bash, Kubernetes",0.04078389830508475,0.03125,0.022775423728813558,0.5584415584415584,17.87012987012987,1.0,0.02150092690677966,2.1939338235294117,0.9841793689725579,0.4623655913978494,0.5441977377461248,0.6436275588817961
"Bash, Kubernetes",Jenkins,0.03125,0.04078389830508475,0.022775423728813558,0.7288135593220338,17.87012987012987,1.0,0.02150092690677966,3.537109374999999,0.9744936234058514,0.4623655913978494,0.7172832689122032,0.6436275588817961
"Terraform, Jenkins",Grafana,0.02701271186440678,0.04396186440677966,0.0211864406779661,0.7843137254901961,17.840774864162533,1.0,0.019998911501723643,4.432540446841294,0.9701551442569407,0.42553191489361697,0.7743957416761719,0.6331207181667848
Jenkins,"Ansible, Terraform",0.04078389830508475,0.02913135593220339,0.0211864406779661,0.5194805194805194,17.832349468713105,1.0,0.01999835042013789,2.0204563673843334,0.984055770292656,0.43478260869565205,0.5050623135729518,0.6233766233766234
"Ansible, Terraform",Jenkins,0.02913135593220339,0.04078389830508475,0.0211864406779661,0.7272727272727273,17.832349468713105,1.0,0.01999835042013789,3.5171257062146895,0.9722449536279324,0.43478260869565205,0.7156769238492043,0.6233766233766234
"Prometheus, Grafana",Ansible,0.028072033898305086,0.0413135593220339,0.02065677966101695,0.7358490566037735,17.81132075471698,1.0,0.019497024023269176,3.6293129539951563,0.971117166212534,0.4239130434782608,0.7244657562806214,0.6179245283018868
Ansible,"Prometheus, Grafana",0.0413135593220339,0.028072033898305086,0.02065677966101695,0.5,17.81132075471698,1.0,0.019497024023269176,1.94385593220339,0.9845303867403317,0.4239130434782608,0.485558583106267,0.6179245283018868
Grafana,"Ansible, Terraform",0.04396186440677966,0.02913135593220339,0.022775423728813558,0.5180722891566265,17.784008762322017,1.0,0.021494755009336397,2.014552436440678,0.9871674289763577,0.45263157894736833,0.503611828656689,0.6499452354874041
"Ansible, Terraform",Grafana,0.02913135593220339,0.04396186440677966,0.022775423728813558,0.7818181818181817,17.784008762322014,1.0,0.021494755009336397,4.381841454802259,0.9720879483373299,0.45263157894736833,0.771785444472425,0.6499452354874041
"Ansible, Kubernetes",Jenkins,0.03072033898305085,0.04078389830508475,0.022245762711864406,0.7241379310344828,17.755485893416928,1.0,0.02099286753088193,3.477158368644068,0.9735883424408015,0.4516129032258064,0.7124088425141377,0.634796238244514
Jenkins,"Ansible, Kubernetes",0.04078389830508475,0.03072033898305085,0.022245762711864406,0.5454545454545454,17.755485893416925,1.0,0.02099286753088193,2.132415254237288,0.9838026872814283,0.4516129032258064,0.5310481867858917,0.634796238244514
"AWS, Git",Ansible,0.03177966101694915,0.0413135593220339,0.023305084745762712,0.7333333333333334,17.75042735042735,1.0,0.021992153835104854,3.5950741525423733,0.9746369604137657,0.46808510638297873,0.7218416206261511,0.6487179487179487
Ansible,"AWS, Git",0.0413135593220339,0.03177966101694915,0.023305084745762712,0.5641025641025641,17.75042735042735,1.0,0.021992153835104854,2.221211365902293,0.9843294826720241,0.46808510638297873,0.5497952084385345,0.6487179487179487
Jenkins,"Ansible, Grafana",0.04078389830508475,0.028601694915254237,0.02065677966101695,0.5064935064935064,17.708513708513706,1.0,0.01949029104424016,1.9683597234611951,0.9836469438899035,0.4239130434782608,0.49196278094860424,0.6143578643578643
"Ansible, Grafana",Jenkins,0.028601694915254237,0.04078389830508475,0.02065677966101695,0.7222222222222222,17.708513708513706,1.0,0.01949029104424016,3.453177966101695,0.971311131616475,0.4239130434782608,0.7104116816982636,0.6143578643578643
Jenkins,"Kubernetes, Git",0.04078389830508475,0.0323093220338983,0.023305084745762712,0.5714285714285714,17.68618266978923,1.0,0.02198738464162597,2.257944915254237,0.983572611816676,0.46808510638297873,0.5571193994839314,0.6463700234192038
"Kubernetes, Git",Jenkins,0.0323093220338983,0.04078389830508475,0.023305084745762712,0.7213114754098361,17.686182669789225,1.0,0.02198738464162597,3.4418930707876374,0.9749589490968801,0.46808510638297873,0.7094622118021925,0.6463700234192038
"Docker, Bash",Grafana,0.03072033898305085,0.04396186440677966,0.023834745762711863,0.7758620689655171,17.648525135022847,1.0,0.022484222385808675,4.265400912646673,0.9732361870066787,0.46875,0.7655554494221033,0.6590153718321561
Grafana,"Docker, Bash",0.04396186440677966,0.03072033898305085,0.023834745762711863,0.5421686746987951,17.648525135022847,1.0,0.022484222385808675,2.1171108385370205,0.9867159125884888,0.46875,0.5276581736783198,0.6590153718321561
"Docker, Bash",Ansible,0.03072033898305085,0.0413135593220339,0.022245762711864406,0.7241379310344828,17.52785145888594,1.0,0.020976596164895146,3.475238347457627,0.9728337236533959,0.4468085106382978,0.7122499523718805,0.6312997347480106
"Kubernetes, Jenkins",Ansible,0.03072033898305085,0.0413135593220339,0.022245762711864406,0.7241379310344828,17.52785145888594,1.0,0.020976596164895146,3.475238347457627,0.9728337236533959,0.4468085106382978,0.7122499523718805,0.6312997347480106
Ansible,"Kubernetes, Jenkins",0.0413135593220339,0.03072033898305085,0.022245762711864406,0.5384615384615384,17.52785145888594,1.0,0.020976596164895146,2.1001059322033897,0.9835832675611683,0.4468085106382978,0.5238335435056747,0.6312997347480106
Ansible,"Docker, Bash",0.0413135593220339,0.03072033898305085,0.022245762711864406,0.5384615384615384,17.52785145888594,1.0,0.020976596164895146,2.1001059322033897,0.9835832675611683,0.4468085106382978,0.5238335435056747,0.6312997347480106
"Python, Ansible",Grafana,0.02701271186440678,0.04396186440677966,0.02065677966101695,0.7647058823529411,17.394755492558467,1.0,0.019469250484774492,4.063162076271186,0.9686780285582682,0.41052631578947363,0.7538862636467328,0.6172927002126152
"AWS, Ansible",Prometheus,0.03072033898305085,0.03866525423728814,0.02065677966101695,0.6724137931034483,17.390647142182335,1.0,0.019468969943981614,2.934600802854594,0.9723693428611462,0.4239130434782608,0.6592381495202811,0.603330184222957
Prometheus,"Ansible, Kubernetes",0.03866525423728814,0.03072033898305085,0.02065677966101695,0.5342465753424658,17.390647142182335,1.0,0.019468969943981614,2.081100448654038,0.9804054531327258,0.4239130434782608,0.5194849913915712,0.603330184222957
"Ansible, Kubernetes",Prometheus,0.03072033898305085,0.03866525423728814,0.02065677966101695,0.6724137931034483,17.390647142182335,1.0,0.019468969943981614,2.934600802854594,0.9723693428611462,0.4239130434782608,0.6592381495202811,0.603330184222957
Prometheus,"AWS, Ansible",0.03866525423728814,0.03072033898305085,0.02065677966101695,0.5342465753424658,17.390647142182335,1.0,0.019468969943981614,2.081100448654038,0.9804054531327258,0.4239130434782608,0.5194849913915712,0.603330184222957
Jenkins,"AWS, Ansible",0.04078389830508475,0.03072033898305085,0.021716101694915255,0.5324675324675324,17.332736229287953,1.0,0.02046320651393278,2.073181497175141,0.982370607803262,0.4361702127659574,0.5176495635512028,0.6196820420958351
"AWS, Ansible",Jenkins,0.03072033898305085,0.04078389830508475,0.021716101694915255,0.7068965517241379,17.332736229287953,1.0,0.02046320651393278,3.272619641076769,0.972171131547381,0.4361702127659574,0.6944343951712713,0.6196820420958351
Jenkins,Ansible,0.04078389830508475,0.0413135593220339,0.02913135593220339,0.7142857142857142,17.28937728937729,1.0,0.02744642793019247,3.35540254237288,0.9822197680839314,0.5499999999999999,0.7019731649565902,0.7097069597069596
Ansible,Jenkins,0.0413135593220339,0.04078389830508475,0.02913135593220339,0.7051282051282051,17.28937728937729,1.0,0.02744642793019247,3.2529937361827552,0.9827624309392266,0.5499999999999999,0.6925908621104645,0.7097069597069596
"Prometheus, Linux",Grafana,0.028601694915254237,0.04396186440677966,0.021716101694915255,0.7592592592592593,17.27086122266845,1.0,0.02045871786124677,3.971235332464147,0.969838018990877,0.4270833333333333,0.7481891864163333,0.6266175814368586
Grafana,"Kubernetes, Jenkins",0.04396186440677966,0.03072033898305085,0.023305084745762712,0.5301204819277109,17.2563356875779,1.0,0.021954561368859524,2.0628259452411997,0.9853689247041046,0.45360824742268047,0.5152281256172231,0.6443705857914417
"Kubernetes, Jenkins",Grafana,0.03072033898305085,0.04396186440677966,0.023305084745762712,0.7586206896551724,17.256335687577895,1.0,0.021954561368859524,3.960729418886198,0.9719076005961251,0.45360824742268047,0.7475212532238036,0.6443705857914417
Ansible,Prometheus,0.0413135593220339,0.03866525423728814,0.02754237288135593,0.6666666666666666,17.24200913242009,1.0,0.025944973606722207,2.8840042372881354,0.9825966850828731,0.5252525252525251,0.6532598714416896,0.6894977168949772
Prometheus,Ansible,0.03866525423728814,0.0413135593220339,0.02754237288135593,0.7123287671232876,17.24200913242009,1.0,0.025944973606722207,3.332576674737691,0.9798898071625345,0.5252525252525251,0.6999318852645121,0.6894977168949772
Prometheus,"Python, Grafana",0.03866525423728814,0.030190677966101694,0.020127118644067795,0.5205479452054794,17.24200913242009,1.0,0.01895978840491238,2.0227451573849877,0.9798898071625344,0.41304347826086957,0.5056223487427335,0.593607305936073
"Docker, Grafana",Prometheus,0.03177966101694915,0.03866525423728814,0.0211864406779661,0.6666666666666666,17.24200913242009,1.0,0.019957672005170925,2.8840042372881354,0.9729212253829321,0.4301075268817203,0.6532598714416896,0.6073059360730593
Prometheus,"Ansible, Linux",0.03866525423728814,0.030190677966101694,0.020127118644067795,0.5205479452054794,17.24200913242009,1.0,0.01895978840491238,2.0227451573849877,0.9798898071625344,0.41304347826086957,0.5056223487427335,0.593607305936073
"Python, Grafana",Prometheus,0.030190677966101694,0.03866525423728814,0.020127118644067795,0.6666666666666666,17.24200913242009,1.0,0.01895978840491238,2.8840042372881354,0.9713271436373565,0.41304347826086957,0.6532598714416896,0.593607305936073
"Ansible, Linux",Prometheus,0.030190677966101694,0.03866525423728814,0.020127118644067795,0.6666666666666666,17.24200913242009,1.0,0.01895978840491238,2.8840042372881354,0.9713271436373565,0.41304347826086957,0.6532598714416896,0.593607305936073
Prometheus,"Docker, Grafana",0.03866525423728814,0.03177966101694915,0.0211864406779661,0.547945205479452,17.24200913242009,1.0,0.019957672005170925,2.1418207498715973,0.9798898071625344,0.4301075268817203,0.533107520757771,0.6073059360730593
Prometheus,"Kubernetes, Grafana",0.03866525423728814,0.03177966101694915,0.0211864406779661,0.547945205479452,17.24200913242009,1.0,0.019957672005170925,2.1418207498715973,0.9798898071625344,0.4301075268817203,0.533107520757771,0.6073059360730593
"Kubernetes, Grafana",Prometheus,0.03177966101694915,0.03866525423728814,0.0211864406779661,0.6666666666666666,17.24200913242009,1.0,0.019957672005170925,2.8840042372881354,0.9729212253829321,0.4301075268817203,0.6532598714416896,0.6073059360730593
Ansible,"Git, Jenkins",0.0413135593220339,0.03125,0.022245762711864406,0.5384615384615384,17.23076923076923,1.0,0.02095471398305085,2.098958333333333,0.9825572217837413,0.44210526315789467,0.5235732009925558,0.6251629726205997
"Git, Jenkins",Ansible,0.03125,0.0413135593220339,0.022245762711864406,0.711864406779661,17.23076923076923,1.0,0.02095471398305085,3.3272058823529407,0.9723502304147467,0.44210526315789467,0.6994475138121548,0.6251629726205997
Ansible,"Kubernetes, Prometheus",0.0413135593220339,0.02913135593220339,0.02065677966101695,0.5,17.163636363636364,1.0,0.01945325965958058,1.9417372881355932,0.9823204419889504,0.41489361702127653,0.4849972722313148,0.6045454545454545
"Kubernetes, Prometheus",Ansible,0.02913135593220339,0.0413135593220339,0.02065677966101695,0.7090909090909091,17.163636363636364,1.0,0.01945325965958058,3.2954846398305087,0.9699945444626297,0.41489361702127653,0.6965544952285285,0.6045454545454545
Grafana,"Linux, Jenkins",0.04396186440677966,0.030190677966101694,0.022775423728813558,0.5180722891566265,17.16000845487212,1.0,0.021448185237719044,2.012354343220339,0.9850286671390839,0.4432989690721649,0.5030696242095635,0.6362291270344536
"Linux, Jenkins",Grafana,0.030190677966101694,0.04396186440677966,0.022775423728813558,0.7543859649122807,17.16000845487212,1.0,0.021448185237719044,3.8924409806295404,0.9710413676603202,0.4432989690721649,0.7430918015259756,0.6362291270344536
Jenkins,"Bash, Grafana",0.04078389830508475,0.03336864406779661,0.023305084745762712,0.5714285714285714,17.124716553287982,1.0,0.021944181359523127,2.255473163841808,0.9816399779127555,0.45833333333333337,0.5566340508806262,0.6349206349206349
"Bash, Grafana",Jenkins,0.03336864406779661,0.04078389830508475,0.023305084745762712,0.6984126984126984,17.12471655328798,1.0,0.021944181359523127,3.180558652988403,0.9741095890410959,0.45833333333333337,0.6855898258438291,0.6349206349206349
Prometheus,"Git, Terraform",0.03866525423728814,0.03125,0.02065677966101695,0.5342465753424658,17.095890410958905,1.0,0.019448490466101694,2.0799632352941178,0.9793741611923429,0.4193548387096774,0.519222271321255,0.597631762247504
"Git, Terraform",Prometheus,0.03125,0.03866525423728814,0.02065677966101695,0.6610169491525424,17.095890410958905,1.0,0.019448490466101694,2.8359375,0.9718775847808105,0.4193548387096774,0.6473829201101928,0.597631762247504
"AWS, Prometheus",Grafana,0.02754237288135593,0.04396186440677966,0.02065677966101695,0.75,17.06024096385542,1.0,0.019445965598965814,3.8241525423728815,0.9680464778503994,0.40625,0.7385041551246537,0.6099397590361446
"Ansible, Prometheus",Grafana,0.02754237288135593,0.04396186440677966,0.02065677966101695,0.75,17.06024096385542,1.0,0.019445965598965814,3.8241525423728815,0.9680464778503994,0.40625,0.7385041551246537,0.6099397590361446
"Git, Grafana",Jenkins,0.03125,0.04078389830508475,0.021716101694915255,0.6949152542372882,17.038961038961038,1.0,0.020441604872881356,3.1440972222222223,0.9716758457907159,0.43157894736842106,0.6819436775262286,0.6136913933524103
Jenkins,"Git, Grafana",0.04078389830508475,0.03125,0.021716101694915255,0.5324675324675324,17.038961038961038,1.0,0.020441604872881356,2.0720486111111107,0.9813335847328656,0.43157894736842106,0.5173858399664851,0.6136913933524103
"Prometheus, Linux",Ansible,0.028601694915254237,0.0413135593220339,0.020127118644067795,0.7037037037037036,17.033238366571698,1.0,0.018945480824475724,3.2355667372881345,0.9690064856798485,0.4042553191489361,0.6909351340290567,0.5954415954415954
"AWS, Jenkins",Grafana,0.02913135593220339,0.04396186440677966,0.021716101694915255,0.7454545454545455,16.95684556407448,1.0,0.020435432975438095,3.755864104116223,0.9692627040836694,0.422680412371134,0.7337496852178294,0.6197152245345017
"Prometheus, Git",Grafana,0.02701271186440678,0.04396186440677966,0.020127118644067795,0.7450980392156862,16.948736120954404,1.0,0.018939589467825337,3.750611147327248,0.9671231699280864,0.39583333333333326,0.7333767856172939,0.6014646822584455
"Python, Prometheus",Grafana,0.02701271186440678,0.04396186440677966,0.020127118644067795,0.7450980392156862,16.948736120954404,1.0,0.018939589467825337,3.750611147327248,0.9671231699280864,0.39583333333333326,0.7333767856172939,0.6014646822584455
Ansible,"Docker, Grafana",0.0413135593220339,0.03177966101694915,0.022245762711864406,0.5384615384615384,16.943589743589744,1.0,0.020932831801206548,2.097810734463277,0.9815311760063141,0.43749999999999994,0.5233125736408012,0.6192307692307693
"Docker, Grafana",Ansible,0.03177966101694915,0.0413135593220339,0.022245762711864406,0.7000000000000001,16.943589743589744,1.0,0.020932831801206548,3.195621468926554,0.9718662081900594,0.43749999999999994,0.6870718232044201,0.6192307692307693
Ansible,"Grafana, Jenkins",0.0413135593220339,0.029661016949152543,0.02065677966101695,0.5,16.857142857142858,1.0,0.019431377477736284,1.9406779661016949,0.9812154696132599,0.41052631578947363,0.4847161572052402,0.5982142857142857
"Grafana, Jenkins",Ansible,0.029661016949152543,0.0413135593220339,0.02065677966101695,0.6964285714285714,16.857142857142858,1.0,0.019431377477736284,3.1580259222332994,0.9694323144104805,0.41052631578947363,0.6833464877663772,0.5982142857142857
Prometheus,"Bash, Grafana",0.03866525423728814,0.03336864406779661,0.021716101694915255,0.5616438356164384,16.83148510545771,1.0,0.020425894588480323,2.205127780720339,0.9784183296378419,0.43157894736842106,0.5465115406267592,0.6062187432050445
"Bash, Grafana",Prometheus,0.03336864406779661,0.03866525423728814,0.021716101694915255,0.6507936507936508,16.83148510545771,1.0,0.020425894588480323,2.7529131355932206,0.9730571333110591,0.43157894736842106,0.6367484367484367,0.6062187432050445
Ansible,"Git, Terraform",0.0413135593220339,0.03125,0.021716101694915255,0.5256410256410257,16.82051282051282,1.0,0.020425052966101698,2.04222972972973,0.981080716884517,0.4270833333333333,0.5103391232423491,0.6102781399391569
"Git, Terraform",Ansible,0.03125,0.0413135593220339,0.021716101694915255,0.6949152542372882,16.82051282051282,1.0,0.020425052966101698,3.142361111111111,0.970889063729347,0.4270833333333333,0.681767955801105,0.6102781399391569
"AWS, Grafana",Prometheus,0.03177966101694915,0.03866525423728814,0.02065677966101695,0.65,16.81095890410959,1.0,0.019428010988221774,2.746670702179177,0.9713852886719407,0.41489361702127653,0.6359228650137742,0.5921232876712329
Prometheus,"AWS, Grafana",0.03866525423728814,0.03177966101694915,0.02065677966101695,0.5342465753424658,16.81095890410959,1.0,0.019428010988221774,2.0788260219341974,0.97834286925196,0.41489361702127653,0.5189592638110369,0.5921232876712329
Jenkins,"Ansible, Linux",0.04078389830508475,0.030190677966101694,0.02065677966101695,0.5064935064935064,16.776486671223513,1.0,0.019425486121085897,1.965139942016057,0.9803763326678844,0.41052631578947363,0.4911303879081049,0.595352016404648
"Ansible, Linux",Jenkins,0.030190677966101694,0.04078389830508475,0.02065677966101695,0.6842105263157895,16.776486671223513,1.0,0.019425486121085897,3.037517655367232,0.9696676889467714,0.41052631578947363,0.6707838065622367,0.595352016404648
"Ansible, Linux",Grafana,0.030190677966101694,0.04396186440677966,0.022245762711864406,0.7368421052631579,16.760938490805326,1.0,0.020918524220769893,3.632944915254237,0.9696106733244908,0.42857142857142855,0.7247412159206881,0.62143310082435
Grafana,"Ansible, Linux",0.04396186440677966,0.030190677966101694,0.022245762711864406,0.5060240963855421,16.760938490805326,1.0,0.020918524220769893,1.9632725299710623,0.983577364463791,0.42857142857142855,0.49064636481480256,0.62143310082435
"AWS, Git",Jenkins,0.03177966101694915,0.04078389830508475,0.021716101694915255,0.6833333333333333,16.754978354978356,1.0,0.020420003231829936,3.0291034790365745,0.9711800181459145,0.4270833333333333,0.6698693171360206,0.6079004329004329
Jenkins,"AWS, Git",0.04078389830508475,0.03177966101694915,0.021716101694915255,0.5324675324675324,16.754978354978356,1.0,0.020420003231829936,2.070915725047081,0.9802965616624694,0.4270833333333333,0.5171218278439285,0.6079004329004329
Jenkins,"AWS, Grafana",0.04078389830508475,0.03177966101694915,0.021716101694915255,0.5324675324675324,16.754978354978356,1.0,0.020420003231829936,2.070915725047081,0.9802965616624694,0.4270833333333333,0.5171218278439285,0.6079004329004329
"AWS, Grafana",Jenkins,0.03177966101694915,0.04078389830508475,0.021716101694915255,0.6833333333333333,16.754978354978356,1.0,0.020420003231829936,3.0291034790365745,0.9711800181459145,0.4270833333333333,0.6698693171360206,0.6079004329004329
Prometheus,"Bash, Kubernetes",0.03866525423728814,0.03125,0.020127118644067795,0.5205479452054794,16.65753424657534,1.0,0.01891882944915254,2.0205357142857143,0.9777729447585906,0.4042553191489361,0.5050817498895271,0.5823078709078244
"Bash, Kubernetes",Prometheus,0.03125,0.03866525423728814,0.020127118644067795,0.6440677966101694,16.65753424657534,1.0,0.01891882944915254,2.7008928571428568,0.9702886247877759,0.4042553191489361,0.6297520661157024,0.5823078709078244
Prometheus,"Git, Grafana",0.03866525423728814,0.03125,0.020127118644067795,0.5205479452054794,16.65753424657534,1.0,0.01891882944915254,2.0205357142857143,0.9777729447585906,0.4042553191489361,0.5050817498895271,0.5823078709078244
"Git, Grafana",Prometheus,0.03125,0.03866525423728814,0.020127118644067795,0.6440677966101694,16.65753424657534,1.0,0.01891882944915254,2.7008928571428568,0.9702886247877759,0.4042553191489361,0.6297520661157024,0.5823078709078244
"Docker, Ansible",Jenkins,0.03283898305084746,0.04078389830508475,0.022245762711864406,0.6774193548387096,16.609970674486803,1.0,0.02090646096667624,2.9735699152542368,0.9717050018254837,0.43298969072164945,0.66370388842379,0.6114369501466275
Jenkins,"Docker, Ansible",0.04078389830508475,0.03283898305084746,0.022245762711864406,0.5454545454545454,16.6099706744868,1.0,0.02090646096667624,2.1277542372881353,0.9797533591017853,0.43298969072164945,0.5300209100866274,0.6114369501466275
Prometheus,"Linux, Grafana",0.03866525423728814,0.03389830508474576,0.021716101694915255,0.5616438356164384,16.568493150684933,1.0,0.020405415110600403,2.203919491525424,0.9774373446213801,0.4270833333333333,0.5462629175678924,0.6011344178082192
"Linux, Grafana",Prometheus,0.03389830508474576,0.03866525423728814,0.021716101694915255,0.640625,16.56849315068493,1.0,0.020405415110600403,2.6750184229918936,0.9726144629867352,0.4270833333333333,0.6261707988980716,0.6011344178082192
Ansible,"Linux, Jenkins",0.0413135593220339,0.030190677966101694,0.02065677966101695,0.5,16.56140350877193,1.0,0.019409495295891987,1.9396186440677967,0.9801104972375693,0.40625,0.48443473511742213,0.5921052631578947
Ansible,"Python, Grafana",0.0413135593220339,0.030190677966101694,0.02065677966101695,0.5,16.56140350877193,1.0,0.019409495295891987,1.9396186440677967,0.9801104972375693,0.40625,0.48443473511742213,0.5921052631578947
"Python, Grafana",Ansible,0.030190677966101694,0.0413135593220339,0.02065677966101695,0.6842105263157895,16.56140350877193,1.0,0.019409495295891987,3.0358403954802258,0.9688694702348443,0.40625,0.6706019191625474,0.5921052631578947
"Linux, Jenkins",Ansible,0.030190677966101694,0.0413135593220339,0.02065677966101695,0.6842105263157895,16.56140350877193,1.0,0.019409495295891987,3.0358403954802258,0.9688694702348443,0.40625,0.6706019191625474,0.5921052631578947
Jenkins,Grafana,0.04078389830508475,0.04396186440677966,0.029661016949152543,0.7272727272727273,16.54326396495071,1.0,0.027868080741884516,3.5054731638418084,0.9795002760905577,0.5384615384615385,0.7147318055905314,0.7009857612267251
Grafana,Jenkins,0.04396186440677966,0.04078389830508475,0.029661016949152543,0.6746987951807228,16.54326396495071,1.0,0.027868080741884516,2.9487013496547387,0.9827562326869805,0.5384615384615385,0.6608676561574847,0.7009857612267251
"Docker, Prometheus",Grafana,0.02913135593220339,0.04396186440677966,0.0211864406779661,0.7272727272727273,16.54326396495071,1.0,0.01990577195848894,3.5054731638418084,0.967744135297327,0.4081632653061224,0.7147318055905314,0.6046002190580504
"Docker, Jenkins",Grafana,0.02913135593220339,0.04396186440677966,0.0211864406779661,0.7272727272727273,16.54326396495071,1.0,0.01990577195848894,3.5054731638418084,0.967744135297327,0.4081632653061224,0.7147318055905314,0.6046002190580504
"Kubernetes, Prometheus",Grafana,0.02913135593220339,0.04396186440677966,0.0211864406779661,0.7272727272727273,16.54326396495071,1.0,0.01990577195848894,3.5054731638418084,0.967744135297327,0.4081632653061224,0.7147318055905314,0.6046002190580504
Ansible,"Kubernetes, Grafana",0.0413135593220339,0.03177966101694915,0.021716101694915255,0.5256410256410257,16.540170940170942,1.0,0.020403170784257397,2.0411131470453503,0.9800296456003235,0.422680412371134,0.5100712562419346,0.6044871794871796
"Kubernetes, Grafana",Ansible,0.03177966101694915,0.0413135593220339,0.021716101694915255,0.6833333333333333,16.540170940170942,1.0,0.020403170784257397,3.0274308652988404,0.970379463094412,0.422680412371134,0.6696869244935543,0.6044871794871796
Ansible,"Bash, Grafana",0.0413135593220339,0.03336864406779661,0.022775423728813558,0.5512820512820512,16.520960520960518,1.0,0.021396846272622807,2.154207021791767,0.9799563150456122,0.4387755102040816,0.535792061819459,0.6169108669108668
"Bash, Grafana",Ansible,0.03336864406779661,0.0413135593220339,0.022775423728813558,0.6825396825396824,16.520960520960518,1.0,0.021396846272622807,3.019862288135592,0.9719018795794839,0.4387755102040816,0.6688590721739893,0.6169108669108668
Grafana,Prometheus,0.04396186440677966,0.03866525423728814,0.028072033898305086,0.6385542168674699,16.514936458161415,1.0,0.02637223723427176,2.65969279661017,0.982647781320232,0.5145631067961165,0.6240167280693021,0.682290807063872
Prometheus,Grafana,0.03866525423728814,0.04396186440677966,0.028072033898305086,0.726027397260274,16.51493645816141,1.0,0.02637223723427176,3.4895391949152548,0.9772337439575862,0.5145631067961165,0.7134292110955109,0.682290807063872
"Linux, Grafana",Jenkins,0.03389830508474576,0.04078389830508475,0.022775423728813558,0.671875,16.474025974025974,1.0,0.02139291870152255,2.923325262308313,0.9722562219502244,0.4387755102040816,0.657923799006074,0.6151582792207793
Jenkins,"Linux, Grafana",0.04078389830508475,0.03389830508474576,0.022775423728813558,0.5584415584415584,16.474025974025974,1.0,0.02139291870152255,2.1879361914257225,0.9792354217764823,0.4387755102040816,0.542948279790385,0.6151582792207793
Grafana,"Kubernetes, Git",0.04396186440677966,0.0323093220338983,0.023305084745762712,0.5301204819277109,16.40766344064784,1.0,0.021884706711433496,2.059444263363755,0.9822336942835557,0.44000000000000006,0.5144321126872021,0.6257159786687735
"Kubernetes, Git",Grafana,0.0323093220338983,0.04396186440677966,0.023305084745762712,0.7213114754098361,16.407663440647838,1.0,0.021884706711433496,3.4304897806580263,0.9704060307508583,0.44000000000000006,0.7084964352209255,0.6257159786687735
Jenkins,"Docker, Grafana",0.04078389830508475,0.03177966101694915,0.0211864406779661,0.5194805194805194,16.346320346320347,1.0,0.01989034221488078,2.014945029775538,0.9787410270568747,0.41237113402061853,0.5037085452840375,0.5930735930735931
"Docker, Grafana",Jenkins,0.03177966101694915,0.04078389830508475,0.0211864406779661,0.6666666666666666,16.346320346320343,1.0,0.01989034221488078,2.8776483050847452,0.9696389496717724,0.41237113402061853,0.6524940180379164,0.5930735930735931
"Ansible, Grafana",Bash,0.028601694915254237,0.048728813559322036,0.022775423728813558,0.7962962962962963,16.34138486312399,1.0,0.021381697069807526,4.669876733436055,0.9664477187999291,0.41747572815533973,0.7858615854161511,0.6318438003220612
Jenkins,"Git, Terraform",0.04078389830508475,0.03125,0.02065677966101695,0.5064935064935064,16.207792207792206,1.0,0.01938228283898305,1.9629934210526314,0.978195925186538,0.4020618556701031,0.49057394218684536,0.5837552278230245
"Git, Terraform",Jenkins,0.03125,0.04078389830508475,0.02065677966101695,0.6610169491525424,16.207792207792206,1.0,0.01938228283898305,2.8296875,0.9685690653432589,0.4020618556701031,0.646604086140254,0.5837552278230245
"AWS, Grafana",Ansible,0.03177966101694915,0.0413135593220339,0.0211864406779661,0.6666666666666666,16.136752136752136,1.0,0.019873509767308242,2.876059322033898,0.9688183807439824,0.4081632653061224,0.6523020257826888,0.5897435897435896
Ansible,"AWS, Grafana",0.0413135593220339,0.03177966101694915,0.0211864406779661,0.5128205128205128,16.136752136752136,1.0,0.019873509767308242,1.9873996431757357,0.9784530386740332,0.4081632653061224,0.49682993884306786,0.5897435897435896
"Ansible, Jenkins",Grafana,0.02913135593220339,0.04396186440677966,0.02065677966101695,0.7090909090909091,16.129682365826945,1.0,0.01937611094153979,3.286381091101695,0.9661476911886079,0.393939393939394,0.6957139259632334,0.5894852135815991
"Grafana, Jenkins",Bash,0.029661016949152543,0.048728813559322036,0.023305084745762712,0.7857142857142857,16.12422360248447,1.0,0.021859738580867566,4.4392655367231635,0.9666534339023422,0.4230769230769231,0.7747375119312758,0.6319875776397516
Prometheus,"Kubernetes, Git",0.03866525423728814,0.0323093220338983,0.020127118644067795,0.5205479452054794,16.1113855827532,1.0,0.018877870493392703,2.0183262711864405,0.975656082354647,0.39583333333333326,0.5045399674591928,0.5717493824388054
"Kubernetes, Git",Prometheus,0.0323093220338983,0.03866525423728814,0.020127118644067795,0.6229508196721312,16.1113855827532,1.0,0.018877870493392703,2.549626934414149,0.9692478322242388,0.39583333333333326,0.6077857562209276,0.5717493824388054
"Ansible, Kubernetes",Grafana,0.03072033898305085,0.04396186440677966,0.021716101694915255,0.7068965517241379,16.07976734524304,1.0,0.020365578318012067,3.261777168494516,0.9675329868052779,0.41000000000000003,0.6934186646289043,0.6004362276692978
Bash,"Kubernetes, Grafana",0.048728813559322036,0.03177966101694915,0.02489406779661017,0.5108695652173912,16.07536231884058,1.0,0.0233454826199368,1.9794726930320148,0.9858313983793774,0.4476190476190476,0.4948149557606316,0.6471014492753623
"Kubernetes, Grafana",Bash,0.03177966101694915,0.048728813559322036,0.02489406779661017,0.7833333333333333,16.07536231884058,1.0,0.0233454826199368,4.3904823989569755,0.9685739559569814,0.4476190476190476,0.7722345953971789,0.6471014492753623
"Docker, Bash",Jenkins,0.03072033898305085,0.04078389830508475,0.020127118644067795,0.6551724137931033,16.064487236901027,1.0,0.01887422346308532,2.7817266949152533,0.967471958584987,0.39175257731958757,0.640511053142672,0.5743394536497983
"Terraform, Grafana",Ansible,0.034427966101694914,0.0413135593220339,0.022775423728813558,0.6615384615384615,16.012623274161736,1.0,0.021353081908934212,2.832482665639445,0.9709780709028053,0.43,0.6469528261793456,0.6064102564102564
Ansible,"Terraform, Grafana",0.0413135593220339,0.034427966101694914,0.022775423728813558,0.5512820512820512,16.012623274161733,1.0,0.021353081908934212,2.1518462469733652,0.9779519465501735,0.43,0.5352827826771874,0.6064102564102564
"Git, Grafana",Ansible,0.03125,0.0413135593220339,0.02065677966101695,0.6610169491525424,16.0,1.0,0.01936573093220339,2.828125,0.9677419354838709,0.3979591836734694,0.6464088397790055,0.5805084745762712
Ansible,"Git, Grafana",0.0413135593220339,0.03125,0.02065677966101695,0.5,16.0,1.0,0.01936573093220339,1.9375,0.9779005524861879,0.3979591836734694,0.4838709677419355,0.5805084745762712
Bash,"Git, Grafana",0.048728813559322036,0.03125,0.024364406779661018,0.5,16.0,1.0,0.022841631355932205,1.9375,0.9855233853006682,0.4380952380952381,0.4838709677419355,0.6398305084745763
"Git, Grafana",Bash,0.03125,0.048728813559322036,0.024364406779661018,0.7796610169491526,16.0,1.0,0.022841631355932205,4.317307692307693,0.967741935483871,0.4380952380952381,0.7683741648106904,0.6398305084745763
"AWS, Git",Grafana,0.03177966101694915,0.04396186440677966,0.022245762711864406,0.7000000000000001,15.922891566265061,1.0,0.020848669563343865,3.1867937853107353,0.9679587371053454,0.4158415841584159,0.6862049861495846,0.6030120481927711
Grafana,"AWS, Git",0.04396186440677966,0.03177966101694915,0.022245762711864406,0.5060240963855421,15.92289156626506,1.0,0.020848669563343865,1.9600558081852002,0.9802928373565492,0.4158415841584159,0.48981044528222295,0.6030120481927711
"Linux, Grafana",Ansible,0.03389830508474576,0.0413135593220339,0.022245762711864406,0.65625,15.884615384615385,1.0,0.02084530307382936,2.788906009244992,0.9699248120300752,0.42000000000000004,0.6414364640883977,0.5973557692307692
Ansible,"Linux, Grafana",0.0413135593220339,0.03389830508474576,0.022245762711864406,0.5384615384615384,15.884615384615383,1.0,0.02084530307382936,2.0932203389830506,0.9774269928966062,0.42000000000000004,0.5222672064777327,0.5973557692307692
"Prometheus, Grafana",Bash,0.028072033898305086,0.048728813559322036,0.021716101694915255,0.7735849056603774,15.875307629204267,1.0,0.02034818478885378,4.201447740112996,0.9640725726058351,0.3942307692307692,0.7619868050594614,0.6096185397867104
"Kubernetes, Git",Ansible,0.0323093220338983,0.0413135593220339,0.0211864406779661,0.6557377049180328,15.872215216477512,1.0,0.019851627585463945,2.78475585149314,0.9682813355227149,0.40404040404040403,0.6409020922017934,0.5842791088692728
Ansible,"Kubernetes, Git",0.0413135593220339,0.0323093220338983,0.0211864406779661,0.5128205128205128,15.872215216477512,1.0,0.019851627585463945,1.9863124442462083,0.9773756906077349,0.40404040404040403,0.49655453103728964,0.5842791088692728
"Bash, Git",Ansible,0.03072033898305085,0.0413135593220339,0.020127118644067795,0.6551724137931033,15.858532272325371,1.0,0.018857952097098535,2.7801906779661003,0.9666379062410124,0.3877551020408163,0.6403124404648504,0.5711759504862952
"Ansible, Git",Grafana,0.029661016949152543,0.04396186440677966,0.02065677966101695,0.6964285714285714,15.841652323580034,1.0,0.01935282605573111,3.1493020937188434,0.9655133803605419,0.39,0.6824693312227939,0.5831540447504303
"Python, Grafana",Bash,0.030190677966101694,0.048728813559322036,0.023305084745762712,0.7719298245614036,15.841342486651412,1.0,0.02183392882792301,4.1709582790091275,0.9660394220743757,0.41904761904761906,0.7602469425233463,0.6250953470633105
"Git, Jenkins",Grafana,0.03125,0.04396186440677966,0.021716101694915255,0.6949152542372882,15.807228915662652,1.0,0.020342293432203392,3.1336805555555562,0.9669551534225019,0.40594059405940597,0.6808864265927979,0.594445578925873
Ansible,Grafana,0.0413135593220339,0.04396186440677966,0.028601694915254237,0.6923076923076923,15.747914735866543,1.0,0.026785473822177535,3.107123940677966,0.9768569674647024,0.5046728971962617,0.67815896015342,0.6714550509731232
Grafana,Ansible,0.04396186440677966,0.0413135593220339,0.028601694915254237,0.6506024096385542,15.747914735866543,1.0,0.026785473822177535,2.7438267095265925,0.9795629424438288,0.5046728971962617,0.6355454969047462,0.6714550509731232
"AWS, Ansible",Grafana,0.03072033898305085,0.04396186440677966,0.0211864406779661,0.689655172413793,15.687577897798088,1.0,0.019835917301062912,3.0805673258003763,0.9659289617486339,0.39603960396039606,0.6753844684306046,0.5857914416285832
"Bash, Kubernetes",Ansible,0.03125,0.0413135593220339,0.020127118644067795,0.6440677966101694,15.589743589743588,1.0,0.018836069915254237,2.6934523809523805,0.9660441426146011,0.3838383838383838,0.6287292817679558,0.5656236418948283
Bash,Grafana,0.048728813559322036,0.04396186440677966,0.03336864406779661,0.6847826086956522,15.576741749607125,1.0,0.03122643457339845,3.0329485680888375,0.9837381129140594,0.5625,0.6702878477658678,0.7219093766369827
Grafana,Bash,0.04396186440677966,0.048728813559322036,0.03336864406779661,0.7590361445783133,15.576741749607123,1.0,0.03122643457339845,3.947775423728814,0.9788330475311083,0.5625,0.746692784501033,0.7219093766369827
Grafana,"Docker, Ansible",0.04396186440677966,0.03283898305084746,0.022245762711864406,0.5060240963855421,15.409249902837153,1.0,0.020802099791726515,1.9579113269946258,0.9781031526183881,0.40776699029126207,0.4892516396363108,0.5917217256121259
"Docker, Ansible",Grafana,0.03283898305084746,0.04396186440677966,0.022245762711864406,0.6774193548387096,15.409249902837153,1.0,0.020802099791726515,2.9637182203389827,0.9668544307098524,0.40776699029126207,0.6625860066124564,0.5917217256121259
"Docker, Grafana",Bash,0.03177966101694915,0.048728813559322036,0.023834745762711863,0.75,15.391304347826086,1.0,0.022286160586038495,3.805084745762712,0.9657184536834428,0.42056074766355134,0.7371937639198218,0.6195652173913043
"Kubernetes, Jenkins",Bash,0.03072033898305085,0.048728813559322036,0.022775423728813558,0.7413793103448275,15.214392803598198,1.0,0.0212784580580293,3.6782485875706206,0.963883593849282,0.40186915887850455,0.728131479917057,0.6043853073463268
Grafana,"AWS, Bash",0.04396186440677966,0.034957627118644065,0.023305084745762712,0.5301204819277109,15.164658634538155,1.0,0.021768282282390118,2.0538081269013473,0.9770083102493073,0.41904761904761906,0.513099599275257,0.5983935742971889
"AWS, Bash",Grafana,0.034957627118644065,0.04396186440677966,0.023305084745762712,0.6666666666666667,15.164658634538155,1.0,0.021768282282390118,2.868114406779662,0.9678924259055982,0.41904761904761906,0.6513388734995385,0.5983935742971889
Bash,"Terraform, Grafana",0.048728813559322036,0.034427966101694914,0.025423728813559324,0.5217391304347826,15.154515050167225,1.0,0.023746094872163174,2.0189233436055467,0.9818578322197475,0.44036697247706424,0.504686493834816,0.6301003344481606
"Terraform, Grafana",Bash,0.034427966101694914,0.048728813559322036,0.025423728813559324,0.7384615384615385,15.154515050167225,1.0,0.023746094872163174,3.63721335992024,0.9673157798500641,0.44036697247706424,0.7250642453315059,0.6301003344481606
"Kubernetes, Git",Bash,0.0323093220338983,0.048728813559322036,0.023834745762711863,0.7377049180327869,15.138987883107626,1.0,0.02226035083309394,3.626721398305085,0.9651280180015813,0.4166666666666666,0.7242688670634196,0.6134176764076977
"Terraform, Grafana",Jenkins,0.034427966101694914,0.04078389830508475,0.0211864406779661,0.6153846153846154,15.08891108891109,1.0,0.01978233400962367,2.4939618644067796,0.9670186505759737,0.39215686274509803,0.599031559274519,0.5674325674325674
Jenkins,"Terraform, Grafana",0.04078389830508475,0.034427966101694914,0.0211864406779661,0.5194805194805194,15.088911088911088,1.0,0.01978233400962367,2.0094336921667426,0.9734262838210932,0.39215686274509803,0.5023473509485578,0.5674325674325674
"AWS, Grafana",Bash,0.03177966101694915,0.048728813559322036,0.023305084745762712,0.7333333333333334,15.049275362318841,1.0,0.021756499569089344,3.5672669491525433,0.9641933558782575,0.4074074074074074,0.7196733481811434,0.6057971014492753
"Git, Jenkins",Bash,0.03125,0.048728813559322036,0.022775423728813558,0.7288135593220338,14.956521739130434,1.0,0.021252648305084745,3.5078124999999996,0.9632408102025507,0.39814814814814803,0.7149220489977728,0.59810243183493
"Bash, Linux",Grafana,0.037076271186440676,0.04396186440677966,0.024364406779661018,0.6571428571428573,14.948020654044752,1.0,0.02273446477305372,2.7884445621468936,0.9690295116468168,0.42990654205607476,0.6413771270280967,0.6056798623063684
Grafana,"Bash, Linux",0.04396186440677966,0.037076271186440676,0.024364406779661018,0.5542168674698795,14.94802065404475,1.0,0.02273446477305372,2.1600721484196064,0.9760086715644948,0.42990654205607476,0.537052500430766,0.6056798623063684
"Linux, Grafana",Bash,0.03389830508474576,0.048728813559322036,0.024364406779661018,0.71875,14.75,1.0,0.022712582591209424,3.3822975517890774,0.9649122807017545,0.4181818181818182,0.7043429844097996,0.609375
Bash,"Linux, Grafana",0.048728813559322036,0.03389830508474576,0.024364406779661018,0.5,14.75,1.0,0.022712582591209424,1.9322033898305084,0.9799554565701559,0.4181818181818182,0.4824561403508772,0.609375
Bash,Jenkins,0.048728813559322036,0.04078389830508475,0.02913135593220339,0.5978260869565217,14.6583850931677,1.0,0.027144004955472565,2.385077874484654,0.9795100222717149,0.4824561403508771,0.5807264782848774,0.656055900621118
Jenkins,Bash,0.04078389830508475,0.048728813559322036,0.02913135593220339,0.7142857142857142,14.658385093167698,1.0,0.027144004955472565,3.329449152542372,0.9713970182219768,0.4824561403508771,0.6996500159083677,0.656055900621118
Jenkins,Prometheus,0.04078389830508475,0.03866525423728814,0.022775423728813558,0.5584415584415584,14.442981675858388,1.0,0.02119850393205975,2.1771404536390824,0.9703363168235459,0.40186915887850455,0.5406819076240563,0.5737413271659846
Prometheus,Jenkins,0.03866525423728814,0.04078389830508475,0.022775423728813558,0.5890410958904109,14.442981675858386,1.0,0.02119850393205975,2.3340925141242934,0.9681978345826125,0.40186915887850455,0.5715679674440065,0.5737413271659846
"Kubernetes, Prometheus",Bash,0.02913135593220339,0.048728813559322036,0.020127118644067795,0.6909090909090909,14.178656126482213,1.0,0.018707582232117208,3.077642073778664,0.9573606684468948,0.34862385321100914,0.6750759263008707,0.5519762845849803
"Docker, Jenkins",Bash,0.02913135593220339,0.048728813559322036,0.020127118644067795,0.6909090909090909,14.178656126482213,1.0,0.018707582232117208,3.077642073778664,0.9573606684468948,0.34862385321100914,0.6750759263008707,0.5519762845849803
Bash,Prometheus,0.048728813559322036,0.03866525423728814,0.026483050847457626,0.5434782608695652,14.055985705777248,1.0,0.024598938882505025,2.105780871670702,0.9764365256124721,0.4347826086956521,0.5251167804527488,0.61420488385944
Prometheus,Bash,0.03866525423728814,0.048728813559322036,0.026483050847457626,0.684931506849315,14.055985705777246,1.0,0.024598938882505025,3.019252026529108,0.9662148760330578,0.4347826086956521,0.6687921408304603,0.61420488385944
"Linux, Jenkins",Bash,0.030190677966101694,0.048728813559322036,0.02065677966101695,0.6842105263157895,14.041189931350115,1.0,0.019185623743177248,3.012358757062147,0.9576944082678652,0.35454545454545455,0.6680342281092486,0.5540617848970252
"Ansible, Git",Bash,0.029661016949152543,0.048728813559322036,0.020127118644067795,0.6785714285714285,13.925465838509314,1.0,0.01868177247917265,2.959510357815442,0.9565617099517352,0.34545454545454546,0.6621062678969137,0.545807453416149
"Docker, Ansible",Bash,0.03283898305084746,0.048728813559322036,0.022245762711864406,0.6774193548387096,13.901823281907431,1.0,0.020645558029301923,2.9489406779661014,0.9595785740364053,0.37499999999999994,0.660895179251383,0.5669705469845722
Ansible,Bash,0.0413135593220339,0.048728813559322036,0.02754237288135593,0.6666666666666666,13.681159420289854,1.0,0.025529212151680553,2.8538135593220337,0.966850828729282,0.4406779661016948,0.6495916852264291,0.6159420289855072
Bash,Ansible,0.048728813559322036,0.0413135593220339,0.02754237288135593,0.5652173913043478,13.681159420289854,1.0,0.025529212151680553,2.204978813559322,0.9743875278396437,0.4406779661016948,0.5464809031948115,0.6159420289855072
Jenkins,"Bash, Linux",0.04078389830508475,0.037076271186440676,0.02065677966101695,0.5064935064935064,13.660853432282003,1.0,0.019144664787417408,1.9511875557537912,0.9662036840391339,0.3611111111111111,0.4874916063034874,0.5318181818181817
"Bash, Linux",Jenkins,0.037076271186440676,0.04078389830508475,0.02065677966101695,0.5571428571428572,13.660853432282003,1.0,0.019144664787417408,2.1659718425369054,0.9624834278299624,0.3611111111111111,0.5383134811075175,0.5318181818181817
"Ansible, Kubernetes",Bash,0.03072033898305085,0.048728813559322036,0.020127118644067795,0.6551724137931033,13.445277361319336,1.0,0.018630152973283538,2.758686440677965,0.9549611734253666,0.3392857142857142,0.6375086398894093,0.5341079460269864
"AWS, Git",Bash,0.03177966101694915,0.048728813559322036,0.02065677966101695,0.65,13.339130434782609,1.0,0.01910819448434358,2.7179176755447942,0.955394714694496,0.34513274336283184,0.6320712694877506,0.5369565217391304
Azure,"AWS, Terraform",0.03283898305084746,0.059322033898305086,0.025953389830508475,0.7903225806451613,13.32258064516129,1.0,0.024005314564780236,4.486310299869621,0.9563448599593177,0.39199999999999996,0.7770996803254867,0.6139112903225806
Azure,"Python, Terraform",0.03283898305084746,0.057203389830508475,0.02489406779661017,0.7580645161290321,13.252090800477895,1.0,0.02301556664751508,3.89689265536723,0.9559320453962853,0.38211382113821135,0.7433852845233779,0.5966248506571087
"Git, Terraform",Bash,0.03125,0.048728813559322036,0.020127118644067795,0.6440677966101694,13.217391304347824,1.0,0.018604343220338982,2.6726190476190474,0.9541595925297114,0.3362831858407079,0.6258351893095768,0.5285556374355195
Azure,"Docker, AWS",0.03283898305084746,0.06302966101694915,0.02701271186440678,0.8225806451612903,13.05069124423963,1.0,0.024942881894570525,5.281105546995375,0.9547280029207739,0.39230769230769236,0.8106457083462498,0.6255760368663594
Serverless,"Kubernetes, Terraform",0.03389830508474576,0.06038135593220339,0.025953389830508475,0.765625,12.679824561403509,1.0,0.02390656420568802,4.009039548022598,0.9534550662370211,0.3798449612403101,0.7505636978579482,0.5977247807017544
Serverless,"AWS, Terraform",0.03389830508474576,0.059322033898305086,0.025423728813559324,0.75,12.642857142857142,1.0,0.023412812410226948,3.76271186440678,0.953216374269006,0.375,0.7342342342342343,0.5892857142857143
Azure,"Docker, Terraform",0.03283898305084746,0.0614406779661017,0.025423728813559324,0.7741935483870968,12.600667408231367,1.0,0.023406079431197935,4.156476997578692,0.9518985031033224,0.36923076923076925,0.7594116362047623,0.5939933259176863
Serverless,"Python, Terraform",0.03389830508474576,0.057203389830508475,0.024364406779661018,0.71875,12.564814814814815,1.0,0.0224253088193048,3.3521657250470813,0.9527078565980168,0.36507936507936506,0.7016853932584269,0.572337962962963
Azure,"Kubernetes, Terraform",0.03283898305084746,0.06038135593220339,0.02489406779661017,0.7580645161290321,12.554612337294849,1.0,0.022911205472565355,3.883757062146891,0.9515974924844446,0.3643410852713178,0.7425173655307851,0.5851726089417091
Azure,"Linux, Terraform",0.03283898305084746,0.06302966101694915,0.025953389830508475,0.7903225806451613,12.538899430740038,1.0,0.02388355986067222,4.46862777053455,0.9514942888436864,0.37121212121212127,0.7762176553182953,0.6010436432637571
Serverless,"Python, Kubernetes",0.03389830508474576,0.05402542372881356,0.022775423728813558,0.671875,12.436274509803921,1.0,0.02094405343292157,2.8829701372074252,0.9518563851489188,0.3495934959349593,0.6531354983202687,0.5467218137254901
"Docker, C#",Terraform,0.02701271186440678,0.07733050847457627,0.025423728813559324,0.9411764705882353,12.170829975825946,1.0,0.02333482206980753,15.6853813559322,0.943317909635275,0.32214765100671144,0.936246369960154,0.6349717969379532
"Kubernetes, Azure",Terraform,0.026483050847457626,0.07733050847457627,0.02489406779661017,0.9400000000000001,12.155616438356164,1.0,0.02284612000861821,15.377824858757078,0.9426990484569258,0.31543624161073824,0.9349712973593571,0.6309589041095891
Serverless,"Linux, Terraform",0.03389830508474576,0.06302966101694915,0.025953389830508475,0.765625,12.147058823529411,1.0,0.023816791151967824,3.99774011299435,0.949874686716792,0.36567164179104483,0.7498586772187676,0.5886948529411765
Serverless,"Docker, Terraform",0.03389830508474576,0.0614406779661017,0.02489406779661017,0.734375,11.952586206896552,1.0,0.022811332950301636,3.5333998005982057,0.948488241881299,0.3533834586466166,0.7169864559819413,0.5697737068965517
Azure,"Python, Kubernetes",0.03283898305084746,0.05402542372881356,0.0211864406779661,0.6451612903225805,11.941808981657177,1.0,0.019412300703820738,2.6659283513097063,0.9473713033953997,0.32258064516129026,0.6248961456489541,0.5186590765338392
"Python, Azure",Terraform,0.02701271186440678,0.07733050847457627,0.02489406779661017,0.9215686274509803,11.917271017996239,1.0,0.022805161052858375,11.764036016949145,0.9415212128933623,0.31333333333333335,0.914995159946872,0.6217432178350792
"C#, Azure",Terraform,0.02701271186440678,0.07733050847457627,0.02489406779661017,0.9215686274509803,11.917271017996239,1.0,0.022805161052858375,11.764036016949145,0.9415212128933623,0.31333333333333335,0.914995159946872,0.6217432178350792
Serverless,"Docker, AWS",0.03389830508474576,0.06302966101694915,0.025423728813559324,0.75,11.899159663865547,1.0,0.023287130135018673,3.7478813559322033,0.9480994152046783,0.3555555555555556,0.7331825890333522,0.5766806722689075
"Kubernetes, C#",Terraform,0.025953389830508475,0.07733050847457627,0.023834745762711863,0.9183673469387754,11.875873637126082,1.0,0.021827756930479746,11.302701271186429,0.9401969669506374,0.29999999999999993,0.911525574638581,0.6132932625104836
Deep Learning,"Machine Learning, Python",0.03919491525423729,0.06091101694915254,0.028072033898305086,0.7162162162162162,11.758401880141012,1.0,0.02568463175093364,3.309170702179177,0.9522789207630379,0.3897058823529412,0.697809484611515,0.5885428907168038
Serverless,"AWS, Kubernetes",0.03389830508474576,0.05985169491525424,0.023834745762711863,0.703125,11.747787610619469,1.0,0.021805874748635448,3.1668153434433544,0.9469785575048734,0.34090909090909083,0.6842253521126761,0.5506775442477876
"Serverless, Kubernetes",Terraform,0.028601694915254237,0.07733050847457627,0.025953389830508475,0.9074074074074074,11.734145104008117,1.0,0.02374160621947716,9.96483050847458,0.9417132174571027,0.3245033112582782,0.8996470638261683,0.6215119228817859
"Serverless, Linux",Terraform,0.028601694915254237,0.07733050847457627,0.025953389830508475,0.9074074074074074,11.734145104008117,1.0,0.02374160621947716,9.96483050847458,0.9417132174571027,0.3245033112582782,0.8996470638261683,0.6215119228817859
"Azure, Linux",Terraform,0.028601694915254237,0.07733050847457627,0.025953389830508475,0.9074074074074074,11.734145104008117,1.0,0.02374160621947716,9.96483050847458,0.9417132174571027,0.3245033112582782,0.8996470638261683,0.6215119228817859
NumPy,"Machine Learning, Python",0.0423728813559322,0.06091101694915254,0.030190677966101694,0.7125,11.697391304347827,1.0,0.02760970267164608,3.2663964627855564,0.9549759354137556,0.41304347826086957,0.6938522278623802,0.6040760869565218
"Python, C#",Terraform,0.02754237288135593,0.07733050847457627,0.02489406779661017,0.9038461538461539,11.68809272918862,1.0,0.022764202097098535,9.595762711864408,0.9403420942845223,0.3112582781456954,0.8957873355117901,0.612881981032666
Serverless,"Docker, Kubernetes",0.03389830508474576,0.06038135593220339,0.023834745762711863,0.703125,11.644736842105264,1.0,0.02178792013789141,3.1650312221231043,0.9461988304093567,0.33834586466165406,0.6840473506200676,0.5489309210526316
Azure,"AWS, Kubernetes",0.03283898305084746,0.05985169491525424,0.022775423728813558,0.6935483870967741,11.587781901227519,1.0,0.02080995493392703,3.067852363960749,0.9447260500776892,0.3257575757575757,0.6740390731485688,0.5370396802740508
Azure,"Kubernetes, Linux",0.03283898305084746,0.0614406779661017,0.023305084745762712,0.7096774193548386,11.550611790878753,1.0,0.021287435363401323,3.2328154425612046,0.9444389126754954,0.3283582089552239,0.690672103691837,0.5444938820912124
"Serverless, Azure",Terraform,0.02913135593220339,0.07733050847457627,0.025953389830508475,0.890909090909091,11.520797011207971,1.0,0.023700647263717324,8.457803672316391,0.9406014451607158,0.3223684210526316,0.8817659951988311,0.6132627646326276
"AWS, Azure",Terraform,0.02913135593220339,0.07733050847457627,0.025953389830508475,0.890909090909091,11.520797011207971,1.0,0.023700647263717324,8.457803672316391,0.9406014451607158,0.3223684210526316,0.8817659951988311,0.6132627646326276
"Serverless, Terraform",Kubernetes,0.02913135593220339,0.07733050847457627,0.025953389830508475,0.890909090909091,11.520797011207971,1.0,0.023700647263717324,8.457803672316391,0.9406014451607158,0.3223684210526316,0.8817659951988311,0.6132627646326276
TensorFlow,"Machine Learning, Python",0.04078389830508475,0.06091101694915254,0.028601694915254237,0.7012987012987013,11.513495200451723,1.0,0.026117506194340705,3.143906595431098,0.951970468535902,0.391304347826087,0.681924392584291,0.5854319593450028
"Docker, Azure",Terraform,0.028601694915254237,0.07733050847457627,0.025423728813559324,0.888888888888889,11.494672754946729,1.0,0.02321194520252801,8.304025423728818,0.939885496183206,0.31578947368421056,0.879576476591402,0.6088280060882801
Azure,"Docker, Kubernetes",0.03283898305084746,0.06038135593220339,0.022775423728813558,0.6935483870967741,11.486134691567628,1.0,0.020792561404768744,3.066123996431757,0.9439364222216562,0.32330827067669166,0.6738553296723279,0.5353706847764572
Azure,Terraform,0.03283898305084746,0.07733050847457627,0.02913135593220339,0.8870967741935483,11.471498011489171,1.0,0.02659190067509336,8.17221549636803,0.9438215672607786,0.3594771241830065,0.8776341616977148,0.6319045514803358
"Serverless, C#",Terraform,0.028072033898305086,0.07733050847457627,0.02489406779661017,0.8867924528301886,11.467562677694493,1.0,0.022723243141338695,8.150247175141237,0.9391616905327844,0.3092105263157895,0.8773043346402962,0.6043551305246834
"Docker, Serverless",Terraform,0.028072033898305086,0.07733050847457627,0.02489406779661017,0.8867924528301886,11.467562677694493,1.0,0.022723243141338695,8.150247175141237,0.9391616905327844,0.3092105263157895,0.8773043346402962,0.6043551305246834
Serverless,"Kubernetes, Linux",0.03389830508474576,0.0614406779661017,0.023834745762711863,0.703125,11.443965517241379,1.0,0.02175201091640333,3.161462979482605,0.9446393762183236,0.3333333333333333,0.6836907449209932,0.5455280172413792
"Serverless, Python",Terraform,0.02754237288135593,0.07733050847457627,0.024364406779661018,0.8846153846153847,11.43940990516333,1.0,0.022234541080149384,7.996468926553678,0.9384294780714219,0.3026315789473685,0.8749448026141483,0.5998419388830348
"AWS, Serverless",Terraform,0.02913135593220339,0.07733050847457627,0.025423728813559324,0.8727272727272728,11.285678704856787,1.0,0.023170986246768173,7.249546004842619,0.9387388616112021,0.3137254901960785,0.8620603277319696,0.600747198007472
"C#, Terraform",Kubernetes,0.02754237288135593,0.07733050847457627,0.023834745762711863,0.8653846153846153,11.19072708113804,1.0,0.02170488006320023,6.854116222760287,0.9364318566932947,0.2941176470588235,0.8541022697165062,0.5868018967334035
C#,"AWS, Linux",0.03972457627118644,0.07309322033898305,0.0323093220338983,0.8133333333333334,11.127342995169082,1.0,0.029405724827635735,4.965572033898305,0.9477815051585543,0.4013157894736841,0.7986133333333334,0.6276811594202898
Serverless,Terraform,0.03389830508474576,0.07733050847457627,0.02913135593220339,0.859375,11.113013698630137,1.0,0.026509982763573685,6.56120527306968,0.9419457735247209,0.3548387096774193,0.8475889781859931,0.6180436643835616
"Azure, Terraform",Kubernetes,0.02913135593220339,0.07733050847457627,0.02489406779661017,0.8545454545454546,11.050560398505604,1.0,0.02264132522981902,6.343352754237291,0.9367970191872411,0.30519480519480524,0.8423546602651081,0.5882316313823164
Spark,"Machine Learning, Python",0.03389830508474576,0.06091101694915254,0.022775423728813558,0.671875,11.030434782608696,1.0,0.020710643493249064,2.861985472154964,0.9412484700122399,0.3161764705882353,0.6505922165820642,0.5228940217391305
"Docker, Serverless",Kubernetes,0.028072033898305086,0.07733050847457627,0.023834745762711863,0.8490566037735848,10.979581287154302,1.0,0.02166392110744039,6.112685381355929,0.9351740841659097,0.2922077922077922,0.8364057795203951,0.5786378909278883
"Prometheus, Grafana",Terraform,0.028072033898305086,0.07733050847457627,0.023834745762711863,0.8490566037735848,10.979581287154302,1.0,0.02166392110744039,6.112685381355929,0.9351740841659097,0.2922077922077922,0.8364057795203951,0.5786378909278883
"Serverless, C#",Kubernetes,0.028072033898305086,0.07733050847457627,0.023834745762711863,0.8490566037735848,10.979581287154302,1.0,0.02166392110744039,6.112685381355929,0.9351740841659097,0.2922077922077922,0.8364057795203951,0.5786378909278883
C#,"Python, Terraform",0.03972457627118644,0.057203389830508475,0.02489406779661017,0.6266666666666667,10.955061728395062,1.0,0.022621687374317724,2.5253480629539955,0.9463097487413596,0.3455882352941177,0.6040149812734082,0.5309259259259259
Serverless,Kubernetes,0.03389830508474576,0.07733050847457627,0.028601694915254237,0.84375,10.910958904109588,1.0,0.025980321746624534,5.9050847457627125,0.940220922677063,0.34615384615384615,0.830654420206659,0.606806506849315
"C#, Azure",Kubernetes,0.02701271186440678,0.07733050847457627,0.022775423728813558,0.8431372549019607,10.903035186677409,1.0,0.020686516985061763,5.882018008474573,0.9334987530224963,0.2792207792207792,0.8299903198937438,0.568828901423583
Scala,"Machine Learning, Python",0.036016949152542374,0.06091101694915254,0.023834745762711863,0.6617647058823529,10.864450127877237,1.0,0.02164091676242459,2.7764369933677226,0.9418803418803418,0.32608695652173914,0.6398261504263295,0.52653452685422
"Serverless, Azure",Kubernetes,0.02913135593220339,0.07733050847457627,0.024364406779661018,0.8363636363636364,10.815442092154422,1.0,0.022111664212869867,5.638535781544259,0.9347707488318036,0.29677419354838713,0.8226489927982465,0.5757160647571606
Azure,"AWS, Linux",0.03283898305084746,0.07309322033898305,0.025953389830508475,0.7903225806451613,10.812529219261336,1.0,0.023553082806664752,4.4206323337679265,0.9383284529584013,0.3245033112582782,0.7737880184331797,0.5726975222066386
"Serverless, Linux",Kubernetes,0.028601694915254237,0.07733050847457627,0.023834745762711863,0.8333333333333333,10.776255707762555,1.0,0.02162296215168055,5.53601694915254,0.9339149400218102,0.29032258064516125,0.8193647148871028,0.5707762557077625
Pandas,"Machine Learning, Python",0.03972457627118644,0.06091101694915254,0.025953389830508475,0.6533333333333333,10.726028985507247,1.0,0.023533725491956335,2.7089105280312906,0.9442799734344924,0.3475177304964539,0.6308479037413047,0.5397101449275362
Terraform,"Kubernetes, Linux",0.07733050847457627,0.0614406779661017,0.05084745762711865,0.6575342465753425,10.701936702881437,1.0,0.046096218758977306,2.740593220338984,0.982539226942212,0.5783132530120482,0.6351154952224868,0.7425602267359471
"Kubernetes, Linux",Terraform,0.0614406779661017,0.07733050847457627,0.05084745762711865,0.8275862068965517,10.701936702881435,1.0,0.046096218758977306,5.351483050847458,0.9659048156508652,0.5783132530120482,0.8131359119521755,0.7425602267359471
"Serverless, Python",Kubernetes,0.02754237288135593,0.07733050847457627,0.022775423728813558,0.8269230769230769,10.693361433087459,1.0,0.020645558029301923,5.330979284369113,0.9321578760703249,0.27741935483870966,0.8124172039212223,0.5607218124341411
"Python, C#",Kubernetes,0.02754237288135593,0.07733050847457627,0.022775423728813558,0.8269230769230769,10.693361433087459,1.0,0.020645558029301923,5.330979284369113,0.9321578760703249,0.27741935483870966,0.8124172039212223,0.5607218124341411
"Ansible, Linux",Kubernetes,0.030190677966101694,0.07733050847457627,0.02489406779661017,0.8245614035087719,10.66282143715453,1.0,0.02255940731829934,5.259216101694916,0.9344271819840337,0.30128205128205127,0.8098575946180031,0.573239605863975
Redux,"JavaScript, Webpack",0.07680084745762712,0.0524364406779661,0.04290254237288135,0.5586206896551723,10.653291536050155,1.0,0.038875379291151965,2.1468236890889827,0.9815133550073311,0.49693251533742333,0.5341955629228424,0.6884012539184952
"JavaScript, Webpack",Redux,0.0524364406779661,0.07680084745762712,0.04290254237288135,0.8181818181818181,10.653291536050155,1.0,0.038875379291151965,5.077595338983049,0.9562760077013849,0.49693251533742333,0.8030563813696343,0.6884012539184952
"Python, Kubernetes",Terraform,0.05402542372881356,0.07733050847457627,0.04449152542372881,0.8235294117647058,10.649476228847703,1.0,0.040313711936225224,5.2284604519774005,0.9578467445208768,0.5121951219512194,0.8087391098804619,0.6994359387590652
Terraform,"Python, Kubernetes",0.07733050847457627,0.05402542372881356,0.04449152542372881,0.5753424657534246,10.649476228847703,1.0,0.040313711936225224,2.227617550574084,0.9820403477119894,0.5121951219512194,0.5510899078065318,0.6994359387590652
"Docker, C#",Kubernetes,0.02701271186440678,0.07733050847457627,0.022245762711864406,0.8235294117647058,10.649476228847703,1.0,0.020156855968112612,5.2284604519774005,0.9312543743681468,0.27096774193548384,0.8087391098804619,0.5556003223207091
Webpack,"Redux, TypeScript",0.0715042372881356,0.05508474576271186,0.04184322033898305,0.5851851851851851,10.623361823361822,1.0,0.03790442760700948,2.2779207021791765,0.9756294814675746,0.49375,0.5610031556219897,0.6724002849002848
"Redux, TypeScript",Webpack,0.05508474576271186,0.0715042372881356,0.04184322033898305,0.7596153846153846,10.623361823361822,1.0,0.03790442760700948,3.8625423728813555,0.9586762785945394,0.49375,0.7411031638070998,0.6724002849002848
C#,"Python, Kubernetes",0.03972457627118644,0.05402542372881356,0.022775423728813558,0.5733333333333334,10.612287581699347,1.0,0.02062928666331514,2.2171279131355934,0.9432393950666377,0.32089552238805963,0.5489660321015304,0.49745098039215685
Big Data,"Machine Learning, Python",0.03283898305084746,0.06091101694915254,0.0211864406779661,0.6451612903225805,10.591865357643757,1.0,0.019186184824763,2.646523497688751,0.9363362541073386,0.291970802919708,0.6221458071793751,0.4964936886395511
"AWS, Serverless",Kubernetes,0.02913135593220339,0.07733050847457627,0.023834745762711863,0.8181818181818182,10.580323785803238,1.0,0.021582003195920713,5.074682203389832,0.9326544220161243,0.28846153846153844,0.8029433253313851,0.563200498132005
"Redux, Git",Webpack,0.05614406779661017,0.0715042372881356,0.0423728813559322,0.7547169811320754,10.554856743535987,1.0,0.03835834260988222,3.7854058018252923,0.959104938271605,0.496894409937888,0.7358275301639238,0.6736547868623339
Webpack,"Redux, Git",0.0715042372881356,0.05614406779661017,0.0423728813559322,0.5925925925925926,10.554856743535987,1.0,0.03835834260988222,2.316737288135593,0.9749714774671991,0.496894409937888,0.5683584819387288,0.6736547868623339
"Azure, Linux",Kubernetes,0.028601694915254237,0.07733050847457627,0.023305084745762712,0.8148148148148148,10.536783358701166,1.0,0.021093301134731398,4.982415254237287,0.9317438286903934,0.28205128205128205,0.7992941276523365,0.5580923389142567
"Prometheus, Linux",Kubernetes,0.028601694915254237,0.07733050847457627,0.023305084745762712,0.8148148148148148,10.536783358701166,1.0,0.021093301134731398,4.982415254237287,0.9317438286903934,0.28205128205128205,0.7992941276523365,0.5580923389142567
"Linux, Grafana",Terraform,0.03389830508474576,0.07733050847457627,0.02754237288135593,0.8125,10.506849315068493,1.0,0.024920999712726228,4.92090395480226,0.9365721997300944,0.32911392405063283,0.7967853042479909,0.584332191780822
Webpack,"Redux, React",0.0715042372881356,0.06091101694915254,0.045550847457627115,0.637037037037037,10.458486312399355,1.0,0.04119545164823327,2.5872859737115177,0.9740312288568436,0.5243902439024388,0.6134946000710241,0.6924315619967794
"Redux, React",Webpack,0.06091101694915254,0.0715042372881356,0.045550847457627115,0.7478260869565218,10.458486312399355,1.0,0.04119545164823327,3.6819659555815316,0.9630438489487009,0.5243902439024388,0.7284059624494655,0.6924315619967794
"Linux, Jenkins",Kubernetes,0.030190677966101694,0.07733050847457627,0.024364406779661018,0.8070175438596492,10.435952895938478,1.0,0.022029746301350187,4.781105546995379,0.9323249352931399,0.2929936305732484,0.7908433540798034,0.561043018505167
"Docker, Kubernetes",Terraform,0.06038135593220339,0.07733050847457627,0.048728813559322036,0.8070175438596492,10.435952895938478,1.0,0.044059492602700374,4.781105546995379,0.9622812607225136,0.5476190476190478,0.7908433540798034,0.7185772650805096
Terraform,"Docker, Kubernetes",0.07733050847457627,0.06038135593220339,0.048728813559322036,0.6301369863013698,10.435952895938476,1.0,0.044059492602700374,2.5404504080351535,0.9799580691858433,0.5476190476190478,0.6063690136059674,0.7185772650805096
Kubernetes,"Linux, Terraform",0.07733050847457627,0.06302966101694915,0.05084745762711865,0.6575342465753425,10.432139979279384,1.0,0.04597334189169779,2.735953389830509,0.9799201109835438,0.5680473372781066,0.6344966973059619,0.7321284678254865
"Linux, Terraform",Kubernetes,0.06302966101694915,0.07733050847457627,0.05084745762711865,0.8067226890756303,10.432139979279382,1.0,0.04597334189169779,4.773811717022845,0.9649637271528171,0.5680473372781066,0.7905237870119345,0.7321284678254865
Azure,Kubernetes,0.03283898305084746,0.07733050847457627,0.026483050847457626,0.8064516129032258,10.428634555899247,1.0,0.0239435955903476,4.767125706214689,0.9348083242059144,0.31645569620253156,0.790229991481797,0.5744586831639417
C#,"Docker, Terraform",0.03972457627118644,0.0614406779661017,0.025423728813559324,0.6400000000000001,10.416551724137932,1.0,0.022983023915541512,2.6071092278719408,0.9413954771097628,0.3356643356643357,0.6164334085778782,0.526896551724138
Webpack,"Redux, JavaScript",0.0715042372881356,0.057733050847457626,0.04290254237288135,0.6,10.392660550458716,1.0,0.03877438460571674,2.355667372881356,0.9733789693858147,0.49693251533742333,0.5754918493535695,0.6715596330275229
"Redux, JavaScript",Webpack,0.057733050847457626,0.0715042372881356,0.04290254237288135,0.7431192660550459,10.392660550458714,1.0,0.03877438460571674,3.614501361985472,0.9591530822559489,0.49693251533742333,0.7233366653234037,0.6715596330275229
"Docker, Grafana",Terraform,0.03177966101694915,0.07733050847457627,0.025423728813559324,0.8,10.345205479452055,1.0,0.022966191467968976,4.61334745762712,0.9329868708971555,0.3037974683544304,0.7832376578645236,0.5643835616438356
"Webpack, Git",Redux,0.05349576271186441,0.07680084745762712,0.0423728813559322,0.792079207920792,10.313417548651415,1.0,0.03826436144426888,4.440148305084744,0.9540780637940681,0.4819277108433734,0.774782297506859,0.6719016729259133
Redux,"Webpack, Git",0.07680084745762712,0.05349576271186441,0.0423728813559322,0.5517241379310345,10.313417548651415,1.0,0.03826436144426888,2.1114325293350715,0.9781626506024096,0.4819277108433734,0.5263878972656928,0.6719016729259133
"Git, Grafana",Terraform,0.03125,0.07733050847457627,0.02489406779661017,0.7966101694915254,10.301369863013699,1.0,0.022477489406779662,4.536458333333333,0.9320521619766644,0.2974683544303797,0.7795637198622273,0.5592639888553518
"Prometheus, Linux",Terraform,0.028601694915254237,0.07733050847457627,0.022775423728813558,0.7962962962962963,10.297311009639776,1.0,0.020563640117782243,4.529468412942989,0.9294717354365853,0.27388535031847133,0.7792235404175702,0.5454084221207509
"Docker, Azure",Kubernetes,0.028601694915254237,0.07733050847457627,0.022775423728813558,0.7962962962962963,10.297311009639776,1.0,0.020563640117782243,4.529468412942989,0.9294717354365853,0.27388535031847133,0.7792235404175702,0.5454084221207509
"Ansible, Grafana",Terraform,0.028601694915254237,0.07733050847457627,0.022775423728813558,0.7962962962962963,10.297311009639776,1.0,0.020563640117782243,4.529468412942989,0.9294717354365853,0.27388535031847133,0.7792235404175702,0.5454084221207509
Redux,"Webpack, TypeScript",0.07680084745762712,0.05296610169491525,0.04184322033898305,0.5448275862068965,10.286344827586207,1.0,0.0377753788422867,2.080604776579353,0.9778862284581363,0.47590361445783125,0.5193705160842398,0.6674137931034483
"Webpack, TypeScript",Redux,0.05296610169491525,0.07680084745762712,0.04184322033898305,0.79,10.286344827586207,1.0,0.0377753788422867,4.396186440677966,0.9532749978761362,0.47590361445783125,0.7725301204819277,0.6674137931034483
Redux,"Webpack, React",0.07680084745762712,0.057733050847457626,0.045550847457627115,0.593103448275862,10.273204682062637,1.0,0.04111690022622809,2.315740807239299,0.977751537712311,0.5119047619047618,0.5681727433079413,0.6910471369819677
"Webpack, React",Redux,0.057733050847457626,0.07680084745762712,0.045550847457627115,0.7889908256880733,10.273204682062637,1.0,0.04111690022622809,4.37516120117907,0.9579656718564126,0.5119047619047618,0.7714369930574196,0.6910471369819677
Serverless,"AWS, Linux",0.03389830508474576,0.07309322033898305,0.025423728813559324,0.75,10.26086956521739,1.0,0.022945992530881934,3.707627118644068,0.9342105263157896,0.31168831168831174,0.7302857142857143,0.5489130434782609
"NumPy, Deep Learning",Machine Learning,0.03072033898305085,0.08739406779661017,0.02754237288135593,0.8965517241379309,10.258725182863113,1.0,0.02485759749353634,8.82185734463276,0.9311265237494746,0.30409356725146197,0.8866451858226428,0.605851619644723
"Docker, Terraform",Kubernetes,0.0614406779661017,0.07733050847457627,0.048728813559322036,0.7931034482758621,10.25602267359471,1.0,0.043977574691180694,4.4595692090395485,0.9615762096378446,0.5411764705882353,0.7757630943426106,0.7116202172886159
Kubernetes,"Docker, Terraform",0.07733050847457627,0.0614406779661017,0.048728813559322036,0.6301369863013698,10.256022673594709,1.0,0.043977574691180694,2.5375863151286877,0.9781360754754653,0.5411764705882353,0.6059247348402856,0.7116202172886159
"Python, Grafana",Terraform,0.030190677966101694,0.07733050847457627,0.023834745762711863,0.7894736842105263,10.209084354722423,1.0,0.021500085284401033,4.382680084745763,0.9301292554159839,0.28481012658227844,0.7718291135416038,0.548846431146359
Hadoop,"Machine Learning, Python",0.034957627118644065,0.06091101694915254,0.021716101694915255,0.6212121212121213,10.198682476943349,1.0,0.019586797076989373,2.479194915254238,0.9346202243581162,0.29285714285714287,0.5966432514655866,0.4888669301712781
"Grafana, Jenkins",Kubernetes,0.029661016949152543,0.07733050847457627,0.023305084745762712,0.7857142857142857,10.160469667318981,1.0,0.02101138322321172,4.3057909604519775,0.9291385470424772,0.27848101265822783,0.7677546334262753,0.5435420743639922
"AWS, Terraform",Kubernetes,0.059322033898305086,0.07733050847457627,0.046610169491525424,0.7857142857142857,10.160469667318981,1.0,0.04202276644642344,4.3057909604519775,0.9584357084357085,0.5176470588235295,0.7677546334262753,0.6942270058708415
Kubernetes,"AWS, Terraform",0.07733050847457627,0.059322033898305086,0.046610169491525424,0.6027397260273972,10.160469667318981,1.0,0.04202276644642344,2.3679135008766803,0.9771422607243503,0.5176470588235295,0.5776872763174132,0.6942270058708415
Webpack,"Redux, HTML/CSS",0.0715042372881356,0.07521186440677965,0.05455508474576271,0.762962962962963,10.144183620239959,1.0,0.04917711774633726,3.9014499470338984,0.970840556272465,0.5919540229885057,0.743685036697637,0.7441575378195097
"Redux, HTML/CSS",Webpack,0.07521186440677965,0.0715042372881356,0.05455508474576271,0.7253521126760564,10.144183620239959,1.0,0.04917711774633726,3.380676879617558,0.9747328150891358,0.5919540229885057,0.7042012485638303,0.7441575378195097
"Python, Azure",Kubernetes,0.02701271186440678,0.07733050847457627,0.0211864406779661,0.7843137254901961,10.14235831318829,1.0,0.019097533934214306,4.277831278890601,0.9264289602612957,0.25477707006369427,0.7662366898538979,0.5291431641149611
"Kubernetes, Grafana",Terraform,0.03177966101694915,0.07733050847457627,0.02489406779661017,0.7833333333333333,10.129680365296803,1.0,0.022436530451019822,4.258474576271187,0.9308627031053588,0.29559748427672955,0.7651741293532338,0.5526255707762557
Grafana,Terraform,0.04396186440677966,0.07733050847457627,0.034427966101694914,0.7831325301204819,10.12708367717445,1.0,0.031028372773628264,4.25453154425612,0.9426976347751971,0.39634146341463405,0.7649564964796038,0.6141690047862683
C#,"AWS, Terraform",0.03972457627118644,0.059322033898305086,0.023834745762711863,0.6,10.114285714285714,1.0,0.021478203102556735,2.3516949152542375,0.9384077955506527,0.31690140845070425,0.5747747747747748,0.5008928571428571
"Bash, Jenkins",Kubernetes,0.02913135593220339,0.07733050847457627,0.022775423728813558,0.7818181818181817,10.11008717310087,1.0,0.020522681162022407,4.228901836158191,0.9281264669686244,0.2721518987341772,0.763531990397662,0.5381693648816936
"AWS, Azure",Kubernetes,0.02913135593220339,0.07733050847457627,0.022775423728813558,0.7818181818181817,10.11008717310087,1.0,0.020522681162022407,4.228901836158191,0.9281264669686244,0.2721518987341772,0.763531990397662,0.5381693648816936
"Deep Learning, Python",Machine Learning,0.03177966101694915,0.08739406779661017,0.028072033898305086,0.8833333333333334,10.107474747474749,1.0,0.025294680048836542,7.822336561743347,0.9306387019528509,0.3081395348837209,0.8721609595666474,0.6022727272727273
"Docker, AWS",Terraform,0.06302966101694915,0.07733050847457627,0.04925847457627119,0.7815126050420168,10.106135604926902,1.0,0.04438435884085033,4.222987288135593,0.9616635362910824,0.5406976744186048,0.7632008027091434,0.7092494532059399
Terraform,"Docker, AWS",0.07733050847457627,0.06302966101694915,0.04925847457627119,0.636986301369863,10.106135604926902,1.0,0.04438435884085033,2.5810881036136872,0.9765687690579361,0.5406976744186048,0.6125664991443196,0.7092494532059399
Kubernetes,Terraform,0.07733050847457627,0.07733050847457627,0.06038135593220339,0.7808219178082192,10.097203978232313,1.0,0.054401348391266875,4.209679555084747,0.9764739057747698,0.6404494382022472,0.7624522277967382,0.7808219178082192
Terraform,Kubernetes,0.07733050847457627,0.07733050847457627,0.06038135593220339,0.7808219178082192,10.097203978232313,1.0,0.054401348391266875,4.209679555084747,0.9764739057747698,0.6404494382022472,0.7624522277967382,0.7808219178082192
Terraform,"AWS, Kubernetes",0.07733050847457627,0.05985169491525424,0.046610169491525424,0.6027397260273972,10.070554006546248,1.0,0.0419818074906636,2.366580216247808,0.9761898549211981,0.5146198830409358,0.5774493536561837,0.69075039398715
"AWS, Kubernetes",Terraform,0.05985169491525424,0.07733050847457627,0.046610169491525424,0.7787610619469026,10.070554006546248,1.0,0.0419818074906636,4.170466101694915,0.9580409731113957,0.5146198830409358,0.7602186480802251,0.69075039398715
"Python, Terraform",Kubernetes,0.057203389830508475,0.07733050847457627,0.04449152542372881,0.7777777777777778,10.057838660578387,1.0,0.040067958201666184,4.1520127118644075,0.9552166934189404,0.4941176470588235,0.759152953182804,0.6765601217656012
Kubernetes,"Python, Terraform",0.07733050847457627,0.057203389830508475,0.04449152542372881,0.5753424657534246,10.057838660578385,1.0,0.040067958201666184,2.2201339529797703,0.9760537969493192,0.4941176470588235,0.5495767277204864,0.6765601217656012
"Spark, SQL",Machine Learning,0.025953389830508475,0.08739406779661017,0.022775423728813558,0.8775510204081632,10.041311069882498,1.0,0.02050725141841425,7.452948446327682,0.9244027972735436,0.2514619883040935,0.8658249138308834,0.5690785405071119
"Deep Learning, Data Visualization",Machine Learning,0.030190677966101694,0.08739406779661017,0.026483050847457626,0.8771929824561403,10.037214247740563,1.0,0.02384456469046251,7.431219733656171,0.9283997815401419,0.2906976744186046,0.8654325890175234,0.5901116427432216
"Bash, Git",Kubernetes,0.03072033898305085,0.07733050847457627,0.023834745762711863,0.7758620689655171,10.033065658951344,1.0,0.021459126328641193,4.116525423728811,0.9288646023072251,0.2830188679245283,0.757076685537828,0.5420406235238544
Redux,Webpack,0.07680084745762712,0.0715042372881356,0.05508474576271186,0.7172413793103448,10.030753512132822,1.0,0.04959315974217179,3.2837045266639104,0.9752030098415642,0.5909090909090909,0.6954659008202687,0.7438058748403575
Webpack,Redux,0.0715042372881356,0.07680084745762712,0.05508474576271186,0.7703703703703703,10.03075351213282,1.0,0.04959315974217179,4.020383406232912,0.969639957874413,0.5909090909090909,0.7512675038779455,0.7438058748403575
"Webpack, HTML/CSS",Redux,0.07097457627118645,0.07680084745762712,0.05455508474576271,0.7686567164179104,10.008440555841482,1.0,0.0491041771401896,3.9906027884089665,0.9688479038203939,0.5852272727272726,0.7494112912203184,0.7395007720020587
Redux,"Webpack, HTML/CSS",0.07680084745762712,0.07097457627118645,0.05455508474576271,0.7103448275862069,10.008440555841482,1.0,0.0491041771401896,3.207349677158999,0.9749622623642977,0.5852272727272726,0.6882160971965556,0.7395007720020587
"AWS, Prometheus",Kubernetes,0.02754237288135593,0.07733050847457627,0.0211864406779661,0.7692307692307692,9.94731296101159,1.0,0.019056574978454466,3.998234463276835,0.9249455337690632,0.25316455696202533,0.7498896052282963,0.5216016859852476
C#,"Linux, Terraform",0.03972457627118644,0.06302966101694915,0.02489406779661017,0.6266666666666667,9.942408963585436,1.0,0.022390241220195346,2.5097419794188864,0.936627900153736,0.31972789115646255,0.601552666289806,0.510812324929972
Grafana,"Linux, Terraform",0.04396186440677966,0.06302966101694915,0.02754237288135593,0.6265060240963856,9.939860281461982,1.0,0.024771471470123527,2.508662520503007,0.9407521841039845,0.3466666666666667,0.6013812173510322,0.531740407006176
C#,"Kubernetes, Terraform",0.03972457627118644,0.06038135593220339,0.023834745762711863,0.6,9.936842105263159,1.0,0.021436121983625395,2.3490466101694913,0.9365692222835081,0.3125,0.5742953776775648,0.49736842105263157
Prometheus,Terraform,0.03866525423728814,0.07733050847457627,0.029661016949152543,0.7671232876712328,9.92006004878964,1.0,0.026671013178684286,3.962051345962113,0.9353600944510035,0.34355828220858897,0.7476054920340343,0.5753424657534246
"TensorFlow, Deep Learning",Machine Learning,0.03125,0.08739406779661017,0.02701271186440678,0.864406779661017,9.89090909090909,1.0,0.024281647245762712,6.730468750000001,0.9278937381404174,0.29479768786127164,0.8514219384793964,0.586748844375963
"Deep Learning, Pandas",Machine Learning,0.03125,0.08739406779661017,0.02701271186440678,0.864406779661017,9.89090909090909,1.0,0.024281647245762712,6.730468750000001,0.9278937381404174,0.29479768786127164,0.8514219384793964,0.586748844375963
Prometheus,"Python, Kubernetes",0.03866525423728814,0.05402542372881356,0.02065677966101695,0.5342465753424658,9.888799355358582,1.0,0.018567872917265155,2.0310630608175475,0.9350286077558805,0.2867647058823529,0.5076469956587768,0.45829975825946817
Kubernetes,"Docker, AWS",0.07733050847457627,0.06302966101694915,0.048199152542372885,0.6232876712328768,9.888799355358582,1.0,0.04332503680695203,2.4872303543913716,0.9742117813300362,0.5229885057471266,0.5979463670365581,0.6939967767929089
"Docker, AWS",Kubernetes,0.06302966101694915,0.07733050847457627,0.048199152542372885,0.7647058823529412,9.888799355358582,1.0,0.04332503680695203,3.921345338983052,0.9593425229377744,0.5229885057471266,0.744985479840616,0.6939967767929089
"Python, Prometheus",Terraform,0.02701271186440678,0.07733050847457627,0.02065677966101695,0.7647058823529411,9.88879935535858,1.0,0.018567872917265155,3.92134533898305,0.9238306603576066,0.2468354430379747,0.7449854798406159,0.515914585012087
"Python, Prometheus",Kubernetes,0.02701271186440678,0.07733050847457627,0.02065677966101695,0.7647058823529411,9.88879935535858,1.0,0.018567872917265155,3.92134533898305,0.9238306603576066,0.2468354430379747,0.7449854798406159,0.515914585012087
"Prometheus, Git",Terraform,0.02701271186440678,0.07733050847457627,0.02065677966101695,0.7647058823529411,9.88879935535858,1.0,0.018567872917265155,3.92134533898305,0.9238306603576066,0.2468354430379747,0.7449854798406159,0.515914585012087
"AWS, Jenkins",Kubernetes,0.02913135593220339,0.07733050847457627,0.022245762711864406,0.7636363636363637,9.874968866749688,1.0,0.019993020145073256,3.9036016949152548,0.9257007767646066,0.2641509433962264,0.7438263229308006,0.525653798256538
"Kubernetes, Prometheus",Terraform,0.02913135593220339,0.07733050847457627,0.022245762711864406,0.7636363636363637,9.874968866749688,1.0,0.019993020145073256,3.9036016949152548,0.9257007767646066,0.2641509433962264,0.7438263229308006,0.525653798256538
"Docker, Prometheus",Kubernetes,0.02913135593220339,0.07733050847457627,0.022245762711864406,0.7636363636363637,9.874968866749688,1.0,0.019993020145073256,3.9036016949152548,0.9257007767646066,0.2641509433962264,0.7438263229308006,0.525653798256538
"Ansible, Jenkins",Kubernetes,0.02913135593220339,0.07733050847457627,0.022245762711864406,0.7636363636363637,9.874968866749688,1.0,0.019993020145073256,3.9036016949152548,0.9257007767646066,0.2641509433962264,0.7438263229308006,0.525653798256538
"Bash, Grafana",Terraform,0.03336864406779661,0.07733050847457627,0.025423728813559324,0.761904761904762,9.852576647097196,1.0,0.02284331460068946,3.875211864406781,0.9295205479452054,0.2981366459627329,0.7419495926958615,0.5453359425962166
Spark,Machine Learning,0.03389830508474576,0.08739406779661017,0.02913135593220339,0.859375,9.833333333333332,1.0,0.026168845159436942,6.489642184557439,0.9298245614035088,0.31609195402298845,0.8459082994776552,0.5963541666666666
"Bash, Prometheus",Kubernetes,0.026483050847457626,0.07733050847457627,0.020127118644067795,0.76,9.827945205479452,1.0,0.018079170856075837,3.844456214689266,0.9226848405016894,0.24050632911392403,0.7398851894374283,0.5101369863013698
"Ansible, Grafana",Kubernetes,0.028601694915254237,0.07733050847457627,0.021716101694915255,0.7592592592592593,9.818366311516996,1.0,0.01950431808388394,3.832627118644069,0.9245950474771923,0.2578616352201258,0.7390823659480377,0.5200405885337392
"AWS, Ansible",Kubernetes,0.03072033898305085,0.07733050847457627,0.023305084745762712,0.7586206896551724,9.810108644307983,1.0,0.02092946531169204,3.822487893462469,0.9265275707898658,0.275,0.7383902767330456,0.5299952763344355
"Docker, Bash",Kubernetes,0.03072033898305085,0.07733050847457627,0.023305084745762712,0.7586206896551724,9.810108644307983,1.0,0.02092946531169204,3.822487893462469,0.9265275707898658,0.275,0.7383902767330456,0.5299952763344355
Prometheus,"Kubernetes, Linux",0.03866525423728814,0.0614406779661017,0.023305084745762712,0.6027397260273972,9.810108644307983,1.0,0.02092946531169204,2.362580362361192,0.9341848234410218,0.3034482758620689,0.5767339744580846,0.4910250354274917
"Spark, Scala",Machine Learning,0.029661016949152543,0.08739406779661017,0.025423728813559324,0.8571428571428572,9.807792207792208,1.0,0.022831531887388682,6.388241525423732,0.9254912663755458,0.27745664739884396,0.8434623994693642,0.5740259740259741
Ansible,"Kubernetes, Linux",0.0413135593220339,0.0614406779661017,0.02489406779661017,0.6025641025641025,9.807250221043324,1.0,0.022355734702671645,2.3615363586659375,0.9367344539790761,0.31972789115646255,0.5765468541992242,0.5038682581786029
"Prometheus, Grafana",Kubernetes,0.028072033898305086,0.07733050847457627,0.0211864406779661,0.7547169811320754,9.759627810803824,1.0,0.019015616022694627,3.7616525423728806,0.9234604904632151,0.25157232704402516,0.734159391720642,0.5143447919359008
"Spark, AWS",Machine Learning,0.028601694915254237,0.08739406779661017,0.024364406779661018,0.8518518518518519,9.747250280583614,1.0,0.021864788315139327,6.1600900423728815,0.9238300696979754,0.26589595375722547,0.837664710560822,0.5653198653198653
Prometheus,Kubernetes,0.03866525423728814,0.07733050847457627,0.02913135593220339,0.7534246575342465,9.742916119346967,1.0,0.026141352161735132,3.7419373822975506,0.9334535437014776,0.3353658536585366,0.7327587562713302,0.5650684931506849
Jenkins,Kubernetes,0.04078389830508475,0.07733050847457627,0.03072033898305085,0.7532467532467533,9.740615548834727,1.0,0.027566499389543236,3.739239518287244,0.9354900131381024,0.3515151515151515,0.7325659415211655,0.575253513609678
C#,"Docker, AWS",0.03972457627118644,0.06302966101694915,0.024364406779661018,0.6133333333333334,9.730868347338937,1.0,0.021860580203246195,2.4231991525423733,0.9343509436677138,0.3108108108108108,0.5873224043715848,0.4999439775910365
Jenkins,"Kubernetes, Linux",0.04078389830508475,0.0614406779661017,0.024364406779661018,0.5974025974025974,9.723242274966411,1.0,0.021858616417696066,2.331260251503554,0.9352987779991838,0.3129251700680272,0.5710474626953183,0.4969771607702642
"Ansible, Prometheus",Kubernetes,0.02754237288135593,0.07733050847457627,0.02065677966101695,0.75,9.698630136986301,1.0,0.018526913961505315,3.690677966101695,0.9222948438634714,0.24528301886792453,0.7290470723306545,0.5085616438356164
"Prometheus, Terraform",Kubernetes,0.029661016949152543,0.07733050847457627,0.022245762711864406,0.75,9.698630136986301,1.0,0.019952061189313416,3.690677966101695,0.9243085880640466,0.26249999999999996,0.7290470723306545,0.5188356164383562
"AWS, Prometheus",Terraform,0.02754237288135593,0.07733050847457627,0.02065677966101695,0.75,9.698630136986301,1.0,0.018526913961505315,3.690677966101695,0.9222948438634714,0.24528301886792453,0.7290470723306545,0.5085616438356164
"AWS, Git",Kubernetes,0.03177966101694915,0.07733050847457627,0.023834745762711863,0.75,9.698630136986301,1.0,0.021377208417121516,3.690677966101695,0.9263311451495259,0.27950310559006214,0.7290470723306545,0.5291095890410958
"Spark, Big Data",Machine Learning,0.02754237288135593,0.08739406779661017,0.023305084745762712,0.8461538461538461,9.682051282051281,1.0,0.020898044742889976,5.931938559322034,0.9221132897603487,0.2543352601156069,0.831421045582392,0.5564102564102564
"Deep Learning, Tableau",Machine Learning,0.03389830508474576,0.08739406779661017,0.028601694915254237,0.84375,9.654545454545454,1.0,0.02563918414248779,5.840677966101695,0.9278752436647173,0.30857142857142855,0.828786999419617,0.5855113636363636
"TensorFlow, Python",Machine Learning,0.03389830508474576,0.08739406779661017,0.028601694915254237,0.84375,9.654545454545454,1.0,0.02563918414248779,5.840677966101695,0.9278752436647173,0.30857142857142855,0.828786999419617,0.5855113636363636
"Spark, Python",Machine Learning,0.02701271186440678,0.08739406779661017,0.022775423728813558,0.8431372549019607,9.647534165181222,1.0,0.020414672956765294,5.817862817796606,0.9212315327062577,0.24855491329479765,0.8281155758879291,0.5518716577540106
"Bash, Grafana",Kubernetes,0.03336864406779661,0.07733050847457627,0.02489406779661017,0.746031746031746,9.647314633616004,1.0,0.022313653583740305,3.6330111228813564,0.9272865053920141,0.2901234567901234,0.7247462322089188,0.533974777125462
"Git, Grafana",Kubernetes,0.03125,0.07733050847457627,0.023305084745762712,0.7457627118644068,9.643835616438356,1.0,0.020888506355932205,3.629166666666667,0.9252199413489737,0.2732919254658385,0.7244546498277842,0.5235662874390528
"Git, Jenkins",Kubernetes,0.03125,0.07733050847457627,0.023305084745762712,0.7457627118644068,9.643835616438356,1.0,0.020888506355932205,3.629166666666667,0.9252199413489737,0.2732919254658385,0.7244546498277842,0.5235662874390528
"Docker, Prometheus",Terraform,0.02913135593220339,0.07733050847457627,0.021716101694915255,0.7454545454545455,9.639850560398505,1.0,0.019463359128124105,3.624773002421308,0.9231567602091734,0.25625000000000003,0.7241206554639391,0.5131382316313824
"Ansible, Terraform",Kubernetes,0.02913135593220339,0.07733050847457627,0.021716101694915255,0.7454545454545455,9.639850560398505,1.0,0.019463359128124105,3.624773002421308,0.9231567602091734,0.25625000000000003,0.7241206554639391,0.5131382316313824
"Docker, Jenkins",Kubernetes,0.02913135593220339,0.07733050847457627,0.021716101694915255,0.7454545454545455,9.639850560398505,1.0,0.019463359128124105,3.624773002421308,0.9231567602091734,0.25625000000000003,0.7241206554639391,0.5131382316313824
"Prometheus, Git",Kubernetes,0.02701271186440678,0.07733050847457627,0.020127118644067795,0.7450980392156862,9.635240397528873,1.0,0.018038211900316,3.6197033898305073,0.9210956078274074,0.23899371069182387,0.7237342698273338,0.502686005909213
"Python, Ansible",Kubernetes,0.02701271186440678,0.07733050847457627,0.020127118644067795,0.7450980392156862,9.635240397528873,1.0,0.018038211900316,3.6197033898305073,0.9210956078274074,0.23899371069182387,0.7237342698273338,0.502686005909213
Ansible,Kubernetes,0.0413135593220339,0.07733050847457627,0.03072033898305085,0.7435897435897436,9.615735862311205,1.0,0.027525540433783396,3.598411016949153,0.9346161173556868,0.3493975903614458,0.7220995613647738,0.5704250087811732
Deep Learning,Machine Learning,0.03919491525423729,0.08739406779661017,0.03283898305084746,0.8378378378378379,9.586895986895987,1.0,0.029413579969836255,5.6277365819209075,0.9322296119785182,0.35028248587570626,0.8223086696679269,0.6067977067977068
Ansible,"Docker, Kubernetes",0.0413135593220339,0.06038135593220339,0.023834745762711863,0.5769230769230769,9.554655870445343,1.0,0.021340177032461934,2.2209167950693374,0.9339226519337016,0.3061224489795918,0.5497354956205012,0.48582995951417
"SQL, Deep Learning",Machine Learning,0.03177966101694915,0.08739406779661017,0.026483050847457626,0.8333333333333334,9.535353535353535,1.0,0.023705696997989082,5.47563559322034,0.9245076586433261,0.2857142857142857,0.8173727993809248,0.5681818181818181
Prometheus,"Docker, Kubernetes",0.03866525423728814,0.06038135593220339,0.022245762711864406,0.5753424657534246,9.52847873107426,1.0,0.019911102233553576,2.212650355385456,0.9310507674144037,0.28965517241379307,0.5480533119179626,0.47188175919250175
"Ansible, Linux",Terraform,0.030190677966101694,0.07733050847457627,0.022245762711864406,0.7368421052631579,9.52847873107426,1.0,0.019911102233553576,3.5061440677966096,0.9229148786767574,0.2608695652173913,0.7147863919270047,0.5122566690699351
Prometheus,"Kubernetes, Terraform",0.03866525423728814,0.06038135593220339,0.022245762711864406,0.5753424657534246,9.52847873107426,1.0,0.019911102233553576,2.212650355385456,0.9310507674144037,0.28965517241379307,0.5480533119179626,0.47188175919250175
Deep Learning,"Machine Learning, SQL",0.03919491525423729,0.07097457627118645,0.026483050847457626,0.6756756756756757,9.519967728922952,1.0,0.023701208345303072,2.864495056497175,0.9314663726571113,0.31645569620253156,0.6508983327683442,0.5244050020169423
TensorFlow,"Machine Learning, SQL",0.04078389830508475,0.07097457627118645,0.02754237288135593,0.6753246753246753,9.515022291141694,1.0,0.024647752980465384,2.861398305084746,0.9329524699486048,0.32704402515723263,0.6505205171111671,0.5316921884086063
"Spark, Hadoop",Machine Learning,0.028072033898305086,0.08739406779661017,0.023305084745762712,0.830188679245283,9.49937106918239,1.0,0.020851755512065497,5.374234934086626,0.9205722070844685,0.2528735632183908,0.813927003142829,0.5484276729559748
"Linux, Grafana",Kubernetes,0.03389830508474576,0.07733050847457627,0.02489406779661017,0.734375,9.496575342465754,1.0,0.022272694627980465,3.47357926221336,0.9260918253079509,0.2883435582822086,0.7121125143513203,0.528146404109589
"SQL, Big Data",Machine Learning,0.02489406779661017,0.08739406779661017,0.02065677966101695,0.8297872340425533,9.49477756286267,1.0,0.01848118581226659,5.361559851694918,0.9175197426147996,0.2254335260115607,0.81348711426137,0.5330754352030949
"AWS, Grafana",Terraform,0.03177966101694915,0.07733050847457627,0.023305084745762712,0.7333333333333334,9.483105022831051,1.0,0.020847547400172365,3.46001059322034,0.923910881241297,0.271604938271605,0.7109835438193648,0.517351598173516
"Docker, Grafana",Kubernetes,0.03177966101694915,0.07733050847457627,0.023305084745762712,0.7333333333333334,9.483105022831051,1.0,0.020847547400172365,3.46001059322034,0.923910881241297,0.271604938271605,0.7109835438193648,0.517351598173516
"Statistics, Deep Learning",Machine Learning,0.037076271186440676,0.08739406779661017,0.03072033898305085,0.8285714285714286,9.480865800865802,1.0,0.02748009282533755,5.323534604519776,0.9289670346344979,0.3276836158192091,0.8121548793632369,0.59004329004329
Grafana,"Python, Terraform",0.04396186440677966,0.057203389830508475,0.023834745762711863,0.5421686746987951,9.477911646586344,1.0,0.021319978095374892,2.0592662801070474,0.935623268698061,0.3082191780821917,0.5143901448490591,0.4794176706827309
"Ansible, Git",Terraform,0.029661016949152543,0.07733050847457627,0.021716101694915255,0.7321428571428572,9.467710371819962,1.0,0.019422400172364265,3.4446327683615827,0.9217169027585473,0.2546583850931677,0.7096932917828441,0.5064823874755382
Spark,"Machine Learning, SQL",0.03389830508474576,0.07097457627118645,0.022775423728813558,0.671875,9.46641791044776,1.0,0.02036950588911232,2.831315577078289,0.9257445940432476,0.27741935483870966,0.6468072976054732,0.4963852611940298
"NumPy, Python",Machine Learning,0.036546610169491525,0.08739406779661017,0.030190677966101694,0.8260869565217391,9.452437417654808,1.0,0.02699672103921287,5.247484110169491,0.9281270796562601,0.3220338983050847,0.8094324863105302,0.5857707509881422
"Bash, Terraform",Kubernetes,0.02754237288135593,0.07733050847457627,0.020127118644067795,0.7307692307692307,9.449947312961012,1.0,0.01799725294455616,3.427058111380145,0.9195046439628484,0.2375,0.7082045394330124,0.49552160168598525
"Bash, Ansible",Kubernetes,0.02754237288135593,0.07733050847457627,0.020127118644067795,0.7307692307692307,9.449947312961012,1.0,0.01799725294455616,3.427058111380145,0.9195046439628484,0.2375,0.7082045394330124,0.49552160168598525
"Data Visualization, Pandas",Machine Learning,0.030190677966101694,0.08739406779661017,0.02489406779661017,0.8245614035087719,9.43498139287613,1.0,0.022255581639615052,5.201853813559322,0.9218424997385453,0.26857142857142857,0.807760841453605,0.5547049441786284
Ansible,"AWS, Kubernetes",0.0413135593220339,0.05985169491525424,0.023305084745762712,0.5641025641025641,9.425005672793283,1.0,0.02083239819735708,2.156810817547358,0.932420894023104,0.2993197278911564,0.5363524738172626,0.4767415475380077
"Git, Terraform",Kubernetes,0.03125,0.07733050847457627,0.022775423728813558,0.7288135593220338,9.424657534246574,1.0,0.02035884533898305,3.4023437499999996,0.9227306826706677,0.26543209876543206,0.706084959816303,0.5116670536336196
Grafana,"Docker, Terraform",0.04396186440677966,0.0614406779661017,0.025423728813559324,0.5783132530120482,9.412546738678852,1.0,0.022722682059752947,2.225726392251816,0.9348568790397045,0.31788079470198677,0.550708477249857,0.49605317823016204
"Ansible, Jenkins",Terraform,0.02913135593220339,0.07733050847457627,0.0211864406779661,0.7272727272727273,9.404732254047323,1.0,0.01893369811117495,3.383121468926554,0.9204855428259685,0.2484472049689441,0.7044149879970776,0.5006226650062267
"Docker, Ansible",Kubernetes,0.03283898305084746,0.07733050847457627,0.023834745762711863,0.7258064516129031,9.385771100309322,1.0,0.021295290505601836,3.3650299102691914,0.9237921382499695,0.27607361963190175,0.702825821265879,0.5170128148475475
"TensorFlow, Data Visualization",Machine Learning,0.0323093220338983,0.08739406779661017,0.026483050847457626,0.819672131147541,9.379036264282165,1.0,0.023659407767164607,5.060814714946072,0.9232074438970991,0.28409090909090906,0.8024033567072301,0.561351217088922
Grafana,"Kubernetes, Terraform",0.04396186440677966,0.06038135593220339,0.02489406779661017,0.5662650602409638,9.378144155569647,1.0,0.02223959081442114,2.1663429849340865,0.9344492249661106,0.31333333333333335,0.5383925782045883,0.48927288099767485
"Python, Scala",Machine Learning,0.02913135593220339,0.08739406779661017,0.023834745762711863,0.8181818181818182,9.36198347107438,1.0,0.021288838067365697,5.019332627118645,0.9199854519003455,0.2571428571428571,0.8007703265973725,0.5454545454545454
"NumPy, Tableau",Machine Learning,0.034957627118644065,0.08739406779661017,0.028601694915254237,0.8181818181818182,9.36198347107438,1.0,0.02554660568083884,5.019332627118645,0.9255396999634101,0.3050847457627119,0.8007703265973725,0.5727272727272728
Ansible,"Docker, AWS",0.0413135593220339,0.06302966101694915,0.024364406779661018,0.5897435897435898,9.356604180133592,1.0,0.021760427140189602,2.2838652012711864,0.9316118184001922,0.30463576158940403,0.5621457871316549,0.48814910579616466
C#,"AWS, Kubernetes",0.03972457627118644,0.05985169491525424,0.022245762711864406,0.56,9.35646017699115,1.0,0.019868179492243607,2.1367006933744226,0.930068552517532,0.2876712328767123,0.5319887323943663,0.46584070796460175
"Terraform, Grafana",Kubernetes,0.034427966101694914,0.07733050847457627,0.02489406779661017,0.7230769230769231,9.350474183350896,1.0,0.022231735672220625,3.331862052730697,0.9248958345490832,0.2865853658536585,0.6998675262739557,0.5224973656480506
Grafana,Kubernetes,0.04396186440677966,0.07733050847457627,0.03177966101694915,0.7228915662650602,9.348077240468724,1.0,0.0283800676888825,3.329633382461312,0.934090489381348,0.3550295857988165,0.699666634390605,0.5669252351873246
Prometheus,"Linux, Terraform",0.03866525423728814,0.06302966101694915,0.022775423728813558,0.5890410958904109,9.345458731437779,1.0,0.02033836586110313,2.2799611581920898,0.9289128067140753,0.28859060402684555,0.5613960367671541,0.4751928168527685
"NumPy, Data Visualization",Machine Learning,0.03177966101694915,0.08739406779661017,0.025953389830508475,0.8166666666666668,9.344646464646466,1.0,0.02317603598103993,4.97785053929122,0.9222971464296879,0.2784090909090909,0.7991100793190173,0.5568181818181819
"Python, Pandas",Machine Learning,0.03177966101694915,0.08739406779661017,0.025953389830508475,0.8166666666666668,9.344646464646466,1.0,0.02317603598103993,4.97785053929122,0.9222971464296879,0.2784090909090909,0.7991100793190173,0.5568181818181819
Prometheus,"Python, Terraform",0.03866525423728814,0.057203389830508475,0.02065677966101695,0.5342465753424658,9.339421613394217,1.0,0.018444996049985635,2.0242397806580263,0.9288408561135832,0.2746478873239437,0.5059873787902108,0.4476788432267884
"Tableau, Data Visualization",Power BI,0.08527542372881355,0.059322033898305086,0.047139830508474576,0.5527950310559007,9.31854480922804,1.0,0.04208111893134157,2.1034604519774014,0.9759080824707391,0.483695652173913,0.5245929158972638,0.6737189440993789
Power BI,"Tableau, Data Visualization",0.059322033898305086,0.08527542372881355,0.047139830508474576,0.7946428571428571,9.318544809228039,1.0,0.04208111893134157,4.454310980103168,0.9489826905557242,0.483695652173913,0.775498386963355,0.6737189440993789
"Tableau, Pandas",Machine Learning,0.03389830508474576,0.08739406779661017,0.02754237288135593,0.8125,9.296969696969697,1.0,0.024579862108589486,4.867231638418079,0.9237516869095816,0.29378531073446323,0.7945443993035404,0.5638257575757576
"Deep Learning, Pandas",Tableau,0.03125,0.09851694915254237,0.028601694915254237,0.9152542372881356,9.290322580645162,1.0,0.025523040254237288,10.637500000000001,0.9211469534050178,0.2827225130890052,0.9059929494712103,0.6027884089666484
"SQL, Scala",Machine Learning,0.028072033898305086,0.08739406779661017,0.022775423728813558,0.8113207547169811,9.283476272155516,1.0,0.020322094495116343,4.836811440677964,0.9180533553006779,0.2457142857142857,0.7932522257142544,0.5359634076615208
C#,"Docker, Kubernetes",0.03972457627118644,0.06038135593220339,0.022245762711864406,0.56,9.274385964912282,1.0,0.01984713893277794,2.135496918335902,0.9290836025529903,0.2857142857142857,0.5317249154453214,0.4642105263157895
"Python, Bash",Kubernetes,0.028072033898305086,0.07733050847457627,0.020127118644067795,0.7169811320754716,9.271646420263632,1.0,0.01795629398879632,3.260098870056497,0.9179119460777283,0.2360248447204969,0.6932608366007408,0.4886275523391057
"AWS, Grafana",Kubernetes,0.03177966101694915,0.07733050847457627,0.022775423728813558,0.7166666666666667,9.267579908675799,1.0,0.02031788638322321,3.256480558325025,0.9213780469187319,0.26380368098159507,0.692920015308075,0.505593607305936
"SQL, Power BI",Data Visualization,0.04925847457627119,0.10328389830508475,0.047139830508474576,0.9569892473118279,9.265618968844775,1.0,0.04205222322967538,20.848649364406743,0.9382930111733593,0.44723618090452255,0.9520352622118907,0.7066997518610422
Scala,Machine Learning,0.036016949152542374,0.08739406779661017,0.02913135593220339,0.8088235294117646,9.254901960784313,1.0,0.02598368823613904,4.7736310299869595,0.9252747252747253,0.3089887640449438,0.7905158581134135,0.571078431372549
"PostgreSQL, Linux",Django,0.06514830508474577,0.09057203389830508,0.05455508474576271,0.8373983739837397,9.24566157942281,1.0,0.04865447024921,5.59298199152542,0.9539921339970846,0.5392670157068062,0.8212045020857895,0.7198687776351447
Django,"PostgreSQL, Linux",0.09057203389830508,0.06514830508474577,0.05455508474576271,0.6023391812865497,9.24566157942281,1.0,0.04865447024921,2.350877056331007,0.9806616869568167,0.5392670157068062,0.5746268409456123,0.7198687776351447
"Ansible, Git",Kubernetes,0.029661016949152543,0.07733050847457627,0.0211864406779661,0.7142857142857142,9.236790606653619,1.0,0.01889273915541511,3.2293432203389822,0.9189956331877729,0.24691358024691354,0.6903395112350336,0.4941291585127201
"Jenkins, Grafana",Terraform,0.029661016949152543,0.07733050847457627,0.0211864406779661,0.7142857142857142,9.236790606653619,1.0,0.01889273915541511,3.2293432203389822,0.9189956331877729,0.24691358024691354,0.6903395112350336,0.4941291585127201
"AWS, Scala",Machine Learning,0.030190677966101694,0.08739406779661017,0.024364406779661018,0.8070175438596492,9.234237107921318,1.0,0.0217259206226659,4.728958012326658,0.9194666729988364,0.26136363636363635,0.7885369255989656,0.542902711323764
TensorFlow,"Statistics, Tableau",0.04078389830508475,0.09004237288135593,0.03389830508474576,0.8311688311688311,9.230863254392666,1.0,0.03022602610600402,5.389749022164274,0.9295796521258973,0.3497267759562841,0.8144626037524756,0.6038197097020626
Big Data,Machine Learning,0.03283898305084746,0.08739406779661017,0.026483050847457626,0.8064516129032258,9.227761485826,1.0,0.02361311853634013,4.715130649717513,0.9219058050383351,0.28248587570621464,0.7879167992810738,0.5547409579667644
"NumPy, Pandas",Machine Learning,0.03283898305084746,0.08739406779661017,0.026483050847457626,0.8064516129032258,9.227761485826,1.0,0.02361311853634013,4.715130649717513,0.9219058050383351,0.28248587570621464,0.7879167992810738,0.5547409579667644
Grafana,"Kubernetes, Linux",0.04396186440677966,0.0614406779661017,0.02489406779661017,0.5662650602409638,9.216452014956376,1.0,0.022193021042803792,2.1639006591337098,0.9324924854128602,0.3092105263157895,0.5378715765998531,0.4857187370170336
"TensorFlow, Python",Tableau,0.03389830508474576,0.09851694915254237,0.03072033898305085,0.90625,9.198924731182796,1.0,0.027380781384659582,9.615819209039548,0.9225650332728372,0.3020833333333333,0.8960047003525264,0.6090389784946236
"TensorFlow, Tableau",Machine Learning,0.034957627118644065,0.08739406779661017,0.028072033898305086,0.8030303030303031,9.188613406795225,1.0,0.02501694466388969,4.633230117340288,0.9234513182693701,0.29775280898876405,0.7841678538138203,0.5621212121212121
"Power BI, Tableau",Data Visualization,0.04978813559322034,0.10328389830508475,0.047139830508474576,0.9468085106382979,9.167048554282596,1.0,0.041997517775064636,16.8582627118644,0.9375947289967809,0.44499999999999995,0.9406819067248118,0.7016093835242772
Prometheus,"AWS, Kubernetes",0.03866525423728814,0.05985169491525424,0.0211864406779661,0.547945205479452,9.155049096860225,1.0,0.01887225967753519,2.0797220082177708,0.9265977961432507,0.273972602739726,0.5191665058846228,0.4509637531822039
Deep Learning,"Statistics, Tableau",0.03919491525423729,0.09004237288135593,0.0323093220338983,0.8243243243243242,9.154848966613672,1.0,0.028780118859523123,5.179758800521509,0.9271061145552805,0.3333333333333333,0.8069408174181165,0.5915739268680444
"Scala, Big Data",Machine Learning,0.02913135593220339,0.08739406779661017,0.023305084745762712,0.8,9.153939393939394,1.0,0.020759177050416546,4.56302966101695,0.9174849972722313,0.25,0.7808473592571097,0.5333333333333333
"SQL, TensorFlow",Machine Learning,0.034427966101694914,0.08739406779661017,0.02754237288135593,0.8,9.153939393939394,1.0,0.02453357287776501,4.56302966101695,0.9225178277564454,0.2921348314606741,0.7808473592571097,0.5575757575757576
"AWS, SQL",Machine Learning,0.026483050847457626,0.08739406779661017,0.0211864406779661,0.8,9.153939393939394,1.0,0.018871979136742316,4.56302966101695,0.9149891186071817,0.22857142857142856,0.7808473592571097,0.5212121212121212
"NumPy, TensorFlow",Machine Learning,0.034427966101694914,0.08739406779661017,0.02754237288135593,0.8,9.153939393939394,1.0,0.02453357287776501,4.56302966101695,0.9225178277564454,0.2921348314606741,0.7808473592571097,0.5575757575757576
"Python, Big Data",Machine Learning,0.026483050847457626,0.08739406779661017,0.0211864406779661,0.8,9.153939393939394,1.0,0.018871979136742316,4.56302966101695,0.9149891186071817,0.22857142857142856,0.7808473592571097,0.5212121212121212
"TensorFlow, Pandas",Machine Learning,0.03177966101694915,0.08739406779661017,0.025423728813559324,0.8,9.153939393939394,1.0,0.02264637496409078,4.56302966101695,0.9199945295404814,0.2711864406779661,0.7808473592571097,0.5454545454545454
"PostgreSQL, Python",Redis,0.06885593220338983,0.0858050847457627,0.05402542372881356,0.7846153846153847,9.144159544159546,1.0,0.048117234630853205,4.244476392251817,0.95650137187981,0.536842105263158,0.7643996791157858,0.7071225071225071
Redis,"PostgreSQL, Python",0.0858050847457627,0.06885593220338983,0.05402542372881356,0.6296296296296297,9.144159544159544,1.0,0.048117234630853205,2.5140889830508475,0.9742348851475701,0.536842105263158,0.6022416045169174,0.7071225071225071
Prometheus,"Docker, Terraform",0.03866525423728814,0.0614406779661017,0.021716101694915255,0.5616438356164384,9.141237600377893,1.0,0.019340482260844585,2.141088453389831,0.9264261237653698,0.277027027027027,0.5329478338847832,0.45754605573925367
"Ansible, Kubernetes",Terraform,0.03072033898305085,0.07733050847457627,0.021716101694915255,0.7068965517241379,9.141237600377893,1.0,0.019340482260844585,3.147931206380857,0.9188324670131947,0.25153374233128833,0.6823310503186982,0.49385923476617855
"TensorFlow, Pandas",Tableau,0.03177966101694915,0.09851694915254237,0.028601694915254237,0.9,9.135483870967741,1.0,0.025470859666762425,9.014830508474578,0.9197665937272065,0.28125000000000006,0.8890716803760282,0.5951612903225807
"Deep Learning, Python",Tableau,0.03177966101694915,0.09851694915254237,0.028601694915254237,0.9,9.135483870967741,1.0,0.025470859666762425,9.014830508474578,0.9197665937272065,0.28125000000000006,0.8890716803760282,0.5951612903225807
Ansible,Terraform,0.0413135593220339,0.07733050847457627,0.02913135593220339,0.7051282051282051,9.118370214260624,1.0,0.025936557382935935,3.129053058216654,0.9286991461577098,0.32544378698224846,0.6804144955694897,0.5409202669476642
"TensorFlow, Deep Learning",Tableau,0.03125,0.09851694915254237,0.028072033898305086,0.8983050847457628,9.118279569892474,1.0,0.024993379237288137,8.864583333333337,0.9190505173463176,0.2760416666666667,0.8871915393654525,0.5916256606524513
"Kubernetes, Git",Terraform,0.0323093220338983,0.07733050847457627,0.022775423728813558,0.7049180327868853,9.115652369189311,1.0,0.02027692742746337,3.1268243879472695,0.9200239304489506,0.26219512195121947,0.6801867083247068,0.49971929036604534
C#,"Kubernetes, Linux",0.03972457627118644,0.0614406779661017,0.022245762711864406,0.56,9.11448275862069,1.0,0.019805057813846595,2.1330893682588603,0.9271137026239066,0.28187919463087246,0.531196388261851,0.4610344827586207
Jenkins,"AWS, Kubernetes",0.04078389830508475,0.05985169491525424,0.022245762711864406,0.5454545454545454,9.113435237329043,1.0,0.01980477727305372,2.0683262711864407,0.9281244248113382,0.2837837837837837,0.51651728553137,0.45856798069187443
"Django, Python",Redis,0.0704449152542373,0.0858050847457627,0.05508474576271186,0.7819548872180451,9.11315325350413,1.0,0.04904021383941396,4.192687025131501,0.9577361385053693,0.544502617801047,0.7614894710704919,0.7119650979300103
Redis,"Django, Python",0.0858050847457627,0.0704449152542373,0.05508474576271186,0.6419753086419754,9.11315325350413,1.0,0.04904021383941396,2.5963435125657517,0.9738278812728408,0.544502617801047,0.614842953114558,0.7119650979300103
"Machine Learning, Pandas",Tableau,0.03072033898305085,0.09851694915254237,0.02754237288135593,0.8965517241379309,9.100482017055986,1.0,0.024515898807813845,8.714336158192083,0.9183270281630936,0.27083333333333337,0.885246565906236,0.5880608083055245
"NumPy, Deep Learning",Tableau,0.03072033898305085,0.09851694915254237,0.02754237288135593,0.8965517241379309,9.100482017055986,1.0,0.024515898807813845,8.714336158192083,0.9183270281630936,0.27083333333333337,0.885246565906236,0.5880608083055245
"PostgreSQL, Git",Django,0.06620762711864407,0.09057203389830508,0.05455508474576271,0.824,9.097730994152046,1.0,0.04855852529804654,5.167204352850538,0.9531909972520362,0.533678756476684,0.8064717530576586,0.7131695906432749
Django,"PostgreSQL, Git",0.09057203389830508,0.06620762711864407,0.05455508474576271,0.6023391812865497,9.097730994152046,1.0,0.04855852529804654,2.348213172981057,0.9787278556524983,0.533678756476684,0.5741442848945014,0.7131695906432749
Power BI,"Python, Data Visualization",0.059322033898305086,0.08739406779661017,0.047139830508474576,0.7946428571428571,9.092640692640693,1.0,0.04195543665613329,4.443994104642593,0.9461483955865977,0.4734042553191489,0.7749771992372108,0.6670183982683981
"Python, Data Visualization",Power BI,0.08739406779661017,0.059322033898305086,0.047139830508474576,0.5393939393939393,9.09264069264069,1.0,0.04195543665613329,2.0422613737734165,0.9752522057816585,0.4734042553191489,0.5103467103467102,0.6670183982683981
"Python, Grafana",Kubernetes,0.030190677966101694,0.07733050847457627,0.0211864406779661,0.7017543859649122,9.074741648642153,1.0,0.01885178019965527,3.0936565304087735,0.9175040961223374,0.24539877300613494,0.6767579108506052,0.4878634943523191
"C#, Linux",Terraform,0.03548728813559322,0.07733050847457627,0.02489406779661017,0.7014925373134328,9.071355551012061,1.0,0.02214981776070095,3.0909427966101686,0.9224999123698693,0.2831325301204819,0.6764741162157067,0.5117051727663054
"Python, Power BI",Data Visualization,0.05031779661016949,0.10328389830508475,0.047139830508474576,0.9368421052631579,9.07055330634278,1.0,0.041942812320453896,14.19800494350283,0.936895667922069,0.4427860696517413,0.9295675692479871,0.6966261808367071
"AWS, Big Data",Machine Learning,0.028072033898305086,0.08739406779661017,0.022245762711864406,0.7924528301886792,9.067581475128645,1.0,0.01979243347816719,4.3971013097072404,0.9154145581938496,0.23863636363636362,0.7725774482856798,0.5234991423670668
TensorFlow,"Statistics, Python",0.04078389830508475,0.08898305084745763,0.03283898305084746,0.8051948051948052,9.048855905998764,1.0,0.029209907354208562,4.676553672316385,0.9273080280009262,0.33879781420765026,0.786167321051042,0.5871212121212122
Django,"MongoDB, Linux",0.09057203389830508,0.06991525423728813,0.057203389830508475,0.6315789473684211,9.03349282296651,1.0,0.050871023053720196,2.5245157384987897,0.9778683750728014,0.5538461538461539,0.6038844263277785,0.7248803827751197
"MongoDB, Linux",Django,0.06991525423728813,0.09057203389830508,0.057203389830508475,0.8181818181818182,9.033492822966508,1.0,0.050871023053720196,5.001853813559324,0.9561503416856493,0.5538461538461539,0.8000741250595649,0.7248803827751197
Pandas,"Statistics, Tableau",0.03972457627118644,0.09004237288135593,0.0323093220338983,0.8133333333333334,9.032784313725491,1.0,0.02873242692473427,4.874773002421308,0.9260803124971743,0.3315217391304348,0.7948622429181219,0.586078431372549
"SQL, Hadoop",Machine Learning,0.02754237288135593,0.08739406779661017,0.021716101694915255,0.7884615384615385,9.021911421911422,1.0,0.019309061692042516,4.31413713405239,0.9143418885169243,0.23295454545454547,0.7682039376757892,0.5184731934731935
NumPy,Machine Learning,0.0423728813559322,0.08739406779661017,0.03336864406779661,0.7875000000000001,9.010909090909092,1.0,0.029665505601838553,4.294616151545366,0.9283607248209017,0.3461538461538461,0.7671503192106791,0.584659090909091
Prometheus,"AWS, Terraform",0.03866525423728814,0.059322033898305086,0.02065677966101695,0.5342465753424658,9.00587084148728,1.0,0.01836307813846596,2.019690927218345,0.924715688352052,0.2671232876712329,0.5048747377514501,0.44123043052837574
"Statistics, Power BI",Data Visualization,0.05190677966101695,0.10328389830508475,0.048199152542372885,0.9285714285714286,8.99047619047619,1.0,0.04283801799051997,12.554025423728818,0.9374301675977654,0.45049504950495056,0.9203442747447473,0.6976190476190476
NumPy,"Machine Learning, SQL",0.0423728813559322,0.07097457627118645,0.02701271186440678,0.6375000000000001,8.982089552238806,1.0,0.024005314564780236,2.562828755113969,0.9279888946729135,0.31288343558282206,0.6098061573546181,0.5090485074626866
"SQL, NumPy",Machine Learning,0.034427966101694914,0.08739406779661017,0.02701271186440678,0.7846153846153847,8.9779020979021,1.0,0.02400391186081586,4.237098970944312,0.9202994417734182,0.2849162011173184,0.763989463815349,0.5468531468531469
Ansible,"Docker, Terraform",0.0413135593220339,0.0614406779661017,0.022775423728813558,0.5512820512820512,8.97259062776304,1.0,0.020237090634875034,2.091646489104116,0.9268405499164847,0.28476821192052976,0.5219077386120274,0.4609858532272325
"Docker, Ansible",Terraform,0.03283898305084746,0.07733050847457627,0.022775423728813558,0.6935483870967741,8.968625718073353,1.0,0.02023596847170353,3.010816235504014,0.9186683308285998,0.26060606060606056,0.6678641531795119,0.4940344675209898
"Statistics, TensorFlow",Machine Learning,0.03919491525423729,0.08739406779661017,0.03072033898305085,0.7837837837837838,8.968386568386569,1.0,0.027294935902039644,4.220802436440677,0.9247424248184617,0.32044198895027626,0.7630782262239023,0.5676494676494677
"Machine Learning, TensorFlow",Tableau,0.03177966101694915,0.09851694915254237,0.028072033898305086,0.8833333333333334,8.9663082437276,1.0,0.024941198649813274,7.726997578692499,0.9176334585690105,0.27461139896373066,0.8705836271053663,0.5841397849462366
C#,Terraform,0.03972457627118644,0.07733050847457627,0.02754237288135593,0.6933333333333334,8.965844748858448,1.0,0.024470451199368,3.0087048636698603,0.925219568076711,0.3076923076923077,0.6676310753922695,0.5247488584474886
"SQL, Power BI",Tableau,0.04925847457627119,0.09851694915254237,0.04343220338983051,0.8817204301075269,8.949936408833391,1.0,0.0385794087546682,7.621629429892141,0.9342890141993342,0.41624365482233505,0.8687944606598182,0.6612903225806451
"PostgreSQL, Node.js",Django,0.06673728813559322,0.09057203389830508,0.05402542372881356,0.8095238095238095,8.93790030632136,1.0,0.04798089180551566,4.774496822033899,0.9516258262669427,0.5230769230769231,0.7905538453004964,0.7030075187969925
Django,"PostgreSQL, Node.js",0.09057203389830508,0.06673728813559322,0.05402542372881356,0.5964912280701755,8.93790030632136,1.0,0.04798089180551566,2.3128684598378784,0.9765665147829662,0.5230769230769231,0.5676364577732641,0.7030075187969925
Grafana,"AWS, Terraform",0.04396186440677966,0.059322033898305086,0.023305084745762712,0.5301204819277109,8.93631669535284,1.0,0.020697177535191038,2.001955671447197,0.928934777134223,0.2913907284768212,0.5004884402474764,0.4614888123924269
"Statistics, NumPy",Machine Learning,0.03866525423728814,0.08739406779661017,0.030190677966101694,0.7808219178082192,8.934495641344956,1.0,0.026811564115914965,4.163764565677966,0.9237929534580251,0.31491712707182323,0.7598327224735448,0.5631382316313823
"SQL, Data Visualization",Power BI,0.08898305084745763,0.059322033898305086,0.047139830508474576,0.5297619047619048,8.930272108843537,1.0,0.04186117494972709,2.0004290924694272,0.9747582963156519,0.4659685863874346,0.5001072501072501,0.6622023809523809
Power BI,"SQL, Data Visualization",0.059322033898305086,0.08898305084745763,0.047139830508474576,0.7946428571428571,8.930272108843537,1.0,0.04186117494972709,4.436256448047162,0.944022674359753,0.4659685863874346,0.7745847176079734,0.6622023809523809
"SQL, Pandas",Machine Learning,0.03125,0.08739406779661017,0.024364406779661018,0.7796610169491526,8.921212121212122,1.0,0.02163334216101695,4.141826923076923,0.9165497896213184,0.25842696629213485,0.7585606500290192,0.5292244478685157
"AWS, Ansible",Terraform,0.03072033898305085,0.07733050847457627,0.0211864406779661,0.689655172413793,8.918280585734529,1.0,0.01881082124389543,2.973046139359698,0.9160109289617485,0.2439024390243902,0.6636446415139158,0.4818138875767595
Power BI,"SQL, Tableau",0.059322033898305086,0.08209745762711865,0.04343220338983051,0.7321428571428572,8.917972350230416,1.0,0.038562015225509914,3.426836158192091,0.9438584926389805,0.4432432432432432,0.7081856400956229,0.6305875576036867
"SQL, Tableau",Power BI,0.08209745762711865,0.059322033898305086,0.04343220338983051,0.5290322580645161,8.917972350230414,1.0,0.038562015225509914,1.997329928024147,0.9672779474476799,0.4432432432432432,0.4993315896541703,0.6305875576036867
TensorFlow,Machine Learning,0.04078389830508475,0.08739406779661017,0.03177966101694915,0.7792207792207791,8.91617473435655,1.0,0.02821539024346452,4.133568045862411,0.9255935946990613,0.32967032967032966,0.7580782537253807,0.5714285714285714
Scala,"Machine Learning, SQL",0.036016949152542374,0.07097457627118645,0.022775423728813558,0.6323529411764706,8.90956979806848,1.0,0.020219136024130994,2.5269491525423726,0.9209302325581395,0.270440251572327,0.604265879669998,0.4766242317822651
"Statistics, Power BI",Tableau,0.05190677966101695,0.09851694915254237,0.045550847457627115,0.8775510204081632,8.907614658766732,1.0,0.040437149885090486,7.362111581920902,0.9363388333116798,0.4343434343434343,0.8641694045420754,0.6699583059030063
Data Visualization,Power BI,0.10328389830508475,0.059322033898305086,0.05455508474576271,0.5282051282051282,8.904029304029304,1.0,0.04842807382935938,1.9938282977155493,0.9899357147362928,0.5049019607843136,0.49845229845229844,0.7239239926739927
Power BI,Data Visualization,0.059322033898305086,0.10328389830508475,0.05455508474576271,0.9196428571428571,8.904029304029303,1.0,0.04842807382935938,11.15913370998116,0.9436718271669727,0.5049019607843136,0.9103873090878406,0.7239239926739927
"Deep Learning, Data Visualization",Tableau,0.030190677966101694,0.09851694915254237,0.026483050847457626,0.8771929824561403,8.903980381060176,1.0,0.023508757361390405,7.3406476997578665,0.9153249590387766,0.2590673575129534,0.8637722390582802,0.5730050933786077
Django,"Node.js, Linux",0.09057203389830508,0.06832627118644068,0.05508474576271186,0.608187134502924,8.901219456911013,1.0,0.04889629641266877,2.377853845180876,0.9760595403431745,0.5306122448979592,0.579452706049756,0.7071943424452605
"Node.js, Linux",Django,0.06832627118644068,0.09057203389830508,0.05508474576271186,0.8062015503875969,8.901219456911011,1.0,0.04889629641266877,4.692648305084746,0.9527539686010408,0.5306122448979592,0.7869007146952726,0.7071943424452605
"Hadoop, Big Data",Machine Learning,0.028601694915254237,0.08739406779661017,0.022245762711864406,0.7777777777777778,8.899663299663299,1.0,0.019746144247342716,4.106726694915254,0.9137716155164355,0.23728813559322035,0.756497065841233,0.5161616161616162
TensorFlow,"Python, Tableau",0.04078389830508475,0.0847457627118644,0.03072033898305085,0.7532467532467533,8.888311688311688,1.0,0.027264076414823327,3.709188224799287,0.9252270606828005,0.32402234636871513,0.7303992303992304,0.5578733766233767
"TensorFlow, Tableau",Statistics,0.034957627118644065,0.10911016949152542,0.03389830508474576,0.9696969696969697,8.88731979994116,1.0,0.030084072464808962,29.39936440677969,0.9196281558726673,0.30769230769230765,0.9659856592080136,0.6401882906737275
"TensorFlow, Python",Statistics,0.03389830508474576,0.10911016949152542,0.03283898305084746,0.9687500000000001,8.87864077669903,1.0,0.02914033323757541,28.50847457627129,0.9185059422750423,0.2980769230769231,0.9649227110582641,0.6348604368932039
"Hadoop, Scala",Machine Learning,0.03072033898305085,0.08739406779661017,0.023834745762711863,0.7758620689655171,8.877742946708462,1.0,0.02114997037489227,4.0716264667535835,0.9154826958105645,0.25280898876404495,0.7543979026157263,0.5242946708463949
Django,"Docker, PostgreSQL",0.09057203389830508,0.06197033898305085,0.04978813559322034,0.5497076023391813,8.870495326635677,1.0,0.044175355950158,2.083156779661017,0.975631668298244,0.4845360824742269,0.5199593185863208,0.6765632028789923
"Docker, PostgreSQL",Django,0.06197033898305085,0.09057203389830508,0.04978813559322034,0.8034188034188033,8.870495326635677,1.0,0.044175355950158,4.626220523212968,0.9458834412580943,0.4845360824742269,0.7838408275216662,0.6765632028789923
Data Visualization,"SQL, Tableau",0.10328389830508475,0.08209745762711865,0.07521186440677965,0.7282051282051282,8.870008271298593,1.0,0.06673251894211432,3.37718859929645,0.9894553380531267,0.6826923076923076,0.7038957195910456,0.8221670802315963
"SQL, Tableau",Data Visualization,0.08209745762711865,0.10328389830508475,0.07521186440677965,0.9161290322580644,8.870008271298593,1.0,0.06673251894211432,10.69161505867013,0.9666173614102387,0.6826923076923076,0.906468761313187,0.8221670802315963
"Python, Power BI",Tableau,0.05031779661016949,0.09851694915254237,0.04396186440677966,0.8736842105263158,8.868364459535938,1.0,0.039004708596667624,7.1367408192090425,0.9342489870245062,0.4191919191919192,0.8598800173170883,0.6599603848330504
Redis,"Docker, PostgreSQL",0.0858050847457627,0.06197033898305085,0.047139830508474576,0.5493827160493827,8.86525271710457,1.0,0.041822460320310256,2.0816548641745993,0.9704714414050803,0.46842105263157896,0.5196129688883312,0.6550332383665717
"Docker, PostgreSQL",Redis,0.06197033898305085,0.0858050847457627,0.047139830508474576,0.7606837606837606,8.86525271710457,1.0,0.041822460320310256,3.8200287530266337,0.9458123703360635,0.46842105263157896,0.7382218656842063,0.6550332383665717
"TensorFlow, Data Visualization",Statistics,0.0323093220338983,0.10911016949152542,0.03125,0.9672131147540984,8.864555148814262,1.0,0.02772472439672508,27.172139830508538,0.9168127800506527,0.2836538461538462,0.963197598487359,0.6268104408721948
Big Data,"Machine Learning, SQL",0.03283898305084746,0.07097457627118645,0.02065677966101695,0.6290322580645161,8.862782859894077,1.0,0.018326046753806377,2.5043294030950625,0.9172915437975678,0.2484076433121019,0.6006915069702431,0.46003851709195953
"TensorFlow, Pandas",Statistics,0.03177966101694915,0.10911016949152542,0.03072033898305085,0.9666666666666668,8.859546925566343,1.0,0.027252854783108304,26.72669491525433,0.9162453784048895,0.27884615384615385,0.962584225128815,0.6241100323624595
"Machine Learning, TensorFlow",Statistics,0.03177966101694915,0.10911016949152542,0.03072033898305085,0.9666666666666668,8.859546925566343,1.0,0.027252854783108304,26.72669491525433,0.9162453784048895,0.27884615384615385,0.962584225128815,0.6241100323624595
Redis,"PostgreSQL, Git",0.0858050847457627,0.06620762711864407,0.05031779661016949,0.5864197530864198,8.857283950617283,1.0,0.04463684555443838,2.2578263344295477,0.9703604317863024,0.49479166666666663,0.5570961394368467,0.6732098765432099
"PostgreSQL, Git",Redis,0.06620762711864407,0.0858050847457627,0.05031779661016949,0.7599999999999999,8.857283950617283,1.0,0.04463684555443838,3.809145480225987,0.9499955219870435,0.49479166666666663,0.7374739281575898,0.6732098765432099
"TensorFlow, Deep Learning",Statistics,0.03125,0.10911016949152542,0.030190677966101694,0.9661016949152542,8.854368932038835,1.0,0.026780985169491525,26.281249999999986,0.9156762874929258,0.27403846153846156,0.9619500594530321,0.6214003620207339
"Python, Hadoop",Machine Learning,0.028072033898305086,0.08739406779661017,0.021716101694915255,0.7735849056603774,8.851686678101773,1.0,0.01926277246121804,4.030676200564972,0.9126470392769322,0.23163841807909605,0.7519026708571054,0.511034877072613
NumPy,"Statistics, Python",0.0423728813559322,0.08898305084745763,0.03336864406779661,0.7875000000000001,8.850000000000001,1.0,0.029598175811548406,4.28713858424726,0.9262536873156341,0.3405405405405406,0.7667441860465117,0.58125
Pandas,Machine Learning,0.03972457627118644,0.08739406779661017,0.03072033898305085,0.7733333333333334,8.848808080808082,1.0,0.027248646671215168,4.02620264207378,0.9236833596439507,0.3186813186813187,0.7516270071580577,0.5624242424242425
"Linux, Jenkins",Terraform,0.030190677966101694,0.07733050847457627,0.02065677966101695,0.6842105263157895,8.8478731074261,1.0,0.01832211918270612,2.921786723163842,0.9145905978238036,0.23780487804878048,0.6577436703124057,0.4756669069935112
"Statistics, Pandas",Tableau,0.037076271186440676,0.09851694915254237,0.0323093220338983,0.8714285714285714,8.84546850998464,1.0,0.028656680910657855,7.011534839924671,0.9210986672437735,0.31282051282051276,0.8573778747691791,0.5996927803379416
"Statistics, Deep Learning",Tableau,0.037076271186440676,0.09851694915254237,0.0323093220338983,0.8714285714285714,8.84546850998464,1.0,0.028656680910657855,7.011534839924671,0.9210986672437735,0.31282051282051276,0.8573778747691791,0.5996927803379416
"Deep Learning, Data Visualization",Statistics,0.030190677966101694,0.10911016949152542,0.02913135593220339,0.9649122807017544,8.843467893033555,1.0,0.02583724594225797,25.390360169491526,0.9145325455538453,0.2644230769230769,0.9606149738198052,0.6159512859819452
Hadoop,Machine Learning,0.034957627118644065,0.08739406779661017,0.02701271186440678,0.7727272727272728,8.841873278236916,1.0,0.023957622629991383,4.0154661016949165,0.9190288629172855,0.2833333333333333,0.7509629082467156,0.540909090909091
"NumPy, Pandas",Tableau,0.03283898305084746,0.09851694915254237,0.028601694915254237,0.8709677419354838,8.840790842872007,1.0,0.025366498491812696,6.9864936440677905,0.9170013386880856,0.27835051546391754,0.8568666843561653,0.5806451612903225
"Machine Learning, Deep Learning",Tableau,0.03283898305084746,0.09851694915254237,0.028601694915254237,0.8709677419354838,8.840790842872007,1.0,0.025366498491812696,6.9864936440677905,0.9170013386880856,0.27835051546391754,0.8568666843561653,0.5806451612903225
Django,"PostgreSQL, Python",0.09057203389830508,0.06885593220338983,0.05508474576271186,0.608187134502924,8.832748538011698,1.0,0.048848323937087046,2.3765020237794086,0.9751019219569015,0.5279187817258884,0.5792134868836863,0.7040935672514621
"PostgreSQL, Python",Django,0.06885593220338983,0.09057203389830508,0.05508474576271186,0.8,8.832748538011696,1.0,0.048848323937087046,4.547139830508476,0.9523606370875997,0.5279187817258884,0.7800815375655213,0.7040935672514621
"TensorFlow, Data Visualization",Tableau,0.0323093220338983,0.09851694915254237,0.028072033898305086,0.8688524590163935,8.81931958399436,1.0,0.02488901806233841,6.873808262711869,0.9162148485505676,0.2731958762886598,0.8545202365587256,0.5768993477877666
Jenkins,"Docker, Kubernetes",0.04078389830508475,0.06038135593220339,0.021716101694915255,0.5324675324675324,8.818409660514924,1.0,0.019253514615053147,2.0097398775894537,0.9242973158610659,0.2733333333333333,0.5024231687140368,0.446058327637275
"AWS, C#",Terraform,0.034957627118644065,0.07733050847457627,0.023834745762711863,0.6818181818181819,8.816936488169365,1.0,0.02113145468256248,2.8998184019370465,0.91869740212221,0.26946107784431134,0.6551508193299239,0.4950186799501868
Power BI,"Statistics, Data Visualization",0.059322033898305086,0.09216101694915255,0.048199152542372885,0.8125,8.816091954022989,1.0,0.04273197357081299,4.84180790960452,0.9424809424809424,0.4666666666666667,0.793465577596266,0.6677442528735632
"Statistics, Data Visualization",Power BI,0.09216101694915255,0.059322033898305086,0.048199152542372885,0.5229885057471264,8.816091954022987,1.0,0.04273197357081299,1.972023687972228,0.9765730185800197,0.4666666666666667,0.49290669980325147,0.6677442528735632
Redis,"PostgreSQL, Linux",0.0858050847457627,0.06514830508474577,0.04925847457627119,0.5740740740740741,8.81180367359229,1.0,0.043668418737431776,2.1948691967575535,0.9697230217171907,0.484375,0.5443919840520407,0.6650858175248419
"PostgreSQL, Linux",Redis,0.06514830508474577,0.0858050847457627,0.04925847457627119,0.7560975609756097,8.81180367359229,1.0,0.043668418737431776,3.7481991525423712,0.9482957141551678,0.484375,0.733205211542266,0.6650858175248419
Azure,"AWS, Python",0.03283898305084746,0.08421610169491525,0.024364406779661018,0.7419354838709677,8.809900588354637,1.0,0.02159883564349325,3.5486626059322037,0.9165912662507737,0.2628571428571429,0.7182036978301835,0.5156218299857984
"AWS, Linux",Kubernetes,0.07309322033898305,0.07733050847457627,0.04978813559322034,0.6811594202898551,8.808417708953742,1.0,0.04413579969836254,2.893827041602466,0.9563768996960486,0.49473684210526325,0.6544368458709796,0.6624975183641056
"AWS, Linux",Terraform,0.07309322033898305,0.07733050847457627,0.04978813559322034,0.6811594202898551,8.808417708953742,1.0,0.04413579969836254,2.893827041602466,0.9563768996960486,0.49473684210526325,0.6544368458709796,0.6624975183641056
Kubernetes,"AWS, Linux",0.07733050847457627,0.07309322033898305,0.04978813559322034,0.6438356164383562,8.808417708953742,1.0,0.04413579969836254,2.6024690352020863,0.960768986491438,0.49473684210526325,0.6157495107632094,0.6624975183641056
Terraform,"AWS, Linux",0.07733050847457627,0.07309322033898305,0.04978813559322034,0.6438356164383562,8.808417708953742,1.0,0.04413579969836254,2.6024690352020863,0.960768986491438,0.49473684210526325,0.6157495107632094,0.6624975183641056
TensorFlow,Statistics,0.04078389830508475,0.10911016949152542,0.03919491525423729,0.961038961038961,8.807968730298827,1.0,0.034744977197644356,22.866172316384173,0.9241571776083096,0.354066985645933,0.9562672761245888,0.6601311310049174
"Python, Pandas",Tableau,0.03177966101694915,0.09851694915254237,0.02754237288135593,0.8666666666666667,8.797132616487456,1.0,0.02441153763286412,6.761122881355933,0.9154182797508837,0.2680412371134021,0.8520955738347042,0.5731182795698925
Grafana,"Docker, Kubernetes",0.04396186440677966,0.06038135593220339,0.023305084745762712,0.5301204819277109,8.779539209469458,1.0,0.020650607763573685,1.999701216862234,0.9268446235205237,0.2875816993464052,0.49992529305497074,0.4580426971042063
Deep Learning,Tableau,0.03919491525423729,0.09851694915254237,0.03389830508474576,0.8648648648648649,8.778843359488521,1.0,0.03003694161160586,6.670974576271188,0.922236769570011,0.32653061224489793,0.8500968653730111,0.6044754431851206
"Statistics, TensorFlow",Tableau,0.03919491525423729,0.09851694915254237,0.03389830508474576,0.8648648648648649,8.778843359488521,1.0,0.03003694161160586,6.670974576271188,0.922236769570011,0.32653061224489793,0.8500968653730111,0.6044754431851206
"Power BI, Data Visualization",Tableau,0.05455508474576271,0.09851694915254237,0.047139830508474576,0.8640776699029126,8.770852907401608,1.0,0.04176522999856363,6.632339588377722,0.937110124948856,0.44499999999999995,0.8492236432295528,0.6712861467794132
Tableau,"Statistics, Python",0.09851694915254237,0.08898305084745763,0.07680084745762712,0.7795698924731183,8.760880696364568,1.0,0.06803450876185005,4.13290615957007,0.9826654240447343,0.6937799043062202,0.7580395098774694,0.8213325652841782
"Statistics, Python",Tableau,0.08898305084745763,0.09851694915254237,0.07680084745762712,0.8630952380952381,8.760880696364568,1.0,0.06803450876185005,6.584745762711866,0.9723817161186848,0.6937799043062202,0.8481338481338482,0.8213325652841782
"PostgreSQL, Redis",Django,0.06408898305084745,0.09057203389830508,0.05084745762711865,0.7933884297520662,8.75975061620995,1.0,0.045042788081729394,4.4016313559322064,0.9465018392756084,0.4897959183673471,0.7728115057495056,0.6773959692619981
Django,"PostgreSQL, Redis",0.09057203389830508,0.06408898305084745,0.05084745762711865,0.5614035087719299,8.759750616209947,1.0,0.045042788081729394,2.1338771186440684,0.9740645020384392,0.4897959183673471,0.5313694536284118,0.6773959692619981
Hadoop,"Machine Learning, SQL",0.034957627118644065,0.07097457627118645,0.021716101694915255,0.6212121212121213,8.752600633197648,1.0,0.019234998922723356,2.4526271186440685,0.9178335252068216,0.2578616352201258,0.5922739366296951,0.46359113523292633
"TensorFlow, NumPy",Tableau,0.034427966101694914,0.09851694915254237,0.029661016949152543,0.8615384615384616,8.745078577336642,1.0,0.026269278763286413,6.510710922787196,0.917228273646266,0.28717948717948716,0.846406942059116,0.5813068651778329
Power BI,"Python, Tableau",0.059322033898305086,0.0847457627118644,0.04396186440677966,0.7410714285714286,8.744642857142859,1.0,0.038934573398448726,3.534774985388662,0.9414957125800499,0.43915343915343913,0.7170965608465609,0.6299107142857143
"Python, Tableau",Power BI,0.0847457627118644,0.059322033898305086,0.04396186440677966,0.51875,8.744642857142857,1.0,0.038934573398448726,1.954655513977548,0.9676483712628291,0.43915343915343913,0.48840090090090094,0.6299107142857143
"SQL, TensorFlow",Statistics,0.034427966101694914,0.10911016949152542,0.03283898305084746,0.953846153846154,8.742046303211353,1.0,0.029082541834243036,19.30261299435035,0.9171871958664378,0.2966507177033493,0.9481935424860516,0.6274085138162809
"TensorFlow, NumPy",Statistics,0.034427966101694914,0.10911016949152542,0.03283898305084746,0.953846153846154,8.742046303211353,1.0,0.029082541834243036,19.30261299435035,0.9171871958664378,0.2966507177033493,0.9481935424860516,0.6274085138162809
"AWS, Hadoop",Machine Learning,0.02913135593220339,0.08739406779661017,0.022245762711864406,0.7636363636363637,8.737851239669421,1.0,0.01969985501651824,3.861025097783573,0.9121268802119866,0.23595505617977527,0.7410014245765842,0.509090909090909
TensorFlow,"Statistics, SQL",0.04078389830508475,0.09216101694915255,0.03283898305084746,0.8051948051948052,8.736826391998806,1.0,0.029080297507900033,4.660240112994352,0.9231933880764503,0.328042328042328,0.7854187819181986,0.5807583221376325
"Tableau, Pandas",Statistics,0.03389830508474576,0.10911016949152542,0.0323093220338983,0.9531249999999999,8.735436893203882,1.0,0.028610672220626254,19.00564971751408,0.916594765602531,0.29186602870813394,0.9473840665873958,0.6246207524271844
"Deep Learning, Tableau",Statistics,0.03389830508474576,0.10911016949152542,0.0323093220338983,0.9531249999999999,8.735436893203882,1.0,0.028610672220626254,19.00564971751408,0.916594765602531,0.29186602870813394,0.9473840665873958,0.6246207524271844
"SQL, Deep Learning",Statistics,0.03177966101694915,0.10911016949152542,0.030190677966101694,0.9500000000000001,8.706796116504854,1.0,0.02672319376615915,17.817796610169516,0.9142001612345965,0.2727272727272727,0.9438763376932224,0.6133495145631068
Ansible,"Kubernetes, Terraform",0.0413135593220339,0.06038135593220339,0.021716101694915255,0.5256410256410257,8.70535312640576,1.0,0.019221532964665326,1.9808176820888685,0.9232717962538742,0.271523178807947,0.4951579799381378,0.4426450742240216
"MongoDB, Redis",Django,0.0625,0.09057203389830508,0.04925847457627119,0.788135593220339,8.701754385964913,1.0,0.04359772245762712,4.2925,0.9440860215053765,0.4744897959183674,0.76703552708212,0.665997621171573
Django,"MongoDB, Redis",0.09057203389830508,0.0625,0.04925847457627119,0.543859649122807,8.701754385964913,1.0,0.04359772245762712,2.0552884615384617,0.9732278730719373,0.4744897959183674,0.5134502923976608,0.665997621171573
"Machine Learning, NumPy",Tableau,0.03336864406779661,0.09851694915254237,0.028601694915254237,0.8571428571428571,8.700460829493087,1.0,0.025314317904337833,6.3103813559322015,0.9156164383561642,0.27692307692307694,0.8415309719657545,0.5737327188940092
TensorFlow,Tableau,0.04078389830508475,0.09851694915254237,0.034957627118644065,0.857142857142857,8.700460829493085,1.0,0.03093972188307957,6.310381355932196,0.9226946438431807,0.33502538071065985,0.8415309719657544,0.6059907834101381
"Deep Learning, Pandas",Statistics,0.03125,0.10911016949152542,0.029661016949152543,0.9491525423728814,8.699029126213592,1.0,0.026251324152542374,17.520833333333343,0.913594470046083,0.2679425837320575,0.9429250891795482,0.6104986012835281
"SQL, Pandas",Statistics,0.03125,0.10911016949152542,0.029661016949152543,0.9491525423728814,8.699029126213592,1.0,0.026251324152542374,17.520833333333343,0.913594470046083,0.2679425837320575,0.9429250891795482,0.6104986012835281
"PostgreSQL, Node.js",Redis,0.06673728813559322,0.0858050847457627,0.04978813559322034,0.746031746031746,8.694493435234177,1.0,0.044061736929043374,3.5996424788135593,0.9482696162484604,0.4845360824742269,0.7221946329709945,0.6631393298059964
Redis,"PostgreSQL, Node.js",0.0858050847457627,0.06673728813559322,0.04978813559322034,0.5802469135802469,8.694493435234175,1.0,0.044061736929043374,2.223361166500499,0.9680481250462266,0.4845360824742269,0.5502305180700944,0.6631393298059964
Prometheus,"Docker, AWS",0.03866525423728814,0.06302966101694915,0.0211864406779661,0.547945205479452,8.693449982732819,1.0,0.018749382810255674,2.0726919619928093,0.920564738292011,0.2631578947368421,0.5175356404438697,0.4420398296304823
"Data Visualization, Pandas",Statistics,0.030190677966101694,0.10911016949152542,0.028601694915254237,0.9473684210526316,8.682677567705673,1.0,0.02530758492530882,16.926906779661035,0.9123733236240064,0.2583732057416268,0.9409224607297078,0.6047521716913644
Tableau,"Python, Data Visualization",0.09851694915254237,0.08739406779661017,0.0746822033898305,0.7580645161290323,8.674095796676442,1.0,0.06607240645647802,3.772104519774011,0.9813986048953672,0.6714285714285714,0.7348959991013424,0.8063049853372434
"Python, Data Visualization",Tableau,0.08739406779661017,0.09851694915254237,0.0746822033898305,0.8545454545454545,8.674095796676442,1.0,0.06607240645647802,6.197695974576269,0.9694372754102816,0.6714285714285714,0.8386497169105864,0.8063049853372434
"Django, PostgreSQL",Redis,0.06832627118644068,0.0858050847457627,0.05084745762711865,0.744186046511628,8.672983060579961,1.0,0.044984716137604144,3.573671032357474,0.9495807276861853,0.49230769230769234,0.7201756986175862,0.6683893195521103
Redis,"Django, PostgreSQL",0.0858050847457627,0.06832627118644068,0.05084745762711865,0.5925925925925927,8.672983060579961,1.0,0.044984716137604144,2.286835516178737,0.9677360950173814,0.49230769230769234,0.5627145052955174,0.6683893195521103
Deep Learning,Statistics,0.03919491525423729,0.10911016949152542,0.037076271186440676,0.9459459459459459,8.669640514300708,1.0,0.03279970733984487,16.48146186440678,0.9207434241612853,0.3333333333333333,0.9393257704791593,0.6428758855943322
"Statistics, Pandas",Machine Learning,0.037076271186440676,0.08739406779661017,0.028072033898305086,0.7571428571428572,8.663549783549785,1.0,0.024831787740591787,3.757789132602195,0.9186333727712395,0.29120879120879123,0.733886079097919,0.5391774891774892
Pandas,Tableau,0.03972457627118644,0.09851694915254237,0.03389830508474576,0.8533333333333334,8.661792114695341,1.0,0.029984761024130998,6.146475346687213,0.9211424434638721,0.3248730964467005,0.8373051312181747,0.5987096774193549
Grafana,"AWS, Kubernetes",0.04396186440677966,0.05985169491525424,0.022775423728813558,0.5180722891566265,8.655933468386822,1.0,0.02014423163243321,1.9508077330508475,0.9251433356954197,0.2810457516339869,0.4873918208043442,0.44930163130397693
Ansible,"AWS, Terraform",0.0413135593220339,0.059322033898305086,0.0211864406779661,0.5128205128205128,8.644688644688644,1.0,0.018735636311404767,1.930865298840321,0.9224309392265194,0.2666666666666666,0.482097482097482,0.43498168498168494
Pandas,"Machine Learning, SQL",0.03972457627118644,0.07097457627118645,0.024364406779661018,0.6133333333333334,8.641592039800996,1.0,0.021544971811261134,2.4026519579193457,0.9208614115446414,0.2822085889570552,0.5837932345115926,0.4783084577114428
"Linux, Redis",Django,0.06567796610169492,0.09057203389830508,0.0513771186440678,0.782258064516129,8.636860969628373,1.0,0.04542853167193335,4.176632140615191,0.9463730509385884,0.48989898989898994,0.7605726417043981,0.6747547632522166
Django,"Linux, Redis",0.09057203389830508,0.06567796610169492,0.0513771186440678,0.5672514619883041,8.636860969628371,1.0,0.04542853167193335,2.1590414567109484,0.9722784285705707,0.48989898989898994,0.5368314967312461,0.6747547632522166
"Statistics, Data Visualization",Tableau,0.09216101694915255,0.09851694915254237,0.07838983050847458,0.8505747126436781,8.633790631565937,1.0,0.06931040828784832,6.033001955671446,0.9739348449966886,0.6981132075471699,0.834245039642341,0.8231368186874304
Tableau,"Statistics, Data Visualization",0.09851694915254237,0.09216101694915255,0.07838983050847458,0.7956989247311828,8.633790631565937,1.0,0.06931040828784832,4.443632917038357,0.9808016006605901,0.6981132075471699,0.7749589089220963,0.8231368186874304
"SQL, Deep Learning",Tableau,0.03177966101694915,0.09851694915254237,0.02701271186440678,0.8500000000000001,8.627956989247313,1.0,0.023881876615914968,6.009887005649721,0.9131162311751834,0.26153846153846155,0.8336075205640424,0.5620967741935484
Deep Learning,"Python, Tableau",0.03919491525423729,0.0847457627118644,0.028601694915254237,0.7297297297297297,8.610810810810811,1.0,0.02528009192760701,3.3864406779661014,0.9199232308383355,0.3,0.7047047047047047,0.5336148648648649
"SQL, Pandas",Tableau,0.03125,0.09851694915254237,0.026483050847457626,0.847457627118644,8.602150537634408,1.0,0.023404396186440676,5.9097222222222205,0.912258064516129,0.25641025641025633,0.8307873090481785,0.5581374157098596
Grafana,"Docker, AWS",0.04396186440677966,0.06302966101694915,0.023834745762711863,0.5421686746987951,8.601802166649792,1.0,0.02106384435147946,2.046540477252453,0.9243828870421668,0.28662420382165604,0.5113705244948136,0.4601599676014984
Tableau,"SQL, Data Visualization",0.09851694915254237,0.08898305084745763,0.07521186440677965,0.7634408602150536,8.579621095750127,1.0,0.06644552571100258,3.851117103235745,0.9799904006885023,0.6698113207547169,0.7403350837709426,0.8043394777265744
"SQL, Data Visualization",Tableau,0.08898305084745763,0.09851694915254237,0.07521186440677965,0.8452380952380952,8.579621095750127,1.0,0.06644552571100258,5.8249674054758795,0.969734687192925,0.6698113207547169,0.8283252196295674,0.8043394777265744
"Machine Learning, Deep Learning",Statistics,0.03283898305084746,0.10911016949152542,0.03072033898305085,0.9354838709677419,8.573755089257752,1.0,0.027137271976443552,13.808792372881344,0.9133587642104468,0.2761904761904762,0.927582371217061,0.6085186345129971
"NumPy, Pandas",Statistics,0.03283898305084746,0.10911016949152542,0.03072033898305085,0.9354838709677419,8.573755089257752,1.0,0.027137271976443552,13.808792372881344,0.9133587642104468,0.2761904761904762,0.927582371217061,0.6085186345129971
"Django, Git",Redis,0.07203389830508475,0.0858050847457627,0.05296610169491525,0.7352941176470588,8.569353667392884,1.0,0.046785226946279804,3.4536252354048953,0.9518721461187215,0.5050505050505051,0.71044918546793,0.6762890341321713
Redis,"Django, Git",0.0858050847457627,0.07203389830508475,0.05296610169491525,0.6172839506172839,8.569353667392882,1.0,0.046785226946279804,2.4246856205576814,0.9662108922363848,0.5050505050505051,0.5875753988387169,0.6762890341321713
Jenkins,Terraform,0.04078389830508475,0.07733050847457627,0.02701271186440678,0.6623376623376623,8.56502401707881,1.0,0.023858872270899167,2.732521186440678,0.9207999047216899,0.2965116279069767,0.634037604186858,0.5058263654154065
Django,"Redis, Git",0.09057203389830508,0.06832627118644068,0.05296610169491525,0.5847953216374269,8.558864862414433,1.0,0.04677765234487216,2.2438902482692766,0.9711182294700058,0.5,0.5543454049183979,0.6799945600435195
"Redis, Git",Django,0.06832627118644068,0.09057203389830508,0.05296610169491525,0.7751937984496123,8.558864862414433,1.0,0.04677765234487216,4.045386469900642,0.9479306424104604,0.5,0.7528048290465161,0.6799945600435195
NumPy,"Python, Tableau",0.0423728813559322,0.0847457627118644,0.03072033898305085,0.7250000000000001,8.555000000000001,1.0,0.027129416834243036,3.3281972265023123,0.9221849252364969,0.3186813186813187,0.6995370370370372,0.5437500000000001
"Deep Learning, Python",Statistics,0.03177966101694915,0.10911016949152542,0.029661016949152543,0.9333333333333333,8.554045307443365,1.0,0.026193532749209998,13.363347457627121,0.9120819005939356,0.26666666666666666,0.9251684502576298,0.6025889967637541
"NumPy, Data Visualization",Statistics,0.03177966101694915,0.10911016949152542,0.029661016949152543,0.9333333333333333,8.554045307443365,1.0,0.026193532749209998,13.363347457627121,0.9120819005939356,0.26666666666666666,0.9251684502576298,0.6025889967637541
"Machine Learning, Data Visualization",Statistics,0.03177966101694915,0.10911016949152542,0.029661016949152543,0.9333333333333333,8.554045307443365,1.0,0.026193532749209998,13.363347457627121,0.9120819005939356,0.26666666666666666,0.9251684502576298,0.6025889967637541
Pandas,Statistics,0.03972457627118644,0.10911016949152542,0.037076271186440676,0.9333333333333333,8.554045307443365,1.0,0.032741915936512496,13.363347457627121,0.919628082893389,0.33175355450236965,0.9251684502576298,0.6365695792880259
"Git, Jenkins",Terraform,0.03125,0.07733050847457627,0.02065677966101695,0.6610169491525424,8.547945205479452,1.0,0.018240201271186442,2.7218750000000003,0.9114971050454922,0.23493975903614459,0.6326061997703789,0.4640701184118876
"Data Visualization, Pandas",Tableau,0.030190677966101694,0.09851694915254237,0.025423728813559324,0.8421052631578948,8.547821165817771,1.0,0.022449435327492103,5.709392655367234,0.9104997269251774,0.2461538461538462,0.8248500216463603,0.5500848896434636
Django,"SQL, Redis",0.09057203389830508,0.06091101694915254,0.047139830508474576,0.52046783625731,8.54472412916349,1.0,0.0416229958165757,1.9583440988011576,0.9709056166687389,0.45177664974619297,0.4893645092238022,0.6471904398677855
"SQL, Redis",Django,0.06091101694915254,0.09057203389830508,0.047139830508474576,0.7739130434782608,8.54472412916349,1.0,0.0416229958165757,4.022469850065189,0.9402396750255075,0.45177664974619297,0.7513965207262414,0.6471904398677855
Ansible,"Linux, Terraform",0.0413135593220339,0.06302966101694915,0.022245762711864406,0.5384615384615384,8.542986425339366,1.0,0.01964178307239299,2.0301024011299433,0.9209944751381216,0.27096774193548384,0.5074140105231116,0.4457013574660633
TensorFlow,"SQL, Tableau",0.04078389830508475,0.08209745762711865,0.028601694915254237,0.7012987012987013,8.542270632593214,1.0,0.025253440552283825,3.0729780766396466,0.9204756938053459,0.30337078651685395,0.6745827744096642,0.5248428990364474
"NumPy, Deep Learning",Statistics,0.03072033898305085,0.10911016949152542,0.028601694915254237,0.9310344827586207,8.532976230331435,1.0,0.025249793521976444,12.917902542372877,0.9107872900222627,0.2571428571428571,0.9225880519906515,0.5965852025443589
"NumPy, Python",Tableau,0.036546610169491525,0.09851694915254237,0.03072033898305085,0.8405797101449276,8.532335982546362,1.0,0.027119878447285264,5.654757318952236,0.9162859471858354,0.29441624365482233,0.823157751324103,0.5762038335670875
Data Visualization,"Python, Tableau",0.10328389830508475,0.0847457627118644,0.0746822033898305,0.7230769230769231,8.532307692307693,1.0,0.06592933065211146,3.3050847457627115,0.9844792700858354,0.6588785046728971,0.6974358974358974,0.8021634615384615
"Python, Tableau",Data Visualization,0.0847457627118644,0.10328389830508475,0.0746822033898305,0.88125,8.532307692307691,1.0,0.06592933065211146,7.55129348795718,0.9645390070921986,0.6588785046728971,0.8675723567631424,0.8021634615384615
"Statistics, Tableau",Power BI,0.09004237288135593,0.059322033898305086,0.045550847457627115,0.5058823529411764,8.527731092436975,1.0,0.04020935076127549,1.9037530266343825,0.970084197417224,0.4387755102040816,0.4747217806041335,0.6368697478991596
Power BI,"Statistics, Tableau",0.059322033898305086,0.09004237288135593,0.045550847457627115,0.7678571428571428,8.527731092436975,1.0,0.04020935076127549,3.919817470664927,0.9384035197988686,0.4387755102040816,0.744886080159654,0.6368697478991596
Tableau,Power BI,0.09851694915254237,0.059322033898305086,0.04978813559322034,0.5053763440860215,8.519201228878648,1.0,0.04394390979603562,1.9018054532056006,0.979073430507288,0.4607843137254902,0.47418386128063544,0.672331029185868
Power BI,Tableau,0.059322033898305086,0.09851694915254237,0.04978813559322034,0.8392857142857143,8.519201228878648,1.0,0.04394390979603562,5.609227871939737,0.938278704236151,0.4607843137254902,0.8217223434614739,0.672331029185868
"Node.js, Redis",Django,0.0625,0.09057203389830508,0.048199152542372885,0.7711864406779662,8.514619883040936,1.0,0.04253840042372882,3.974537037037038,0.9413919413919414,0.4595959595959596,0.7483983692486896,0.6516750916840124
Django,"Node.js, Redis",0.09057203389830508,0.0625,0.048199152542372885,0.5321637426900585,8.514619883040936,1.0,0.04253840042372882,2.00390625,0.9704506326521469,0.4595959595959596,0.5009746588693957,0.6516750916840124
"Statistics, SQL",Data Visualization,0.09216101694915255,0.10328389830508475,0.08103813559322035,0.8793103448275862,8.513527851458885,1.0,0.07151938649095088,7.429933414043582,0.9721326103370169,0.7083333333333334,0.8654092918100902,0.8319628647214854
Data Visualization,"Statistics, SQL",0.10328389830508475,0.09216101694915255,0.08103813559322035,0.7846153846153846,8.513527851458885,1.0,0.07151938649095088,4.214966707021792,0.9841909593134359,0.7083333333333334,0.7627502019567364,0.8319628647214854
"Machine Learning, Statistics",Tableau,0.036016949152542374,0.09851694915254237,0.030190677966101694,0.838235294117647,8.50853889943074,1.0,0.026642398017810973,5.572804314329735,0.9154424522845576,0.2893401015228426,0.8205571300200455,0.5723434535104364
Deep Learning,"Statistics, Python",0.03919491525423729,0.08898305084745763,0.029661016949152543,0.7567567567567568,8.504504504504505,1.0,0.026173333812122952,3.7452919020715636,0.9184123484013229,0.30107526881720437,0.7329981143934633,0.545045045045045
"Docker, Bash",Terraform,0.03072033898305085,0.07733050847457627,0.020127118644067795,0.6551724137931033,8.4723665564478,1.0,0.017751499209997124,2.675741525423728,0.9099223468507333,0.2289156626506024,0.6262718239043508,0.45772319319792154
"Bash, Git",Terraform,0.03072033898305085,0.07733050847457627,0.020127118644067795,0.6551724137931033,8.4723665564478,1.0,0.017751499209997124,2.675741525423728,0.9099223468507333,0.2289156626506024,0.6262718239043508,0.45772319319792154
"SQL, NumPy",Statistics,0.034427966101694914,0.10911016949152542,0.03177966101694915,0.9230769230769231,8.460044809559372,1.0,0.028023219800344727,11.581567796610177,0.9132382519656244,0.2843601895734597,0.913655904143419,0.6071695294996267
"Machine Learning, Data Visualization",Tableau,0.03177966101694915,0.09851694915254237,0.026483050847457626,0.8333333333333334,8.45878136200717,1.0,0.023352215598965814,5.408898305084747,0.9107221006564552,0.25510204081632654,0.8151194672933804,0.5510752688172043
"NumPy, Data Visualization",Tableau,0.03177966101694915,0.09851694915254237,0.026483050847457626,0.8333333333333334,8.45878136200717,1.0,0.023352215598965814,5.408898305084747,0.9107221006564552,0.25510204081632654,0.8151194672933804,0.5510752688172043
Hadoop,"AWS, Python",0.034957627118644065,0.08421610169491525,0.02489406779661017,0.7121212121212122,8.455879550219173,1.0,0.021950072716173514,3.1811440677966107,0.9136791461335451,0.26404494382022475,0.6856476856476857,0.5038593481989708
Statistics,"SQL, Tableau",0.10911016949152542,0.08209745762711865,0.07574152542372882,0.6941747572815534,8.455496398371437,1.0,0.06678385790721057,3.0013956147430725,0.9897225247998137,0.6559633027522935,0.6668216628664587,0.8083777012214219
"SQL, Tableau",Statistics,0.08209745762711865,0.10911016949152542,0.07574152542372882,0.9225806451612903,8.455496398371437,1.0,0.06678385790721057,11.507326977401133,0.9605962416118216,0.6559633027522935,0.9130988454604734,0.8083777012214219
C#,Kubernetes,0.03972457627118644,0.07733050847457627,0.025953389830508475,0.6533333333333333,8.448584474885845,1.0,0.02288146814852054,2.6615466101694913,0.9181084458052389,0.28488372093023256,0.6242786069651741,0.49447488584474886
Django,"Python, Redis",0.09057203389830508,0.07203389830508475,0.05508474576271186,0.608187134502924,8.443068455452357,1.0,0.04856048908359667,2.368391095370605,0.9693562116392634,0.5123152709359606,0.5777724371812332,0.6864465084279325
"Python, Redis",Django,0.07203389830508475,0.09057203389830508,0.05508474576271186,0.7647058823529411,8.443068455452357,1.0,0.04856048908359667,3.865068855932203,0.9499912188268353,0.5123152709359606,0.7412723971359073,0.6864465084279325
"Django, Docker",Redis,0.06514830508474577,0.0858050847457627,0.047139830508474576,0.7235772357723577,8.432801365050688,1.0,0.041549774669635164,3.3072345463609163,0.9428398637680238,0.4540816326530612,0.6976325730812349,0.6364799759108701
Redis,"Django, Docker",0.0858050847457627,0.06514830508474577,0.047139830508474576,0.5493827160493827,8.432801365050686,1.0,0.041549774669635164,2.0746023914557696,0.9641438931347404,0.4540816326530612,0.5179799251565068,0.6364799759108701
"SQL, TensorFlow",Tableau,0.034427966101694914,0.09851694915254237,0.028601694915254237,0.8307692307692308,8.432754342431762,1.0,0.025209956729388108,5.326945300462251,0.9128420796001707,0.27411167512690354,0.8122751514055863,0.5605459057071961
"Statistics, Tableau",Data Visualization,0.09004237288135593,0.10328389830508475,0.07838983050847458,0.8705882352941177,8.429079939668174,1.0,0.06908990322464809,6.929169876733437,0.9685759682849322,0.6820276497695852,0.8556825683610716,0.8147812971342383
Data Visualization,"Statistics, Tableau",0.10328389830508475,0.09004237288135593,0.07838983050847458,0.7589743589743589,8.429079939668174,1.0,0.06908990322464809,3.7753561125135224,0.9828786258201498,0.6820276497695852,0.7351243246470254,0.8147812971342383
Big Data,"AWS, Python",0.03283898305084746,0.08421610169491525,0.023305084745762712,0.7096774193548386,8.426861432339216,1.0,0.020539513609594943,3.1543667608286245,0.9112565966344717,0.24858757062146894,0.6829791600589562,0.4932034895516332
"Machine Learning, Tableau",Statistics,0.03283898305084746,0.10911016949152542,0.030190677966101694,0.9193548387096773,8.425931725649857,1.0,0.026607610959494397,11.047033898305065,0.9112430583578333,0.2701421800947867,0.9094779640213262,0.5980269339179454
Statistics,"Tableau, Data Visualization",0.10911016949152542,0.08527542372881355,0.07838983050847458,0.7184466019417476,8.425013568111922,1.0,0.06908541457196207,3.2488493571011103,0.9892422148664716,0.6757990867579908,0.6921987171198722,0.8188506301634204
"Tableau, Data Visualization",Statistics,0.08527542372881355,0.10911016949152542,0.07838983050847458,0.9192546583850932,8.425013568111922,1.0,0.06908541457196207,11.033327900912656,0.9634657819371194,0.6757990867579908,0.9093655142871915,0.8188506301634204
"Statistics, Python",Data Visualization,0.08898305084745763,0.10328389830508475,0.07733050847457627,0.8690476190476191,8.414163614163614,1.0,0.06813999209997128,6.847650231124808,0.967218859509398,0.6728110599078341,0.8539645036987034,0.8088827838827839
Data Visualization,"Statistics, Python",0.10328389830508475,0.08898305084745763,0.07733050847457627,0.7487179487179487,8.414163614163614,1.0,0.06813999209997128,3.6254756139744035,0.9826440864478231,0.6728110599078341,0.7241741204531902,0.8088827838827839
"AWS, Git",Terraform,0.03177966101694915,0.07733050847457627,0.02065677966101695,0.65,8.405479452054795,1.0,0.018199242315426602,2.6361985472154967,0.9099478202322842,0.23353293413173654,0.6206659012629162,0.4585616438356165
"Python, Pandas",Statistics,0.03177966101694915,0.10911016949152542,0.02913135593220339,0.9166666666666666,8.401294498381876,1.0,0.025663871732260844,10.69067796610169,0.9098866122936144,0.2606635071090047,0.9064605628220372,0.5918284789644013
Deep Learning,"SQL, Tableau",0.03919491525423729,0.08209745762711865,0.02701271186440678,0.6891891891891893,8.394768962510899,1.0,0.023794908970123527,2.9532516580692714,0.9168125905268392,0.28651685393258425,0.6613901841830291,0.5091107236268527
"Power BI, Tableau",Statistics,0.04978813559322034,0.10911016949152542,0.045550847457627115,0.9148936170212766,8.385044412311506,1.0,0.04011845554438379,10.467955508474574,0.9268880765341837,0.4018691588785046,0.9044703620310167,0.6661846725883082
Scala,"AWS, Python",0.036016949152542374,0.08421610169491525,0.025423728813559324,0.7058823529411765,8.381798002219757,1.0,0.022390521760988224,3.1136652542372887,0.9135989010989011,0.26815642458100564,0.6788350967917532,0.5038845726970034
Data Visualization,Tableau,0.10328389830508475,0.09851694915254237,0.08527542372881355,0.8256410256410256,8.380700303280948,1.0,0.07510020917121517,5.170270438683946,0.9821148829854754,0.7318181818181818,0.8065865196299978,0.8456162117452439
Tableau,Data Visualization,0.09851694915254237,0.10328389830508475,0.08527542372881355,0.8655913978494623,8.380700303280948,1.0,0.07510020917121517,6.671567796610164,0.9769215610425441,0.7318181818181818,0.8501101944121587,0.8456162117452439
Statistics,Tableau,0.10911016949152542,0.09851694915254237,0.09004237288135593,0.8252427184466019,8.376657271113894,1.0,0.07929317186153403,5.158486346516007,0.9884731062460655,0.7657657657657657,0.8061446841522822,0.8696106065351289
"SQL, Power BI",Statistics,0.04925847457627119,0.10911016949152542,0.045021186440677964,0.9139784946236559,8.376657271113894,1.0,0.03964658593076702,10.356594279661014,0.9262461084712437,0.397196261682243,0.9034431616227481,0.6632999269234784
Tableau,Statistics,0.09851694915254237,0.10911016949152542,0.09004237288135593,0.9139784946236559,8.376657271113894,1.0,0.07929317186153403,10.356594279661014,0.9768576760904126,0.7657657657657657,0.9034431616227481,0.8696106065351289
"Machine Learning, Pandas",Statistics,0.03072033898305085,0.10911016949152542,0.028072033898305086,0.9137931034482759,8.374958151991965,1.0,0.024720132505027293,10.334322033898312,0.9085060315496443,0.25118483412322273,0.9032350649883144,0.5855373284231671
NumPy,Tableau,0.0423728813559322,0.09851694915254237,0.034957627118644065,0.825,8.374193548387096,1.0,0.03078318012065498,5.151331719128328,0.919549477071601,0.3299999999999999,0.8058754406580493,0.5899193548387096
"NumPy, Python",Statistics,0.036546610169491525,0.10911016949152542,0.03336864406779661,0.9130434782608696,8.368087800759815,1.0,0.029381037237862683,10.245233050847464,0.9138982695882091,0.2971698113207547,0.9023936307708216,0.6094343604896582
NumPy,Statistics,0.0423728813559322,0.10911016949152542,0.03866525423728814,0.9125000000000001,8.363106796116506,1.0,0.03404194197069808,10.181598062954006,0.9193841677779124,0.34272300469483574,0.9017835909631392,0.6334344660194176
Deep Learning,"Statistics, SQL",0.03919491525423729,0.09216101694915255,0.030190677966101694,0.7702702702702703,8.357875116495807,1.0,0.026578434717035335,3.9517696909272186,0.9162653049381999,0.29842931937172773,0.7469488157936233,0.548928238583411
Spark,"AWS, Python",0.03389830508474576,0.08421610169491525,0.023834745762711863,0.703125,8.349056603773585,1.0,0.020979962654409653,3.0847457627118646,0.9111111111111112,0.25280898876404495,0.6758241758241759,0.4930719339622641
Serverless,"AWS, Python",0.03389830508474576,0.08421610169491525,0.023834745762711863,0.703125,8.349056603773585,1.0,0.020979962654409653,3.0847457627118646,0.9111111111111112,0.25280898876404495,0.6758241758241759,0.4930719339622641
Statistics,"SQL, Data Visualization",0.10911016949152542,0.08898305084745763,0.08103813559322035,0.7427184466019418,8.346740638002775,1.0,0.07132917983338122,3.5409338023664856,0.9879928190063184,0.6923076923076924,0.717588620456085,0.8267163661581138
"SQL, Data Visualization",Statistics,0.08898305084745763,0.10911016949152542,0.08103813559322035,0.9107142857142858,8.346740638002775,1.0,0.07132917983338122,9.977966101694927,0.9661650706794346,0.6923076923076924,0.8997791744521829,0.8267163661581138
"Statistics, NumPy",Tableau,0.03866525423728814,0.09851694915254237,0.03177966101694915,0.821917808219178,8.342907644719398,1.0,0.027970478131284112,5.062174054758799,0.9155371900826447,0.3015075376884422,0.8024564171079954,0.5722492266902341
"Statistics, SQL",Tableau,0.09216101694915255,0.09851694915254237,0.07574152542372882,0.8218390804597702,8.342108515634656,1.0,0.06666210320310256,5.059937124111538,0.9694739333012378,0.6589861751152075,0.8023690857274066,0.7953281423804228
Tableau,"Statistics, SQL",0.09851694915254237,0.09216101694915255,0.07574152542372882,0.7688172043010754,8.342108515634656,1.0,0.06666210320310256,3.9269314150571555,0.9763092371788025,0.6589861751152075,0.7453482390434248,0.7953281423804228
"Django, MongoDB",Redis,0.06885593220338983,0.0858050847457627,0.04925847457627119,0.7153846153846154,8.337321937321938,1.0,0.04335028547831083,3.212036188731104,0.9451356013064699,0.46733668341708556,0.6886710045458598,0.6447293447293447
Redis,"Django, MongoDB",0.0858050847457627,0.06885593220338983,0.04925847457627119,0.5740740740740741,8.337321937321938,1.0,0.04335028547831083,2.1861643330876936,0.9626583934512019,0.46733668341708556,0.542577845194455,0.6447293447293447
"NumPy, Tableau",Statistics,0.034957627118644065,0.10911016949152542,0.03177966101694915,0.9090909090909092,8.331862312444837,1.0,0.02796542839701235,9.799788135593229,0.9118551042810098,0.2830188679245283,0.8979569776240407,0.6001765225066196
NumPy,"Statistics, Tableau",0.0423728813559322,0.09004237288135593,0.03177966101694915,0.75,8.329411764705883,1.0,0.02796430623384085,3.639830508474576,0.9188790560471977,0.31578947368421056,0.7252619324796274,0.5514705882352942
"Bash, Kubernetes",Terraform,0.03125,0.07733050847457627,0.020127118644067795,0.6440677966101694,8.32876712328767,1.0,0.017710540254237288,2.5922619047619047,0.9083191850594228,0.2275449101796407,0.6142365097588978,0.4521708846064546
"Docker, Redis",Django,0.0625,0.09057203389830508,0.047139830508474576,0.7542372881355932,8.32748538011696,1.0,0.04147907838983051,3.7004310344827585,0.9385767790262173,0.44499999999999995,0.7297612114152592,0.6373525621964515
Django,"Docker, Redis",0.09057203389830508,0.0625,0.047139830508474576,0.52046783625731,8.32748538011696,1.0,0.04147907838983051,1.955030487804878,0.9675485724382088,0.44499999999999995,0.48849902534113065,0.6373525621964515
TensorFlow,"Statistics, Data Visualization",0.04078389830508475,0.09216101694915255,0.03125,0.7662337662337662,8.31407672786983,1.0,0.027491314457052572,3.8835334274952906,0.917126037679342,0.30729166666666663,0.7425025383018381,0.5526571130019405
"Bash, Linux",Kubernetes,0.037076271186440676,0.07733050847457627,0.023834745762711863,0.6428571428571429,8.313111545988258,1.0,0.020967618859523123,2.583474576271187,0.9135802469135801,0.2631578947368421,0.6129243890437921,0.47553816046966735
"Python, Tableau",Statistics,0.0847457627118644,0.10911016949152542,0.07680084745762712,0.9062500000000001,8.305825242718447,1.0,0.067554222924447,9.502824858757073,0.9610472541507025,0.656108597285068,0.8947681331747921,0.8050667475728156
Statistics,"Python, Tableau",0.10911016949152542,0.0847457627118644,0.07680084745762712,0.7038834951456311,8.305825242718447,1.0,0.067554222924447,3.0908585718255073,0.9873303538480463,0.656108597285068,0.676465300251708,0.8050667475728156
"MongoDB, Linux",Redis,0.06991525423728813,0.0858050847457627,0.04978813559322034,0.7121212121212122,8.299289188178077,1.0,0.04378905127836828,3.1756244424620874,0.9456210924247564,0.47000000000000014,0.6851013027142807,0.6461840628507296
Redis,"MongoDB, Linux",0.0858050847457627,0.06991525423728813,0.04978813559322034,0.5802469135802469,8.299289188178077,1.0,0.04378905127836828,2.2157901296111664,0.9620571484923942,0.47000000000000014,0.5486937202958464,0.6461840628507296
Bash,Kubernetes,0.048728813559322036,0.07733050847457627,0.03125,0.6413043478260869,8.293031566408576,1.0,0.0274817760700948,2.572290703646636,0.9244649126118304,0.329608938547486,0.611241451604852,0.5227069684335914
"Machine Learning, NumPy",Statistics,0.03336864406779661,0.10911016949152542,0.030190677966101694,0.9047619047619047,8.29218677762367,1.0,0.02654981955616202,9.354343220338972,0.9097620764239366,0.2688679245283019,0.8930977860823281,0.5907304669440592
Redis,"Django, Node.js",0.0858050847457627,0.06779661016949153,0.048199152542372885,0.5617283950617284,8.285493827160495,1.0,0.04238185866130423,2.126999283838625,0.9618376988017777,0.45728643216080417,0.5298540965207633,0.6363329475308642
"Django, Node.js",Redis,0.06779661016949153,0.0858050847457627,0.048199152542372885,0.7109375,8.285493827160494,1.0,0.04238185866130423,3.16262024736601,0.9432567432567432,0.45728643216080417,0.6838064889918888,0.6363329475308642
"SQL, NumPy",Tableau,0.034427966101694914,0.09851694915254237,0.028072033898305086,0.8153846153846155,8.276592224979323,1.0,0.024680295712438956,4.883033192090398,0.9105248450097808,0.2676767676767677,0.7952092560788214,0.5501654259718777
"Django, Linux",Redis,0.0725635593220339,0.0858050847457627,0.0513771186440678,0.708029197080292,8.251599531404885,1.0,0.0451507962869865,3.1311175847457626,0.9475704604732494,0.48019801980198024,0.6806252167367274,0.6533973145895288
Redis,"Django, Linux",0.0858050847457627,0.0725635593220339,0.0513771186440678,0.5987654320987655,8.251599531404885,1.0,0.0451507962869865,2.311456975228162,0.9612954092054807,0.48019801980198024,0.5673724362092916,0.6533973145895288
Django,Redis,0.09057203389830508,0.0858050847457627,0.06408898305084745,0.7076023391812866,8.24662479243376,1.0,0.05631744200660729,3.1265466101694916,0.9662538446358004,0.570754716981132,0.680158294538974,0.7272579597141
Redis,Django,0.0858050847457627,0.09057203389830508,0.06408898305084745,0.7469135802469136,8.24662479243376,1.0,0.05631744200660729,3.593349524596941,0.9612154410426822,0.570754716981132,0.7217081185242707,0.7272579597141
Jenkins,"Docker, AWS",0.04078389830508475,0.06302966101694915,0.0211864406779661,0.5194805194805194,8.241842191422023,1.0,0.018615845392846882,1.9499112459917542,0.9160270568746549,0.2564102564102564,0.4871561451550145,0.427807486631016
Pandas,"Statistics, Python",0.03972457627118644,0.08898305084745763,0.02913135593220339,0.7333333333333333,8.24126984126984,1.0,0.025596541941970696,3.4163135593220333,0.9150077721506292,0.2925531914893617,0.7072868217054263,0.5303571428571429
Power BI,"Statistics, SQL",0.059322033898305086,0.09216101694915255,0.045021186440677964,0.7589285714285714,8.234811165845647,1.0,0.039554007469118066,3.7658505963590705,0.9339692633810279,0.4228855721393034,0.7344557426237706,0.623717159277504
"AWS, C#",Kubernetes,0.034957627118644065,0.07733050847457627,0.022245762711864406,0.6363636363636364,8.229140722291406,1.0,0.019542471631715023,2.5373411016949152,0.9103026501489727,0.24705882352941175,0.60588665066277,0.4620174346201743
Power BI,"Statistics, Python",0.059322033898305086,0.08898305084745763,0.04343220338983051,0.7321428571428572,8.227891156462587,1.0,0.038153547831083025,3.4011299435028257,0.9338606899582509,0.41414141414141414,0.7059800664451829,0.6101190476190477
Redis,"Node.js, Linux",0.0858050847457627,0.06832627118644068,0.048199152542372885,0.5617283950617284,8.221265192841422,1.0,0.042336411052858375,2.1257907615182625,0.9608062852558797,0.45500000000000007,0.5295868163027534,0.6335773758254379
"Node.js, Linux",Redis,0.06832627118644068,0.0858050847457627,0.048199152542372885,0.7054263565891473,8.221265192841422,1.0,0.042336411052858375,3.1034511596788583,0.9427809257257808,0.45500000000000007,0.6777780771960082,0.6335773758254379
"SQL, TensorFlow",Data Visualization,0.034427966101694914,0.10328389830508475,0.02913135593220339,0.8461538461538461,8.19250493096647,1.0,0.025575501382505025,5.828654661016949,0.9092405126415,0.2682926829268293,0.8284338225271479,0.5641025641025641
Pandas,"Python, Tableau",0.03972457627118644,0.0847457627118644,0.02754237288135593,0.6933333333333334,8.181333333333335,1.0,0.024175883366848606,2.984524686809138,0.9140820569391997,0.28415300546448086,0.6649382716049383,0.5091666666666667
Data Visualization,Statistics,0.10328389830508475,0.10911016949152542,0.09216101694915255,0.8923076923076924,8.178043315907393,1.0,0.08089169329933928,8.272548426150125,0.9788174430209585,0.7665198237885462,0.8791182658007867,0.8684839432412248
Statistics,Data Visualization,0.10911016949152542,0.10328389830508475,0.09216101694915255,0.8446601941747574,8.178043315907393,1.0,0.08089169329933928,5.772609904661019,0.985218746156054,0.7665198237885462,0.8267681314837223,0.8684839432412248
NumPy,"SQL, Statistics",0.0423728813559322,0.09216101694915255,0.03177966101694915,0.75,8.137931034482758,1.0,0.027874533180120654,3.6313559322033897,0.915929203539823,0.3092783505154639,0.7246207701283547,0.5474137931034483
Pandas,"SQL, Tableau",0.03972457627118644,0.08209745762711865,0.026483050847457626,0.6666666666666666,8.12043010752688,1.0,0.023221764130278655,2.753707627118644,0.9131274131274131,0.27777777777777773,0.6368532410078861,0.4946236559139785
"Python, Data Visualization",Statistics,0.08739406779661017,0.10911016949152542,0.07733050847457627,0.8848484848484849,8.109679317446307,1.0,0.06779492692473427,7.736674843889387,0.9606452587474856,0.6488888888888888,0.8707455049904516,0.7967931744630774
Statistics,"Python, Data Visualization",0.10911016949152542,0.08739406779661017,0.07733050847457627,0.7087378640776699,8.109679317446307,1.0,0.06779492692473427,3.1332803672316385,0.9840617008453731,0.6488888888888888,0.6808456688210336,0.7967931744630774
"C#, Linux",Kubernetes,0.03548728813559322,0.07733050847457627,0.022245762711864406,0.626865671641791,8.10631772643631,1.0,0.019501512675955186,2.472754237288135,0.908893595878769,0.24561403508771928,0.5955926452696334,0.4572684522592516
"Django, SQL",Redis,0.06779661016949153,0.0858050847457627,0.047139830508474576,0.6953125,8.103395061728396,1.0,0.04132253662740592,3.0004345936549326,0.940347293156282,0.4427860696517414,0.6667149478563151,0.6223476080246914
Redis,"Django, SQL",0.0858050847457627,0.06779661016949153,0.047139830508474576,0.5493827160493827,8.103395061728396,1.0,0.04132253662740592,2.068725330856745,0.9588709362427904,0.4427860696517414,0.5166105499438833,0.6223476080246914
Pandas,"Statistics, SQL",0.03972457627118644,0.09216101694915255,0.029661016949152543,0.7466666666666667,8.10176245210728,1.0,0.025999959602125828,3.5835749330954507,0.9128319281380506,0.29015544041450775,0.7209490470633995,0.5342528735632184
"Power BI, Data Visualization",Statistics,0.05455508474576271,0.10911016949152542,0.048199152542372885,0.883495145631068,8.097275897822604,1.0,0.04224663799913818,7.646804378531077,0.9270785237171792,0.4174311926605505,0.869226417925955,0.662621359223301
TensorFlow,"Tableau, Data Visualization",0.04078389830508475,0.08527542372881355,0.028072033898305086,0.6883116883116883,8.071630233120917,1.0,0.024594169689026144,2.9347413488700567,0.9133596574393382,0.28648648648648656,0.659254468750705,0.5087521174477696
NumPy,"SQL, Tableau",0.0423728813559322,0.08209745762711865,0.028072033898305086,0.6625000000000001,8.06967741935484,1.0,0.02459332806664752,2.71971123666039,0.9148438804474871,0.29120879120879123,0.6323139065204848,0.5022177419354839
"Machine Learning, TensorFlow",Data Visualization,0.03177966101694915,0.10328389830508475,0.026483050847457626,0.8333333333333334,8.068376068376068,1.0,0.023200723570812983,5.380296610169492,0.9048140043763676,0.24390243902439024,0.814136641071077,0.5448717948717949
Deep Learning,"Statistics, Data Visualization",0.03919491525423729,0.09216101694915255,0.02913135593220339,0.7432432432432432,8.064616340478409,1.0,0.02551911268313703,3.5357939339875104,0.9117369950887041,0.28497409326424866,0.7171780882399318,0.5296675986331159
"SQL, Pandas",Data Visualization,0.03125,0.10328389830508475,0.025953389830508475,0.8305084745762712,8.04102564102564,1.0,0.022725768008474576,5.290625,0.9038841342988808,0.23902439024390243,0.8109864146485528,0.5408952629291612
Jenkins,"Linux, Terraform",0.04078389830508475,0.06302966101694915,0.02065677966101695,0.5064935064935064,8.035796136636472,1.0,0.01808618437589773,1.898597792149866,0.9127837007461524,0.2484076433121019,0.4732955004294744,0.41711229946524064
TensorFlow,"SQL, Data Visualization",0.04078389830508475,0.08898305084745763,0.02913135593220339,0.7142857142857142,8.02721088435374,1.0,0.02550228023556449,3.1885593220338975,0.9126449475427939,0.28947368421052627,0.6863787375415281,0.5208333333333333
Power BI,Statistics,0.059322033898305086,0.10911016949152542,0.05190677966101695,0.875,8.019417475728154,1.0,0.04543414248779087,7.127118644067797,0.9305019305019305,0.4454545454545455,0.8596908442330559,0.6753640776699029
PostgreSQL,"Django, Node.js",0.09957627118644068,0.06779661016949153,0.05402542372881356,0.5425531914893618,8.002659574468087,1.0,0.04727449008905487,2.037839968466693,0.9718108419838523,0.4766355140186916,0.5092843326885881,0.6697140957446809
"Django, Node.js",PostgreSQL,0.06779661016949153,0.09957627118644068,0.05402542372881356,0.796875,8.002659574468085,1.0,0.04727449008905487,4.432855280312908,0.9386809269162211,0.4766355140186916,0.7744117647058824,0.6697140957446809
PostgreSQL,"Node.js, Redis",0.09957627118644068,0.0625,0.04978813559322034,0.5,8.0,1.0,0.0435646186440678,1.875,0.971764705882353,0.4433962264150943,0.4666666666666667,0.6483050847457628
"Node.js, Redis",PostgreSQL,0.0625,0.09957627118644068,0.04978813559322034,0.7966101694915254,8.0,1.0,0.0435646186440678,4.427083333333333,0.9333333333333335,0.4433962264150943,0.7741176470588236,0.6483050847457628
"Machine Learning, Statistics",Data Visualization,0.036016949152542374,0.10328389830508475,0.029661016949152543,0.8235294117647058,7.973453996983408,1.0,0.02594104603562195,5.081391242937852,0.9072605965463109,0.2705314009661836,0.803203502310552,0.5553544494720966
"Django, Redis",PostgreSQL,0.06408898305084745,0.09957627118644068,0.05084745762711865,0.7933884297520662,7.967645507297346,1.0,0.044465715670784264,4.35805084745763,0.934375589511413,0.4507042253521128,0.7705396208070007,0.6520133638122034
PostgreSQL,"Django, Redis",0.09957627118644068,0.06408898305084745,0.05084745762711865,0.5106382978723405,7.967645507297346,1.0,0.044465715670784264,1.9125138172439207,0.9712009803921569,0.4507042253521128,0.47712796060157264,0.6520133638122034
"SQL, Redis",PostgreSQL,0.06091101694915254,0.09957627118644068,0.048199152542372885,0.791304347826087,7.946716003700279,1.0,0.04213386060040219,4.31453036723164,0.9308615806077736,0.42924528301886805,0.768225063938619,0.6376734505087882
Deep Learning,"Tableau, Data Visualization",0.03919491525423729,0.08527542372881355,0.026483050847457626,0.6756756756756757,7.9234514017122715,1.0,0.023140687841137604,2.820400776836158,0.9094377067254685,0.27027027027027023,0.6454404607270849,0.4931173409434279
Grafana,"AWS, Linux",0.04396186440677966,0.07309322033898305,0.025423728813559324,0.5783132530120482,7.911995809324253,1.0,0.02221041457196208,2.198093220338983,0.9137811634349029,0.27745664739884396,0.5450602409638554,0.463069669984285
"Python, Power BI",Statistics,0.05031779661016949,0.10911016949152542,0.04343220338983051,0.8631578947368422,7.910884006131836,1.0,0.03794202007325481,6.51034876140809,0.9198781167956687,0.37442922374429227,0.8463983978972403,0.6306080735820134
Ansible,"AWS, Linux",0.0413135593220339,0.07309322033898305,0.023834745762711863,0.5769230769230769,7.892976588628762,1.0,0.020815004668198793,2.190870570107858,0.9109392265193371,0.2631578947368421,0.5435604395604395,0.451505016722408
Bash,"AWS, Linux",0.048728813559322036,0.07309322033898305,0.028072033898305086,0.5760869565217391,7.8815374921235035,1.0,0.024510287991956335,2.186549326379835,0.9178467874101777,0.2994350282485876,0.5426583850931678,0.48007246376811596
"TensorFlow, Deep Learning",Data Visualization,0.03125,0.10328389830508475,0.025423728813559324,0.8135593220338984,7.876923076923077,1.0,0.022196106991525424,4.809659090909092,0.9012096774193549,0.23300970873786409,0.7920850561134082,0.5298565840938723
"Django, Python",PostgreSQL,0.0704449152542373,0.09957627118644068,0.05508474576271186,0.7819548872180451,7.852823548232283,1.0,0.0480701037776501,4.129529514903565,0.9387902695595004,0.4792626728110598,0.7578416629809819,0.6675731882898737
PostgreSQL,"Django, Python",0.09957627118644068,0.0704449152542373,0.05508474576271186,0.5531914893617021,7.852823548232283,1.0,0.0480701037776501,2.0804328087167074,0.9691628959276017,0.4792626728110598,0.5193307874158938,0.6675731882898737
"Machine Learning, Pandas",Data Visualization,0.03072033898305085,0.10328389830508475,0.02489406779661017,0.8103448275862069,7.845800176834659,1.0,0.021721151429187013,4.728139445300461,0.9001976514358795,0.22815533980582522,0.7885003157015703,0.525685234305924
"AWS, Bash",Kubernetes,0.034957627118644065,0.07733050847457627,0.0211864406779661,0.6060606060606061,7.837276878372768,1.0,0.018483149597816717,2.3421610169491527,0.904006586169045,0.2325581395348837,0.5730438715513343,0.44001660440016604
"Docker, Azure",AWS,0.028601694915254237,0.12076271186440678,0.02701271186440678,0.9444444444444444,7.820662768031189,1.0,0.023558693622522265,15.826271186440671,0.8978125601385591,0.2207792207792208,0.936813922356091,0.5840643274853801
Pandas,"Statistics, Data Visualization",0.03972457627118644,0.09216101694915255,0.028601694915254237,0.7200000000000001,7.812413793103449,1.0,0.024940637568227522,3.242282082324456,0.9080713366427652,0.27692307692307694,0.6915752625437573,0.5151724137931035
"Machine Learning, Deep Learning",Data Visualization,0.03283898305084746,0.10328389830508475,0.026483050847457626,0.8064516129032258,7.808105872622001,1.0,0.023091312661591496,4.633033192090394,0.9015334063526834,0.24154589371980675,0.7841586799535087,0.5314309346567411
"Machine Learning, Tableau",Data Visualization,0.03283898305084746,0.10328389830508475,0.026483050847457626,0.8064516129032258,7.808105872622001,1.0,0.023091312661591496,4.633033192090394,0.9015334063526834,0.24154589371980675,0.7841586799535087,0.5314309346567411
"TensorFlow, Tableau",Data Visualization,0.034957627118644065,0.10328389830508475,0.028072033898305086,0.8030303030303031,7.774980574980575,1.0,0.02446147389399598,4.5525586701434175,0.9029472070915229,0.25480769230769235,0.7803433030840001,0.5374125874125875
"Django, SQL",PostgreSQL,0.06779661016949153,0.09957627118644068,0.0524364406779661,0.7734375,7.767287234042553,1.0,0.04568550703820741,3.974284044418469,0.9346189164370983,0.45622119815668205,0.7483823529411765,0.6500166223404256
PostgreSQL,"Django, SQL",0.09957627118644068,0.06779661016949153,0.0524364406779661,0.526595744680851,7.767287234042553,1.0,0.04568550703820741,1.969148733574557,0.9676054664289957,0.45622119815668205,0.49216634429400385,0.6500166223404256
"Deep Learning, Python",Data Visualization,0.03177966101694915,0.10328389830508475,0.025423728813559324,0.8,7.745641025641026,1.0,0.02214140153691468,4.483580508474577,0.8994803063457331,0.2318840579710145,0.7769639692852924,0.5230769230769231
"SQL, NumPy",Data Visualization,0.034427966101694914,0.10328389830508475,0.02754237288135593,0.8,7.745641025641026,1.0,0.023986518331657568,4.483580508474577,0.9019473395501919,0.25,0.7769639692852924,0.5333333333333333
"Python, Pandas",Data Visualization,0.03177966101694915,0.10328389830508475,0.025423728813559324,0.8,7.745641025641026,1.0,0.02214140153691468,4.483580508474577,0.8994803063457331,0.2318840579710145,0.7769639692852924,0.5230769230769231
"MongoDB, Redis",PostgreSQL,0.0625,0.09957627118644068,0.048199152542372885,0.7711864406779662,7.744680851063831,1.0,0.041975635593220345,3.9351851851851865,0.928937728937729,0.4232558139534884,0.7458823529411766,0.6276144969347278
"Django, MongoDB",PostgreSQL,0.06885593220338983,0.09957627118644068,0.05296610169491525,0.7692307692307693,7.725040916530279,1.0,0.04610968471703533,3.9018361581920913,0.9349260523321956,0.4587155963302752,0.7437104072398191,0.6505728314238952
PostgreSQL,"Django, MongoDB",0.09957627118644068,0.06885593220338983,0.05296610169491525,0.5319148936170213,7.725040916530278,1.0,0.04610968471703533,1.9892623266563945,0.9668235294117646,0.4587155963302752,0.4973010916660615,0.6505728314238952
"Statistics, TensorFlow",Data Visualization,0.03919491525423729,0.10328389830508475,0.03125,0.7972972972972973,7.719473319473319,1.0,0.02720179635880494,4.423799435028248,0.9059667744286435,0.28095238095238095,0.7739499688702287,0.5499306999306999
"TensorFlow, Python",Data Visualization,0.03389830508474576,0.10328389830508475,0.02701271186440678,0.796875,7.7153846153846155,1.0,0.023511562769319164,4.4146023468057365,0.9009287925696595,0.2451923076923077,0.7734790313053751,0.5292067307692307
Prometheus,"AWS, Linux",0.03866525423728814,0.07309322033898305,0.021716101694915255,0.5616438356164384,7.683938852491563,1.0,0.018889933747486355,2.114506091101695,0.9048444534032117,0.24117647058823527,0.5270763209393347,0.42937264244590034
PostgreSQL,"Django, Docker",0.09957627118644068,0.06514830508474577,0.04978813559322034,0.5,7.674796747967479,1.0,0.04330091029876472,1.8697033898305084,0.9658823529411764,0.43317972350230416,0.4651558073654391,0.6321138211382114
"Django, Docker",PostgreSQL,0.06514830508474577,0.09957627118644068,0.04978813559322034,0.7642276422764227,7.674796747967479,1.0,0.04330091029876472,3.8190385739333714,0.9303116147308781,0.43317972350230416,0.7381539933046388,0.6321138211382114
TensorFlow,Data Visualization,0.04078389830508475,0.10328389830508475,0.0323093220338983,0.7922077922077921,7.670196470196469,1.0,0.028097002028871013,4.3154462394067785,0.906599922151515,0.28909952606635064,0.768274253802901,0.5525141525141525
Jenkins,"AWS, Linux",0.04078389830508475,0.07309322033898305,0.022775423728813558,0.5584415584415584,7.640127987954075,1.0,0.01979439726371732,2.0991712362911263,0.9060650032745624,0.24999999999999997,0.523621521335807,0.43501788067005454
"MongoDB, PostgreSQL",Django,0.07680084745762712,0.09057203389830508,0.05296610169491525,0.689655172413793,7.614438394837669,1.0,0.046010092735564494,2.9303790018832387,0.9409351692484224,0.46296296296296297,0.6587472134637399,0.6372252470256099
Django,"MongoDB, PostgreSQL",0.09057203389830508,0.07680084745762712,0.05296610169491525,0.5847953216374269,7.614438394837668,1.0,0.046010092735564494,2.223479649080926,0.9551834595224228,0.46296296296296297,0.5502544849405978,0.6372252470256099
"Statistics, Deep Learning",Data Visualization,0.037076271186440676,0.10328389830508475,0.02913135593220339,0.7857142857142857,7.607326007326007,1.0,0.025301974109451307,4.184675141242938,0.901990199019902,0.2619047619047619,0.7610328242342418,0.5338827838827839
"Django, Git",PostgreSQL,0.07203389830508475,0.09957627118644068,0.05455508474576271,0.7573529411764706,7.605757196495619,1.0,0.047382217753519106,3.7108371854134563,0.9359400629516338,0.4660633484162896,0.7305190311418684,0.6526126408010012
PostgreSQL,"Django, Git",0.09957627118644068,0.07203389830508475,0.05455508474576271,0.5478723404255319,7.605757196495619,1.0,0.047382217753519106,2.0524426719840476,0.9645688178183894,0.4660633484162896,0.5127756727873312,0.6526126408010012
NumPy,"Statistics, Data Visualization",0.0423728813559322,0.09216101694915255,0.029661016949152543,0.7000000000000001,7.595402298850575,1.0,0.025755889112324046,3.0261299435028253,0.906763590391909,0.2828282828282828,0.6695449241540258,0.5109195402298851
"SQL, Deep Learning",Data Visualization,0.03177966101694915,0.10328389830508475,0.02489406779661017,0.7833333333333333,7.584273504273504,1.0,0.021611740519965526,4.138689700130378,0.8966432329251828,0.22596153846153846,0.7583776333924,0.5121794871794871
TensorFlow,"Python, Data Visualization",0.04078389830508475,0.08739406779661017,0.02701271186440678,0.6623376623376623,7.578748524203069,1.0,0.02344844109092215,2.7027175684485005,0.9049598856660279,0.2670157068062827,0.630002035109406,0.4857142857142857
PostgreSQL,Django,0.09957627118644068,0.09057203389830508,0.06832627118644068,0.6861702127659575,7.575961179544607,1.0,0.05930744577707555,2.897838264866418,0.9639945280437755,0.5608695652173913,0.6549151786267489,0.7202780888391191
Django,PostgreSQL,0.09057203389830508,0.09957627118644068,0.06832627118644068,0.7543859649122807,7.575961179544606,1.0,0.05930744577707555,3.666010895883778,0.9544500277661144,0.5608695652173913,0.7272239422084623,0.7202780888391191
"Docker, Redis",PostgreSQL,0.0625,0.09957627118644068,0.047139830508474576,0.7542372881355932,7.574468085106383,1.0,0.040916313559322036,3.663793103448276,0.9258426966292136,0.4101382488479262,0.7270588235294118,0.613820771727371
"Deep Learning, Tableau",Data Visualization,0.03389830508474576,0.10328389830508475,0.026483050847457626,0.78125,7.564102564102564,1.0,0.022981901752370006,4.0992736077481835,0.8982456140350876,0.23923444976076555,0.7560543414057885,0.5188301282051282
"Node.js, Linux",PostgreSQL,0.06832627118644068,0.09957627118644068,0.0513771186440678,0.751937984496124,7.551377206003629,1.0,0.04457344333524849,3.6298331567796613,0.9311991935436605,0.4409090909090909,0.7245052439580484,0.6339477156523173
PostgreSQL,"Node.js, Linux",0.09957627118644068,0.06832627118644068,0.0513771186440678,0.5159574468085106,7.551377206003629,1.0,0.04457344333524849,1.924776494691749,0.9635172832019405,0.4409090909090909,0.4804591583709312,0.6339477156523173
"Django, Linux",PostgreSQL,0.0725635593220339,0.09957627118644068,0.05455508474576271,0.7518248175182481,7.55024072060879,1.0,0.04732947608445849,3.6281779661016946,0.9354321802243379,0.4639639639639639,0.7243795620437956,0.64984857897189
PostgreSQL,"Django, Linux",0.09957627118644068,0.0725635593220339,0.05455508474576271,0.5478723404255319,7.55024072060879,1.0,0.04732947608445849,2.051271186440678,0.9634951456310679,0.4639639639639639,0.5124974178888659,0.64984857897189
"Deep Learning, Pandas",Data Visualization,0.03125,0.10328389830508475,0.024364406779661018,0.7796610169491526,7.5487179487179485,1.0,0.02113678495762712,4.069711538461539,0.8955119214586255,0.22115384615384617,0.7542823390431187,0.5077792264232942
"C#, Linux",AWS,0.03548728813559322,0.12076271186440678,0.0323093220338983,0.9104477611940297,7.539146373396176,1.0,0.028023780881930478,9.818149717514109,0.8992717026314131,0.26068376068376065,0.8981478151411615,0.5889958104215762
"Linux, Redis",PostgreSQL,0.06567796610169492,0.09957627118644068,0.04925847457627119,0.75,7.531914893617022,1.0,0.042718507612754954,3.6016949152542375,0.928193499622071,0.4246575342465754,0.7223529411764706,0.6223404255319149
"Python, Redis",PostgreSQL,0.07203389830508475,0.09957627118644068,0.05402542372881356,0.75,7.531914893617022,1.0,0.046852556736569954,3.6016949152542375,0.93455098934551,0.4594594594594595,0.7223529411764706,0.6462765957446809
PostgreSQL,"Python, Redis",0.09957627118644068,0.07203389830508475,0.05402542372881356,0.5425531914893618,7.531914893617022,1.0,0.046852556736569954,2.0285770595191175,0.9631372549019607,0.4594594594594595,0.5070436218789469,0.6462765957446809
"Machine Learning, NumPy",Data Visualization,0.03336864406779661,0.10328389830508475,0.025953389830508475,0.7777777777777778,7.53048433048433,1.0,0.0225069461900316,4.0352224576271185,0.8971428571428572,0.23444976076555024,0.7521821880947693,0.5145299145299145
"Azure, Linux",AWS,0.028601694915254237,0.12076271186440678,0.025953389830508475,0.9074074074074074,7.513970110461339,1.0,0.02249937158862396,9.49576271186441,0.8924398548950659,0.2103004291845494,0.894689870593485,0.5611598440545809
Pandas,"Tableau, Data Visualization",0.03972457627118644,0.08527542372881355,0.025423728813559324,0.6400000000000001,7.505093167701865,1.0,0.02203619873958633,2.5409016007532963,0.9026130722559295,0.25531914893617025,0.6064389114070644,0.4690683229813666
PostgreSQL,Redis,0.09957627118644068,0.0858050847457627,0.06408898305084745,0.6436170212765957,7.500919359075388,1.0,0.055544832663027864,2.565203642802934,0.9625279533300923,0.5283842794759824,0.6101674021843643,0.6952653007617546
Redis,PostgreSQL,0.0858050847457627,0.09957627118644068,0.06408898305084745,0.7469135802469136,7.500919359075388,1.0,0.055544832663027864,3.557771806531625,0.9480286909971942,0.5283842794759824,0.7189251997095134,0.6952653007617546
"Docker, Serverless",AWS,0.028072033898305086,0.12076271186440678,0.025423728813559324,0.9056603773584906,7.499503475670308,1.0,0.022033673872450445,9.31991525423729,0.8916893732970027,0.20600858369098715,0.8927028870197773,0.5580933465739821
"Statistics, Pandas",Data Visualization,0.037076271186440676,0.10328389830508475,0.028601694915254237,0.7714285714285715,7.4690109890109895,1.0,0.024772313092502156,3.9231329449152548,0.8994621684390661,0.2559241706161138,0.7451016791831914,0.5241758241758242
"Python, Azure",AWS,0.02701271186440678,0.12076271186440678,0.024364406779661018,0.9019607843137255,7.468868249054008,1.0,0.02110227844010342,8.968220338983052,0.8901564460012781,0.19742489270386268,0.8884951570989842,0.5518575851393189
"Docker, C#",AWS,0.02701271186440678,0.12076271186440678,0.024364406779661018,0.9019607843137255,7.468868249054008,1.0,0.02110227844010342,8.968220338983052,0.8901564460012781,0.19742489270386268,0.8884951570989842,0.5518575851393189
Deep Learning,Data Visualization,0.03919491525423729,0.10328389830508475,0.030190677966101694,0.7702702702702703,7.457796257796258,1.0,0.026142474324906635,3.9033524426719843,0.9012360006963384,0.2688679245283019,0.7438099647195926,0.5312889812889813
"TensorFlow, NumPy",Data Visualization,0.034427966101694914,0.10328389830508475,0.026483050847457626,0.7692307692307693,7.447731755424063,1.0,0.022927196297759262,3.8857697740113,0.896599012616566,0.23809523809523808,0.742650733790722,0.5128205128205128
NumPy,"Python, Data Visualization",0.0423728813559322,0.08739406779661017,0.02754237288135593,0.65,7.4375757575757575,1.0,0.023839234415397873,2.607445520581114,0.9038461538461537,0.26943005181347146,0.616482878699942,0.48257575757575755
Django,"SQL, PostgreSQL",0.09057203389830508,0.07786016949152542,0.0524364406779661,0.5789473684210527,7.435732187611887,1.0,0.04538448676745188,2.190082097457627,0.9517128183406576,0.452054794520548,0.5433961123371324,0.6262083780880774
"SQL, PostgreSQL",Django,0.07786016949152542,0.09057203389830508,0.0524364406779661,0.673469387755102,7.435732187611887,1.0,0.04538448676745188,2.7851231461864407,0.9385932849459558,0.452054794520548,0.6409494490865653,0.6262083780880774
"Statistics, NumPy",Data Visualization,0.03866525423728814,0.10328389830508475,0.029661016949152543,0.7671232876712328,7.427327010888654,1.0,0.025667518762568228,3.8506044366899292,0.9001672569854388,0.2641509433962264,0.7403005121815047,0.5271513874253599
"TensorFlow, Pandas",Data Visualization,0.03177966101694915,0.10328389830508475,0.024364406779661018,0.7666666666666667,7.422905982905983,1.0,0.021082079503016375,3.843069007263923,0.8936828084863476,0.22009569377990432,0.7397912974995078,0.5012820512820513
Deep Learning,"Python, Data Visualization",0.03919491525423729,0.08739406779661017,0.025423728813559324,0.6486486486486487,7.422113022113022,1.0,0.02199832573254812,2.5974168839634943,0.9005650496141124,0.25130890052356025,0.6150021176138414,0.4697788697788698
"SQL, Big Data",AWS,0.02489406779661017,0.12076271186440678,0.022245762711864406,0.8936170212765957,7.399776035834266,1.0,0.019239487575409366,8.264830508474573,0.8869403274617832,0.1802575107296137,0.8790053832350678,0.5389137737961925
PostgreSQL,"Redis, Git",0.09957627118644068,0.06832627118644068,0.05031779661016949,0.5053191489361702,7.395678706910771,1.0,0.043514121301350184,1.8833834517951524,0.9604210526315788,0.42792792792792794,0.4690406783351276,0.620876628731651
"Redis, Git",PostgreSQL,0.06832627118644068,0.09957627118644068,0.05031779661016949,0.7364341085271318,7.39567870691077,1.0,0.043514121301350184,3.4163135593220337,0.928206816073726,0.42792792792792794,0.7072868217054263,0.620876628731651
"Scala, Big Data",AWS,0.02913135593220339,0.12076271186440678,0.025953389830508475,0.890909090909091,7.377352472089315,1.0,0.02243540828784832,8.059675141242943,0.8903882338532795,0.20940170940170943,0.8759255202628697,0.5529106858054227
"Azure, Terraform",AWS,0.02913135593220339,0.12076271186440678,0.025953389830508475,0.890909090909091,7.377352472089315,1.0,0.02243540828784832,8.059675141242943,0.8903882338532795,0.20940170940170943,0.8759255202628697,0.5529106858054227
"Serverless, Linux",AWS,0.028601694915254237,0.12076271186440678,0.025423728813559324,0.888888888888889,7.360623781676414,1.0,0.021969710571674808,7.9131355932203435,0.8895856052344603,0.20512820512820515,0.8736278447121821,0.5497076023391814
Pandas,Data Visualization,0.03972457627118644,0.10328389830508475,0.030190677966101694,0.76,7.358358974358974,1.0,0.02608776887029589,3.73631709039548,0.8998461404476442,0.2676056338028169,0.7323567631423509,0.5261538461538462
Azure,AWS,0.03283898305084746,0.12076271186440678,0.02913135593220339,0.8870967741935483,7.345783814374645,1.0,0.025165631284113758,7.7875302663438175,0.8931992432540077,0.23404255319148934,0.8715895841430236,0.5641624221844934
"NumPy, Deep Learning",Data Visualization,0.03072033898305085,0.10328389830508475,0.023305084745762712,0.7586206896551724,7.3450044208664895,1.0,0.020132168378339556,3.714966707021791,0.891231992051664,0.21052631578947367,0.7308185836201804,0.492130857648099
"Spark, Hadoop",AWS,0.028072033898305086,0.12076271186440678,0.02489406779661017,0.8867924528301886,7.343263819927176,1.0,0.02150401285550129,7.766596045197734,0.8887703634993331,0.20085470085470086,0.8712434644237326,0.5464664018536908
"Python, Hadoop",AWS,0.028072033898305086,0.12076271186440678,0.02489406779661017,0.8867924528301886,7.343263819927176,1.0,0.02150401285550129,7.766596045197734,0.8887703634993331,0.20085470085470086,0.8712434644237326,0.5464664018536908
Pandas,"SQL, Data Visualization",0.03972457627118644,0.08898305084745763,0.025953389830508475,0.6533333333333333,7.342222222222222,1.0,0.022418575840275783,2.627933507170795,0.8995351036167363,0.2525773195876289,0.6194728682170543,0.47250000000000003
"NumPy, Pandas",Data Visualization,0.03283898305084746,0.10328389830508475,0.02489406779661017,0.7580645161290321,7.33961952026468,1.0,0.02150232961074404,3.7064265536723147,0.8930810281745939,0.22380952380952382,0.7301983499418858,0.4995450785773366
"NumPy, Tableau",Data Visualization,0.034957627118644065,0.10328389830508475,0.026483050847457626,0.7575757575757576,7.334887334887335,1.0,0.02287249084314852,3.698953919491525,0.8949506037321624,0.23696682464454977,0.7296532961033847,0.506993006993007
NumPy,"Tableau, Data Visualization",0.0423728813559322,0.08527542372881355,0.026483050847457626,0.625,7.329192546583851,1.0,0.022869685435219764,2.439265536723164,0.9017699115044249,0.2617801047120419,0.5900405327156919,0.4677795031055901
"Python, C#",AWS,0.02754237288135593,0.12076271186440678,0.024364406779661018,0.8846153846153847,7.325236167341432,1.0,0.02103831513932778,7.620056497175146,0.8879416500899877,0.1965811965811966,0.8687673772011122,0.5431848852901485
"Spark, Big Data",AWS,0.02754237288135593,0.12076271186440678,0.024364406779661018,0.8846153846153847,7.325236167341432,1.0,0.02103831513932778,7.620056497175146,0.8879416500899877,0.1965811965811966,0.8687673772011122,0.5431848852901485
Pandas,"Python, Data Visualization",0.03972457627118644,0.08739406779661017,0.025423728813559324,0.6400000000000001,7.323151515151516,1.0,0.021952036501723643,2.5350164783427505,0.8991657473800331,0.25000000000000006,0.6055252466627976,0.4654545454545455
Redis,"MongoDB, PostgreSQL",0.0858050847457627,0.07680084745762712,0.048199152542372885,0.5617283950617284,7.3140911025968505,1.0,0.04160924931772479,2.1064544043924567,0.9443036685215133,0.42129629629629645,0.5252686229928534,0.59465730097914
"MongoDB, PostgreSQL",Redis,0.07680084745762712,0.0858050847457627,0.048199152542372885,0.6275862068965518,7.3140911025968505,1.0,0.04160924931772479,2.454782642812304,0.9350935925806838,0.42129629629629645,0.5926319574859154,0.59465730097914
Bash,Terraform,0.048728813559322036,0.07733050847457627,0.02754237288135593,0.5652173913043478,7.309112567004169,1.0,0.023774148951450733,2.1221398305084747,0.9074010621894809,0.27956989247311825,0.5287775170967902,0.4606908874329958
"Spark, Python",AWS,0.02701271186440678,0.12076271186440678,0.023834745762711863,0.8823529411764706,7.306501547987616,1.0,0.020572617423154263,7.473516949152541,0.8870985302123026,0.1923076923076923,0.8661941885187809,0.5398606811145511
"C#, Azure",AWS,0.02701271186440678,0.12076271186440678,0.023834745762711863,0.8823529411764706,7.306501547987616,1.0,0.020572617423154263,7.473516949152541,0.8870985302123026,0.1923076923076923,0.8661941885187809,0.5398606811145511
NumPy,"SQL, Data Visualization",0.0423728813559322,0.08898305084745763,0.02754237288135593,0.65,7.3047619047619055,1.0,0.023771904625107726,2.602905569007264,0.901293396868618,0.2653061224489796,0.6158139534883721,0.4797619047619048
"MongoDB, Linux",PostgreSQL,0.06991525423728813,0.09957627118644068,0.05084745762711865,0.7272727272727274,7.303675048355901,1.0,0.0438855573111175,3.301553672316386,0.9279612756264237,0.42857142857142866,0.6971122994652408,0.6189555125725339
PostgreSQL,"MongoDB, Linux",0.09957627118644068,0.06991525423728813,0.05084745762711865,0.5106382978723405,7.303675048355901,1.0,0.0438855573111175,1.9006079587324984,0.9585294117647059,0.42857142857142866,0.47385256627732286,0.6189555125725339
"NumPy, Python",Data Visualization,0.036546610169491525,0.10328389830508475,0.02754237288135593,0.7536231884057971,7.296618357487922,1.0,0.023767696513214594,3.639612412761715,0.8956844420010995,0.24528301886792447,0.7252454694094181,0.5101449275362319
"Python, Big Data",AWS,0.026483050847457626,0.12076271186440678,0.023305084745762712,0.88,7.287017543859649,1.0,0.020106919706980753,7.326977401129944,0.8862399841725196,0.18803418803418803,0.8635180722891567,0.5364912280701755
C#,AWS,0.03972457627118644,0.12076271186440678,0.034957627118644065,0.88,7.287017543859649,1.0,0.030160379560471125,7.326977401129944,0.898460612746327,0.27848101265822783,0.8635180722891567,0.5847368421052631
C#,"AWS, Python",0.03972457627118644,0.08421610169491525,0.024364406779661018,0.6133333333333334,7.282851153039833,1.0,0.021018957824619364,2.3684066335476333,0.8983788580061871,0.2446808510638298,0.5777752072488915,0.4513207547169812
"Spark, SQL",AWS,0.025953389830508475,0.12076271186440678,0.022775423728813558,0.8775510204081632,7.266738274257071,1.0,0.01964122199080724,7.180437853107343,0.8853648975049635,0.18376068376068375,0.86073272682567,0.5330737558181167
NumPy,Data Visualization,0.0423728813559322,0.10328389830508475,0.03177966101694915,0.75,7.2615384615384615,1.0,0.027403224648089627,3.586864406779661,0.9004424778761062,0.27906976744186046,0.7212049616066155,0.5288461538461539
"Tableau, Pandas",Data Visualization,0.03389830508474576,0.10328389830508475,0.025423728813559324,0.75,7.2615384615384615,1.0,0.021922579718471703,3.586864406779661,0.8925438596491229,0.2274881516587678,0.7212049616066155,0.4980769230769231
"Spark, Scala",AWS,0.029661016949152543,0.12076271186440678,0.025953389830508475,0.875,7.245614035087719,1.0,0.02237144498707268,7.033898305084746,0.8883343730505303,0.20851063829787236,0.8578313253012049,0.5449561403508771
"Python, Scala",AWS,0.02913135593220339,0.12076271186440678,0.025423728813559324,0.8727272727272728,7.226794258373206,1.0,0.021905747270899167,6.9082929782082365,0.8874795417348609,0.20425531914893622,0.8552464403066814,0.5416267942583732
"Serverless, Terraform",AWS,0.02913135593220339,0.12076271186440678,0.025423728813559324,0.8727272727272728,7.226794258373206,1.0,0.021905747270899167,6.9082929782082365,0.8874795417348609,0.20425531914893622,0.8552464403066814,0.5416267942583732
"Serverless, Azure",AWS,0.02913135593220339,0.12076271186440678,0.025423728813559324,0.8727272727272728,7.226794258373206,1.0,0.021905747270899167,6.9082929782082365,0.8874795417348609,0.20425531914893622,0.8552464403066814,0.5416267942583732
"SQL, PostgreSQL",Redis,0.07786016949152542,0.0858050847457627,0.048199152542372885,0.6190476190476191,7.214579659024104,1.0,0.0415183541008331,2.399761652542373,0.9341227411302082,0.4174311926605506,0.5832919494564918,0.5903880070546738
Redis,"SQL, PostgreSQL",0.0858050847457627,0.07786016949152542,0.048199152542372885,0.5617283950617284,7.214579659024104,1.0,0.0415183541008331,2.104037359751731,0.9422408414297175,0.4174311926605506,0.5247232681657342,0.5903880070546738
"Hadoop, Big Data",AWS,0.028601694915254237,0.12076271186440678,0.02489406779661017,0.8703703703703703,7.207277452891488,1.0,0.021440049554725654,6.782687651331718,0.8866098981414882,0.2,0.852565818830879,0.5382553606237817
"Bash, Linux",Terraform,0.037076271186440676,0.07733050847457627,0.02065677966101695,0.5571428571428572,7.204696673189824,1.0,0.01778965275782821,2.0834472389283762,0.8943612309948943,0.22033898305084745,0.5200262424143021,0.412133072407045
"Serverless, C#",AWS,0.028072033898305086,0.12076271186440678,0.024364406779661018,0.8679245283018868,7.187024164184045,1.0,0.02097435183855214,6.6570823244552075,0.8857244402321999,0.19574468085106386,0.8497840418276882,0.5348394571333995
"SQL, Scala",AWS,0.028072033898305086,0.12076271186440678,0.024364406779661018,0.8679245283018868,7.187024164184045,1.0,0.02097435183855214,6.6570823244552075,0.8857244402321999,0.19574468085106386,0.8497840418276882,0.5348394571333995
"Serverless, Python",AWS,0.02754237288135593,0.12076271186440678,0.023834745762711863,0.8653846153846153,7.1659919028340076,1.0,0.020508654122378626,6.531476997578689,0.8848220769789398,0.19148936170212766,0.8468952734012974,0.5313765182186234
"C#, Terraform",AWS,0.02754237288135593,0.12076271186440678,0.023834745762711863,0.8653846153846153,7.1659919028340076,1.0,0.020508654122378626,6.531476997578689,0.8848220769789398,0.19148936170212766,0.8468952734012974,0.5313765182186234
"SQL, Hadoop",AWS,0.02754237288135593,0.12076271186440678,0.023834745762711863,0.8653846153846153,7.1659919028340076,1.0,0.020508654122378626,6.531476997578689,0.8848220769789398,0.19148936170212766,0.8468952734012974,0.5313765182186234
"Hadoop, Scala",AWS,0.03072033898305085,0.12076271186440678,0.026483050847457626,0.8620689655172413,7.138535995160314,1.0,0.022773179402470554,6.374470338983048,0.8871693989071038,0.21186440677966104,0.843124221022019,0.5406836055656382
Deep Learning,"SQL, Data Visualization",0.03919491525423729,0.08898305084745763,0.02489406779661017,0.6351351351351351,7.1377091377091375,1.0,0.021406384659580578,2.4968612680477085,0.8949775974102135,0.24102564102564106,0.5994971715901948,0.4574485199485199
"Kubernetes, Azure",AWS,0.026483050847457626,0.12076271186440678,0.022775423728813558,0.86,7.12140350877193,1.0,0.019577258690031598,6.280266343825665,0.8829617632917478,0.1829787234042553,0.8407710843373494,0.524298245614035
Serverless,AWS,0.03389830508474576,0.12076271186440678,0.02913135593220339,0.859375,7.116228070175438,1.0,0.02503770468256248,6.252354048964218,0.8896331738437001,0.2320675105485232,0.8400602409638555,0.5503015350877193
"Kubernetes, C#",AWS,0.025953389830508475,0.12076271186440678,0.022245762711864406,0.8571428571428571,7.097744360902255,1.0,0.019111560973858088,6.1546610169491505,0.8820010875475802,0.17872340425531916,0.8375215146299483,0.5206766917293233
Big Data,AWS,0.03283898305084746,0.12076271186440678,0.028072033898305086,0.8548387096774194,7.078664402942842,1.0,0.024106309250215455,6.056967984934087,0.8878877430821054,0.22362869198312238,0.8349008938981733,0.5436474250141483
Spark,AWS,0.03389830508474576,0.12076271186440678,0.028601694915254237,0.84375,6.986842105263158,1.0,0.02450804366561333,5.627118644067797,0.8869395711500975,0.226890756302521,0.822289156626506,0.540296052631579
"Machine Learning, Big Data",AWS,0.026483050847457626,0.12076271186440678,0.022245762711864406,0.8400000000000001,6.955789473684211,1.0,0.019047597673082447,5.49523305084746,0.879527436654749,0.17796610169491525,0.8180240963855423,0.5121052631578947
Scala,AWS,0.036016949152542374,0.12076271186440678,0.030190677966101694,0.838235294117647,6.941176470588235,1.0,0.02584117351335823,5.435285053929118,0.887912087912088,0.2384937238493724,0.8160170092133238,0.5441176470588235
"Machine Learning, Scala",AWS,0.02913135593220339,0.12076271186440678,0.024364406779661018,0.8363636363636364,6.925677830940989,1.0,0.02084642523700086,5.373116760828627,0.8812827628738822,0.19409282700421943,0.8138882803943045,0.5190590111642743
"Spark, Machine Learning",AWS,0.02913135593220339,0.12076271186440678,0.024364406779661018,0.8363636363636364,6.925677830940989,1.0,0.02084642523700086,5.373116760828627,0.8812827628738822,0.19409282700421943,0.8138882803943045,0.5190590111642743
Terraform,"AWS, Python",0.07733050847457627,0.08421610169491525,0.045021186440677964,0.5821917808219178,6.913069699319377,1.0,0.038508712474863545,2.1918762156154488,0.9270345107043966,0.38636363636363635,0.5437698566754082,0.5583914878952356
"AWS, Python",Terraform,0.08421610169491525,0.07733050847457627,0.045021186440677964,0.5345911949685535,6.913069699319376,1.0,0.038508712474863545,1.9824925561154376,0.934004694995407,0.38636363636363635,0.4955844868545516,0.5583914878952356
Hadoop,AWS,0.034957627118644065,0.12076271186440678,0.02913135593220339,0.8333333333333334,6.900584795321638,1.0,0.0249097780810112,5.275423728813561,0.8860592755214051,0.2301255230125523,0.8104417670682731,0.537280701754386
"Serverless, Kubernetes",AWS,0.028601694915254237,0.12076271186440678,0.023834745762711863,0.8333333333333333,6.900584795321637,1.0,0.020380727520827348,5.275423728813557,0.8802617230098146,0.18987341772151897,0.810441767068273,0.5153508771929824
"Machine Learning, Hadoop",AWS,0.02701271186440678,0.12076271186440678,0.022245762711864406,0.8235294117647058,6.819401444788442,1.0,0.01898363437230681,4.982344632768361,0.877051092619955,0.17721518987341772,0.7992912827781714,0.5038699690402476
"Kubernetes, Linux",AWS,0.0614406779661017,0.12076271186440678,0.04978813559322034,0.8103448275862069,6.710223835450695,1.0,0.042368392703246195,4.635978428351309,0.9066807550069641,0.37599999999999995,0.7842958039052762,0.6113127646702964
"Docker, Terraform",AWS,0.0614406779661017,0.12076271186440678,0.04925847457627119,0.8017241379310345,6.638838475499092,1.0,0.041838731686297044,4.434414148857774,0.9049734216849924,0.3705179282868526,0.7744910677191524,0.6048094373865699
"Docker, Kubernetes",AWS,0.06038135593220339,0.12076271186440678,0.048199152542372885,0.7982456140350878,6.6100338565712535,1.0,0.040907336253950016,4.357958732498158,0.903254580819406,0.3625498007968128,0.7705347706615938,0.5986842105263158
"Linux, Terraform",AWS,0.06302966101694915,0.12076271186440678,0.04978813559322034,0.7899159663865546,6.541058528674627,1.0,0.04217650280091927,4.185169491525423,0.9041049757646463,0.37154150197628466,0.7610610509263946,0.6010983340704703
"Ansible, Linux",AWS,0.030190677966101694,0.12076271186440678,0.023834745762711863,0.7894736842105263,6.537396121883657,1.0,0.02018883761850043,4.176377118644068,0.873402512288367,0.1875,0.7605580215599239,0.493421052631579
"Python, Terraform",AWS,0.057203389830508475,0.12076271186440678,0.045021186440677964,0.787037037037037,6.5172189733593235,1.0,0.03811314995690893,4.128592483419306,0.8979246530072703,0.3386454183266932,0.7577867023650156,0.5799220272904483
"AWS, Python",Kubernetes,0.08421610169491525,0.07733050847457627,0.0423728813559322,0.5031446540880503,6.506418540535884,1.0,0.03586040739011778,1.857018343703068,0.9241324465008676,0.35555555555555557,0.46150235758796726,0.5255449297837511
Kubernetes,"AWS, Python",0.07733050847457627,0.08421610169491525,0.0423728813559322,0.547945205479452,6.506418540535884,1.0,0.03586040739011778,2.0258249871597327,0.917235935706085,0.35555555555555557,0.5063739432881466,0.5255449297837511
"Ansible, Git",AWS,0.029661016949152543,0.12076271186440678,0.023305084745762712,0.7857142857142857,6.506265664160401,1.0,0.01972313990232692,4.103107344632768,0.8721714966256452,0.18333333333333335,0.7562822719449225,0.4893483709273183
"Python, Kubernetes",AWS,0.05402542372881356,0.12076271186440678,0.0423728813559322,0.7843137254901961,6.4946680426556584,1.0,0.035848624676817,4.076463790446841,0.8943449048152295,0.31999999999999995,0.7546893456177651,0.5675954592363261
Kubernetes,AWS,0.07733050847457627,0.12076271186440678,0.05985169491525424,0.773972602739726,6.409036289353521,1.0,0.050513053002010914,3.8899589111453516,0.9147048962132834,0.43295019157088127,0.7429278758871101,0.6347933189137227
"Kubernetes, Terraform",AWS,0.06038135593220339,0.12076271186440678,0.046610169491525424,0.7719298245614036,6.392120652508465,1.0,0.039318353203102556,3.855117340286833,0.8977657066721327,0.3464566929133859,0.7406045233565843,0.5789473684210527
Terraform,AWS,0.07733050847457627,0.12076271186440678,0.059322033898305086,0.7671232876712328,6.352319154049507,1.0,0.04998339198506176,3.775548354935194,0.9131950139412826,0.4274809160305344,0.7351378115200528,0.6291756789233357
"Prometheus, Linux",AWS,0.028601694915254237,0.12076271186440678,0.021716101694915255,0.7592592592592593,6.287199480181937,1.0,0.01826208345303074,3.652216427640157,0.8657073702689045,0.17012448132780084,0.7261936635430611,0.46954191033138404
"Ansible, Kubernetes",AWS,0.03072033898305085,0.12076271186440678,0.023305084745762712,0.7586206896551724,6.2819116757410765,1.0,0.01959521330077564,3.6425544794188855,0.8674615002483855,0.18181818181818182,0.7254673867885334,0.47580157289776165
"Bash, Linux",AWS,0.037076271186440676,0.12076271186440678,0.028072033898305086,0.7571428571428572,6.26967418546366,1.0,0.023594602844010343,3.620388833499503,0.8728646449550616,0.21632653061224494,0.7237865748709124,0.49479949874686724
"Linux, Jenkins",AWS,0.030190677966101694,0.12076271186440678,0.022775423728813558,0.7543859649122807,6.246845183133272,1.0,0.019129515584602123,3.5797518159806296,0.8660663254289814,0.17768595041322313,0.7206510251532445,0.47149122807017546
"Docker, Grafana",AWS,0.03177966101694915,0.12076271186440678,0.023834745762711863,0.75,6.2105263157894735,1.0,0.019996947716173514,3.516949152542373,0.8665207877461707,0.1851851851851852,0.7156626506024096,0.4736842105263158
"Ansible, Prometheus",AWS,0.02754237288135593,0.12076271186440678,0.02065677966101695,0.75,6.2105263157894735,1.0,0.017330688020683712,3.516949152542373,0.8627450980392157,0.16182572614107885,0.7156626506024096,0.4605263157894737
"Linux, Grafana",AWS,0.03389830508474576,0.12076271186440678,0.025423728813559324,0.75,6.2105263157894735,1.0,0.021330077563918415,3.516949152542373,0.868421052631579,0.19672131147540986,0.7156626506024096,0.48026315789473684
"Ansible, Jenkins",AWS,0.02913135593220339,0.12076271186440678,0.021716101694915255,0.7454545454545455,6.172886762360447,1.0,0.0181981201522551,3.4541464891041165,0.8631458491344324,0.1694214876033058,0.7104928806133626,0.46263955342902713
Ansible,AWS,0.0413135593220339,0.12076271186440678,0.03072033898305085,0.7435897435897436,6.157444894287,1.0,0.02573120152255099,3.429025423728814,0.8736902267098495,0.23387096774193547,0.7083719493358048,0.49898785425101216
"Docker, Ansible",AWS,0.03283898305084746,0.12076271186440678,0.024364406779661018,0.7419354838709677,6.143746462931523,1.0,0.020398682131571387,3.407044491525424,0.8656602695366445,0.1885245901639344,0.706490478041197,0.47184493491794
"Ansible, Grafana",AWS,0.028601694915254237,0.12076271186440678,0.0211864406779661,0.7407407407407407,6.133853151397011,1.0,0.017732422436081585,3.391343825665859,0.8616139585605235,0.1652892561983471,0.7051316376617581,0.4580896686159844
"Kubernetes, Git",AWS,0.0323093220338983,0.12076271186440678,0.023834745762711863,0.7377049180327869,6.1087144089732535,1.0,0.019932984415397873,3.35209216101695,0.8642218573253057,0.18442622950819668,0.7016788465336757,0.4675366695427092
"Prometheus, Grafana",AWS,0.028072033898305086,0.12076271186440678,0.02065677966101695,0.7358490566037735,6.093346573982124,1.0,0.01726672471990807,3.328541162227602,0.8600293439530495,0.16115702479338845,0.6995680836553761,0.45345084409136044
"Grafana, Jenkins",AWS,0.029661016949152543,0.12076271186440678,0.021716101694915255,0.7321428571428572,6.06265664160401,1.0,0.018134156851479462,3.2824858757062154,0.860581531579508,0.16872427983539096,0.6953528399311533,0.455983709273183
"Ansible, Terraform",AWS,0.02913135593220339,0.12076271186440678,0.0211864406779661,0.7272727272727273,6.022328548644339,1.0,0.017668459135305944,3.223870056497175,0.8589743589743589,0.1646090534979424,0.6898138006571741,0.4513556618819777
"Docker, Prometheus",AWS,0.02913135593220339,0.12076271186440678,0.0211864406779661,0.7272727272727273,6.022328548644339,1.0,0.017668459135305944,3.223870056497175,0.8589743589743589,0.1646090534979424,0.6898138006571741,0.4513556618819777
"Kubernetes, Prometheus",AWS,0.02913135593220339,0.12076271186440678,0.0211864406779661,0.7272727272727273,6.022328548644339,1.0,0.017668459135305944,3.223870056497175,0.8589743589743589,0.1646090534979424,0.6898138006571741,0.4513556618819777
"Docker, Jenkins",AWS,0.02913135593220339,0.12076271186440678,0.0211864406779661,0.7272727272727273,6.022328548644339,1.0,0.017668459135305944,3.223870056497175,0.8589743589743589,0.1646090534979424,0.6898138006571741,0.4513556618819777
"Kubernetes, Jenkins",AWS,0.03072033898305085,0.12076271186440678,0.022245762711864406,0.7241379310344828,5.9963702359346644,1.0,0.018535891266877335,3.1872351694915255,0.859640905542545,0.17213114754098363,0.6862484420440382,0.4541742286751361
Grafana,AWS,0.04396186440677966,0.12076271186440678,0.03177966101694915,0.7228915662650602,5.986049461001903,1.0,0.0264707070525711,3.1728997789240974,0.8712465373961219,0.2390438247011952,0.6848308898243577,0.4930247305009512
"Python, Grafana",AWS,0.030190677966101694,0.12076271186440678,0.021716101694915255,0.7192982456140351,5.956294244382887,1.0,0.01807019355070382,3.132282838983051,0.8580144130223387,0.16803278688524592,0.6807440287465653,0.44956140350877194
Bash,AWS,0.048728813559322036,0.12076271186440678,0.034957627118644065,0.7173913043478259,5.940503432494278,1.0,0.02907300344728526,3.1111473272490207,0.8742660457582507,0.25984251968503935,0.6785751702462021,0.5034324942791761
"Kubernetes, Grafana",AWS,0.03177966101694915,0.12076271186440678,0.022775423728813558,0.7166666666666667,5.934502923976608,1.0,0.018937625682275208,3.1031904287138583,0.8587858124268486,0.17551020408163265,0.6777510040160643,0.45263157894736844
Unit Testing,"JavaScript, Linux",0.1371822033898305,0.10805084745762712,0.08792372881355932,0.640926640926641,5.931713225830873,1.0,0.07310107548118357,2.484030435574996,0.9636039554165093,0.5589225589225589,0.5974284430341438,0.7273260655613597
"JavaScript, Linux",Unit Testing,0.10805084745762712,0.1371822033898305,0.08792372881355932,0.8137254901960784,5.931713225830873,1.0,0.07310107548118357,4.631969223907226,0.9321323297942363,0.5589225589225589,0.7841091009761794,0.7273260655613597
Jenkins,AWS,0.04078389830508475,0.12076271186440678,0.02913135593220339,0.7142857142857142,5.914786967418546,1.0,0.02420618177247917,3.0773305084745752,0.8662617338487023,0.22000000000000003,0.6750430292598966,0.4777568922305764
Prometheus,AWS,0.03866525423728814,0.12076271186440678,0.02754237288135593,0.7123287671232876,5.898582071617399,1.0,0.02287305192473427,3.0563962873284902,0.8638694638694638,0.20883534136546186,0.6728172965835946,0.4701994712809421
"Git, Grafana",AWS,0.03125,0.12076271186440678,0.022245762711864406,0.711864406779661,5.894736842105263,1.0,0.018471927966101694,3.051470588235294,0.8571428571428571,0.1714285714285714,0.672289156626506,0.44803746654772525
Azure,"Docker, Linux",0.03283898305084746,0.13029661016949154,0.02489406779661017,0.7580645161290321,5.817991083136636,1.0,0.020615259623671358,3.594774011299433,0.8562373284239472,0.1800766283524904,0.7218183961337471,0.4745607133490689
"Bash, Grafana",AWS,0.03336864406779661,0.12076271186440678,0.023305084745762712,0.6984126984126984,5.783347257031467,1.0,0.019275396796897444,2.915365744870651,0.8556413449564134,0.17813765182186234,0.6569898642187798,0.44569757727652465
Unit Testing,"Java, Linux",0.1371822033898305,0.09957627118644068,0.07891949152542373,0.5752895752895753,5.777376160354883,1.0,0.06525939923872451,2.120088597842835,0.9583843177969767,0.4999999999999999,0.5283215989098341,0.6839213833894684
"Java, Linux",Unit Testing,0.09957627118644068,0.1371822033898305,0.07891949152542373,0.7925531914893617,5.777376160354883,1.0,0.06525939923872451,4.159224250325945,0.9183576786419266,0.4999999999999999,0.7595705497433485,0.6839213833894684
"JavaScript, Linux",Java,0.10805084745762712,0.1393008474576271,0.08686440677966102,0.803921568627451,5.771117572504288,1.0,0.07181283216029877,4.389565677966102,0.9268727188459535,0.5412541254125414,0.7721870286576169,0.7137478565570716
Java,"JavaScript, Linux",0.1393008474576271,0.10805084745762712,0.08686440677966102,0.6235741444866921,5.771117572504288,1.0,0.07181283216029877,2.3695214860469105,0.9605253283302064,0.5412541254125414,0.5779738627024197,0.7137478565570716
"Prometheus, Terraform",AWS,0.029661016949152543,0.12076271186440678,0.02065677966101695,0.6964285714285714,5.7669172932330826,1.0,0.017074834817581156,2.896311066799601,0.8518642929123279,0.15918367346938778,0.6547332185886402,0.43374060150375937
"Git, Jenkins",AWS,0.03125,0.12076271186440678,0.021716101694915255,0.6949152542372882,5.754385964912281,1.0,0.017942266949152543,2.8819444444444446,0.8528717545239968,0.16666666666666666,0.6530120481927711,0.4373699078203985
"Docker, Bash",AWS,0.03072033898305085,0.12076271186440678,0.0211864406779661,0.689655172413793,5.710828796128252,1.0,0.01747656923297903,2.833097928436911,0.8510382513661202,0.1626016260162602,0.647029497299543,0.43254688445251055
"SQL, Java",Unit Testing,0.1128177966101695,0.1371822033898305,0.08792372881355932,0.7793427230046949,5.681077455725344,1.0,0.07244713489299053,3.9102168229354497,0.928757417730624,0.5424836601307189,0.7442597059747476,0.710134681965668
Unit Testing,"SQL, Java",0.1371822033898305,0.1128177966101695,0.08792372881355932,0.640926640926641,5.681077455725343,1.0,0.07244713489299053,2.470754738472754,0.9549838395941038,0.5424836601307189,0.59526537198179,0.710134681965668
Java,"Unit Testing, JavaScript",0.1393008474576271,0.10805084745762712,0.08527542372881355,0.6121673003802282,5.665548348617014,1.0,0.0702238491094513,2.2998296776337654,0.9567740086000956,0.5261437908496732,0.5651851918752201,0.7006914933273689
"Unit Testing, JavaScript",Java,0.10805084745762712,0.1393008474576271,0.08527542372881355,0.7892156862745098,5.665548348617014,1.0,0.0702238491094513,4.083316909735908,0.923252828963869,0.5261437908496732,0.7551010558069382,0.7006914933273689
"Unit Testing, SQL",Java,0.11175847457627118,0.1393008474576271,0.08792372881355932,0.7867298578199052,5.647703313931488,1.0,0.07235567859451307,4.035722693032016,0.9264787234806848,0.538961038961039,0.7522129055778346,0.70895428252212
Java,"Unit Testing, SQL",0.1393008474576271,0.11175847457627118,0.08792372881355932,0.6311787072243347,5.647703313931488,1.0,0.07235567859451307,2.408324960684956,0.9561260426320667,0.538961038961039,0.5847736429573905,0.70895428252212
"Bash, Kubernetes",AWS,0.03125,0.12076271186440678,0.0211864406779661,0.6779661016949152,5.614035087719298,1.0,0.01741260593220339,2.7302631578947367,0.8483870967741934,0.16194331983805665,0.633734939759036,0.42670234909307164
"Python, Java",Unit Testing,0.11016949152542373,0.1371822033898305,0.0847457627118644,0.7692307692307692,5.607365607365607,1.0,0.06963246911806951,3.738877118644067,0.9233928571428571,0.5211726384364821,0.7325400198328375,0.6934956934956935
Unit Testing,"Python, Java",0.1371822033898305,0.11016949152542373,0.0847457627118644,0.6177606177606177,5.607365607365607,1.0,0.06963246911806951,2.32794042116076,0.9523020257826886,0.5211726384364821,0.5704357418643132,0.6934956934956935
"Terraform, Grafana",AWS,0.034427966101694914,0.12076271186440678,0.023305084745762712,0.676923076923077,5.605398110661269,1.0,0.019147470195346166,2.721448748991122,0.8508951279110358,0.17670682730923692,0.6325486561631141,0.43495276653171394
"Unit Testing, Git",Java,0.10540254237288135,0.1393008474576271,0.08209745762711865,0.7788944723618091,5.591455375738007,1.0,0.06741479415038783,3.8927075308166414,0.9179052311923452,0.5048859934853421,0.7431093931194436,0.6841240422645547
Java,"Unit Testing, Git",0.1393008474576271,0.10540254237288135,0.08209745762711865,0.5893536121673004,5.591455375738006,1.0,0.06741479415038783,2.178510475517891,0.9540565756823822,0.5048859934853421,0.5409707636304696,0.6841240422645547
"Bash, Git",AWS,0.03072033898305085,0.12076271186440678,0.02065677966101695,0.6724137931034483,5.568058076225046,1.0,0.016946908216029878,2.6839875111507583,0.8464060529634301,0.15789473684210528,0.6274200249272954,0.4217332123411978
Unit Testing,"Java, Git",0.1371822033898305,0.10752118644067797,0.08209745762711865,0.5984555984555985,5.565931871350591,1.0,0.06734746436009767,2.2226155068448503,0.9507633814530979,0.504885993485342,0.5500796260440177,0.6810011982425775
"Java, Git",Unit Testing,0.10752118644067797,0.1371822033898305,0.08209745762711865,0.7635467980295566,5.565931871350591,1.0,0.06734746436009767,3.649000264830508,0.9191653106154877,0.504885993485342,0.7259523355922668,0.6810011982425775
Unit Testing,"JavaScript, Java",0.1371822033898305,0.11334745762711865,0.08527542372881355,0.6216216216216216,5.484213185147764,1.0,0.06972616974288998,2.343296004842615,0.9476606080017083,0.5160256410256409,0.5732506700248635,0.6869790351098761
"JavaScript, Java",Unit Testing,0.11334745762711865,0.1371822033898305,0.08527542372881355,0.7523364485981308,5.484213185147764,1.0,0.06972616974288998,3.4838303485769098,0.9221858604747806,0.5160256410256409,0.7129596163003504,0.6869790351098761
"Git, Terraform",AWS,0.03125,0.12076271186440678,0.02065677966101695,0.6610169491525424,5.473684210526316,1.0,0.016882944915254237,2.59375,0.8436724565756824,0.15725806451612903,0.6144578313253012,0.41603479036574487
Java,"Unit Testing, Python",0.1393008474576271,0.11122881355932203,0.0847457627118644,0.6083650190114068,5.469491218540648,1.0,0.06925149472134444,2.269386621688333,0.949423076923077,0.5111821086261982,0.5593522979103314,0.6851348904580843
"Unit Testing, Python",Java,0.11122881355932203,0.1393008474576271,0.0847457627118644,0.7619047619047619,5.469491218540648,1.0,0.06925149472134444,3.6149364406779654,0.9194353396901073,0.5111821086261982,0.7233699633699633,0.6851348904580843
Java,Unit Testing,0.1393008474576271,0.1371822033898305,0.1038135593220339,0.7452471482889734,5.4325351967937525,1.0,0.08470396213372594,3.38688179863395,0.9479780219780221,0.6012269938650308,0.7047431651133098,0.7510019525228651
Unit Testing,Java,0.1371822033898305,0.1393008474576271,0.1038135593220339,0.7567567567567568,5.4325351967937525,1.0,0.08470396213372594,3.538429849340867,0.9456502674734718,0.6012269938650308,0.7173887733887734,0.7510019525228651
Java,"Unit Testing, Linux",0.1393008474576271,0.1048728813559322,0.07891949152542373,0.5665399239543727,5.402158466797251,1.0,0.06431061027721918,2.0650739666964024,0.9467754259163654,0.47756410256410253,0.5157558440389678,0.6595325882398126
"Unit Testing, Linux",Java,0.1048728813559322,0.1393008474576271,0.07891949152542373,0.7525252525252525,5.40215846679725,1.0,0.06431061027721918,3.4779271878242817,0.9103609864580438,0.47756410256410253,0.7124724164724165,0.6595325882398126
Serverless,"Docker, Linux",0.03389830508474576,0.13029661016949154,0.023834745762711863,0.703125,5.396341463414633,1.0,0.01941791151967825,2.9295272078501338,0.8432748538011696,0.16981132075471694,0.6586479902557856,0.4430259146341463
Webpack,"HTML/CSS, React",0.0715042372881356,0.15360169491525424,0.057733050847457626,0.8074074074074074,5.256500638569603,1.0,0.04674987880637747,4.394760430247717,0.872119616699027,0.3449367088607595,0.7724563111296527,0.5916347381864623
Redux,"HTML/CSS, React",0.07680084745762712,0.15360169491525424,0.05985169491525424,0.7793103448275862,5.073579072532699,1.0,0.048054954574834816,3.8352423199152543,0.869693692595921,0.3509316770186335,0.7392602822493635,0.5844827586206897
Webpack,"HTML/CSS, TypeScript",0.0715042372881356,0.14565677966101695,0.0524364406779661,0.7333333333333333,5.034666666666666,1.0,0.04202136374245906,3.2037870762711855,0.8630918425556189,0.3183279742765273,0.6878693945029964,0.5466666666666666
"Webpack, React",HTML/CSS,0.057733050847457626,0.20021186440677965,0.057733050847457626,1.0,4.994708994708994,1.0,0.04617420909939672,inf,0.8487914558740866,0.2883597883597883,1.0,0.6441798941798942
"JavaScript, Webpack",HTML/CSS,0.0524364406779661,0.20021186440677965,0.0524364406779661,1.0,4.994708994708994,1.0,0.04193804312697501,inf,0.8440469536053661,0.26190476190476186,1.0,0.6309523809523809
Webpack,HTML/CSS,0.0715042372881356,0.20021186440677965,0.07097457627118645,0.9925925925925926,4.957711150303743,1.0,0.056658579610744046,107.97139830508459,0.8597713088862591,0.35356200527704496,0.9907382879568309,0.6735449735449736
"Redux, Webpack",HTML/CSS,0.05508474576271186,0.20021186440677965,0.05455508474576271,0.9903846153846154,4.946682946682947,1.0,0.04352646509623671,83.17796610169522,0.8443554355870956,0.2717678100263852,0.9879775853285787,0.631435693935694
"Webpack, Git",HTML/CSS,0.05349576271186441,0.20021186440677965,0.05296610169491525,0.99009900990099,4.945256430404945,1.0,0.0422556153045102,80.77860169491429,0.842876329043089,0.26385224274406327,0.9876204839026947,0.6273246372256273
"Webpack, TypeScript",HTML/CSS,0.05296610169491525,0.20021186440677965,0.0524364406779661,0.99,4.944761904761905,1.0,0.041831998707268024,79.97881355932196,0.8423835672157819,0.2612137203166227,0.9874966887417218,0.6259523809523809
Terraform,"Docker, Linux",0.07733050847457627,0.13029661016949154,0.04978813559322034,0.6438356164383562,4.9413074952667335,1.0,0.03971223247629991,2.441859517601043,0.8644746806067859,0.31543624161073824,0.590476031568585,0.5129747187882838
"Redux, React",HTML/CSS,0.06091101694915254,0.20021186440677965,0.05985169491525424,0.982608695652174,4.907844490453186,1.0,0.04765658664895145,45.987817796610436,0.8478904311975602,0.2973684210526316,0.9782551108551686,0.6407752472969865
"Redux, JavaScript",HTML/CSS,0.057733050847457626,0.20021186440677965,0.056673728813559324,0.981651376146789,4.90306295810883,1.0,0.04511488706549842,43.588453389830505,0.8448198872620867,0.28157894736842104,0.9770581444802235,0.6323600796077861
"Redux, Git",HTML/CSS,0.05614406779661017,0.20021186440677965,0.05508474576271186,0.981132075471698,4.900469202355994,1.0,0.0438440372737719,42.38877118644044,0.8432832599499266,0.2736842105263158,0.976408846682494,0.6281321753019866
"Redux, TypeScript",HTML/CSS,0.05508474576271186,0.20021186440677965,0.05402542372881356,0.9807692307692308,4.898656898656899,1.0,0.04299680407928756,41.58898305084761,0.8422579794249538,0.26842105263157895,0.9759551706571575,0.6253052503052503
Redux,HTML/CSS,0.07680084745762712,0.20021186440677965,0.07521186440677965,0.979310344827586,4.891370187921911,1.0,0.05983542354926745,38.656426553672034,0.8617407254773622,0.3727034120734907,0.9741310801552864,0.6774858602444809
"Redux, JavaScript",React,0.057733050847457626,0.17796610169491525,0.04978813559322034,0.8623853211009175,4.845784185233727,1.0,0.03951360959494398,5.973446327683618,0.8422613708394627,0.2678062678062678,0.8325924524732811,0.5710736129314111
Kubernetes,"Docker, Linux",0.07733050847457627,0.13029661016949154,0.048728813559322036,0.6301369863013698,4.8361732932397805,1.0,0.03865291044240161,2.3514202762084113,0.8597064843009034,0.3066666666666667,0.5747251097058381,0.5020603630693841
Redux,"HTML/CSS, TypeScript",0.07680084745762712,0.14565677966101695,0.05402542372881356,0.7034482758620689,4.829492163009404,1.0,0.04283885961289859,2.880924812770989,0.8589034007177168,0.32075471698113206,0.652889240438677,0.53717868338558
"JavaScript, Webpack",React,0.0524364406779661,0.17796610169491525,0.045021186440677964,0.8585858585858586,4.8244348244348245,1.0,0.035689277506463654,5.812953995157384,0.8365896162825106,0.24285714285714283,0.8279704259085702,0.5557810245310245
Webpack,"HTML/CSS, Git",0.0715042372881356,0.1541313559322034,0.05296610169491525,0.7407407407407407,4.805905561919308,1.0,0.041945056646796895,3.2626361985472148,0.8529092983456931,0.30674846625766866,0.6934993854217398,0.5421916762122947
"SQL, React",TypeScript,0.07786016949152542,0.16896186440677965,0.0625,0.8027210884353742,4.750900987354189,1.0,0.049344600599684,4.2125036528346,0.8561755858215131,0.3390804597701149,0.7626114818138855,0.5863135222741134
"JavaScript, Webpack",TypeScript,0.0524364406779661,0.16896186440677965,0.04184322033898305,0.797979797979798,4.722839682087331,1.0,0.0329834615591784,4.113638771186442,0.83188401695311,0.23303834808259588,0.7569062196213249,0.5228143504005573
"Python, TypeScript",React,0.07838983050847458,0.17796610169491525,0.06567796610169492,0.8378378378378379,4.707850707850708,1.0,0.051727233553576564,5.069209039548026,0.8545791620318873,0.3444444444444445,0.8027305656171637,0.6034427284427285
C#,"Docker, Linux",0.03972457627118644,0.13029661016949154,0.024364406779661018,0.6133333333333334,4.707208672086721,1.0,0.019188429151106003,2.249232904734074,0.8201395716923666,0.16727272727272724,0.5554039788875356,0.4001626016260163
"Python, React",TypeScript,0.0826271186440678,0.16896186440677965,0.06567796610169492,0.7948717948717949,4.704444980307049,1.0,0.05171713408503304,4.051310911016951,0.8583587871563734,0.35327635327635337,0.7531663153078068,0.5917932642070574
"SQL, HTML/CSS",TypeScript,0.07733050847457627,0.16896186440677965,0.0614406779661017,0.7945205479452055,4.702366127023661,1.0,0.04837477107871302,4.0443855932203405,0.8533295063145809,0.33237822349570206,0.7527436548888133,0.5790784557907847
"Redux, TypeScript",React,0.05508474576271186,0.17796610169491525,0.04608050847457627,0.8365384615384616,4.700549450549451,1.0,0.03627729100833094,5.028913260219343,0.8331529302613268,0.24645892351274792,0.8011498810467883,0.5477335164835165
Django,"Docker, Linux",0.09057203389830508,0.13029661016949154,0.05508474576271186,0.608187134502924,4.667712642038701,1.0,0.043283516769606435,2.2196907412092086,0.8640181891492316,0.33226837060702874,0.5494867904637762,0.5154756810726002
"Webpack, TypeScript",React,0.05296610169491525,0.17796610169491525,0.04396186440677966,0.8300000000000001,4.663809523809524,1.0,0.03453569376615915,4.835493519441677,0.8295194199617261,0.2351274787535411,0.7931958762886598,0.5385119047619048
Webpack,"React, TypeScript",0.0715042372881356,0.131885593220339,0.04396186440677966,0.6148148148148148,4.661728395061728,1.0,0.03453148565426602,2.2537585560625812,0.8459783228750712,0.2757475083056478,0.556296748243057,0.4740740740740741
Redux,"HTML/CSS, Git",0.07680084745762712,0.1541313559322034,0.05508474576271186,0.7172413793103448,4.653442350989454,1.0,0.043247327007325476,2.9914866680446464,0.8504181561410477,0.3132530120481928,0.6657180489279468,0.5373148477307738
"Python, HTML/CSS",React,0.0826271186440678,0.17796610169491525,0.06832627118644068,0.8269230769230769,4.646520146520146,1.0,0.05362144498707268,4.749529190207155,0.8554702185939095,0.3553719008264464,0.7894528152260111,0.6054258241758241
"Redux, Webpack",React,0.05508474576271186,0.17796610169491525,0.045550847457627115,0.8269230769230769,4.646520146520146,1.0,0.035747629991381785,4.749529190207155,0.8305349880070914,0.24293785310734461,0.7894528152260111,0.5414377289377289
"MongoDB, HTML/CSS",TypeScript,0.07786016949152542,0.16896186440677965,0.06091101694915254,0.782312925170068,4.630115369031626,1.0,0.04775561754883654,3.8175814353813555,0.8502210124116575,0.3276353276353276,0.7380540488980806,0.5714072462840936
"MongoDB, React",TypeScript,0.07521186440677965,0.16896186440677965,0.058792372881355935,0.7816901408450705,4.62642942293258,1.0,0.04608443604567654,3.806690814652817,0.8476001774970848,0.31714285714285717,0.7373046436682557,0.5648262616451059
"HTML/CSS, Python",TypeScript,0.0826271186440678,0.16896186440677965,0.06408898305084745,0.7756410256410255,4.590627763041556,1.0,0.050128151034185574,3.704055690072638,0.8526138988032752,0.3418079096045198,0.7300256573679135,0.5774756852343059
"Docker, HTML/CSS",TypeScript,0.08421610169491525,0.16896186440677965,0.06514830508474577,0.7735849056603774,4.578458626604365,1.0,0.05091899552930193,3.6704184322033906,0.8534610447319049,0.3464788732394367,0.7275514989718245,0.5795824214822264
"Redux, Git",TypeScript,0.05614406779661017,0.16896186440677965,0.04343220338983051,0.7735849056603774,4.578458626604365,1.0,0.033945997019534616,3.6704184322033906,0.8280775231994744,0.23906705539358603,0.7275514989718245,0.5153190985982138
"Docker, TypeScript",React,0.07680084745762712,0.17796610169491525,0.0625,0.8137931034482758,4.572742200328407,1.0,0.04883205257110026,4.4146264908976764,0.8463101801880646,0.32506887052341593,0.7734802701741912,0.582491789819376
"Webpack, HTML/CSS",React,0.07097457627118645,0.17796610169491525,0.057733050847457626,0.8134328358208954,4.570717839374555,1.0,0.04510198218902614,4.406101694915252,0.840898392141684,0.3019390581717451,0.7730420064625326,0.5689187988628287
Redux,"React, TypeScript",0.07680084745762712,0.131885593220339,0.04608050847457627,0.6,4.549397590361445,1.0,0.035951583147802356,2.1702860169491522,0.8450946643717728,0.28338762214983715,0.5392312385600976,0.4746987951807229
"MongoDB, HTML/CSS",React,0.07786016949152542,0.17796610169491525,0.06302966101694915,0.8095238095238095,4.548752834467121,1.0,0.049173190175237,4.3156779661016955,0.8460316924012569,0.32692307692307687,0.7682866961217477,0.5818452380952381
"SQL, TypeScript",React,0.07733050847457627,0.17796610169491525,0.0625,0.8082191780821918,4.541422048271364,1.0,0.048737790864694056,4.286319612590799,0.8451614158672089,0.3241758241758242,0.766699618697924,0.579704827136334
Webpack,React,0.0715042372881356,0.17796610169491525,0.057733050847457626,0.8074074074074074,4.536860670194003,1.0,0.04500772048261993,4.26825293350717,0.8396196297827577,0.3011049723756906,0.7657121038564337,0.5659060846560846
"Node.js, HTML/CSS",TypeScript,0.0815677966101695,0.16896186440677965,0.0625,0.7662337662337662,4.534950942474453,1.0,0.04871815300919276,3.5549964689265527,0.848718550231658,0.33239436619718304,0.7187057684189615,0.5680698611733094
"MongoDB, JavaScript",TypeScript,0.09216101694915255,0.16896186440677965,0.0704449152542373,0.764367816091954,4.523907325334198,1.0,0.054873218004883664,3.52684477056635,0.8580289697405709,0.3694444444444445,0.7164604440928038,0.5906478578892372
TypeScript,"HTML/CSS, Git",0.16896186440677965,0.1541313559322034,0.11758474576271187,0.6959247648902822,4.515140742655851,1.0,0.09154242450086184,2.7817742005940946,0.9368077446471329,0.5721649484536084,0.6405171923061069,0.7294056814142134
"HTML/CSS, Git",TypeScript,0.1541313559322034,0.16896186440677965,0.11758474576271187,0.7628865979381444,4.515140742655851,1.0,0.09154242450086184,3.5048130066322782,0.9203828123677843,0.5721649484536084,0.7146780732359571,0.7294056814142134
"React, Git",TypeScript,0.1340042372881356,0.16896186440677965,0.10222457627118645,0.7628458498023716,4.514899575005886,1.0,0.07958297050057456,3.5042108050847465,0.8989779911584351,0.5092348284960423,0.7146290404250335,0.6839307618917814
TypeScript,"React, Git",0.16896186440677965,0.1340042372881356,0.10222457627118645,0.6050156739811913,4.514899575005885,1.0,0.07958297050057456,2.192481335754641,0.9367935089509506,0.5092348284960423,0.543895775214978,0.6839307618917814
"Webpack, Git",TypeScript,0.05349576271186441,0.16896186440677965,0.04078389830508475,0.7623762376237624,4.512120177534995,1.0,0.03174515449942546,3.497285487288136,0.8223678951155169,0.22448979591836737,0.7140639494159742,0.501877773984295
"Webpack, React",TypeScript,0.057733050847457626,0.16896186440677965,0.04396186440677966,0.7614678899082569,4.506744125852003,1.0,0.034207180497701814,3.4839675684485005,0.8257854351639272,0.24057971014492752,0.7129709216996744,0.5108279888412758
TypeScript,"JavaScript, React",0.16896186440677965,0.1551906779661017,0.11811440677966102,0.6990595611285267,4.50452031198177,1.0,0.09189310049195634,2.807230976341809,0.9361793950618342,0.5732647814910025,0.6437770855239237,0.7300758556495877
"JavaScript, React",TypeScript,0.1551906779661017,0.16896186440677965,0.11811440677966102,0.7610921501706485,4.504520311981769,1.0,0.09189310049195634,3.478488196125908,0.9209187905028325,0.5732647814910025,0.7125187887330684,0.7300758556495877
"Redux, Webpack",TypeScript,0.05508474576271186,0.16896186440677965,0.04184322033898305,0.7596153846153846,4.495780081986979,1.0,0.0325359989945418,3.4571186440677963,0.8228983368337403,0.2296511627906977,0.7107417757513359,0.5036321437183506
"Node.js, React",TypeScript,0.0836864406779661,0.16896186440677965,0.0635593220338983,0.7594936708860759,4.495059719852387,1.0,0.049419504991381785,3.455369090098126,0.8485452793834296,0.3361344537815125,0.7105953158909568,0.5678346097377088
"Node.js, HTML/CSS",React,0.0815677966101695,0.17796610169491525,0.06514830508474577,0.7987012987012987,4.487940630797774,1.0,0.05063200229819018,4.083652268999453,0.8462036177455201,0.335149863760218,0.7551211674923015,0.5823863636363636
"MongoDB, TypeScript",React,0.0736228813559322,0.17796610169491525,0.058792372881355935,0.7985611510791367,4.487153134635149,1.0,0.04568999569089342,4.080811138014528,0.838904084187103,0.304945054945055,0.7549506786323519,0.5644591469681398
"Redux, React",TypeScript,0.06091101694915254,0.16896186440677965,0.04608050847457627,0.7565217391304349,4.477470355731226,1.0,0.035788869487934506,3.4131923426150133,0.8270351569843957,0.2507204610951009,0.7070191481697011,0.5146245059288538
"Docker, React",TypeScript,0.0826271186440678,0.16896186440677965,0.0625,0.7564102564102564,4.476810545776063,1.0,0.04853916798333812,3.411630240856378,0.8465768974830704,0.3305322128851541,0.7068849994280204,0.5631581062615545
"Redux, HTML/CSS",React,0.07521186440677965,0.17796610169491525,0.05985169491525424,0.795774647887324,4.471495640509725,1.0,0.04646653260557311,4.025131502045588,0.8395016675283073,0.3095890410958904,0.7515609118629303,0.5660420858484239
HTML/CSS,"TypeScript, Git",0.20021186440677965,0.13135593220338984,0.11758474576271187,0.5873015873015873,4.4710701484895035,1.0,0.09128572967538065,2.1047913950456323,0.9706819402183641,0.5495049504950495,0.5248935346496323,0.741231438812084
"TypeScript, Git",HTML/CSS,0.13135593220338984,0.20021186440677965,0.11758474576271187,0.8951612903225806,4.4710701484895035,1.0,0.09128572967538065,7.628748370273793,0.8937376400791035,0.5495049504950495,0.8689168980986969,0.741231438812084
"Node.js, TypeScript",React,0.07997881355932203,0.17796610169491525,0.0635593220338983,0.794701986754967,4.465468306527909,1.0,0.04932580436656133,4.004100601421543,0.8435233160621761,0.326975476839237,0.750256025124599,0.5759224219489121
"JavaScript, Node.js",TypeScript,0.10328389830508475,0.16896186440677965,0.07786016949152542,0.7538461538461538,4.461634916807331,1.0,0.06040912947069808,3.3760924258474576,0.8652313849343636,0.40054495912806537,0.703799578369368,0.6073306004340487
"Docker, JavaScript",React,0.10010593220338983,0.17796610169491525,0.07944915254237288,0.7936507936507936,4.459561602418745,1.0,0.061633690031600116,3.983702737940025,0.8620600353148912,0.39999999999999997,0.7489772541318933,0.6200396825396826
React,"JavaScript, TypeScript",0.17796610169491525,0.14883474576271186,0.11811440677966102,0.6636904761904763,4.459244195899001,1.0,0.09162686727951738,2.530898455077247,0.9436919236281263,0.565989847715736,0.6048833970427002,0.7286423911201492
"JavaScript, TypeScript",React,0.14883474576271186,0.17796610169491525,0.11811440677966102,0.7935943060498222,4.459244195899001,1.0,0.09162686727951738,3.9826125073056713,0.9113938179656825,0.565989847715736,0.7489085372564848,0.7286423911201492
Redux,React,0.07680084745762712,0.17796610169491525,0.06091101694915254,0.793103448275862,4.456486042692939,1.0,0.0472430695202528,3.9731638418079083,0.8401307091720921,0.314207650273224,0.7483114113046568,0.5676826765188834
React,"HTML/CSS, TypeScript",0.17796610169491525,0.14565677966101695,0.11546610169491525,0.6488095238095238,4.454372294372295,1.0,0.08954413243320884,2.4327061189313417,0.9433935496074908,0.55470737913486,0.5889351400820713,0.7207683982683983
"HTML/CSS, TypeScript",React,0.14565677966101695,0.17796610169491525,0.11546610169491525,0.7927272727272727,4.454372294372295,1.0,0.08954413243320884,3.965953018138567,0.9077165461815411,0.55470737913486,0.7478537956888472,0.7207683982683983
"Redux, JavaScript",TypeScript,0.057733050847457626,0.16896186440677965,0.04343220338983051,0.7522935779816514,4.452446003853787,1.0,0.03367751948075266,3.3549317325800385,0.8229136675852425,0.23699421965317918,0.7019313417650465,0.5046734347588508
"Webpack, Git",React,0.05349576271186441,0.17796610169491525,0.0423728813559322,0.792079207920792,4.45073078736445,1.0,0.032852449008905486,3.953591606133978,0.8191382204812535,0.22408963585434175,0.7470654281923037,0.515087223008015
TypeScript,"HTML/CSS, React",0.16896186440677965,0.15360169491525424,0.11546610169491525,0.6833855799373041,4.449075775591828,1.0,0.08951327294599253,2.6732778150696426,0.9328503517111932,0.557544757033248,0.6259273935679788,0.7175548589341693
"HTML/CSS, React",TypeScript,0.15360169491525424,0.16896186440677965,0.11546610169491525,0.7517241379310344,4.449075775591828,1.0,0.08951327294599253,3.347236935028248,0.9159212777439689,0.557544757033248,0.7012461264587591,0.7175548589341693
"MongoDB, HTML/CSS",Node.js,0.07786016949152542,0.19597457627118645,0.06779661016949153,0.8707482993197279,4.443169700312557,1.0,0.05253799644498707,6.2206177520071355,0.8403665278575531,0.3290488431876606,0.83924426160451,0.6083471226328369
"SQL, React",Node.js,0.07786016949152542,0.19597457627118645,0.06779661016949153,0.8707482993197279,4.443169700312557,1.0,0.05253799644498707,6.2206177520071355,0.8403665278575531,0.3290488431876606,0.83924426160451,0.6083471226328369
"MongoDB, TypeScript",Node.js,0.0736228813559322,0.19597457627118645,0.06408898305084745,0.8705035971223021,4.441921057748395,1.0,0.04966077007325481,6.208862994350278,0.836454361169783,0.3118556701030928,0.8389399152614666,0.5987653120746645
TypeScript,"JavaScript, HTML/CSS",0.16896186440677965,0.1694915254237288,0.1271186440677966,0.7523510971786834,4.438871473354232,1.0,0.0984810399310543,3.3535721948079815,0.9322285957085192,0.6015037593984963,0.7018105047661698,0.7511755485893417
"JavaScript, HTML/CSS",TypeScript,0.1694915254237288,0.16896186440677965,0.1271186440677966,0.75,4.438871473354232,1.0,0.0984810399310543,3.3241525423728815,0.9328231292517007,0.6015037593984963,0.6991714467813894,0.7511755485893417
Ansible,"Docker, Linux",0.0413135593220339,0.13029661016949154,0.023834745762711863,0.5769230769230769,4.427767354596622,1.0,0.01845172902901465,2.0556625577812015,0.8075138121546961,0.16129032258064513,0.5135388363159373,0.37992495309568475
"SQL, HTML/CSS",React,0.07733050847457627,0.17796610169491525,0.06091101694915254,0.7876712328767123,4.425962165688193,1.0,0.047148807813846595,3.8715144887916884,0.8389357560025956,0.3133514986376022,0.7417031492727015,0.5649665688193085
Webpack,"React, Git",0.0715042372881356,0.1340042372881356,0.0423728813559322,0.5925925925925926,4.422192943932074,1.0,0.032791010575265726,2.1256259630200307,0.8334640616086708,0.2597402597402597,0.5295503454524861,0.4543990630947152
"MongoDB, React",Node.js,0.07521186440677965,0.19597457627118645,0.06514830508474577,0.8661971830985917,4.419946707270651,1.0,0.050408691827061196,6.009032114183773,0.836681287775077,0.31619537275064274,0.8335838482807254,0.5993148077655122
"Docker, HTML/CSS",React,0.08421610169491525,0.17796610169491525,0.06620762711864407,0.7861635220125787,4.417490266546871,1.0,0.05122001580005746,3.844217347956133,0.8447703875072295,0.3378378378378379,0.7398690267781884,0.5790936657681941
"Docker, React",Node.js,0.0826271186440678,0.19597457627118645,0.0715042372881356,0.8653846153846154,4.415800415800416,1.0,0.05531142272335536,5.972760290556902,0.8432127277392867,0.34526854219948855,0.8325732238775717,0.6151247401247402
"JavaScript, Node.js",React,0.10328389830508475,0.17796610169491525,0.08103813559322035,0.7846153846153846,4.408791208791209,1.0,0.06265710284401035,3.816585956416465,0.8622355025885133,0.4047619047619048,0.7379857256145916,0.6199862637362638
Redis,"Docker, Linux",0.0858050847457627,0.13029661016949154,0.04925847457627119,0.5740740740740741,4.405901836796145,1.0,0.03807836289859236,2.041912306558585,0.8455874107576721,0.29523809523809524,0.5102630035638561,0.4760614272809395
HTML/CSS,"React, Git",0.20021186440677965,0.1340042372881356,0.11811440677966102,0.58994708994709,4.402451011146663,1.0,0.09128516859379489,2.1119122471295793,0.9663231669289936,0.5465686274509804,0.526495477565814,0.7356850074241379
"React, Git",HTML/CSS,0.1340042372881356,0.20021186440677965,0.11811440677966102,0.8814229249011858,4.402451011146663,1.0,0.09128516859379489,6.744879943502826,0.8924452489680613,0.5465686274509804,0.8517393921943304,0.7356850074241379
"Redux, Git",React,0.05614406779661017,0.17796610169491525,0.04396186440677966,0.7830188679245282,4.399820305480683,1.0,0.03397012352772192,3.7885040530582157,0.8186821359512123,0.23119777158774374,0.7360435712896323,0.5150213387241689
"MongoDB, JavaScript",Node.js,0.09216101694915255,0.19597457627118645,0.07944915254237288,0.8620689655172413,4.39888164026095,1.0,0.061387936297041076,5.829184322033896,0.8511085180863477,0.38071065989847713,0.8284494116578074,0.6337371854613234
"JavaScript, HTML/CSS",React,0.1694915254237288,0.17796610169491525,0.13241525423728814,0.7812500000000001,4.389880952380953,1.0,0.10225150818730251,3.757869249394675,0.929795918367347,0.6157635467980297,0.7338917525773198,0.7626488095238095
React,"JavaScript, HTML/CSS",0.17796610169491525,0.1694915254237288,0.13241525423728814,0.7440476190476191,4.3898809523809526,1.0,0.10225150818730251,3.24477729601892,0.9393814432989691,0.6157635467980297,0.6918124392614189,0.7626488095238095
TypeScript,React,0.16896186440677965,0.17796610169491525,0.131885593220339,0.7805642633228841,4.386027765338111,1.0,0.10181610887675957,3.7461259079903164,0.9289625039354359,0.6133004926108375,0.7330575574443332,0.7608178459471564
React,TypeScript,0.17796610169491525,0.16896186440677965,0.131885593220339,0.7410714285714286,4.386027765338111,1.0,0.10181610887675957,3.209526592635886,0.9391379952800895,0.6133004926108375,0.6884275698807248,0.7608178459471564
Webpack,TypeScript,0.0715042372881356,0.16896186440677965,0.05296610169491525,0.7407407407407407,4.384070590967142,1.0,0.04088461244972709,3.2054328087167065,0.8313462635482031,0.2824858757062147,0.6880296485140335,0.5271101822825961
"Docker, JavaScript",TypeScript,0.10010593220338983,0.16896186440677965,0.07415254237288135,0.7407407407407407,4.384070590967142,1.0,0.057238457429617924,3.2054328087167065,0.8577692760447321,0.3804347826086956,0.6880296485140335,0.5898061070474864
"TypeScript, Git",React,0.13135593220338984,0.17796610169491525,0.10222457627118645,0.7782258064516129,4.3728878648233485,1.0,0.07884767308244758,3.706625577812018,0.8879565272336661,0.4936061381074169,0.7302128367143332,0.6763152841781874
React,"TypeScript, Git",0.17796610169491525,0.13135593220338984,0.10222457627118645,0.574404761904762,4.3728878648233485,1.0,0.07884767308244758,2.0410098376200074,0.9383045777469153,0.4936061381074169,0.5100464576074333,0.6763152841781874
"React, TypeScript",HTML/CSS,0.131885593220339,0.20021186440677965,0.11546610169491525,0.8755020080321284,4.372877754403858,1.0,0.08906104118787704,6.424104702022958,0.8884976854313718,0.5330073349633252,0.8443362855395089,0.7261107923758525
HTML/CSS,"React, TypeScript",0.20021186440677965,0.131885593220339,0.11546610169491525,0.5767195767195767,4.372877754403858,1.0,0.08906104118787704,2.0509202860169493,0.964402454584118,0.5330073349633252,0.5124140090583044,0.7261107923758525
"Webpack, HTML/CSS",TypeScript,0.07097457627118645,0.16896186440677965,0.0524364406779661,0.7388059701492536,4.372619660319094,1.0,0.040444443945705254,3.1816888619854713,0.8302293171164322,0.2796610169491525,0.6857015115626456,0.5245753988677303
"MongoDB, JavaScript",React,0.09216101694915255,0.17796610169491525,0.0715042372881356,0.7758620689655172,4.359605911330049,1.0,0.05510270037345591,3.667535853976532,0.8488525865422015,0.36000000000000004,0.7273373622467117,0.5888238916256158
Redux,"JavaScript, HTML/CSS",0.07680084745762712,0.1694915254237288,0.056673728813559324,0.7379310344827587,4.353793103448276,1.0,0.043656636024131,3.1690454950936666,0.8343976707899691,0.2988826815642458,0.6844475721323012,0.5361530172413793
Grafana,"Docker, Linux",0.04396186440677966,0.13029661016949154,0.02489406779661017,0.5662650602409638,4.345969242824958,1.0,0.019165985887675954,2.0051494821092275,0.8053044144515824,0.16666666666666663,0.5012840643939949,0.37866098540503473
Webpack,"TypeScript, Git",0.0715042372881356,0.13135593220338984,0.04078389830508475,0.5703703703703704,4.342174432497013,1.0,0.03139139255960931,2.0218439509059034,0.828975929945696,0.25163398692810457,0.505401987353207,0.4404271206690562
Webpack,"JavaScript, HTML/CSS",0.0715042372881356,0.1694915254237288,0.0524364406779661,0.7333333333333333,4.326666666666666,1.0,0.04031707842573973,3.1144067796610164,0.8280869159363169,0.27808988764044945,0.6789115646258502,0.5213541666666667
Redis,"MongoDB, Python",0.0858050847457627,0.1472457627118644,0.05455508474576271,0.6358024691358025,4.3179678479438675,1.0,0.04192064959781672,2.3414607871301354,0.8405314493356882,0.3056379821958457,0.5729161874089411,0.5031530331290524
"Python, React",Node.js,0.0826271186440678,0.19597457627118645,0.06991525423728813,0.846153846153846,4.317671517671517,1.0,0.05372243967250789,5.2261652542372845,0.8376023514591644,0.33502538071065985,0.8086551130029389,0.6014553014553013
HTML/CSS,React,0.20021186440677965,0.17796610169491525,0.15360169491525424,0.7671957671957672,4.310909549004787,1.0,0.11797076989370872,3.5310092449922963,0.9602923041790363,0.6839622641509435,0.7167948508154695,0.8151455026455027
React,HTML/CSS,0.17796610169491525,0.20021186440677965,0.15360169491525424,0.8630952380952381,4.310909549004787,1.0,0.11797076989370872,5.841930729550481,0.9343050124422325,0.6839622641509435,0.8288237149164303,0.8151455026455027
"Python, TypeScript",Node.js,0.07838983050847458,0.19597457627118645,0.06620762711864407,0.8445945945945946,4.309715120525931,1.0,0.05084521330077564,5.173728813559324,0.833287356321839,0.3180661577608143,0.8067158067158068,0.5912162162162162
"HTML/CSS, Git",React,0.1541313559322034,0.17796610169491525,0.11811440677966102,0.7663230240549829,4.306005563737523,1.0,0.09068425021545533,3.5178215353938196,0.9076659993092429,0.551980198019802,0.7157331632833812,0.7150067501227295
React,"HTML/CSS, Git",0.17796610169491525,0.1541313559322034,0.11811440677966102,0.6636904761904763,4.306005563737523,1.0,0.09068425021545533,2.515149242537874,0.9339836345984928,0.551980198019802,0.602409279303456,0.7150067501227295
TypeScript,HTML/CSS,0.16896186440677965,0.20021186440677965,0.14565677966101695,0.8620689655172414,4.305783616128444,1.0,0.11182860977449009,5.79846398305085,0.9238495857233907,0.6516587677725119,0.8275405343685773,0.7947910965152345
HTML/CSS,TypeScript,0.20021186440677965,0.16896186440677965,0.14565677966101695,0.7275132275132276,4.305783616128444,1.0,0.11182860977449009,3.049829274312984,0.9599470198675496,0.6516587677725119,0.6721127938463822,0.7947910965152345
Redux,"TypeScript, Git",0.07680084745762712,0.13135593220338984,0.04343220338983051,0.5655172413793104,4.305228031145718,1.0,0.03334395647802356,1.999260156039817,0.8315911730545877,0.26366559485530544,0.4998149705634988,0.44808120133481644
"Docker, JavaScript",Node.js,0.10010593220338983,0.19597457627118645,0.08421610169491525,0.8412698412698413,4.292749892749892,1.0,0.06459788404912381,5.065360169491526,0.8523770919630859,0.39749999999999996,0.8025806721458896,0.6354997854997855
Redux,"React, Git",0.07680084745762712,0.1340042372881356,0.04396186440677966,0.5724137931034483,4.271609649720594,1.0,0.033670225420137895,2.025312670858393,0.8296110431398573,0.2634920634920635,0.5062490772962143,0.45023851710508384
HTML/CSS,"JavaScript, TypeScript",0.20021186440677965,0.14883474576271186,0.1271186440677966,0.6349206349206349,4.265943625374231,1.0,0.09732016213013502,2.3314526529108326,0.9572350993377483,0.5727923627684964,0.5710828616864708,0.7445065808055131
"JavaScript, TypeScript",HTML/CSS,0.14883474576271186,0.20021186440677965,0.1271186440677966,0.8540925266903915,4.265943625374231,1.0,0.09732016213013502,5.48147478296817,0.8994555071561917,0.5727923627684964,0.8175673446301054,0.7445065808055131
"JavaScript, React",HTML/CSS,0.1551906779661017,0.20021186440677965,0.13241525423728814,0.8532423208191127,4.2616970944616,1.0,0.10134423926314279,5.449719156484038,0.9059460815047022,0.5938242280285035,0.816504305765884,0.757308991097387
HTML/CSS,"JavaScript, React",0.20021186440677965,0.1551906779661017,0.13241525423728814,0.6613756613756614,4.261697094461599,1.0,0.10134423926314279,2.4948275291313564,0.956943046357616,0.5938242280285035,0.5991706888258613,0.757308991097387
"Docker, TypeScript",Node.js,0.07680084745762712,0.19597457627118645,0.06408898305084745,0.8344827586206895,4.2581174277726,1.0,0.04903796951307095,4.857653601694913,0.8288075560802833,0.3071065989847715,0.7941392939893688,0.5807548928238583
"Redux, HTML/CSS",TypeScript,0.07521186440677965,0.16896186440677965,0.05402542372881356,0.7183098591549296,4.251313523775885,1.0,0.041317486893134164,2.950185381355933,0.8269770680322531,0.28412256267409475,0.6610382498945233,0.519029537727935
Redux,TypeScript,0.07680084745762712,0.16896186440677965,0.05508474576271186,0.7172413793103448,4.244989730839909,1.0,0.0421083313882505,2.9390373088052915,0.8280208747076218,0.28888888888888886,0.6597525329113646,0.5216300940438872
"Docker, TypeScript",HTML/CSS,0.07680084745762712,0.20021186440677965,0.06514830508474577,0.8482758620689655,4.236891078270389,1.0,0.049771864227233564,5.27133089368259,0.8275331290318068,0.30750000000000005,0.8102945878054351,0.5868363437328955
"SQL, HTML/CSS",Node.js,0.07733050847457627,0.19597457627118645,0.06408898305084745,0.8287671232876711,4.228952239911143,1.0,0.04893416941970698,4.695508474576267,0.8275279672837339,0.3063291139240506,0.7870305196094355,0.5778970751573491
"SQL, TypeScript",Node.js,0.07733050847457627,0.19597457627118645,0.06408898305084745,0.8287671232876711,4.228952239911143,1.0,0.04893416941970698,4.695508474576267,0.8275279672837339,0.3063291139240506,0.7870305196094355,0.5778970751573491
"Python, HTML/CSS",Node.js,0.0826271186440678,0.19597457627118645,0.06832627118644068,0.8269230769230769,4.2195426195426196,1.0,0.05213345662166044,4.645480225988699,0.831731027445083,0.32493702770780863,0.7847370021283064,0.5877858627858628
"Docker, HTML/CSS",Node.js,0.08421610169491525,0.19597457627118645,0.06938559322033898,0.8238993710691823,4.204113547509773,1.0,0.05288137837546682,4.565715799031476,0.8322244248318977,0.32914572864321606,0.7809762928712887,0.5889767125616182
"MongoDB, React",HTML/CSS,0.07521186440677965,0.20021186440677965,0.06302966101694915,0.8380281690140846,4.185706833594158,1.0,0.047971353418557884,4.9378224023581465,0.822990364530692,0.2967581047381546,0.797481578210988,0.5764214919144497
Redux,"JavaScript, React",0.07680084745762712,0.1551906779661017,0.04978813559322034,0.6482758620689655,4.177286100976815,1.0,0.037869360007900026,2.401908856763044,0.8238852064794131,0.2732558139534884,0.5836644687060858,0.4845474873484759
"Node.js, HTML/CSS",MongoDB,0.0815677966101695,0.20021186440677965,0.06779661016949153,0.8311688311688311,4.151446437160723,1.0,0.051465769534616485,4.7372066492829195,0.8265390715109573,0.3168316831683168,0.7889051346004988,0.5848965848965849
"Docker, SQL",Node.js,0.1419491525423729,0.19597457627118645,0.11546610169491525,0.8134328358208954,4.150705929810407,1.0,0.08764767667336971,4.3095762711864385,0.8846528485672215,0.519047619047619,0.7679586258431164,0.7013110125050424
Node.js,"Docker, SQL",0.19597457627118645,0.1419491525423729,0.11546610169491525,0.5891891891891892,4.150705929810407,1.0,0.08764767667336971,2.0886764049955397,0.9440959253484184,0.519047619047619,0.5212278945612279,0.7013110125050424
"MongoDB, TypeScript",HTML/CSS,0.0736228813559322,0.20021186440677965,0.06091101694915254,0.8273381294964028,4.132313197061398,1.0,0.04617084260988222,4.6321062853107335,0.818246451388371,0.28606965174129356,0.784115489065701,0.5657854668646035
"Python, React",HTML/CSS,0.0826271186440678,0.20021186440677965,0.06832627118644068,0.8269230769230769,4.13024013024013,1.0,0.05178334171215168,4.620998116760828,0.8261453354100651,0.3185185185185186,0.7835965359144167,0.584096459096459
"MongoDB, Python",Node.js,0.1472457627118644,0.19597457627118645,0.11917372881355932,0.8093525179856116,4.129885280964418,1.0,0.09031730285837403,4.217340901822835,0.8887232574189096,0.5319148936170213,0.7628837641349372,0.7087303130468598
Node.js,"MongoDB, Python",0.19597457627118645,0.1472457627118644,0.11917372881355932,0.6081081081081081,4.129885280964418,1.0,0.09031730285837403,2.1759935710111047,0.9425852730200556,0.5319148936170213,0.5404398187006882,0.7087303130468598
Node.js,"Docker, MongoDB",0.19597457627118645,0.14459745762711865,0.11652542372881355,0.5945945945945945,4.112068112068111,1.0,0.08818799824044814,2.109992937853107,0.9412803928614205,0.5200945626477541,0.5260647644548573,0.7002277002277002
"Docker, MongoDB",Node.js,0.14459745762711865,0.19597457627118645,0.11652542372881355,0.8058608058608058,4.112068112068111,1.0,0.08818799824044814,4.1414894467540755,0.8847452856740782,0.5200945626477541,0.7585409759322802,0.7002277002277002
Prometheus,"Docker, Linux",0.03866525423728814,0.13029661016949154,0.02065677966101695,0.5342465753424658,4.100233879051119,1.0,0.015618828102556735,1.867304336989033,0.7865225683407501,0.13928571428571426,0.4644686566666111,0.34639158035415973
Jenkins,"Docker, Linux",0.04078389830508475,0.13029661016949154,0.021716101694915255,0.5324675324675324,4.086580086580086,1.0,0.016402097996265443,1.8601989171374762,0.7874102705687467,0.1453900709219858,0.46242308239872176,0.3495670995670995
"Python, TypeScript",HTML/CSS,0.07838983050847458,0.20021186440677965,0.06408898305084745,0.8175675675675675,4.083512083512083,1.0,0.0483944089342143,4.384023854362837,0.8193407428517147,0.29876543209876544,0.7718990513692501,0.5688366938366938
"SQL, HTML/CSS",MongoDB,0.07733050847457627,0.20021186440677965,0.06302966101694915,0.8150684931506849,4.071029934043632,1.0,0.04754717573972996,4.324780288763338,0.8175862767609914,0.2938271604938272,0.7687743808400616,0.5649416539827499
"Docker, JavaScript",HTML/CSS,0.10010593220338983,0.20021186440677965,0.0815677966101695,0.8148148148148149,4.0697628845777,1.0,0.06152540128555013,4.318855932203392,0.8381935898121889,0.3728813559322034,0.7684571989207751,0.6111111111111112
Webpack,"JavaScript, React",0.0715042372881356,0.1551906779661017,0.045021186440677964,0.6296296296296295,4.057135633927442,1.0,0.03392439537848319,2.280985169491525,0.8115499479883225,0.24781341107871716,0.5615929409032856,0.4598660093540639
"Docker, PostgreSQL",Node.js,0.06197033898305085,0.19597457627118645,0.04925847457627119,0.7948717948717948,4.055994455994456,1.0,0.03711386365268601,3.9196239406779654,0.8032276279120599,0.23604060913705585,0.7448734840039187,0.5231115731115731
"MongoDB, JavaScript",HTML/CSS,0.09216101694915255,0.20021186440677965,0.0746822033898305,0.8103448275862069,4.047436599160737,1.0,0.05623047436081585,4.21706471494607,0.8293651778842572,0.3430656934306569,0.7628682347567938,0.5916803503010399
"Django, PostgreSQL",Node.js,0.06832627118644068,0.19597457627118645,0.05402542372881356,0.7906976744186047,4.034695160276556,1.0,0.04063521168486067,3.8414548022598884,0.8073103033140486,0.25692695214105793,0.7396819560621382,0.5331866750471402
Redis,"MongoDB, Git",0.0858050847457627,0.1472457627118644,0.05084745762711865,0.5925925925925927,4.02451372235545,1.0,0.03821302247917266,2.0931240369799697,0.8220596755504057,0.2790697674418605,0.5222452265930527,0.46895816679989344
"PostgreSQL, Linux",Node.js,0.06514830508474577,0.19597457627118645,0.0513771186440678,0.7886178861788617,4.02408261920457,1.0,0.03860970716029877,3.8036587353324633,0.8038667095003067,0.24494949494949497,0.7370952365650139,0.525390024170512
PostgreSQL,"MongoDB, SQL",0.09957627118644068,0.15625,0.0625,0.6276595744680851,4.017021276595744,1.0,0.04694120762711865,2.2660714285714283,0.8341176470588235,0.3232876712328767,0.5587076438140267,0.5138297872340425
Django,"MongoDB, Git",0.09057203389830508,0.1472457627118644,0.05349576271186441,0.5906432748538012,4.0112751903740165,1.0,0.04015941450014364,2.083156779661017,0.8254669380741219,0.29022988505747127,0.5199593185863209,0.47697631368589344
"SQL, PostgreSQL",MongoDB,0.07786016949152542,0.20021186440677965,0.0625,0.8027210884353742,4.009358240650758,1.0,0.04691147030307383,4.054098480420807,0.8139584692218577,0.28992628992628994,0.7533360364013155,0.5574452003023431
"Node.js, TypeScript",MongoDB,0.07997881355932203,0.20021186440677965,0.06408898305084745,0.8013245033112583,4.0023827043694595,1.0,0.04807627567509336,4.025600282485875,0.8153603867216679,0.29656862745098034,0.7515898425507653,0.5607151617085392
"Docker, React",HTML/CSS,0.0826271186440678,0.20021186440677965,0.06620762711864407,0.8012820512820513,4.002170668837336,1.0,0.04966469764435508,4.024740295243303,0.8176997690531178,0.30562347188264066,0.7515367634572934,0.565984940984941
"Django, Docker",MongoDB,0.06514830508474577,0.20021186440677965,0.05190677966101695,0.7967479674796747,3.979524239686841,1.0,0.03886331603705832,3.934957627118642,0.8008903278025091,0.24317617866004965,0.7458676573520701,0.528003613369467
Django,"MongoDB, Python",0.09057203389830508,0.1472457627118644,0.05296610169491525,0.5847953216374269,3.9715595944297193,1.0,0.03962975348319448,2.053816543327763,0.8227256843331391,0.28653295128939826,0.5131015945661255,0.4722537759266271
"HTML/CSS, Python",MongoDB,0.0826271186440678,0.20021186440677965,0.06567796610169492,0.7948717948717949,3.9701533034866374,1.0,0.049135036627405926,3.8989671610169503,0.8155032407062505,0.30243902439024395,0.7435218203430125,0.5614570614570615
"SQL, TypeScript",HTML/CSS,0.07733050847457627,0.20021186440677965,0.0614406779661017,0.7945205479452055,3.9683989273030376,1.0,0.04595819268888251,3.892302259887007,0.8107011362286709,0.2843137254901961,0.7430826453778464,0.5506994274117563
Redis,"Node.js, Python",0.0858050847457627,0.1541313559322034,0.0524364406779661,0.6111111111111112,3.9648720885834288,1.0,0.039211186620224076,2.1750907990314774,0.8179711366269884,0.2796610169491525,0.5402490781326098,0.4756586483390607
Node.js,"MongoDB, Git",0.19597457627118645,0.1472457627118644,0.11440677966101695,0.5837837837837838,3.9646898697258415,1.0,0.08555035370583167,2.048825115562404,0.9300370858341873,0.5000000000000001,0.5119153936545241,0.6803811005249855
"MongoDB, Git",Node.js,0.1472457627118644,0.19597457627118645,0.11440677966101695,0.7769784172661871,3.964689869725841,1.0,0.08555035370583167,3.605146254784036,0.8768921095008052,0.5000000000000001,0.7226187429503038,0.6803811005249855
"PostgreSQL, Redis",Node.js,0.06408898305084745,0.19597457627118645,0.04978813559322034,0.7768595041322315,3.964083091355819,1.0,0.037228324296179255,3.6032250470809806,0.7989379763753928,0.2367758186397985,0.722470845719139,0.5154567790931428
Django,"Docker, MongoDB",0.09057203389830508,0.14459745762711865,0.05190677966101695,0.5730994152046784,3.963412805518069,1.0,0.03881029382720483,2.0037511609008596,0.8221565854064398,0.2832369942196532,0.5009360346169863,0.46603688708951874
"SQL, Node.js",MongoDB,0.14777542372881355,0.20021186440677965,0.11652542372881355,0.7885304659498208,3.938480210881645,1.0,0.08693903063056593,3.78204898017811,0.8754675405390137,0.5034324942791762,0.7355930594127561,0.6852705239802014
MongoDB,"SQL, Node.js",0.20021186440677965,0.14777542372881355,0.11652542372881355,0.582010582010582,3.9384802108816443,1.0,0.08693903063056593,2.038866391332332,0.9328657435279952,0.5034324942791762,0.509531372800484,0.6852705239802014
"Django, Linux",MongoDB,0.0725635593220339,0.20021186440677965,0.057203389830508475,0.7883211678832117,3.9374348279457774,1.0,0.042675304330652114,3.7783094681472833,0.8043974871502,0.26535626535626533,0.7353313675254992,0.5370177267987487
"Docker, Redis",Node.js,0.0625,0.19597457627118645,0.048199152542372885,0.7711864406779662,3.9351351351351354,1.0,0.035950741525423734,3.5138888888888897,0.7956043956043956,0.22921914357682624,0.7154150197628459,0.5085661933119561
"Docker, SQL",MongoDB,0.1419491525423729,0.20021186440677965,0.11175847457627118,0.7873134328358208,3.93240148464029,1.0,0.08333857009480033,3.7604073743681217,0.8690655900766485,0.4850574712643677,0.7340713650291587,0.6727572455184394
MongoDB,"Docker, SQL",0.20021186440677965,0.1419491525423729,0.11175847457627118,0.5582010582010581,3.9324014846402897,1.0,0.08333857009480033,1.9421749720897188,0.9323750039232916,0.4850574712643677,0.48511333202691215,0.6727572455184394
Webpack,"JavaScript, TypeScript",0.0715042372881356,0.14883474576271186,0.04184322033898305,0.5851851851851851,3.931778041386582,1.0,0.03120090536124677,2.0519162378934626,0.8030862102580025,0.2344213649851632,0.5126506718292655,0.43316198761038616
"PostgreSQL, Python",Node.js,0.06885593220338983,0.19597457627118645,0.05296610169491525,0.7692307692307693,3.9251559251559254,1.0,0.039472089557598386,3.484110169491526,0.8003412969283276,0.24999999999999997,0.7129826695044087,0.5197505197505198
"Python, TypeScript",MongoDB,0.07838983050847458,0.20021186440677965,0.0614406779661017,0.7837837837837838,3.9147719147719147,1.0,0.04574610384946855,3.699020127118644,0.8078874355925486,0.2829268292682927,0.7296581349561482,0.5453310453310454
"Node.js, Linux",MongoDB,0.06832627118644068,0.20021186440677965,0.05349576271186441,0.7829457364341086,3.9105861121365,1.0,0.039816032569663894,3.684738196125909,0.7988674933439904,0.24876847290640397,0.7286102982699318,0.5250707518149379
"SQL, React",HTML/CSS,0.07786016949152542,0.20021186440677965,0.06091101694915254,0.782312925170068,3.9074254040240435,1.0,0.04532248725222637,3.674026747881356,0.8069025797267938,0.28048780487804875,0.7278190746497274,0.5432728647014361
"Django, SQL",Node.js,0.06779661016949153,0.19597457627118645,0.05190677966101695,0.765625,3.9067567567567565,1.0,0.03862036771042804,3.4305084745762713,0.7981447124304267,0.24499999999999997,0.708498023715415,0.5152449324324324
"Docker, React",MongoDB,0.0826271186440678,0.20021186440677965,0.0646186440677966,0.7820512820512819,3.906118572785239,1.0,0.04807571459350761,3.669616151545362,0.8110021580282437,0.29611650485436897,0.7274919341144506,0.5524013024013024
"Python, React",MongoDB,0.0826271186440678,0.20021186440677965,0.0646186440677966,0.7820512820512819,3.906118572785239,1.0,0.04807571459350761,3.669616151545362,0.8110021580282437,0.29611650485436897,0.7274919341144506,0.5524013024013024
"MongoDB, Linux",Node.js,0.06991525423728813,0.19597457627118645,0.05349576271186441,0.7651515151515152,3.904340704340705,1.0,0.039794150387819596,3.4235921268452723,0.7997925077245767,0.2518703241895262,0.7079091308340322,0.5190622440622441
Django,"MongoDB, Node.js",0.09057203389830508,0.1483050847457627,0.0524364406779661,0.5789473684210527,3.903759398496241,1.0,0.039004147515081876,2.0227754237288136,0.8179170858262298,0.28125,0.5056297460068081,0.46625939849624065
"Node.js, TypeScript",HTML/CSS,0.07997881355932203,0.20021186440677965,0.0625,0.7814569536423841,3.903150075335506,1.0,0.046487292624245904,3.6596366204417055,0.8084560366109501,0.2871046228710462,0.7267488268058419,0.5468131329058481
"Django, SQL",MongoDB,0.06779661016949153,0.20021186440677965,0.05296610169491525,0.78125,3.9021164021164023,1.0,0.03939241597242171,3.656174334140436,0.7978181818181818,0.2463054187192118,0.7264900662251655,0.5229001322751323
"Django, Docker",Node.js,0.06514830508474577,0.19597457627118645,0.04978813559322034,0.7642276422764227,3.8996264557240163,1.0,0.03702072410945131,3.410176797194622,0.7953830389970465,0.2355889724310777,0.7067600715532847,0.5091408481652384
"PostgreSQL, Linux",MongoDB,0.06514830508474577,0.20021186440677965,0.05084745762711865,0.7804878048780487,3.898309459285069,1.0,0.037803994003160014,3.6434792843691137,0.7952903682719547,0.23703703703703707,0.7255370699402357,0.5172280294231514
"Docker, TypeScript",MongoDB,0.07680084745762712,0.20021186440677965,0.05985169491525424,0.7793103448275862,3.8924283889801132,1.0,0.044475254057742025,3.62403998940678,0.8049086358074523,0.275609756097561,0.7240648549897237,0.5391260718846926
Django,"Node.js, Git",0.09057203389830508,0.14883474576271186,0.0524364406779661,0.5789473684210527,3.8898670162951867,1.0,0.03895617503950014,2.0215174788135597,0.8169111028749934,0.2804532577903683,0.5053221105033898,0.4656302678404196
"Node.js, React",HTML/CSS,0.0836864406779661,0.20021186440677965,0.06514830508474577,0.7784810126582279,3.8882861161342177,1.0,0.04839328677104281,3.610472154963681,0.810658395601297,0.2978208232445521,0.7230279151647246,0.5519389190275267
"Node.js, React",MongoDB,0.0836864406779661,0.20021186440677965,0.06514830508474577,0.7784810126582279,3.8882861161342177,1.0,0.04839328677104281,3.610472154963681,0.810658395601297,0.2978208232445521,0.7230279151647246,0.5519389190275267
"Django, MongoDB",Node.js,0.06885593220338983,0.19597457627118645,0.0524364406779661,0.7615384615384616,3.885904365904366,1.0,0.038942428540649235,3.3717195188627676,0.7975775962124084,0.24688279301745633,0.7034154251545557,0.5145530145530146
Django,"SQL, Node.js",0.09057203389830508,0.14777542372881355,0.05190677966101695,0.5730994152046784,3.8781781215284337,1.0,0.03852245897371445,1.9963068841420946,0.8160590969060891,0.27840909090909094,0.4990750129934325,0.4621769477457084
"Django, Linux",Node.js,0.0725635593220339,0.19597457627118645,0.05508474576271186,0.7591240875912408,3.8735845334385477,1.0,0.04086413297184717,3.337923728813559,0.7998835830075122,0.2580645161290322,0.7004125674389082,0.520102584336161
"Django, PostgreSQL",MongoDB,0.06832627118644068,0.20021186440677965,0.05296610169491525,0.7751937984496123,3.8718674377589104,1.0,0.039286371552714736,3.557678258328462,0.7961227970437749,0.2457002457002457,0.7189178089224292,0.5198720314999384
"Docker, HTML/CSS",MongoDB,0.08421610169491525,0.20021186440677965,0.06514830508474577,0.7735849056603774,3.8638314864729963,1.0,0.04828724235133583,3.5323975988700576,0.8093498286052844,0.2971014492753624,0.7169061601899288,0.5494908655286015
"Django, Node.js",MongoDB,0.06779661016949153,0.20021186440677965,0.0524364406779661,0.7734375,3.863095238095238,1.0,0.03886275495547256,3.530099357101111,0.7950413223140496,0.24324324324324323,0.7167218543046358,0.5176711309523809
"Node.js, Python",MongoDB,0.1541313559322034,0.20021186440677965,0.11917372881355932,0.7731958762886598,3.8618883979708722,1.0,0.08831480267882792,3.5263385978428357,0.8760926737633062,0.5067567567567568,0.7164197446576092,0.6842169857633775
MongoDB,"Node.js, Python",0.20021186440677965,0.1541313559322034,0.11917372881355932,0.5952380952380952,3.861888397970872,1.0,0.08831480267882792,2.0897931206380855,0.926569536423841,0.5067567567567568,0.5214837343829204,0.6842169857633775
"SQL, Redis",Node.js,0.06091101694915254,0.19597457627118645,0.04608050847457627,0.7565217391304349,3.860305522914219,1.0,0.03414349773771905,3.302247276029057,0.7890127130456205,0.21859296482412063,0.6971759179698689,0.495828437132785
PostgreSQL,MongoDB,0.09957627118644068,0.20021186440677965,0.07680084745762712,0.7712765957446809,3.852302150174491,1.0,0.05686449655271474,3.4967481277098944,0.8222961460446249,0.3444180522565321,0.7140200084542765,0.5774372396712822
"JavaScript, Node.js",HTML/CSS,0.10328389830508475,0.20021186440677965,0.07944915254237288,0.7692307692307692,3.842083842083842,1.0,0.05877049069951163,3.4657485875706207,0.824926166568222,0.3546099290780142,0.7114620478858888,0.583028083028083
"Docker, PostgreSQL",MongoDB,0.06197033898305085,0.20021186440677965,0.04766949152542373,0.7692307692307692,3.842083842083842,1.0,0.03526229441970698,3.4657485875706207,0.7885940146809711,0.2222222222222222,0.7114620478858888,0.5036630036630036
"JavaScript, Node.js",MongoDB,0.10328389830508475,0.20021186440677965,0.07944915254237288,0.7692307692307692,3.842083842083842,1.0,0.05877049069951163,3.4657485875706207,0.824926166568222,0.3546099290780142,0.7114620478858888,0.583028083028083
"Node.js, Git",MongoDB,0.14883474576271186,0.20021186440677965,0.11440677966101695,0.7686832740213524,3.8393492628368078,1.0,0.08460829772335536,3.4575456323337694,0.868855009334163,0.48758465011286684,0.7107774975843134,0.6700559227249618
MongoDB,"Node.js, Git",0.20021186440677965,0.14883474576271186,0.11440677966101695,0.5714285714285714,3.8393492628368073,1.0,0.08460829772335536,1.9860522598870056,0.9246688741721855,0.48758465011286684,0.49648857676237884,0.6700559227249618
"Django, Redis",MongoDB,0.06408898305084745,0.20021186440677965,0.04925847457627119,0.7685950413223142,3.8389085661812943,1.0,0.036427099791726515,3.4562273002421326,0.7901491501907735,0.22906403940886702,0.7106671774943901,0.5073133936770301
"Django, Redis",Node.js,0.06408898305084745,0.19597457627118645,0.048199152542372885,0.7520661157024794,3.837569801206165,1.0,0.0356393412453318,3.242902542372882,0.7900520532099479,0.22750000000000004,0.6916342730212656,0.4990060308242127
PostgreSQL,"Docker, Linux",0.09957627118644068,0.13029661016949154,0.04978813559322034,0.5,3.8373983739837394,1.0,0.03681368500430911,1.7394067796610169,0.8211764705882353,0.27647058823529413,0.4250913520097442,0.4410569105691057
"PostgreSQL, Git",Node.js,0.06620762711864407,0.19597457627118645,0.04978813559322034,0.7519999999999999,3.837232432432432,1.0,0.03681312392272335,3.242037998906505,0.791820035963843,0.2344139650872818,0.6915520421607377,0.503027027027027
"Django, Python",Node.js,0.0704449152542373,0.19597457627118645,0.05296610169491525,0.7518796992481201,3.8366185734606777,1.0,0.03916068927750646,3.2404661016949134,0.7953846153846152,0.2481389578163771,0.6914024190912061,0.5110749847591952
"PostgreSQL, Git",MongoDB,0.06620762711864407,0.20021186440677965,0.05084745762711865,0.768,3.835936507936508,1.0,0.03759190516374605,3.4473626534190536,0.7917257515598412,0.2358722358722359,0.7099231788079471,0.510984126984127
"SQL, TypeScript",MongoDB,0.07733050847457627,0.20021186440677965,0.059322033898305086,0.7671232876712328,3.8315575849822423,1.0,0.0438395486210859,3.434384346959122,0.800947187141217,0.2718446601941748,0.7088269980948925,0.5317097919837646
"Docker, Node.js",MongoDB,0.1520127118644068,0.20021186440677965,0.11652542372881355,0.7665505226480835,3.828696790369264,1.0,0.08609067527291007,3.425958133063495,0.8712566009880188,0.49438202247191015,0.7081108521586634,0.6742805523293327
MongoDB,"Docker, Node.js",0.20021186440677965,0.1520127118644068,0.11652542372881355,0.582010582010582,3.8286967903692637,1.0,0.08609067527291007,2.028729081742115,0.9237627934978928,0.49438202247191015,0.5070805614215982,0.6742805523293327
Django,Node.js,0.09057203389830508,0.19597457627118645,0.06779661016949153,0.7485380116959065,3.8195669353564092,1.0,0.05004679420425165,3.197403429247143,0.811708284799068,0.3099273607748184,0.6872462227153303,0.5472419788209262
"SQL, MongoDB",Node.js,0.15625,0.19597457627118645,0.11652542372881355,0.7457627118644068,3.805405405405405,1.0,0.08590439618644068,3.1625,0.8737373737373738,0.49438202247191015,0.6837944664031621,0.6701786532295007
Node.js,"SQL, MongoDB",0.19597457627118645,0.15625,0.11652542372881355,0.5945945945945945,3.8054054054054047,1.0,0.08590439618644068,2.0812499999999994,0.916906216313331,0.49438202247191015,0.5195195195195195,0.6701786532295007
Redux,"JavaScript, TypeScript",0.07680084745762712,0.14883474576271186,0.04343220338983051,0.5655172413793104,3.79963185666953,1.0,0.03200156878411376,1.9590311407048697,0.7981123098666443,0.23837209302325582,0.4895435916142738,0.4286660939992637
Redis,"Docker, MongoDB",0.0858050847457627,0.14459745762711865,0.047139830508474576,0.5493827160493827,3.799394021616244,1.0,0.034732633402757826,1.8982905734850244,0.8059551863762418,0.2572254335260115,0.4732102587623744,0.43769502102835434
Django,MongoDB,0.09057203389830508,0.20021186440677965,0.06885593220338983,0.7602339181286549,3.7971471889600545,1.0,0.05072233643349612,3.3357017362546504,0.8100085121634334,0.31026252983293556,0.7002130049184772,0.5520746310219994
Django,"Node.js, Python",0.09057203389830508,0.1541313559322034,0.05296610169491525,0.5847953216374269,3.794135969936295,1.0,0.039006111300632,2.037232931487228,0.809778683750728,0.2762430939226519,0.5091381134949667,0.4642189666606378
Django,"Docker, SQL",0.09057203389830508,0.1419491525423729,0.048728813559322036,0.5380116959064328,3.7901719472811384,1.0,0.035872190103418564,1.85729993563613,0.8094755767136816,0.26512968299711814,0.4615840011551513,0.44064763899799253
"Linux, Redis",MongoDB,0.06567796610169492,0.20021186440677965,0.04978813559322034,0.7580645161290321,3.786311657279399,1.0,0.03663862754955473,3.3057909604519757,0.7876200125440248,0.23039215686274508,0.6975005340739157,0.5033708824031404
"Python, Redis",MongoDB,0.07203389830508475,0.20021186440677965,0.05455508474576271,0.7573529411764706,3.78275754746343,1.0,0.04013304366561333,3.296096558808423,0.7927472624905795,0.2506082725060827,0.6966108297623685,0.5149198568316216
MongoDB,Node.js,0.20021186440677965,0.19597457627118645,0.1483050847457627,0.7407407407407407,3.7797797797797794,1.0,0.10906864945417982,3.101240920096852,0.9195364238410595,0.5982905982905983,0.6775484311716196,0.7487487487487487
Node.js,MongoDB,0.19597457627118645,0.20021186440677965,0.1483050847457627,0.7567567567567567,3.7797797797797794,1.0,0.10906864945417982,3.288017890772127,0.9146903820816863,0.5982905982905983,0.6958654018256667,0.7487487487487487
"SQL, Redis",MongoDB,0.06091101694915254,0.20021186440677965,0.04608050847457627,0.7565217391304349,3.7786059351276746,1.0,0.03388540020827349,3.284844128329299,0.7830484081140481,0.2142857142857143,0.6955715519723583,0.49334023464458254
"SQL, React",MongoDB,0.07786016949152542,0.20021186440677965,0.058792372881355935,0.7551020408163266,3.771514955188425,1.0,0.04320384318442977,3.2658015536723175,0.7969014390611174,0.26811594202898553,0.6937964589809434,0.5243764172335601
"Docker, Redis",MongoDB,0.0625,0.20021186440677965,0.047139830508474576,0.7542372881355932,3.7671957671957674,1.0,0.03462658898305085,3.2543103448275863,0.7835205992509364,0.2186732186732187,0.6927152317880795,0.49484351179266434
"PostgreSQL, Python",MongoDB,0.06885593220338983,0.20021186440677965,0.05190677966101695,0.7538461538461538,3.7652421652421655,1.0,0.038121005099109456,3.2491393008474576,0.7887209491305055,0.23902439024390243,0.6922261844116149,0.5065527065527066
"PostgreSQL, Redis",MongoDB,0.06408898305084745,0.20021186440677965,0.048199152542372885,0.7520661157024794,3.7563513927150294,1.0,0.03536777775782821,3.225812146892656,0.7840320403987636,0.22303921568627455,0.6900005473154179,0.4964034282216101
"Django, Python",MongoDB,0.0704449152542373,0.20021186440677965,0.05296610169491525,0.7518796992481201,3.7554202967736794,1.0,0.03886219387388681,3.223388546481765,0.7893219373219372,0.24330900243308998,0.6897674650201662,0.5082149818991923
"Linux, Redis",Node.js,0.06567796610169492,0.19597457627118645,0.048199152542372885,0.7338709677419355,3.744725370531822,1.0,0.035327940965239876,3.0211864406779663,0.7844808252971519,0.22580645161290322,0.6690042075736325,0.48990845684394074
Django,"SQL, MongoDB",0.09057203389830508,0.15625,0.05296610169491525,0.5847953216374269,3.742690058479532,1.0,0.03881422139830508,2.0321302816901405,0.8057949912638321,0.27322404371584696,0.5079055663850985,0.46188918624244224
Redis,"Node.js, Git",0.0858050847457627,0.14883474576271186,0.04766949152542373,0.5555555555555556,3.732700672202452,1.0,0.03489871355214019,1.9151218220338986,0.8008111239860952,0.254957507082153,0.4778400055313559,0.43792012653222623
"PostgreSQL, Node.js",MongoDB,0.06673728813559322,0.20021186440677965,0.04978813559322034,0.746031746031746,3.7262114722432185,1.0,0.03642653871014076,3.1491657838983054,0.7839495737435699,0.2292682926829268,0.6824555870913487,0.4973544973544974
"Docker, JavaScript",MongoDB,0.10010593220338983,0.20021186440677965,0.0746822033898305,0.746031746031746,3.7262114722432185,1.0,0.05463980806521114,3.1491657838983054,0.8130189222696704,0.3309859154929577,0.6824555870913487,0.5595238095238095
"Redis, Git",MongoDB,0.06832627118644068,0.20021186440677965,0.05084745762711865,0.744186046511628,3.7169927402485547,1.0,0.03716772748491813,3.1264445300462262,0.7845722001137009,0.23357664233576647,0.6801478515324196,0.49907715023994104
Redis,Node.js,0.0858050847457627,0.19597457627118645,0.0625,0.7283950617283951,3.7167834501167833,1.0,0.04568438487503591,2.960275423728814,0.7995561403853331,0.28502415458937197,0.6621935945607443,0.523656990323657
"Django, Git",Node.js,0.07203389830508475,0.19597457627118645,0.0524364406779661,0.7279411764705882,3.7144674085850555,1.0,0.038319627980465384,2.955336692624828,0.7875098012084314,0.24324324324324323,0.6616290785088739,0.4977543720190779
"Python, Redis",Node.js,0.07203389830508475,0.19597457627118645,0.0524364406779661,0.7279411764705882,3.7144674085850555,1.0,0.038319627980465384,2.955336692624828,0.7875098012084314,0.24324324324324323,0.6616290785088739,0.4977543720190779
"Django, Git",MongoDB,0.07203389830508475,0.20021186440677965,0.05349576271186441,0.7426470588235294,3.7093059446000627,1.0,0.039073721631715026,3.107748184019371,0.7871061078710611,0.24455205811138017,0.6782236073237242,0.5049214130096483
Redis,"Docker, Node.js",0.0858050847457627,0.1520127118644068,0.048199152542372885,0.5617283950617284,3.6952725082806386,1.0,0.03515568891841425,1.9348442349009312,0.7978429450040111,0.25418994413407825,0.48316252959184464,0.4394007828967179
"MongoDB, Redis",Node.js,0.0625,0.19597457627118645,0.045021186440677964,0.7203389830508474,3.6756756756756754,1.0,0.03277277542372881,2.8749999999999996,0.7764705882352941,0.2109181141439206,0.6521739130434783,0.47503435639028857
Azure,"Docker, Python",0.03283898305084746,0.20815677966101695,0.02489406779661017,0.7580645161290321,3.641795945169498,1.0,0.018058410837403043,3.2729519774011284,0.7500407820838478,0.11519607843137254,0.6944654223756607,0.43882869572354916
Redis,MongoDB,0.0858050847457627,0.20021186440677965,0.0625,0.7283950617283951,3.6381213665164283,1.0,0.045320804007469115,2.9446744992295844,0.7931928432547086,0.2796208530805687,0.6604038917504701,0.5202821869488536
Redis,"SQL, Node.js",0.0858050847457627,0.14777542372881355,0.04608050847457627,0.5370370370370371,3.6341431036771543,1.0,0.03340062571818443,1.8408050847457629,0.7928637071962281,0.2457627118644068,0.4567594318992704,0.42443249701314223
Unit Testing,"SQL, Linux",0.1371822033898305,0.17478813559322035,0.08686440677966102,0.6332046332046333,3.6226980226980228,1.0,0.0628865852125826,2.2497881355932208,0.8390678105676085,0.3858823529411765,0.5555137018551654,0.5650871650871652
Django,"Docker, Node.js",0.09057203389830508,0.1520127118644068,0.04978813559322034,0.5497076023391813,3.6161949589420703,1.0,0.036020035101264,1.8831925489764472,0.7955179122417874,0.2582417582417582,0.4689868539764986,0.4386168673716812
Django,"SQL, Linux",0.09057203389830508,0.17478813559322035,0.057203389830508475,0.6315789473684211,3.613397129186603,1.0,0.04137247288853778,2.2398607748184025,0.795282469423413,0.2748091603053435,0.5535436794811163,0.4794258373205742
Redis,"Docker, SQL",0.0858050847457627,0.1419491525423729,0.04396186440677966,0.5123456790123457,3.60936060438548,1.0,0.03178190534329216,1.7595473074447547,0.7907970235519134,0.23919308357348704,0.43167200121932636,0.41102358577482956
"Node.js, Redis",MongoDB,0.0625,0.20021186440677965,0.045021186440677964,0.7203389830508474,3.5978835978835977,1.0,0.03250794491525424,2.859848484848485,0.7701960784313726,0.20681265206812655,0.6503311258278145,0.47260335395928615
"Redis, Git",Node.js,0.06832627118644068,0.19597457627118645,0.04766949152542373,0.6976744186046512,3.5600251414204904,1.0,0.03427927948147084,2.659468709256845,0.7718400606405154,0.2200488997555012,0.6239850476453106,0.4704588309239472
PostgreSQL,"MongoDB, Python",0.09957627118644068,0.1472457627118644,0.05190677966101695,0.5212765957446809,3.5401806214602787,1.0,0.03724459566216605,1.7813088512241055,0.7968787515006003,0.266304347826087,0.43861503898506676,0.43689729067809585
Redis,"MongoDB, Node.js",0.0858050847457627,0.1483050847457627,0.045021186440677964,0.5246913580246914,3.537918871252205,1.0,0.032295856075840276,1.791877613911512,0.7846772544475498,0.23809523809523808,0.44192617161108044,0.4141313932980599
PostgreSQL,"MongoDB, Git",0.09957627118644068,0.1472457627118644,0.05084745762711865,0.5106382978723405,3.4679320373488447,1.0,0.03618527362826775,1.7425847457627122,0.790343137254902,0.2594594594594595,0.4261398176291794,0.4279810194397674
PostgreSQL,"SQL, Node.js",0.09957627118644068,0.14777542372881355,0.05084745762711865,0.5106382978723405,3.4555021734156948,1.0,0.036132531959207126,1.7415023949889463,0.7891911764705881,0.25876010781671166,0.4257831612075692,0.42736215968885843
PostgreSQL,"Node.js, Python",0.09957627118644068,0.1541313559322034,0.05296610169491525,0.5319148936170213,3.451049206697375,1.0,0.03761827599827636,1.8070830123266564,0.7887764705882353,0.26385224274406327,0.4466219907006488,0.437778752650435
Redis,"SQL, MongoDB",0.0858050847457627,0.15625,0.04608050847457627,0.5370370370370371,3.4370370370370376,1.0,0.03267346398305085,1.8225000000000002,0.7756023494625804,0.23513513513513518,0.45130315500685875,0.4159761456371626
"AWS, Azure",Docker,0.02913135593220339,0.2701271186440678,0.02701271186440678,0.9272727272727274,3.432727272727273,1.0,0.019143542624245908,10.03575211864408,0.7299509001636661,0.09922178988326849,0.9003562475260589,0.5136363636363637
PostgreSQL,Node.js,0.09957627118644068,0.19597457627118645,0.06673728813559322,0.6702127659574468,3.419896492236918,1.0,0.04722287058316576,2.438012575177693,0.785845004668534,0.2916666666666667,0.5898298432988535,0.5053766532489937
"C#, Terraform",Docker,0.02754237288135593,0.2701271186440678,0.025423728813559324,0.9230769230769231,3.417194570135747,1.0,0.017983786986498135,9.488347457627125,0.7273965141612201,0.0933852140077821,0.8946075694987161,0.5085972850678733
"Python, Azure",Docker,0.02701271186440678,0.2701271186440678,0.02489406779661017,0.9215686274509803,3.4116109188773547,1.0,0.017597201773915543,9.30587923728813,0.7265082986830981,0.0914396887159533,0.8925410512535928,0.5068627450980392
Serverless,"Docker, Python",0.03389830508474576,0.20815677966101695,0.023834745762711863,0.703125,3.377862595419847,1.0,0.01677858374030451,2.6672613737734165,0.7286549707602339,0.10922330097087378,0.6250836120401337,0.40881440839694655
Java,"SQL, Linux",0.1393008474576271,0.17478813559322035,0.08209745762711865,0.5893536121673004,3.3718170296117065,1.0,0.05774932221344442,2.009543706842436,0.8172704714640199,0.35388127853881285,0.5023745954890008,0.5295252909321351
PostgreSQL,"MongoDB, Node.js",0.09957627118644068,0.1483050847457627,0.04978813559322034,0.5,3.3714285714285714,1.0,0.0350204682562482,1.7033898305084745,0.7811764705882352,0.25133689839572193,0.4129353233830846,0.41785714285714287
PostgreSQL,"Node.js, Git",0.09957627118644068,0.14883474576271186,0.04978813559322034,0.5,3.3594306049822067,1.0,0.03496772658718759,1.7023305084745763,0.7799999999999999,0.2506666666666667,0.4125700062227754,0.41725978647686834
"Python, C#",Docker,0.02754237288135593,0.2701271186440678,0.02489406779661017,0.9038461538461539,3.346003016591252,1.0,0.01745412596954898,7.590677966101696,0.7209938348862004,0.09126213592233011,0.8682594618733951,0.49800150829562595
"C#, Azure",Docker,0.02701271186440678,0.2701271186440678,0.024364406779661018,0.9019607843137255,3.339023452518262,1.0,0.01706754075696639,7.44470338983051,0.7199592909043573,0.08932038834951456,0.8656763140669911,0.49607843137254903
"SQL, PostgreSQL",Node.js,0.07786016949152542,0.19597457627118645,0.05084745762711865,0.653061224489796,3.3323772752344185,1.0,0.035588843902614194,2.3174850448654043,0.7590106260769672,0.22802850356294538,0.5684977548331587,0.4562603419746277
Redis,"SQL, Linux",0.0858050847457627,0.17478813559322035,0.04978813559322034,0.5802469135802469,3.319715675271231,1.0,0.0347904248060902,1.9659459122632104,0.7643549222159217,0.2361809045226131,0.491339006957321,0.43254769921436587
"MongoDB, PostgreSQL",Node.js,0.07680084745762712,0.19597457627118645,0.04978813559322034,0.6482758620689655,3.307958993476235,1.0,0.03473712205544384,2.2859546360917244,0.7557402863734575,0.2232779097387173,0.562545999727409,0.4511649580615098
Django,"Linux, Git",0.09057203389830508,0.2076271186440678,0.0614406779661017,0.6783625730994153,3.267215658193102,1.0,0.04263546753806378,2.4635593220338987,0.7630389813829253,0.2595078299776286,0.5940832473340214,0.487140470223177
Node.js,"Docker, Git",0.19597457627118645,0.1864406779661017,0.11917372881355932,0.6081081081081081,3.2616707616707616,1.0,0.08263609594943983,2.0759789596727063,0.8624213145952278,0.45271629778672023,0.5182995495495495,0.6236563267813268
"Docker, Git",Node.js,0.1864406779661017,0.19597457627118645,0.11917372881355932,0.6392045454545454,3.261670761670761,1.0,0.08263609594943983,2.2284799145869476,0.8523148148148147,0.45271629778672023,0.551263624386154,0.6236563267813268
"Azure, Terraform",Docker,0.02913135593220339,0.2701271186440678,0.025423728813559324,0.8727272727272728,3.2308021390374333,1.0,0.01755455957339845,5.734715496368042,0.7111974904528097,0.09284332688588008,0.825623433170603,0.48342245989304816
"AWS, Serverless",Docker,0.02913135593220339,0.2701271186440678,0.025423728813559324,0.8727272727272728,3.2308021390374333,1.0,0.01755455957339845,5.734715496368042,0.7111974904528097,0.09284332688588008,0.825623433170603,0.48342245989304816
Azure,Docker,0.03283898305084746,0.2701271186440678,0.028601694915254237,0.8709677419354838,3.2242884250474377,1.0,0.01973099504452743,5.65651483050847,0.7132773518315686,0.10424710424710423,0.8232126972236526,0.4884250474383301
"Azure, Linux",Docker,0.028601694915254237,0.2701271186440678,0.02489406779661017,0.8703703703703703,3.222076978939724,1.0,0.01716797436081586,5.630447941888619,0.7099468665166245,0.09090909090909093,0.8223942374885771,0.4812636165577342
"Serverless, C#",Docker,0.028072033898305086,0.2701271186440678,0.024364406779661018,0.8679245283018868,3.213022567517573,1.0,0.016781389148233267,5.526180387409203,0.7086601113612131,0.08897485493230174,0.8190431853657201,0.4790603033666297
Cryptography,"Python, Linux",0.028072033898305086,0.2648305084745763,0.023834745762711863,0.8490566037735848,3.206037735849056,1.0,0.016400414751508184,4.870497881355929,0.7079624583711775,0.08858267716535433,0.7946821815018216,0.4695283018867924
"Serverless, Python",Docker,0.02754237288135593,0.2701271186440678,0.023834745762711863,0.8653846153846153,3.203619909502262,1.0,0.016394803935650674,5.421912832929779,0.7073347857661584,0.08704061895551259,0.815563246622753,0.4768099547511312
"Kubernetes, Azure",Docker,0.026483050847457626,0.2701271186440678,0.022775423728813558,0.86,3.183686274509804,1.0,0.01562163351048549,5.213377723970944,0.704557532201331,0.08317214700193425,0.8081857764876632,0.47215686274509805
"MongoDB, React",Docker,0.07521186440677965,0.2701271186440678,0.0646186440677966,0.8591549295774648,3.180557856945595,1.0,0.0443018798477449,5.182097457627117,0.7413479052823315,0.23018867924528302,0.8070279441525787,0.5491853079259873
"Kubernetes, C#",Docker,0.025953389830508475,0.2701271186440678,0.022245762711864406,0.8571428571428571,3.173109243697479,1.0,0.015235048297902901,5.109110169491523,0.7030995106035889,0.08123791102514506,0.8042712004976156,0.46974789915966386
"Serverless, Azure",Docker,0.02913135593220339,0.2701271186440678,0.02489406779661017,0.8545454545454546,3.16349376114082,1.0,0.017024898556449296,5.017876059322036,0.7044143422595212,0.09073359073359073,0.8007124950521178,0.4733511586452763
"Serverless, Terraform",Docker,0.02913135593220339,0.2701271186440678,0.02489406779661017,0.8545454545454546,3.16349376114082,1.0,0.017024898556449296,5.017876059322036,0.7044143422595212,0.09073359073359073,0.8007124950521178,0.4733511586452763
"Node.js, React",Docker,0.0836864406779661,0.2701271186440678,0.0715042372881356,0.8544303797468354,3.163067758749069,1.0,0.048898260198218906,5.013909358879882,0.7463070006422606,0.2532833020637899,0.8005548308868108,0.5595681310498883
Penetration Testing,"Python, Linux",0.02913135593220339,0.2648305084745763,0.024364406779661018,0.8363636363636364,3.158109090909091,1.0,0.01664953497558173,4.492702448210924,0.7038591996963875,0.09037328094302553,0.7774168194917475,0.4641818181818182
"Docker, Git",MongoDB,0.1864406779661017,0.20021186440677965,0.11758474576271187,0.6306818181818182,3.1500721500721505,1.0,0.08025711002585464,2.1655801825293355,0.8389639639639639,0.43700787401574803,0.5382299819385913,0.6089917027417028
MongoDB,"Docker, Git",0.20021186440677965,0.1864406779661017,0.11758474576271187,0.5873015873015873,3.15007215007215,1.0,0.08025711002585464,1.971316818774446,0.8534097010918202,0.43700787401574803,0.49272486772486773,0.6089917027417028
"Node.js, HTML/CSS",Docker,0.0815677966101695,0.2701271186440678,0.06938559322033898,0.8506493506493505,3.149070537305831,1.0,0.04735191934788853,4.886974944731021,0.7430553721263988,0.24577861163227016,0.7953744368838707,0.5537560478736949
Redis,"Docker, Git",0.0858050847457627,0.1864406779661017,0.05031779661016949,0.5864197530864198,3.145342312008979,1.0,0.03432023843723068,1.9671135846192769,0.7460876989693236,0.22673031026252982,0.49164094650205764,0.4281530583613917
"SQL, HTML/CSS",Docker,0.07733050847457627,0.2701271186440678,0.06567796610169492,0.8493150684931507,3.1441310770883697,1.0,0.044788898664176964,4.843701848998461,0.7391022554720195,0.23308270676691728,0.7935463347714576,0.5462261616975558
Incident Response,"Python, Linux",0.028072033898305086,0.2648305084745763,0.023305084745762712,0.830188679245283,3.134792452830188,1.0,0.015870753734559033,4.32933145009416,0.7006688134753528,0.08644400785854615,0.7690174541895493,0.45909433962264146
Java,"SQL, JavaScript",0.1393008474576271,0.2086864406779661,0.09110169491525423,0.6539923954372624,3.133851884734902,1.0,0.06203149687589772,2.2869831439746697,0.7911055456171735,0.3546391752577319,0.5627427326543182,0.5452703093937581
"Python, React",Docker,0.0826271186440678,0.2701271186440678,0.06991525423728813,0.846153846153846,3.1324283559577673,1.0,0.04759542875610456,4.744173728813555,0.7420743229057317,0.24719101123595502,0.789215138997432,0.5524886877828054
"SQL, React",Docker,0.07786016949152542,0.2701271186440678,0.06567796610169492,0.8435374149659864,3.122742430305456,1.0,0.044645822859810405,4.664839719970525,0.7371644031053715,0.2326454033771107,0.7856303624497695,0.5433373349339736
Redis,"Linux, Git",0.0858050847457627,0.2076271186440678,0.055614406779661014,0.6481481481481481,3.1216931216931214,1.0,0.037798944268888246,2.2520071364852807,0.7434530706836616,0.23385300668151446,0.5559516735987324,0.45800264550264547
"Python, Ansible",Docker,0.02701271186440678,0.2701271186440678,0.022775423728813558,0.8431372549019607,3.1212610534409837,1.0,0.01547855770611893,4.652939618644065,0.6984846374903471,0.08301158301158301,0.7850821025071856,0.4637254901960784
Unit Testing,"JavaScript, Python",0.1371822033898305,0.2129237288135593,0.09057203389830508,0.6602316602316602,3.1007894888491907,1.0,0.06136268762568227,2.3165085708782747,0.78521964826123,0.3489795918367347,0.5683158644127688,0.5428023972800092
"MongoDB, HTML/CSS",Docker,0.07786016949152542,0.2701271186440678,0.06514830508474577,0.8367346938775511,3.097559023609444,1.0,0.044116161842861254,4.470471398305086,0.7343410711533882,0.23033707865168546,0.7763099434258465,0.5389555822328932
Ansible,"Docker, Git",0.0413135593220339,0.1864406779661017,0.023834745762711863,0.5769230769230769,3.094405594405594,1.0,0.016132217753519102,1.9229583975346687,0.7060036832412523,0.11688311688311687,0.4799679487179486,0.35238199300699297
"Python, Terraform",Docker,0.057203389830508475,0.2701271186440678,0.04766949152542373,0.8333333333333333,3.0849673202614376,1.0,0.0322173046538351,4.379237288135592,0.7168539325842695,0.17045454545454541,0.7716497339138848,0.5049019607843137
"Serverless, Linux",Docker,0.028601694915254237,0.2701271186440678,0.023834745762711863,0.8333333333333333,3.0849673202614376,1.0,0.01610865232691755,4.379237288135592,0.6957470010905125,0.08670520231213874,0.7716497339138848,0.46078431372549017
"Serverless, Kubernetes",Docker,0.028601694915254237,0.2701271186440678,0.023834745762711863,0.8333333333333333,3.0849673202614376,1.0,0.01610865232691755,4.379237288135592,0.6957470010905125,0.08670520231213874,0.7716497339138848,0.46078431372549017
"AWS, Terraform",Docker,0.059322033898305086,0.2701271186440678,0.04925847457627119,0.8303571428571428,3.0739495798319325,1.0,0.03323398448721632,4.302408563782335,0.7172333623946527,0.17580340264650285,0.7675720505909184,0.5063550420168067
Django,"Docker, Git",0.09057203389830508,0.1864406779661017,0.05190677966101695,0.5730994152046784,3.073896863370548,1.0,0.0350204682562482,1.9057348502437896,0.7418729868184897,0.23058823529411765,0.4752680311890839,0.42575425305688464
Java,"JavaScript, Python",0.1393008474576271,0.2129237288135593,0.09110169491525423,0.6539923954372624,3.071486673098387,1.0,0.061441239047687446,2.2747369156267467,0.783577817531306,0.3488843813387424,0.5603887231396711,0.5409265459773377
Unit Testing,"SQL, JavaScript",0.1371822033898305,0.2086864406779661,0.08792372881355932,0.640926640926641,3.071242380887051,1.0,0.059295663063774776,2.2037657189721163,0.7816237324990569,0.3408624229979466,0.5462312570746306,0.5311232189404779
Serverless,Docker,0.03389830508474576,0.2701271186440678,0.028072033898305086,0.828125,3.0656862745098037,1.0,0.018915182418845163,4.24653312788906,0.6974511751075804,0.1017274472168906,0.7645137880986937,0.46602328431372547
"Ansible, Prometheus",Docker,0.02754237288135593,0.2701271186440678,0.022775423728813558,0.8269230769230769,3.061236802413273,1.0,0.015335481901752369,4.21704331450094,0.6924051274256473,0.08285163776493257,0.7628670313721111,0.4556184012066365
"HTML/CSS, Python",Docker,0.0826271186440678,0.2701271186440678,0.06832627118644068,0.8269230769230769,3.061236802413273,1.0,0.04600644570525711,4.21704331450094,0.7339814168322681,0.24022346368715083,0.7628670313721111,0.5399321266968325
Redis,"Docker, Python",0.0858050847457627,0.20815677966101695,0.05455508474576271,0.6358024691358025,3.0544403606320487,1.0,0.0366941746265441,2.1742135880494113,0.7357378303277121,0.2278761061946903,0.5400635864403981,0.44894449156535676
"Python, Kubernetes",Docker,0.05402542372881356,0.2701271186440678,0.04449152542372881,0.8235294117647058,3.0486735870818915,1.0,0.029897793378339556,4.135946327683615,0.7103663413853784,0.15909090909090906,0.7582173653205839,0.4941176470588235
"JavaScript, Node.js",Docker,0.10328389830508475,0.2701271186440678,0.08421610169491525,0.8153846153846154,3.018521870286576,1.0,0.05631631984343579,3.9534781073446323,0.7457343779603027,0.2912087912087911,0.7470581667969186,0.5635746606334842
C#,"Docker, Python",0.03972457627118644,0.20815677966101695,0.02489406779661017,0.6266666666666667,3.010551314673452,1.0,0.01662512792660155,2.1210086259079906,0.6954618535165646,0.11163895486935865,0.528526198439242,0.37312977099236644
"MongoDB, TypeScript",Docker,0.0736228813559322,0.2701271186440678,0.05985169491525424,0.8129496402877698,3.0095076879672735,1.0,0.039964158108302214,3.902012711864408,0.7207860876252928,0.21082089552238806,0.7437220035292521,0.517259133869375
"Python, Bash",Docker,0.028072033898305086,0.2701271186440678,0.022775423728813558,0.8113207547169811,3.003477617462079,1.0,0.015192406097385806,3.8683262711864392,0.6863189911919396,0.08269230769230769,0.7414902648081715,0.4478172401035886
"MongoDB, JavaScript",Docker,0.09216101694915255,0.2701271186440678,0.0746822033898305,0.8103448275862069,2.999864773495605,1.0,0.049787013430048835,3.8484206471494598,0.7343280617691601,0.25966850828729277,0.7401531454882138,0.5434077079107504
"Bash, Ansible",Docker,0.02754237288135593,0.2701271186440678,0.022245762711864406,0.8076923076923077,2.9900452488687783,1.0,0.014805820884803218,3.795338983050848,0.6844070961718021,0.08076923076923077,0.7365189237467903,0.44502262443438917
"Kubernetes, Terraform",Docker,0.06038135593220339,0.2701271186440678,0.048728813559322036,0.8070175438596492,2.9875472996216033,1.0,0.03241817186153405,3.7820685670261955,0.7080290181853832,0.17293233082706766,0.7355944287423931,0.49370485036119716
PostgreSQL,"SQL, Linux",0.09957627118644068,0.17478813559322035,0.05190677966101695,0.5212765957446809,2.982333978078659,1.0,0.03450202887101408,1.7237758945386064,0.7381992797118847,0.23333333333333334,0.4198781853440035,0.40912314635718894
"AWS, Kubernetes",Docker,0.05985169491525424,0.2701271186440678,0.048199152542372885,0.8053097345132744,2.9812250563942393,1.0,0.03203158664895145,3.7488925269645614,0.7068750967342515,0.1710526315789474,0.7332545564303788,0.491870553531147
"Ansible, Git",Docker,0.029661016949152543,0.2701271186440678,0.023834745762711863,0.8035714285714285,2.974789915966386,1.0,0.01582250071818443,3.715716486902926,0.6841339155749636,0.08637236084452976,0.7308729006842213,0.4459033613445378
"Node.js, TypeScript",Docker,0.07997881355932203,0.2701271186440678,0.06408898305084745,0.8013245033112583,2.9664718867679523,1.0,0.04248453659149669,3.6736935028248583,0.7205260328199564,0.22407407407407404,0.7277943847980084,0.5192897026360213
"Node.js, Git",Docker,0.14883474576271186,0.2701271186440678,0.11917372881355932,0.8007117437722421,2.9642034749843003,1.0,0.0789694277865556,3.66239785108959,0.7785106824310309,0.3975265017667845,0.7269548419753216,0.6209441071802386
Terraform,"Docker, Python",0.07733050847457627,0.20815677966101695,0.04766949152542373,0.6164383561643835,2.9614137822858932,1.0,0.031572621911806945,2.0644483958837765,0.717833907386146,0.20044543429844097,0.5156091079855224,0.4227229948760849
"MongoDB, Git",Docker,0.1472457627118644,0.2701271186440678,0.11758474576271187,0.7985611510791367,2.9562420651713923,1.0,0.07780967214880782,3.623297518159807,0.7759946281685413,0.39222614840989406,0.7240083114930407,0.6169276343630978
"Python, TypeScript",Docker,0.07838983050847458,0.2701271186440678,0.0625,0.7972972972972973,2.951563328033916,1.0,0.04132478095374892,3.6007062146892648,0.7174361971556594,0.2185185185185185,0.7222767034087788,0.5143349231584525
Ansible,Docker,0.0413135593220339,0.2701271186440678,0.03283898305084746,0.7948717948717949,2.9425842131724487,1.0,0.021679070310255677,3.5581302966101704,0.6886116556763501,0.1178707224334601,0.718953518663243,0.45822021116138767
Terraform,Docker,0.07733050847457627,0.2701271186440678,0.0614406779661017,0.7945205479452055,2.941283910824604,1.0,0.04055161052858374,3.5520480225988713,0.7153291895957876,0.21481481481481482,0.7184722746883513,0.5109857641686812
"SQL, TypeScript",Docker,0.07733050847457627,0.2701271186440678,0.0614406779661017,0.7945205479452055,2.941283910824604,1.0,0.04055161052858374,3.5520480225988713,0.7153291895957876,0.21481481481481482,0.7184722746883513,0.5109857641686812
"AWS, Ansible",Docker,0.03072033898305085,0.2701271186440678,0.024364406779661018,0.7931034482758621,2.9360378634212307,1.0,0.016066010126400458,3.527718926553673,0.6803041102399618,0.08812260536398468,0.7165307041689606,0.44164976335361733
"Kubernetes, Linux",Docker,0.0614406779661017,0.2701271186440678,0.048728813559322036,0.7931034482758621,2.9360378634212307,1.0,0.032132020252800916,3.527718926553673,0.7025714005299832,0.17228464419475656,0.7165307041689606,0.4867478025693036
"Python, Jenkins",Docker,0.025423728813559324,0.2701271186440678,0.020127118644067795,0.7916666666666665,2.9307189542483654,1.0,0.01325948003447285,3.503389830508472,0.6759725400457666,0.07307692307692308,0.7145621673923559,0.43308823529411755
"Linux, Terraform",Docker,0.06302966101694915,0.2701271186440678,0.04978813559322034,0.7899159663865546,2.924237930466304,1.0,0.032762114873599535,3.4741949152542366,0.7022960441648725,0.17570093457943922,0.7121635301435523,0.48711484593837534
"Ansible, Linux",Docker,0.030190677966101694,0.2701271186440678,0.023834745762711863,0.7894736842105263,2.9226006191950464,1.0,0.015679424913817866,3.466896186440678,0.6783178590933915,0.08620689655172414,0.7115575586280651,0.4388544891640867
"Python, Grafana",Docker,0.030190677966101694,0.2701271186440678,0.023834745762711863,0.7894736842105263,2.9226006191950464,1.0,0.015679424913817866,3.466896186440678,0.6783178590933915,0.08620689655172414,0.7115575586280651,0.4388544891640867
Node.js,"Docker, Python",0.19597457627118645,0.20815677966101695,0.11917372881355932,0.6081081081081081,2.921394677119868,1.0,0.07838029212151681,2.0205654587960256,0.8180061484409311,0.4182156133828996,0.5050890355238181,0.5903135960387869
"Docker, Python",Node.js,0.20815677966101695,0.19597457627118645,0.11917372881355932,0.5725190839694656,2.9213946771198676,1.0,0.07838029212151681,1.8808451876513315,0.8305908584169455,0.4182156133828996,0.4683241307867925,0.5903135960387869
"MongoDB, Node.js",Docker,0.1483050847457627,0.2701271186440678,0.11652542372881355,0.7857142857142857,2.9086834733893556,1.0,0.07646419850617639,3.4060734463276834,0.7704658525554049,0.3859649122807017,0.7064068007464234,0.6085434173669467
"Node.js, Linux",Docker,0.06832627118644068,0.2701271186440678,0.05349576271186441,0.7829457364341086,2.8984344125247,1.0,0.035038983948578,3.36262863196126,0.7030209558761447,0.18773234200743494,0.7026136069576175,0.49049247606019153
"Ansible, Terraform",Docker,0.02913135593220339,0.2701271186440678,0.022775423728813558,0.7818181818181817,2.894260249554367,1.0,0.014906254488652685,3.345250706214688,0.6741267968383258,0.08237547892720307,0.7010687425781764,0.43306595365418893
"SQL, Node.js",Docker,0.14777542372881355,0.2701271186440678,0.11546610169491525,0.7813620071684588,2.8925715088902946,1.0,0.07554795227664464,3.338271047513199,0.767739949025265,0.381786339754816,0.7004437369623007,0.6044064937803079
Kubernetes,Docker,0.07733050847457627,0.2701271186440678,0.06038135593220339,0.7808219178082192,2.890572119258662,1.0,0.03949228849468543,3.3300450211864407,0.7088645839627771,0.2103321033210332,0.6997037596675746,0.5021756647864626
"MongoDB, Python",Docker,0.1472457627118644,0.2701271186440678,0.1149364406779661,0.7805755395683454,2.889660036676541,1.0,0.07516136706406205,3.3263059183106423,0.7668546240375533,0.38003502626970226,0.6993661964477765,0.6030328678233884
Unit Testing,"Linux, Git",0.1371822033898305,0.2076271186440678,0.08209745762711865,0.5984555984555985,2.8823575762351274,1.0,0.05361471200804367,1.9733132333767929,0.7568941959246718,0.31250000000000006,0.4932380814733756,0.4969318808604523
"Ansible, Grafana",Docker,0.028601694915254237,0.2701271186440678,0.022245762711864406,0.7777777777777778,2.879302832244009,1.0,0.014519669276070095,3.284427966101695,0.6719115126966817,0.08045977011494253,0.6955329785518465,0.4300653594771242
"Ansible, Kubernetes",Docker,0.03072033898305085,0.2701271186440678,0.023834745762711863,0.7758620689655171,2.8722109533468556,1.0,0.015536349109451305,3.2563559322033884,0.6724954462659379,0.08604206500956024,0.6929082628497071,0.4320486815415821
Node.js,Docker,0.19597457627118645,0.2701271186440678,0.1520127118644068,0.7756756756756757,2.8715209326974036,1.0,0.09907466424877909,3.253650193996325,0.8106117989468996,0.48397976391231035,0.6926528851057154,0.6692103868574457
Docker,Node.js,0.2701271186440678,0.19597457627118645,0.1520127118644068,0.5627450980392157,2.871520932697403,1.0,0.09907466424877909,1.838802538572623,0.8929671341084134,0.48397976391231035,0.4561678162701181,0.6692103868574457
"Node.js, Python",Docker,0.1541313559322034,0.2701271186440678,0.11917372881355932,0.7731958762886598,2.8623408126137053,1.0,0.07753866974288998,3.2180758859784286,0.7691922354414528,0.390625,0.6892553080065238,0.6071861734384476
"MongoDB, Linux",Docker,0.06991525423728813,0.2701271186440678,0.05402542372881356,0.7727272727272728,2.860606060606061,1.0,0.03513941755242747,3.211440677966103,0.6993166287015947,0.1888888888888889,0.688613273518934,0.48636363636363644
Jenkins,"Docker, Git",0.04078389830508475,0.1864406779661017,0.021716101694915255,0.5324675324675324,2.8559622195985828,1.0,0.01411232404481471,1.7401129943502824,0.6774858251067326,0.1056701030927835,0.4253246753246752,0.32447240259740256
"Node.js, Redis",Docker,0.0625,0.2701271186440678,0.048199152542372885,0.7711864406779662,2.854901960784314,1.0,0.03131620762711865,3.1898148148148158,0.693040293040293,0.16945996275605216,0.6865021770682149,0.4748089066134929
"AWS, Prometheus",Docker,0.02754237288135593,0.2701271186440678,0.0211864406779661,0.7692307692307692,2.8476621417797885,1.0,0.013746498850904912,3.1627824858757054,0.6672113289760349,0.07662835249042145,0.6838227084961481,0.42383107088989436
"Node.js, HTML/CSS",JavaScript,0.0815677966101695,0.3432203389830508,0.07944915254237288,0.9740259740259739,2.837902837902838,1.0,0.051453425739729955,25.286016949152426,0.7051441753171857,0.23006134969325154,0.9604524507750313,0.6027537277537277
"Node.js, TypeScript",JavaScript,0.07997881355932203,0.3432203389830508,0.07786016949152542,0.9735099337748345,2.8363993132205056,1.0,0.0504098139902327,24.793432203389912,0.7037232855145513,0.22546012269938653,0.9596667378765222,0.6001808928133432
"SQL, TypeScript",JavaScript,0.07733050847457627,0.3432203389830508,0.07521186440677965,0.9726027397260273,2.8337561305597836,1.0,0.0486704610744039,23.972457627118548,0.7013470027974967,0.21779141104294478,0.9582854617764028,0.5958692710975816
"Python, Prometheus",Docker,0.02701271186440678,0.2701271186440678,0.02065677966101695,0.7647058823529411,2.8309111880046136,1.0,0.013359913638322321,3.101959745762711,0.6647125329760061,0.07471264367816093,0.6776231537607785,0.4205882352941176
"PostgreSQL, Linux",Docker,0.06514830508474577,0.2701271186440678,0.04978813559322034,0.7642276422764227,2.829140761995855,1.0,0.03218981165613329,3.095667738164815,0.6915918268940991,0.17439703153988864,0.6769679162684223,0.4742706838833094
"Kubernetes, Prometheus",Docker,0.02913135593220339,0.2701271186440678,0.022245762711864406,0.7636363636363637,2.826951871657754,1.0,0.014376593471703534,3.0879237288135597,0.6656534954407295,0.08030592734225621,0.6761578044596913,0.42299465240641715
"Ansible, Jenkins",Docker,0.02913135593220339,0.2701271186440678,0.022245762711864406,0.7636363636363637,2.826951871657754,1.0,0.014376593471703534,3.0879237288135597,0.6656534954407295,0.08030592734225621,0.6761578044596913,0.42299465240641715
"Docker, HTML/CSS",JavaScript,0.08421610169491525,0.3432203389830508,0.0815677966101695,0.968553459119497,2.8219582265703864,1.0,0.052663117638609605,20.88559322033906,0.7050092764378479,0.2358346094946402,0.9521201054980728,0.6031038900535757
"Node.js, React",JavaScript,0.0836864406779661,0.3432203389830508,0.08103813559322035,0.9683544303797469,2.8213783403656825,1.0,0.052315247055443846,20.75423728813563,0.7045222713362802,0.23430321592649314,0.9518170681910985,0.602232770745429
"SQL, React",JavaScript,0.07786016949152542,0.3432203389830508,0.07521186440677965,0.9659863945578231,2.8144788779709415,1.0,0.048488670640620506,19.309322033898283,0.6991287183179491,0.21745788667687593,0.9482115426815887,0.5925610985134795
"SQL, HTML/CSS",JavaScript,0.07733050847457627,0.3432203389830508,0.0746822033898305,0.9657534246575341,2.813800101471334,1.0,0.04814080005745475,19.17796610169484,0.6986344871387741,0.21592649310872894,0.9478568272205036,0.5916730086250633
"Docker, TypeScript",JavaScript,0.07680084745762712,0.3432203389830508,0.07415254237288135,0.9655172413793103,2.81311196253725,1.0,0.047792929474288995,19.046610169491487,0.6981394967625605,0.21439509954058192,0.9474972191323692,0.5907833120476799
"Django, Linux",Docker,0.0725635593220339,0.2701271186440678,0.05508474576271186,0.7591240875912408,2.810247602690711,1.0,0.03548336056449296,3.0300783256291726,0.694559153011466,0.19152854511970535,0.6699755278463445,0.4815228281093459
"Python, Redis",Docker,0.07203389830508475,0.2701271186440678,0.05455508474576271,0.7573529411764706,2.8036908881199536,1.0,0.03509677535191037,3.007960965588084,0.6932659484860576,0.18968692449355432,0.6675488773158029,0.479656862745098
"Docker, React",JavaScript,0.0826271186440678,0.3432203389830508,0.07944915254237288,0.9615384615384615,2.8015194681861346,1.0,0.05108984487216317,17.07627118644064,0.7009699769053117,0.22935779816513763,0.9414392059553348,0.5965099715099714
"HTML/CSS, Python",JavaScript,0.0826271186440678,0.3432203389830508,0.07944915254237288,0.9615384615384615,2.8015194681861346,1.0,0.05108984487216317,17.07627118644064,0.7009699769053117,0.22935779816513763,0.9414392059553348,0.5965099715099714
"Penetration Testing, Firewalls",Linux,0.025953389830508475,0.3432203389830508,0.02489406779661017,0.9591836734693877,2.794658604182414,1.0,0.015986336541223785,16.09110169491524,0.6592852267073918,0.07230769230769231,0.9378538512179064,0.5158572688334593
"MongoDB, HTML/CSS",JavaScript,0.07786016949152542,0.3432203389830508,0.0746822033898305,0.9591836734693877,2.794658604182414,1.0,0.047959009623671355,16.09110169491524,0.6963960550918401,0.21559633027522937,0.9378538512179064,0.5883881330309901
"Prometheus, Grafana",Docker,0.028072033898305086,0.2701271186440678,0.0211864406779661,0.7547169811320754,2.793932667406585,1.0,0.01360342304653835,2.975635593220338,0.6606267029972751,0.07648183556405352,0.6639373442506229,0.41657417684054754
"MongoDB, Redis",Docker,0.0625,0.2701271186440678,0.047139830508474576,0.7542372881355932,2.792156862745098,1.0,0.030256885593220338,2.9698275862068964,0.6846441947565544,0.16512059369202226,0.6632801161103048,0.46437354602858094
Prometheus,"Docker, Git",0.03866525423728814,0.1864406779661017,0.020127118644067795,0.5205479452054794,2.7920298879202985,1.0,0.012918342430336108,1.6968523002421307,0.6676526025808321,0.09819121447028423,0.41067351598173507,0.3142512453300124
"Django, MongoDB",Docker,0.06885593220338983,0.2701271186440678,0.05190677966101695,0.7538461538461538,2.790708898944193,1.0,0.03330692509336398,2.9651085805084745,0.6891179680063151,0.1808118081180812,0.6627442223958915,0.4730015082956259
Prometheus,Docker,0.03866525423728814,0.2701271186440678,0.02913135593220339,0.7534246575342465,2.789148536126779,1.0,0.01868682221344441,2.9600400188323905,0.6672677185073879,0.10416666666666667,0.6621667296260213,0.4306338973945742
"MongoDB, TypeScript",JavaScript,0.0736228813559322,0.3432203389830508,0.0704449152542373,0.9568345323741009,2.7878141930899734,1.0,0.04517604495834531,15.215395480226045,0.6922623883894986,0.20336391437308873,0.9342770944534697,0.5810407229771739
"Cryptography, Penetration Testing",Linux,0.023834745762711863,0.3432203389830508,0.022775423728813558,0.9555555555555555,2.784087791495199,1.0,0.014594854208560758,14.777542372881335,0.6564625421140962,0.06615384615384616,0.9323297491039425,0.5109567901234567
"Python, React",JavaScript,0.0826271186440678,0.3432203389830508,0.07891949152542373,0.9551282051282051,2.7828426717315606,1.0,0.05056018385521402,14.63680387409199,0.6983585721592758,0.22748091603053436,0.9316790736145574,0.5925332383665717
"AWS, Grafana",Docker,0.03177966101694915,0.2701271186440678,0.023834745762711863,0.75,2.776470588235294,1.0,0.015250197500718184,2.919491525423729,0.6608315098468271,0.0857142857142857,0.6574746008708273,0.41911764705882354
"Linux, Redis",Docker,0.06567796610169492,0.2701271186440678,0.04925847457627119,0.75,2.776470588235294,1.0,0.03151707483481758,2.919491525423729,0.6848072562358277,0.17190388170055454,0.6574746008708273,0.4661764705882353
"Python, TypeScript",JavaScript,0.07838983050847458,0.3432203389830508,0.0746822033898305,0.9527027027027026,2.775775775775776,1.0,0.04777721918988796,13.886198547215475,0.6941550501345073,0.21526717557251906,0.9279860505666956,0.5851476476476476
"MongoDB, React",JavaScript,0.07521186440677965,0.3432203389830508,0.0715042372881356,0.9507042253521129,2.7699530516431934,1.0,0.04568999569089343,13.32324455205816,0.6909507445589921,0.20610687022900767,0.9249432076328944,0.5795187793427231
Kubernetes,"Docker, Python",0.07733050847457627,0.20815677966101695,0.04449152542372881,0.5753424657534246,2.7639861968001673,1.0,0.028394655810112034,1.8646630672498632,0.6916926357224864,0.18461538461538463,0.4637100838411142,0.3945414618843459
"PostgreSQL, Python",Docker,0.06885593220338983,0.2701271186440678,0.0513771186440678,0.7461538461538462,2.762232277526395,1.0,0.032777264076414826,2.875256805341551,0.6851506515135523,0.17863720073664827,0.6522049793457632,0.46817496229260935
"Bash, Kubernetes",Docker,0.03125,0.2701271186440678,0.023305084745762712,0.7457627118644068,2.76078431372549,1.0,0.014863612288135594,2.8708333333333336,0.6583577712609971,0.0838095238095238,0.6516690856313498,0.4160186108341642
"Git, Prometheus",Docker,0.02701271186440678,0.2701271186440678,0.020127118644067795,0.7450980392156862,2.7583237216455205,1.0,0.012830252621373167,2.8633474576271176,0.6551585823568173,0.07265774378585085,0.6507584165741767,0.4098039215686274
"Docker, Python",MongoDB,0.20815677966101695,0.20021186440677965,0.1149364406779661,0.5521628498727735,2.7578927528036945,1.0,0.07326098373312268,1.7858905527734978,0.8049627791563277,0.3916967509025271,0.4400552718939049,0.5631184619734237
MongoDB,"Docker, Python",0.20021186440677965,0.20815677966101695,0.1149364406779661,0.5740740740740741,2.757892752803694,1.0,0.07326098373312268,1.8591101694915253,0.7969664601580859,0.3916967509025271,0.46210826210826206,0.5631184619734237
Penetration Testing,Linux,0.02913135593220339,0.3432203389830508,0.02754237288135593,0.9454545454545454,2.7546576879910214,1.0,0.017543899023269176,12.040960451977398,0.6560913173024466,0.07987711213517665,0.9169501466275659,0.5128507295173962
"PostgreSQL, Git",Docker,0.06620762711864407,0.2701271186440678,0.04925847457627119,0.744,2.754258823529412,1.0,0.031373999030451016,2.8510659427966103,0.6820851554352002,0.17158671586715868,0.6492539912917271,0.4631764705882353
"Network Security, Penetration Testing",Linux,0.02701271186440678,0.3432203389830508,0.025423728813559324,0.9411764705882353,2.7421931735657226,1.0,0.01615241669060615,11.165254237288133,0.6529667936853567,0.07373271889400922,0.9104364326375711,0.5076252723311547
Azure,"Python, Linux",0.03283898305084746,0.2648305084745763,0.023834745762711863,0.7258064516129031,2.740645161290322,1.0,0.015137981183567939,2.6812063808574265,0.6566873554825361,0.08704061895551256,0.6270335595426233,0.40790322580645155
"Penetration Testing, Python",Linux,0.025953389830508475,0.3432203389830508,0.024364406779661018,0.9387755102040817,2.735197782816831,1.0,0.015456675524274635,10.72740112994351,0.651299146511573,0.07066052227342551,0.9067807768268599,0.5048815822625347
"Terraform, Grafana",Docker,0.034427966101694914,0.2701271186440678,0.025423728813559324,0.7384615384615385,2.7337556561085976,1.0,0.016123801529732838,2.7906904287138588,0.6568156884256721,0.09108159392789374,0.6416657362956347,0.416289592760181
"PostgreSQL, Node.js",Docker,0.06673728813559322,0.2701271186440678,0.04925847457627119,0.738095238095238,2.732399626517273,1.0,0.031230923226084457,2.786787365177195,0.679359964849328,0.1712707182320442,0.6411638675789618,0.4602240896358543
Java,"Linux, Git",0.1393008474576271,0.2076271186440678,0.07891949152542373,0.5665399239543727,2.728641266392489,1.0,0.049996857943119796,1.8280181385667562,0.7360495611770781,0.2944664031620553,0.45295947622049176,0.4733209823853496
"Network Security, Cryptography",Linux,0.02489406779661017,0.3432203389830508,0.023305084745762712,0.9361702127659575,2.7276070396637775,1.0,0.014760934357943121,10.289548022598874,0.649548170460718,0.06758832565284179,0.9028140013726836,0.5020357236669294
"Incident Response, Network Security",Linux,0.02489406779661017,0.3432203389830508,0.023305084745762712,0.9361702127659575,2.7276070396637775,1.0,0.014760934357943121,10.289548022598874,0.649548170460718,0.06758832565284179,0.9028140013726836,0.5020357236669294
"Redis, Git",Docker,0.06832627118644068,0.2701271186440678,0.05031779661016949,0.7364341085271318,2.72625018999848,1.0,0.031861017846883076,2.769223579262213,0.6796325663504981,0.17463235294117646,0.6388879513056783,0.46135430916552667
"Incident Response, Firewalls",Linux,0.024364406779661018,0.3432203389830508,0.022775423728813558,0.9347826086956521,2.723564143853999,1.0,0.01441306377477736,10.070621468926543,0.6486377294649395,0.06605222734254992,0.9007012622720897,0.500570316693505
"Incident Response, Penetration Testing",Linux,0.024364406779661018,0.3432203389830508,0.022775423728813558,0.9347826086956521,2.723564143853999,1.0,0.01441306377477736,10.070621468926543,0.6486377294649395,0.06605222734254992,0.9007012622720897,0.500570316693505
"Django, Redis",Docker,0.06408898305084745,0.2701271186440678,0.047139830508474576,0.7355371900826446,2.722929833090261,1.0,0.029827658180120654,2.7598318326271185,0.676077653357751,0.1642066420664207,0.6376590819129413,0.45502349700210665
"PostgreSQL, Redis",Docker,0.06408898305084745,0.2701271186440678,0.047139830508474576,0.7355371900826446,2.722929833090261,1.0,0.029827658180120654,2.7598318326271185,0.676077653357751,0.1642066420664207,0.6376590819129413,0.45502349700210665
"Incident Response, Cryptography",Linux,0.023834745762711863,0.3432203389830508,0.022245762711864406,0.9333333333333333,2.7193415637860086,1.0,0.014065193191611607,9.85169491525424,0.6477017285481745,0.06451612903225806,0.898494623655914,0.4990740740740741
"Linux, Grafana",Docker,0.03389830508474576,0.2701271186440678,0.02489406779661017,0.734375,2.7186274509803923,1.0,0.015737216317150242,2.7477567298105683,0.6543486375513251,0.08918406072106262,0.636066763425254,0.413265931372549
"Django, Node.js",Docker,0.06779661016949153,0.2701271186440678,0.04978813559322034,0.734375,2.7186274509803923,1.0,0.031474432634300484,2.7477567298105683,0.6781431334622823,0.17279411764705882,0.636066763425254,0.45934436274509804
"Kubernetes, Grafana",Docker,0.03177966101694915,0.2701271186440678,0.023305084745762712,0.7333333333333334,2.7147712418300656,1.0,0.014720536483769033,2.7370233050847466,0.6523771633180824,0.08365019011406843,0.6346395742622158,0.4098039215686275
Grafana,"Docker, Git",0.04396186440677966,0.1864406779661017,0.022245762711864406,0.5060240963855421,2.714129244249726,1.0,0.01404948290721057,1.6469615543613063,0.6605988655850151,0.10687022900763359,0.3928212851405622,0.31267113910186195
"Prometheus, Terraform",Docker,0.029661016949152543,0.2701271186440678,0.021716101694915255,0.7321428571428572,2.7103641456582634,1.0,0.01370385665038782,2.7248587570621474,0.6503354989881777,0.0780952380952381,0.6330085009330293,0.4062675070028012
"Bash, Terraform",Docker,0.02754237288135593,0.2701271186440678,0.020127118644067795,0.7307692307692307,2.705279034690799,1.0,0.012687176817006606,2.7109564164648905,0.6482054810228185,0.07251908396946564,0.6311264932455063,0.40263951734539966
"Django, PostgreSQL",Docker,0.06832627118644068,0.2701271186440678,0.04978813559322034,0.7286821705426356,2.697552819577443,1.0,0.031331356829933925,2.690102905569007,0.6754442199992742,0.17247706422018347,0.6282670086970218,0.45649794801641586
Django,"Docker, Python",0.09057203389830508,0.20815677966101695,0.05084745762711865,0.5614035087719299,2.6970224543547165,1.0,0.031994274723499,1.8054025423728817,0.691886284216657,0.20512820512820515,0.44610690606113956,0.40283915896611766
Redis,Docker,0.0858050847457627,0.2701271186440678,0.0625,0.7283950617283951,2.696489954006294,1.0,0.039321719692617066,2.687259244992296,0.6881984405994069,0.21299638989169675,0.6278736404522568,0.47988380537400144
Incident Response,Linux,0.028072033898305086,0.3432203389830508,0.025953389830508475,0.9245283018867924,2.6936873980899136,1.0,0.01631849683998851,8.702330508474565,0.6469220930879165,0.07515337423312884,0.8850882531953742,0.5000727929187048
Cryptography,Linux,0.028072033898305086,0.3432203389830508,0.025953389830508475,0.9245283018867924,2.6936873980899136,1.0,0.01631849683998851,8.702330508474565,0.6469220930879165,0.07515337423312884,0.8850882531953742,0.5000727929187048
"Network Security, Python",Linux,0.028072033898305086,0.3432203389830508,0.025953389830508475,0.9245283018867924,2.6936873980899136,1.0,0.01631849683998851,8.702330508474565,0.6469220930879165,0.07515337423312884,0.8850882531953742,0.5000727929187048
"Python, Firewalls",Linux,0.028072033898305086,0.3432203389830508,0.025953389830508475,0.9245283018867924,2.6936873980899136,1.0,0.01631849683998851,8.702330508474565,0.6469220930879165,0.07515337423312884,0.8850882531953742,0.5000727929187048
"AWS, C#",Linux,0.034957627118644065,0.3432203389830508,0.0323093220338983,0.9242424242424242,2.6928544706322484,1.0,0.020311153404194197,8.669491525423725,0.6514189055442587,0.09341500765696784,0.884652981427175,0.50918911335578
"AWS, Jenkins",Docker,0.02913135593220339,0.2701271186440678,0.0211864406779661,0.7272727272727273,2.6923351158645277,1.0,0.013317271437805228,2.6762005649717517,0.6474358974358975,0.07619047619047618,0.6263359282227207,0.4028520499108734
"Bash, Git",Docker,0.03072033898305085,0.2701271186440678,0.022245762711864406,0.7241379310344828,2.6807302231237324,1.0,0.013947366058603848,2.6457891949152543,0.6468384074941452,0.07984790874524715,0.6220409388919473,0.4032454361054767
Grafana,Docker,0.04396186440677966,0.2701271186440678,0.03177966101694915,0.7228915662650602,2.67611622962438,1.0,0.01990436925452456,2.633889093588799,0.655124653739612,0.11257035647279547,0.6203332925315194,0.42026931254429484
"Cryptography, Firewalls",Linux,0.025953389830508475,0.3432203389830508,0.023834745762711863,0.9183673469387754,2.675736961451247,1.0,0.01492701450732548,8.04555084745762,0.6429581294181621,0.06901840490797546,0.8757077024358129,0.4939058956916099
"Cryptography, Python",Linux,0.025953389830508475,0.3432203389830508,0.023834745762711863,0.9183673469387754,2.675736961451247,1.0,0.01492701450732548,8.04555084745762,0.6429581294181621,0.06901840490797546,0.8757077024358129,0.4939058956916099
Docker,MongoDB,0.2701271186440678,0.20021186440677965,0.14459745762711865,0.5352941176470588,2.6736383442265796,1.0,0.09051480357655847,1.7210630765930057,0.8576532321089652,0.44390243902439025,0.41896377093883913,0.6287581699346405
MongoDB,Docker,0.20021186440677965,0.2701271186440678,0.14459745762711865,0.7222222222222222,2.6736383442265796,1.0,0.09051480357655847,2.6275423728813556,0.7826795720835457,0.44390243902439025,0.619416223189808,0.6287581699346405
"Linux, Prometheus",Docker,0.028601694915254237,0.2701271186440678,0.02065677966101695,0.7222222222222222,2.6736383442265796,1.0,0.012930686225222638,2.6275423728813556,0.6444090260884153,0.0742857142857143,0.619416223189808,0.3993464052287582
"Django, Python",Docker,0.0704449152542373,0.2701271186440678,0.05084745762711865,0.7218045112781954,2.6720919946926136,1.0,0.031818375646365984,2.6235971140632155,0.6731837606837605,0.17550274223034737,0.6188439167585145,0.45501990269792125
"SQL, Redis",Docker,0.06091101694915254,0.2701271186440678,0.04396186440677966,0.7217391304347827,2.671849957374254,1.0,0.027508146904625108,2.622980667372882,0.6663133073750162,0.1531365313653137,0.618754338360573,0.44224211423699916
"Incident Response, Python",Linux,0.025423728813559324,0.3432203389830508,0.023305084745762712,0.9166666666666666,2.6707818930041154,1.0,0.014579143924159725,7.881355932203387,0.6418972332015811,0.06748466257668713,0.8731182795698924,0.4922839506172839
"JavaScript, TypeScript",Node.js,0.14883474576271186,0.19597457627118645,0.07786016949152542,0.5231316725978647,2.6693853996345096,1.0,0.0486923432562482,1.6860533139387806,0.7347362093561755,0.2916666666666667,0.4068989445749464,0.460214484947581
"Django, Git",Docker,0.07203389830508475,0.2701271186440678,0.05190677966101695,0.7205882352941176,2.6675893886966553,1.0,0.0324484702671646,2.6121766280107046,0.6736557636753331,0.17883211678832117,0.6171774950909246,0.45637254901960783
"JavaScript, React",Node.js,0.1551906779661017,0.19597457627118645,0.08103813559322035,0.5221843003412969,2.6645512406604555,1.0,0.050624708237575415,1.6827103510895884,0.7394595037597065,0.30000000000000004,0.40572065813199515,0.4678489069274052
Django,Docker,0.09057203389830508,0.2701271186440678,0.06514830508474577,0.7192982456140352,2.6628138974888205,1.0,0.040682342538063784,2.6001721398305095,0.6866485787746638,0.22043010752688175,0.6154100781707537,0.48023735810113527
"Linux, Jenkins",Docker,0.030190677966101694,0.2701271186440678,0.021716101694915255,0.7192982456140351,2.66281389748882,1.0,0.01356078084602126,2.6001721398305087,0.6438971107351706,0.07794676806083652,0.6154100781707534,0.3998452012383901
"Django, SQL",Docker,0.06779661016949153,0.2701271186440678,0.048728813559322036,0.71875,2.66078431372549,1.0,0.030415110600402185,2.5951035781544256,0.6695652173913044,0.1684981684981685,0.6146589259796807,0.44957107843137256
Serverless,"Python, Linux",0.03389830508474576,0.2648305084745763,0.023834745762711863,0.703125,2.655,1.0,0.014857440390692329,2.4763603925066904,0.645224171539961,0.08670520231213871,0.5961815561959655,0.3965625
"AWS, Git",Docker,0.03177966101694915,0.2701271186440678,0.022775423728813558,0.7166666666666667,2.6530718954248367,1.0,0.014190875466819878,2.5760219341974078,0.643529591369396,0.08159392789373814,0.6118045476536043,0.4004901960784314
TypeScript,"JavaScript, Git",0.16896186440677965,0.263771186440678,0.11811440677966102,0.6990595611285267,2.650249902431041,1.0,0.0735471353418558,2.446426995056498,0.7492761948857773,0.37542087542087543,0.5912406125256536,0.5734253628935806
Ansible,"Docker, Python",0.0413135593220339,0.20815677966101695,0.022775423728813558,0.5512820512820512,2.6483982514516864,1.0,0.014175726264004594,1.7646791767554475,0.649235513298214,0.10046728971962615,0.4333247577394733,0.3303484047758857
"SQL, MongoDB",Docker,0.15625,0.2701271186440678,0.11175847457627118,0.7152542372881355,2.6478431372549016,1.0,0.06955111228813558,2.563244047619047,0.7375811830788134,0.3552188552188552,0.6098693759071117,0.564489863742107
"Bash, Grafana",Docker,0.03336864406779661,0.2701271186440678,0.023834745762711863,0.7142857142857142,2.644257703081232,1.0,0.014820970087618499,2.5545550847457617,0.6432876712328767,0.08522727272727273,0.608542400995231,0.40126050420168063
"Grafana, Jenkins",Docker,0.029661016949152543,0.2701271186440678,0.0211864406779661,0.7142857142857142,2.644257703081232,1.0,0.013174195633438666,2.5545550847457617,0.6408296943231441,0.07604562737642585,0.608542400995231,0.39635854341736687
Jenkins,Docker,0.04078389830508475,0.2701271186440678,0.02913135593220339,0.7142857142857142,2.644257703081232,1.0,0.018114518995978164,2.5545550847457617,0.6482606294864715,0.10338345864661652,0.608542400995231,0.41106442577030805
PostgreSQL,"Linux, Git",0.09957627118644068,0.2076271186440678,0.05455508474576271,0.5478723404255319,2.6387320885801127,1.0,0.03388035047400172,1.7525423728813558,0.6897087378640776,0.21593291404612158,0.42940038684719534,0.4053137212331741
"Git, Terraform",Docker,0.03125,0.2701271186440678,0.022245762711864406,0.711864406779661,2.635294117647059,1.0,0.013804290254237288,2.5330882352941178,0.6405529953917051,0.07969639468690702,0.6052249637155297,0.3971086739780658
"Git, Grafana",Docker,0.03125,0.2701271186440678,0.022245762711864406,0.711864406779661,2.635294117647059,1.0,0.013804290254237288,2.5330882352941178,0.6405529953917051,0.07969639468690702,0.6052249637155297,0.3971086739780658
"Python, C#",Linux,0.02754237288135593,0.3432203389830508,0.02489406779661017,0.9038461538461539,2.633428300094967,1.0,0.0154409652398736,6.830508474576272,0.6378343299494739,0.07197549770290966,0.8535980148883375,0.48818850902184235
"C#, Terraform",Linux,0.02754237288135593,0.3432203389830508,0.02489406779661017,0.9038461538461539,2.633428300094967,1.0,0.0154409652398736,6.830508474576272,0.6378343299494739,0.07197549770290966,0.8535980148883375,0.48818850902184235
"AWS, Linux",Docker,0.07309322033898305,0.2701271186440678,0.05190677966101695,0.7101449275362319,2.628928672918443,1.0,0.032162318658431485,2.5180614406779664,0.668478134110787,0.17818181818181822,0.6028691024589302,0.451150895140665
"Docker, C#",Linux,0.02701271186440678,0.3432203389830508,0.024364406779661018,0.9019607843137255,2.627935124667151,1.0,0.015093094656707844,6.699152542372882,0.6366713213888429,0.07044410413476264,0.8507273877292852,0.48647421931735657
"TypeScript, Git",JavaScript,0.13135593220338984,0.3432203389830508,0.11811440677966102,0.8991935483870968,2.6198725607327757,1.0,0.07303037920137892,6.515254237288135,0.7118013781034671,0.33135215453194655,0.8465140478668054,0.6216646754281163
"Kubernetes, Jenkins",Docker,0.03072033898305085,0.2701271186440678,0.021716101694915255,0.7068965517241379,2.6169033130493577,1.0,0.013417705041654697,2.4901545363908273,0.6374516859922698,0.07779886148007592,0.598418497572694,0.3936443542934415
"Kubernetes, Git",Docker,0.0323093220338983,0.2701271186440678,0.022775423728813558,0.7049180327868853,2.6095789135326264,1.0,0.014047799662453318,2.473458097928437,0.637390053588931,0.08143939393939394,0.5957077256180257,0.3946158791385407
"React, TypeScript",JavaScript,0.131885593220339,0.3432203389830508,0.11811440677966102,0.895582329317269,2.609350984183648,1.0,0.07284858876759552,6.289928292046932,0.7104627397762499,0.3308605341246291,0.8410156756056483,0.6198590658932024
Network Security,"Python, Linux",0.03760593220338983,0.2648305084745763,0.025953389830508475,0.6901408450704226,2.6059718309859154,1.0,0.015994191683424305,2.372592449922959,0.6403468376893962,0.09386973180076628,0.5785201120266268,0.3940704225352113
Firewalls,"Python, Linux",0.03760593220338983,0.2648305084745763,0.025953389830508475,0.6901408450704226,2.6059718309859154,1.0,0.015994191683424305,2.372592449922959,0.6403468376893962,0.09386973180076628,0.5785201120266268,0.3940704225352113
Grafana,"Docker, Python",0.04396186440677966,0.20815677966101695,0.023834745762711863,0.5421686746987951,2.604616941046629,1.0,0.014683785639902325,1.7295522970561996,0.6443951985226223,0.10440835266821345,0.4218156908570737,0.3283362457463441
C#,Linux,0.03972457627118644,0.3432203389830508,0.03548728813559322,0.8933333333333334,2.6027983539094657,1.0,0.021853005601838556,6.157309322033904,0.6412724024664324,0.10213414634146344,0.8375913978494625,0.49836419753086425
"AWS, Azure",Linux,0.02913135593220339,0.3432203389830508,0.025953389830508475,0.890909090909091,2.595735129068463,1.0,0.01595491597242172,6.020480225988705,0.633198614961533,0.07492354740061163,0.833900293255132,0.48326318742985414
"Azure, Terraform",Linux,0.02913135593220339,0.3432203389830508,0.025953389830508475,0.890909090909091,2.595735129068463,1.0,0.01595491597242172,6.020480225988705,0.633198614961533,0.07492354740061163,0.833900293255132,0.48326318742985414
"Serverless, Terraform",Linux,0.02913135593220339,0.3432203389830508,0.025953389830508475,0.890909090909091,2.595735129068463,1.0,0.01595491597242172,6.020480225988705,0.633198614961533,0.07492354740061163,0.833900293255132,0.48326318742985414
"React, Git",JavaScript,0.1340042372881356,0.3432203389830508,0.11917372881355932,0.8893280632411067,2.5911286780852,1.0,0.07318074906636024,5.934473365617432,0.7090886850152904,0.33284023668639057,0.8314930511283947,0.6182751427316645
"AWS, C#",Docker,0.034957627118644065,0.2701271186440678,0.024364406779661018,0.696969696969697,2.580154486036839,1.0,0.014921403691467971,2.408580508474577,0.6346107955901303,0.08679245283018867,0.5848176980252453,0.3935828877005348
"Git, Jenkins",Docker,0.03125,0.2701271186440678,0.021716101694915255,0.6949152542372882,2.5725490196078433,1.0,0.013274629237288137,2.3923611111111116,0.6309992132179386,0.07765151515151517,0.5820029027576198,0.38765370555001666
"Python, Azure",Linux,0.02701271186440678,0.3432203389830508,0.023834745762711863,0.8823529411764706,2.5708061002178653,1.0,0.01456343363975869,5.582627118644067,0.6279804028307022,0.06880733944954129,0.8208728652751422,0.4758986928104575
"C#, Azure",Linux,0.02701271186440678,0.3432203389830508,0.023834745762711863,0.8823529411764706,2.5708061002178653,1.0,0.01456343363975869,5.582627118644067,0.6279804028307022,0.06880733944954129,0.8208728652751422,0.4758986928104575
Prometheus,"Docker, Python",0.03866525423728814,0.20815677966101695,0.02065677966101695,0.5342465753424658,2.5665586113144414,1.0,0.01260834485420856,1.7001339730807579,0.6349226531044713,0.09133489461358314,0.41181105969670595,0.3167416082819199
TypeScript,JavaScript,0.16896186440677965,0.3432203389830508,0.14883474576271186,0.8808777429467084,2.566507991795348,1.0,0.09084359738580867,5.513492417484386,0.7344615084522408,0.4096209912536443,0.8186267570027302,0.6572598591276752
Jenkins,"Linux, Git",0.04078389830508475,0.2076271186440678,0.021716101694915255,0.5324675324675324,2.564537503313013,1.0,0.01324825840275783,1.694797551789077,0.6360049022908784,0.09579439252336448,0.4099590249322869,0.31852968460111314
"Kubernetes, Azure",Linux,0.026483050847457626,0.3432203389830508,0.023305084745762712,0.88,2.563950617283951,1.0,0.014215563056592934,5.47316384180791,0.6265703828271838,0.06727828746177371,0.8172903225806452,0.4739506172839506
"Bash, Jenkins",Docker,0.02913135593220339,0.2701271186440678,0.020127118644067795,0.6909090909090909,2.557718360071301,1.0,0.012257949403906922,2.3613534396809572,0.62730065753582,0.07210626185958253,0.5765140519857501,0.38270944741532975
Grafana,"Linux, Git",0.04396186440677966,0.2076271186440678,0.023305084745762712,0.5301204819277109,2.553233341529383,1.0,0.01417740950876185,1.6863320295523687,0.6363132712163182,0.10208816705336425,0.4069969718445977,0.3211826899434473
"AWS, Serverless",Linux,0.02913135593220339,0.3432203389830508,0.025423728813559324,0.8727272727272728,2.542760942760943,1.0,0.015425254955472568,5.160411622276032,0.6249318057828697,0.0732824427480916,0.8062170087976541,0.47340067340067343
"HTML/CSS, TypeScript",JavaScript,0.14565677966101695,0.3432203389830508,0.1271186440677966,0.8727272727272727,2.542760942760943,1.0,0.07712627477736282,5.160411622276028,0.7101673899566026,0.35139092240117126,0.8062170087976539,0.6215488215488215
"Serverless, Azure",Linux,0.02913135593220339,0.3432203389830508,0.025423728813559324,0.8727272727272728,2.542760942760943,1.0,0.015425254955472568,5.160411622276032,0.6249318057828697,0.0732824427480916,0.8062170087976541,0.47340067340067343
"C#, Linux",Docker,0.03548728813559322,0.2701271186440678,0.024364406779661018,0.6865671641791045,2.541644717588528,1.0,0.014778327887101407,2.328642050040355,0.6288709022753861,0.08662900188323917,0.5705651712410371,0.3883816213052385
"Java, Linux",JavaScript,0.09957627118644068,0.3432203389830508,0.08686440677966102,0.8723404255319149,2.5416338324139747,1.0,0.05268780522838266,5.144774011299437,0.6736298421807748,0.24404761904761907,0.8056280027453673,0.5627134226425007
React,JavaScript,0.17796610169491525,0.3432203389830508,0.1551906779661017,0.8720238095238095,2.540711346266902,1.0,0.09410909221488079,5.1320457232952315,0.7376939586925161,0.42402315484804637,0.8051459293394777,0.6620921516754851
React,"JavaScript, Git",0.17796610169491525,0.263771186440678,0.11917372881355932,0.6696428571428572,2.5387263339070567,1.0,0.07223139902326917,2.2285845167201104,0.7373195876288658,0.3694581280788177,0.5512846865364852,0.5607250430292599
Azure,Linux,0.03283898305084746,0.3432203389830508,0.028601694915254237,0.8709677419354838,2.5376344086021505,1.0,0.017330688020683712,5.090042372881352,0.6265060240963856,0.0823170731707317,0.8035379812695108,0.47715053763440857
"Docker, Azure",Linux,0.028601694915254237,0.3432203389830508,0.02489406779661017,0.8703703703703703,2.5358939186099683,1.0,0.015077384372306808,5.066585956416464,0.6234947446576486,0.07175572519083971,0.8026284348864994,0.4714506172839506
"Serverless, C#",Linux,0.028072033898305086,0.3432203389830508,0.024364406779661018,0.8679245283018868,2.528767761472164,1.0,0.014729513789141052,4.972760290556902,0.6220116099988152,0.07022900763358779,0.7989044430919051,0.46945609131143723
"JavaScript, Git",HTML/CSS,0.263771186440678,0.20021186440677965,0.13347457627118645,0.5060240963855421,2.5274431057563587,1.0,0.08066445525711002,1.6190832988838362,0.820863309352518,0.40384615384615385,0.3823665523019229,0.5863453815261044
HTML/CSS,"JavaScript, Git",0.20021186440677965,0.263771186440678,0.13347457627118645,0.6666666666666667,2.5274431057563587,1.0,0.08066445525711002,2.2086864406779667,0.7556291390728476,0.40384615384615385,0.5472422062350121,0.5863453815261044
"HTML/CSS, Git",JavaScript,0.1541313559322034,0.3432203389830508,0.13347457627118645,0.865979381443299,2.5231004200076366,1.0,0.08057356004021834,4.90058670143416,0.7136595402093211,0.36681222707423583,0.795942800133023,0.6274341351660939
"Serverless, Python",Linux,0.02754237288135593,0.3432203389830508,0.023834745762711863,0.8653846153846153,2.5213675213675213,1.0,0.014381643205975294,4.878934624697334,0.6204793028322441,0.06870229007633588,0.7950372208436723,0.46741452991452986
C#,Docker,0.03972457627118644,0.2701271186440678,0.02701271186440678,0.68,2.5173333333333336,1.0,0.01628202653691468,2.2808527542372885,0.6276889134031991,0.0955056179775281,0.561567489114659,0.39
"HTML/CSS, React",JavaScript,0.15360169491525424,0.3432203389830508,0.13241525423728814,0.8620689655172414,2.5117071094082593,1.0,0.07969602844010343,4.761652542372883,0.7110888610763454,0.3633720930232559,0.7899888765294772,0.623935717326522
Prometheus,"Linux, Git",0.03866525423728814,0.2076271186440678,0.020127118644067795,0.5205479452054794,2.5071288789488397,1.0,0.012099163315139326,1.6526634382566585,0.6253153545019573,0.08899297423887587,0.3949161233609259,0.3087433603578418
"Kubernetes, C#",Linux,0.025953389830508475,0.3432203389830508,0.022245762711864406,0.8571428571428571,2.497354497354497,1.0,0.013338031456478024,4.597457627118643,0.6155519303969549,0.06412213740458016,0.7824884792626727,0.46097883597883593
"Django, Git",Linux,0.07203389830508475,0.3432203389830508,0.0614406779661017,0.8529411764705882,2.4851125635439364,1.0,0.036717178971559905,4.466101694915253,0.6439930719571723,0.17365269461077845,0.7760910815939278,0.5159767610748003
"Python, Terraform",Linux,0.057203389830508475,0.3432203389830508,0.048728813559322036,0.8518518518518519,2.481938728852309,1.0,0.029095446710715313,4.4332627118644075,0.6333170493404983,0.13855421686746988,0.7744324970131422,0.49691358024691357
Unit Testing,"SQL, Git",0.1371822033898305,0.2584745762711864,0.08792372881355932,0.640926640926641,2.4796506107981524,1.0,0.05246561692042517,2.0651084381264813,0.6915914116872648,0.28571428571428575,0.5157639271924988,0.49054528767643524
PostgreSQL,"Docker, Python",0.09957627118644068,0.20815677966101695,0.0513771186440678,0.5159574468085106,2.4786963347950843,1.0,0.030649642703246195,1.6358958837772397,0.6625348696179503,0.2004132231404959,0.38871415356151706,0.38138839261545127
"Docker, Serverless",Linux,0.028072033898305086,0.3432203389830508,0.023834745762711863,0.8490566037735848,2.4737945492662474,1.0,0.014199852772191898,4.351165254237286,0.6129700272479564,0.06859756097560976,0.7701765063907485,0.4592505241090146
Java,"SQL, Git",0.1393008474576271,0.2584745762711864,0.08898305084745763,0.6387832699619772,2.4713582247709285,1.0,0.052977323326630285,2.0528545941123997,0.691721611721612,0.2881646655231561,0.5128734383487236,0.49152278252197223
Ansible,"Linux, Git",0.0413135593220339,0.2076271186440678,0.0211864406779661,0.5128205128205128,2.4699110413396124,1.0,0.012608625395001434,1.6264495985727028,0.6207734806629834,0.09302325581395349,0.385163855752091,0.3074306645735217
HTML/CSS,JavaScript,0.20021186440677965,0.3432203389830508,0.1694915254237288,0.8465608465608465,2.466522960350121,1.0,0.10077474145360528,4.280391583869081,0.7434105960264901,0.453257790368272,0.7663765147636115,0.6701940035273368
"Django, Docker",Linux,0.06514830508474577,0.3432203389830508,0.05508474576271186,0.8455284552845528,2.4635150055204256,1.0,0.03272452240735421,4.251784121320248,0.635476138592286,0.15592203898050974,0.7648046157880932,0.5030111412225233
Serverless,Linux,0.03389830508474576,0.3432203389830508,0.028601694915254237,0.84375,2.4583333333333335,1.0,0.016967107153116924,4.203389830508475,0.6140350877192984,0.08206686930091185,0.7620967741935484,0.4635416666666667
"Django, SQL",Linux,0.06779661016949153,0.3432203389830508,0.057203389830508475,0.84375,2.4583333333333335,1.0,0.03393421430623385,4.203389830508475,0.6363636363636366,0.16167664670658685,0.7620967741935484,0.5052083333333334
"Python, Kubernetes",Linux,0.05402542372881356,0.3432203389830508,0.045550847457627115,0.8431372549019607,2.456548051319293,1.0,0.027008223211720767,4.186970338983048,0.6267871559155186,0.12951807228915663,0.7611638203668563,0.4879266521423384
"Kubernetes, Terraform",Linux,0.06038135593220339,0.3432203389830508,0.05084745762711865,0.8421052631578948,2.4535412605588047,1.0,0.030123348175811554,4.159604519774013,0.6304960541149944,0.14414414414414414,0.7595925297113754,0.49512670565302147
Java,"JavaScript, Git",0.1393008474576271,0.263771186440678,0.09004237288135593,0.6463878326996197,2.4505627071021725,1.0,0.053298823075265726,2.0820234189903406,0.6877321266968326,0.28764805414551603,0.5196980058538719,0.49387664727350467
"AWS, Terraform",Linux,0.059322033898305086,0.3432203389830508,0.04978813559322034,0.8392857142857143,2.4453262786596124,1.0,0.029427607009480036,4.08662900188324,0.6283304581176922,0.14114114114114112,0.755299539170507,0.492173721340388
"Unit Testing, Linux",JavaScript,0.1048728813559322,0.3432203389830508,0.08792372881355932,0.8383838383838385,2.4426985908467396,1.0,0.051929222924447,4.063824152542375,0.6598132173665074,0.24411764705882355,0.7539263603779734,0.5472783389450057
"Java, Git",JavaScript,0.10752118644067797,0.3432203389830508,0.09004237288135593,0.8374384236453202,2.4399440491394517,1.0,0.053138914823326625,4.040190035952747,0.661253272822482,0.24963289280469894,0.7524868901954552,0.5498920513288329
"Serverless, Kubernetes",Linux,0.028601694915254237,0.3432203389830508,0.023834745762711863,0.8333333333333333,2.42798353909465,1.0,0.014018062338408502,3.9406779661016933,0.6054525627044711,0.06849315068493152,0.7462365591397848,0.45138888888888884
"AWS, Kubernetes",Linux,0.05985169491525424,0.3432203389830508,0.04978813559322034,0.831858407079646,2.4236862230962526,1.0,0.02924581657569664,3.906110615521855,0.6248007192088703,0.14092953523238383,0.7439908649728804,0.48846006773735384
"Django, MongoDB",Linux,0.06885593220338983,0.3432203389830508,0.057203389830508475,0.8307692307692308,2.420512820512821,1.0,0.03357063343866705,3.8809707241910645,0.6302616609783845,0.1611940298507463,0.742332506203474,0.4987179487179487
Unit Testing,"Python, Linux",0.1371822033898305,0.2648305084745763,0.08792372881355932,0.640926640926641,2.4201389961389963,1.0,0.051593696136167766,2.0474075086568253,0.6800979239240571,0.2799325463743676,0.5115774481768719,0.48646332046332047
"Python, Java",JavaScript,0.11016949152542373,0.3432203389830508,0.09110169491525423,0.8269230769230769,2.409306742640076,1.0,0.05328928468830795,3.7947269303201496,0.6573643410852713,0.25146198830409355,0.7364764267990074,0.5461775878442545
"PostgreSQL, Git",Linux,0.06620762711864407,0.3432203389830508,0.05455508474576271,0.824,2.4007901234567903,1.0,0.03183128052283826,3.731702619414483,0.6248396103288194,0.1537313432835821,0.7320258064516129,0.4914753086419753
Redis,"Python, Linux",0.0858050847457627,0.2648305084745763,0.05455508474576271,0.6358024691358025,2.4007901234567903,1.0,0.03183128052283826,2.0186009767308244,0.6382342022072471,0.184257602862254,0.5046073931760773,0.42090123456790124
"Docker, AWS",Linux,0.06302966101694915,0.3432203389830508,0.05190677966101695,0.823529411764706,2.3994190268700075,1.0,0.030273718040792878,3.7217514124293802,0.6224662844221918,0.14648729446935727,0.7313092979127136,0.48738198983297026
"Unit Testing, Java",JavaScript,0.1038135593220339,0.3432203389830508,0.08527542372881355,0.8214285714285714,2.3932980599647267,1.0,0.049644498707268024,3.677966101694915,0.6496042758762464,0.2357247437774524,0.728110599078341,0.534942680776014
"Redux, React",JavaScript,0.06091101694915254,0.3432203389830508,0.04978813559322034,0.8173913043478261,2.381535158346753,1.0,0.02888223570812985,3.5966505246166274,0.6177292964202998,0.14050822122571002,0.7219635343618515,0.4812265163714439
"SQL, Redis",Linux,0.06091101694915254,0.3432203389830508,0.04978813559322034,0.8173913043478261,2.381535158346753,1.0,0.02888223570812985,3.5966505246166274,0.6177292964202998,0.14050822122571002,0.7219635343618515,0.4812265163714439
Terraform,"Python, Linux",0.07733050847457627,0.2648305084745763,0.048728813559322036,0.6301369863013698,2.379397260273972,1.0,0.028249335679402472,1.9876804770872563,0.6283132830829131,0.16606498194945846,0.49690103035805927,0.40706849315068494
Terraform,Linux,0.07733050847457627,0.3432203389830508,0.06302966101694915,0.8150684931506849,2.3747674615254524,1.0,0.036488257684573394,3.5514752040175757,0.6274252525349978,0.17629629629629628,0.7184268669907202,0.49935523422966344
"Unit Testing, Python",JavaScript,0.11122881355932203,0.3432203389830508,0.09057203389830508,0.8142857142857143,2.3724867724867726,1.0,0.052396042803792016,3.5365058670143417,0.6509001944670975,0.24890829694323147,0.7172350230414747,0.5390873015873016
"Redis, Git",Linux,0.06832627118644068,0.3432203389830508,0.055614406779661014,0.813953488372093,2.371518805627333,1.0,0.03216344082160299,3.530190677966102,0.6207423048810201,0.15625,0.7167291822955739,0.48799526270456506
"Unit Testing, JavaScript",Linux,0.10805084745762712,0.3432203389830508,0.08792372881355932,0.8137254901960784,2.3708545146453646,1.0,0.05083848032174663,3.525869759143622,0.648255730761526,0.24198250728862974,0.716382036685642,0.5349491648511256
Java,JavaScript,0.1393008474576271,0.3432203389830508,0.11334745762711865,0.8136882129277567,2.3707459043327237,1.0,0.06553657354208561,3.525164303009341,0.6717699496764917,0.30703012912482075,0.7163252790383909,0.5719675632540018
"Django, Node.js",Linux,0.06779661016949153,0.3432203389830508,0.05508474576271186,0.8125,2.367283950617284,1.0,0.03181557023843723,3.5028248587570623,0.6195804195804197,0.1547619047619048,0.714516129032258,0.48649691358024694
C#,"Python, Linux",0.03972457627118644,0.2648305084745763,0.02489406779661017,0.6266666666666667,2.366293333333333,1.0,0.014373788063774777,1.969203995157385,0.6012838718005891,0.08901515151515152,0.49218059558117205,0.36033333333333334
"Docker, Terraform",Linux,0.0614406779661017,0.3432203389830508,0.04978813559322034,0.8103448275862069,2.361004682843763,1.0,0.028700445274346453,3.46302003081664,0.6141875990586427,0.14029850746268657,0.7112347052280311,0.4777032779906343
"Ansible, Kubernetes",Linux,0.03072033898305085,0.3432203389830508,0.02489406779661017,0.8103448275862069,2.361004682843763,1.0,0.014350222637173227,3.46302003081664,0.5947215440065109,0.07132018209408196,0.7112347052280311,0.44143784589186885
"Unit Testing, Git",JavaScript,0.10540254237288135,0.3432203389830508,0.08527542372881355,0.8090452261306532,2.3572181897140023,1.0,0.04909912740591784,3.4394513826940223,0.6436091773955703,0.23469387755102042,0.7092559572053817,0.528751008127055
Unit Testing,"JavaScript, Git",0.1371822033898305,0.263771186440678,0.08527542372881355,0.6216216216216216,2.356669922934983,1.0,0.04909071118213156,1.9457475786924938,0.6672004697467103,0.27013422818791943,0.4860587205910947,0.4724573971561923
"SQL, Java",JavaScript,0.1128177966101695,0.3432203389830508,0.09110169491525423,0.8075117370892018,2.352750246333971,1.0,0.052380332519390976,3.412050434063661,0.6480805275945853,0.24963715529753264,0.7069210964713007,0.536471917927317
"Python, Grafana",Linux,0.030190677966101694,0.3432203389830508,0.024364406779661018,0.8070175438596492,2.3513103747021877,1.0,0.014002352054007471,3.4033127889060104,0.5925961104647022,0.06980273141122914,0.7061686474250143,0.4390025990903184
"Docker, Kubernetes",Linux,0.06038135593220339,0.3432203389830508,0.048728813559322036,0.8070175438596492,2.3513103747021877,1.0,0.028004704108014943,3.4033127889060104,0.6116366844762513,0.1373134328358209,0.7061686474250143,0.47449642625081223
"Docker, PostgreSQL",Linux,0.06197033898305085,0.3432203389830508,0.04978813559322034,0.8034188034188033,2.3408251556399704,1.0,0.028518654840563058,3.3410095799557835,0.6106419020387568,0.14008941877794337,0.7006892748828232,0.4742402659069325
Django,"Python, Linux",0.09057203389830508,0.2648305084745763,0.05614406779661017,0.6198830409356726,2.3406783625730996,1.0,0.03215783000574548,1.9340612777053456,0.6298172547554423,0.18761061946902655,0.4829533006387247,0.4159415204678363
"AWS, Bash",Linux,0.034957627118644065,0.3432203389830508,0.028072033898305086,0.8030303030303031,2.3396932285821177,1.0,0.01607386526860098,3.3344198174706663,0.5933351283060292,0.08018154311649017,0.700097751710655,0.4424102132435466
"Django, Redis",Linux,0.06408898305084745,0.3432203389830508,0.0513771186440678,0.8016528925619836,2.33568003264973,1.0,0.02938047615627694,3.3112641242937872,0.6110187340649597,0.14434523809523814,0.6980005331911492,0.47567212529333747
Django,Linux,0.09057203389830508,0.3432203389830508,0.0725635593220339,0.8011695906432749,2.334271893726085,1.0,0.04147739514507326,3.3032153539381857,0.6285279451088088,0.20087976539589444,0.697264667043954,0.5062946718648473
Bash,Docker,0.048728813559322036,0.2701271186440678,0.03072033898305085,0.6304347826086957,2.33384484228474,1.0,0.017557364981327206,1.9749501495513462,0.6007987097765148,0.10661764705882353,0.493658105635136,0.3720801364023871
"Kubernetes, Prometheus",Linux,0.02913135593220339,0.3432203389830508,0.023305084745762712,0.8,2.3308641975308646,1.0,0.013306610887675957,3.2838983050847466,0.5881069285324605,0.06676783004552353,0.695483870967742,0.4339506172839506
"AWS, Grafana",Linux,0.03177966101694915,0.3432203389830508,0.025423728813559324,0.8,2.3308641975308646,1.0,0.01451630278655559,3.2838983050847466,0.5897155361050329,0.07272727272727272,0.695483870967742,0.43703703703703706
"Terraform, Grafana",Linux,0.034427966101694914,0.3432203389830508,0.02754237288135593,0.8,2.3308641975308646,1.0,0.015725994685435223,3.2838983050847466,0.5913329676357654,0.07866868381240545,0.695483870967742,0.4401234567901235
"Django, PostgreSQL",Linux,0.06832627118644068,0.3432203389830508,0.05455508474576271,0.7984496124031008,2.326347018853479,1.0,0.031104118787704686,3.258637548891786,0.6119540559784079,0.15281899109792285,0.693123280820205,0.4787001148435257
"Django, Python",Linux,0.0704449152542373,0.3432203389830508,0.05614406779661017,0.7969924812030075,2.3221015501717255,1.0,0.031965940103418564,3.2352479598242305,0.612503359673171,0.15703703703703706,0.6909046810574824,0.4802863640582939
"MongoDB, Redis",Linux,0.0625,0.3432203389830508,0.04978813559322034,0.7966101694915254,2.3209876543209877,1.0,0.028336864406779662,3.2291666666666665,0.6070921985815604,0.13988095238095238,0.6903225806451613,0.47083594894329356
Kubernetes,Linux,0.07733050847457627,0.3432203389830508,0.0614406779661017,0.7945205479452055,2.314899374260105,1.0,0.03489927463372594,3.1963276836158205,0.6156221544795913,0.17109144542772864,0.6871409633230227,0.48676644681210895
"Kubernetes, Jenkins",Linux,0.03072033898305085,0.3432203389830508,0.024364406779661018,0.7931034482758621,2.3107705406555983,1.0,0.013820561620224076,3.1744350282485883,0.5852221430268473,0.0696969696969697,0.6849833147942158,0.43204555129842487
"Python, Jenkins",Linux,0.025423728813559324,0.3432203389830508,0.020127118644067795,0.7916666666666665,2.3065843621399176,1.0,0.011401177822464808,3.1525423728813537,0.5812356979405034,0.057750759878419454,0.682795698924731,0.42515432098765427
PostgreSQL,Docker,0.09957627118644068,0.2701271186440678,0.06197033898305085,0.6223404255319149,2.3038798498122652,1.0,0.03507208776213731,1.9326211506326094,0.6285369532428355,0.20137693631669537,0.48256801408146255,0.4258760951188986
"Unit Testing, Python",Linux,0.11122881355932203,0.3432203389830508,0.08792372881355932,0.7904761904761906,2.303115814226926,1.0,0.04974773771904626,3.134630200308168,0.6366155922857102,0.23988439306358383,0.6809831029185869,0.5233245149911817
"Webpack, TypeScript",JavaScript,0.05296610169491525,0.3432203389830508,0.04184322033898305,0.79,2.301728395061729,1.0,0.023664176960643494,3.127522195318806,0.597173845326084,0.1180866965620329,0.6802580645161291,0.4559567901234568
"MongoDB, PostgreSQL",Docker,0.07680084745762712,0.2701271186440678,0.04766949152542373,0.6206896551724137,2.2977687626774843,1.0,0.026923499892272332,1.9242103235747299,0.6117804551539491,0.1592920353982301,0.48030629097642746,0.39858012170385393
"Redux, TypeScript",JavaScript,0.05508474576271186,0.3432203389830508,0.04343220338983051,0.7884615384615385,2.297245963912631,1.0,0.02452599827635737,3.104776579352852,0.5976156622552773,0.12238805970149254,0.6779156327543425,0.4575023741690409
"AWS, Prometheus",Linux,0.02754237288135593,0.3432203389830508,0.021716101694915255,0.7884615384615385,2.297245963912631,1.0,0.012262999138178686,3.104776579352852,0.5806897284659122,0.06221547799696511,0.6779156327543425,0.42586657169990505
"Docker, Redis",Linux,0.0625,0.3432203389830508,0.04925847457627119,0.788135593220339,2.2962962962962963,1.0,0.02780720338983051,3.1,0.6021505376344086,0.13818722139673106,0.6774193548387097,0.46582705586942874
Unit Testing,JavaScript,0.1371822033898305,0.3432203389830508,0.10805084745762712,0.7876447876447877,2.2948662948662952,1.0,0.06096712510772767,3.092835130970726,0.6539558733253891,0.2901849217638692,0.6766720637688382,0.5512298012298013
"Unit Testing, SQL",JavaScript,0.11175847457627118,0.3432203389830508,0.08792372881355932,0.7867298578199052,2.2922005734012054,1.0,0.04956594728526286,3.0795668549905844,0.6346674713163927,0.23953823953823955,0.6752790093257912,0.521451348663039
Django,"SQL, Git",0.09057203389830508,0.2584745762711864,0.05349576271186441,0.5906432748538012,2.2851116863196244,1.0,0.030085194627980472,1.8114406779661019,0.6183938137552836,0.1810035842293907,0.44795321637426905,0.39880524398427764
"Kubernetes, Grafana",Linux,0.03177966101694915,0.3432203389830508,0.02489406779661017,0.7833333333333333,2.2823045267489714,1.0,0.013986641769606435,3.03129074315515,0.5802877228921273,0.07110438729198185,0.6701075268817205,0.4279320987654321
"Docker, Grafana",Linux,0.03177966101694915,0.3432203389830508,0.02489406779661017,0.7833333333333333,2.2823045267489714,1.0,0.013986641769606435,3.03129074315515,0.5802877228921273,0.07110438729198185,0.6701075268817205,0.4279320987654321
"AWS, Jenkins",Linux,0.02913135593220339,0.3432203389830508,0.022775423728813558,0.7818181818181817,2.2778900112233447,1.0,0.012776949870726802,3.0102401129943495,0.5778302186021138,0.06515151515151515,0.6678005865102639,0.42408810325476987
"Webpack, React",JavaScript,0.057733050847457626,0.3432203389830508,0.045021186440677964,0.7798165137614679,2.272057990712425,1.0,0.02520602915828785,2.9828742937853105,0.5941738584135172,0.12648809523809526,0.6647528854690737,0.4554946766338204
"Unit Testing, Git",Linux,0.10540254237288135,0.3432203389830508,0.08209745762711865,0.7788944723618091,2.2693715491035427,1.0,0.045921161304222934,2.97043528505393,0.6252525831280201,0.22398843930635837,0.6633490030799157,0.5090460016130033
"Redux, Webpack",JavaScript,0.05508474576271186,0.3432203389830508,0.04290254237288135,0.7788461538461539,2.2692307692307696,1.0,0.023996337259408213,2.9697862932940313,0.5919282511210762,0.12071535022354693,0.6632754342431763,0.4519230769230769
"Ansible, Grafana",Linux,0.028601694915254237,0.3432203389830508,0.022245762711864406,0.7777777777777778,2.2661179698216736,1.0,0.012429079287561045,2.9555084745762716,0.5751674715687801,0.06363636363636364,0.6616487455197133,0.4212962962962963
"Unit Testing, SQL",Linux,0.11175847457627118,0.3432203389830508,0.08686440677966102,0.7772511848341233,2.264583699022878,1.0,0.04850662525136456,2.948521456905879,0.6286778073505245,0.23597122302158274,0.6608469652958264,0.5151688022936048
"AWS, Ansible",Linux,0.03072033898305085,0.3432203389830508,0.023834745762711863,0.7758620689655171,2.260536398467433,1.0,0.013290900603274921,2.93024771838331,0.5753005464480874,0.06807866868381242,0.6587319243604003,0.4226532567049808
"Network Security, Firewalls",Linux,0.03283898305084746,0.3432203389830508,0.025423728813559324,0.7741935483870968,2.2556750298685784,1.0,0.014152721918988798,2.908595641646489,0.5755750273822563,0.07250755287009064,0.6561914672216441,0.4241338112305854
"Redux, Git",JavaScript,0.05614406779661017,0.3432203389830508,0.04343220338983051,0.7735849056603774,2.253901700442581,1.0,0.02416241740879058,2.900776836158193,0.5894172073033862,0.12202380952380953,0.6552647595861231,0.4500640577684603
"Prometheus, Grafana",Linux,0.028072033898305086,0.3432203389830508,0.021716101694915255,0.7735849056603774,2.253901700442581,1.0,0.01208120870439529,2.900776836158193,0.5723931680733702,0.06212121212121213,0.6552647595861231,0.4184282552993245
Redis,"Python, Git",0.0858050847457627,0.3019067796610169,0.05826271186440678,0.6790123456790124,2.249079488845571,1.0,0.03235757505027291,2.1748288787483707,0.6075002633519436,0.17684887459807075,0.5401937091365518,0.43599740090968164
Node.js,"SQL, Git",0.19597457627118645,0.2584745762711864,0.1138771186440678,0.581081081081081,2.2481169694284446,1.0,0.06322267308244758,1.7700929469655549,0.6905046419707694,0.33437013996889586,0.435057915057915,0.5108274257864422
"Node.js, Redis",Linux,0.0625,0.3432203389830508,0.048199152542372885,0.7711864406779662,2.246913580246914,1.0,0.02674788135593221,2.870370370370371,0.591941391941392,0.13481481481481483,0.6516129032258066,0.4558092697216991
Grafana,Linux,0.04396186440677966,0.3432203389830508,0.03389830508474576,0.7710843373493975,2.246616094005652,1.0,0.01880969908072393,2.869090098126672,0.5804016620498615,0.09595202398800601,0.6514574426739214,0.4349248847240815
"AWS, Bash",Docker,0.034957627118644065,0.2701271186440678,0.0211864406779661,0.6060606060606061,2.243612596553773,1.0,0.011743437589773054,1.8527542372881356,0.5743688254665203,0.07462686567164178,0.4602630074328188,0.34224598930481287
"PostgreSQL, Node.js",Linux,0.06673728813559322,0.3432203389830508,0.0513771186440678,0.7698412698412699,2.2429943170683915,1.0,0.028471523987359956,2.8535943892460556,0.5937957101232199,0.14327917282127034,0.6495647721454174,0.4597663139329806
MongoDB,"SQL, Git",0.20021186440677965,0.2584745762711864,0.1159957627118644,0.5793650793650794,2.2414780119698157,1.0,0.06424608589485781,1.762871762072274,0.692515649097342,0.33848531684698613,0.4327437641723357,0.5140677855841791
Java,"Python, Linux",0.1393008474576271,0.2648305084745763,0.0826271186440678,0.5931558935361217,2.2397566539923957,1.0,0.045736004380925024,1.807005385712023,0.6431084812623274,0.257001647446458,0.44659821829697255,0.45257794676806085
"PostgreSQL, Redis",Linux,0.06408898305084745,0.3432203389830508,0.04925847457627119,0.7685950413223142,2.239363330272422,1.0,0.027261832088480327,2.8382263922518174,0.5913430819504538,0.13757396449704146,0.6476672887230074,0.4560567799204163
"Grafana, Jenkins",Linux,0.029661016949152543,0.3432203389830508,0.022775423728813558,0.7678571428571428,2.2372134038800704,1.0,0.012595159436943407,2.8292046936114725,0.5699197725195492,0.06505295007564298,0.6465437788018432,0.4171075837742504
"Prometheus, Terraform",Linux,0.029661016949152543,0.3432203389830508,0.022775423728813558,0.7678571428571428,2.2372134038800704,1.0,0.012595159436943407,2.8292046936114725,0.5699197725195492,0.06505295007564298,0.6465437788018432,0.4171075837742504
"AWS, Git",Linux,0.03177966101694915,0.3432203389830508,0.024364406779661018,0.7666666666666667,2.2337448559670787,1.0,0.013456980752657284,2.8147699757869256,0.5704500047569213,0.06948640483383686,0.644731182795699,0.4188271604938272
"JavaScript, Java",Linux,0.11334745762711865,0.3432203389830508,0.08686440677966102,0.7663551401869159,2.232837198569286,1.0,0.04796125395001437,2.8110169491525423,0.6227234315353907,0.23495702005730662,0.6442568586071752,0.5097207799700012
Redis,Linux,0.0858050847457627,0.3432203389830508,0.06567796610169492,0.7654320987654322,2.230147843316568,1.0,0.036227915828784846,2.7999553969669946,0.603371584495197,0.1807580174927114,0.6428514536041419,0.4783950617283951
"Python, Prometheus",Linux,0.02701271186440678,0.3432203389830508,0.02065677966101695,0.7647058823529411,2.2280319535221498,1.0,0.011385467538063776,2.7913135593220333,0.5664754407269378,0.0590909090909091,0.6417457305502846,0.4124455337690632
"Terraform, Jenkins",Linux,0.02701271186440678,0.3432203389830508,0.02065677966101695,0.7647058823529411,2.2280319535221498,1.0,0.011385467538063776,2.7913135593220333,0.5664754407269378,0.0590909090909091,0.6417457305502846,0.4124455337690632
Unit Testing,Linux,0.1371822033898305,0.3432203389830508,0.1048728813559322,0.7644787644787645,2.2273702273702276,1.0,0.05778915900603275,2.7886218393998337,0.6386517104749149,0.27926657263751764,0.6413999252708931,0.53501716001716
"Ansible, Terraform",Linux,0.02913135593220339,0.3432203389830508,0.022245762711864406,0.7636363636363637,2.224915824915825,1.0,0.012247288853777651,2.7786831812255546,0.5670641415322267,0.06354009077155824,0.6401173020527859,0.4142255892255893
Kubernetes,"Python, Linux",0.07733050847457627,0.2648305084745763,0.045550847457627115,0.5890410958904109,2.2242191780821914,1.0,0.02507136957770755,1.7889124293785306,0.5965343230181828,0.15357142857142853,0.44100114484228803,0.3805205479452054
"Bash, Kubernetes",Linux,0.03125,0.3432203389830508,0.023834745762711863,0.7627118644067796,2.2222222222222223,1.0,0.013109110169491525,2.767857142857143,0.567741935483871,0.06797583081570997,0.6387096774193548,0.416078154425612
"Bash, Linux",Docker,0.037076271186440676,0.2701271186440678,0.022245762711864406,0.6,2.2211764705882353,1.0,0.012230456406205114,1.8246822033898304,0.5709570957095709,0.07806691449814125,0.4519593613933236,0.3411764705882353
Bash,Linux,0.048728813559322036,0.3432203389830508,0.037076271186440676,0.7608695652173912,2.2168545356951155,1.0,0.020351551278368282,2.7465331278890597,0.5770283168946866,0.10447761194029852,0.6359046283309957,0.434447128287708
"SQL, PostgreSQL",Docker,0.07786016949152542,0.2701271186440678,0.046610169491525424,0.5986394557823129,2.216139789249033,1.0,0.02557802624964091,1.818496839988509,0.5950994726123962,0.1546572934973638,0.45009527758853907,0.38559423769507806
Firewalls,Linux,0.03760593220338983,0.3432203389830508,0.028601694915254237,0.7605633802816902,2.2159624413145544,1.0,0.015694574116633154,2.7430209371884358,0.5701706108970832,0.081203007518797,0.6354384370740574,0.4219483568075118
"Unit Testing, Java",Linux,0.1038135593220339,0.3432203389830508,0.07891949152542373,0.7602040816326531,2.214915595867977,1.0,0.0432885665038782,2.738910926794086,0.6120551509670459,0.2143884892086331,0.6348913759052008,0.4950711766187957
"Python, Redis",Linux,0.07203389830508475,0.3432203389830508,0.05455508474576271,0.7573529411764706,2.2066085693536674,1.0,0.029831585751220916,2.706728299948639,0.5892627565722394,0.1512481644640235,0.630550284629981,0.4581517792302106
"PostgreSQL, Python",Linux,0.06885593220338983,0.3432203389830508,0.05190677966101695,0.7538461538461538,2.19639126305793,1.0,0.028274023269175528,2.668167372881356,0.5849875786492071,0.14411764705882357,0.6252109181141439,0.4525403608736942
"Redux, HTML/CSS",JavaScript,0.07521186440677965,0.3432203389830508,0.056673728813559324,0.7535211267605635,2.195444270561642,1.0,0.030859487216317157,2.6646489104116236,0.5887957521062831,0.1566617862371889,0.6247160381644709,0.45932229177534345
"Webpack, Git",JavaScript,0.05349576271186441,0.3432203389830508,0.04025423728813559,0.7524752475247524,2.1923970174795255,1.0,0.021893403476012638,2.6533898305084733,0.5746178540924218,0.11292719167904904,0.6231236026828488,0.43487959907101814
Redux,JavaScript,0.07680084745762712,0.3432203389830508,0.057733050847457626,0.7517241379310344,2.1902085994040017,1.0,0.03137343794886527,2.645362523540489,0.588629748351203,0.15935672514619884,0.6219799777530589,0.45996700723712214
"Python, Java",Linux,0.11016949152542373,0.3432203389830508,0.0826271186440678,0.75,2.1851851851851856,1.0,0.04481470841712152,2.6271186440677967,0.6095238095238096,0.2228571428571429,0.6193548387096774,0.49537037037037035
"Bash, Terraform",Linux,0.02754237288135593,0.3432203389830508,0.02065677966101695,0.75,2.1851851851851856,1.0,0.01120367710428038,2.6271186440677967,0.5577342047930284,0.05900151285930409,0.6193548387096774,0.4050925925925926
Network Security,Linux,0.03760593220338983,0.3432203389830508,0.028072033898305086,0.7464788732394367,2.1749260998087294,1.0,0.015164913099684003,2.590630885122412,0.5613233507440214,0.07957957957957959,0.6139936392548844,0.41413449834811344
"Git, Grafana",Linux,0.03125,0.3432203389830508,0.023305084745762712,0.7457627118644068,2.17283950617284,1.0,0.012579449152542374,2.5833333333333335,0.5571847507331379,0.06636500754147813,0.6129032258064516,0.406831973216154
"Docker, Jenkins",Linux,0.02913135593220339,0.3432203389830508,0.021716101694915255,0.7454545454545455,2.1719416386083057,1.0,0.0117176278368285,2.580205811138015,0.5557728899711257,0.06193353474320243,0.612434017595308,0.4043630751964086
"Python, Ansible",Linux,0.02701271186440678,0.3432203389830508,0.020127118644067795,0.7450980392156862,2.1709029290728634,1.0,0.010855806521114621,2.5765971316818765,0.5543363034696157,0.057488653555219364,0.6118912080961415,0.4018700072621641
"Prometheus, Git",Linux,0.02701271186440678,0.3432203389830508,0.020127118644067795,0.7450980392156862,2.1709029290728634,1.0,0.010855806521114621,2.5765971316818765,0.5543363034696157,0.057488653555219364,0.6118912080961415,0.4018700072621641
Unit Testing,"Python, Git",0.1371822033898305,0.3019067796610169,0.08951271186440678,0.6525096525096525,2.1612951297161827,1.0,0.04809647461218041,2.0089571563088517,0.622743833113574,0.2560606060606061,0.5022293049607162,0.474500440289914
Jenkins,Linux,0.04078389830508475,0.3432203389830508,0.030190677966101694,0.7402597402597402,2.1568061568061565,1.0,0.016192814564780236,2.5286016949152534,0.5591560347583482,0.08532934131736526,0.6045245077503141,0.4141113516113516
Prometheus,Linux,0.03866525423728814,0.3432203389830508,0.028601694915254237,0.7397260273972602,2.1552511415525113,1.0,0.01533099324906636,2.523416592328278,0.5575757575757576,0.08095952023988007,0.6037118868758286,0.4115296803652968
"Webpack, HTML/CSS",JavaScript,0.07097457627118645,0.3432203389830508,0.0524364406779661,0.7388059701492536,2.1525704809286896,1.0,0.028076522550991093,2.514527845036319,0.5763449777132786,0.14494875549048317,0.6023110255175733,0.4457918739635157
Redis,"SQL, Git",0.0858050847457627,0.2584745762711864,0.04766949152542373,0.5555555555555556,2.14936247723133,1.0,0.02549105860384947,1.6684322033898307,0.5849362688296641,0.16071428571428573,0.4006349206349207,0.36999089253187617
Redux,"JavaScript, Git",0.07680084745762712,0.263771186440678,0.04343220338983051,0.5655172413793104,2.143968979365739,1.0,0.023174352736282676,1.6944948883508206,0.5779634216307739,0.14616755793226383,0.4098536343339122,0.3650879379587315
"Python, Bash",Linux,0.028072033898305086,0.3432203389830508,0.02065677966101695,0.7358490566037735,2.1439552760307476,1.0,0.011021886670496984,2.4863801452784497,0.5489834416264934,0.05891238670694864,0.59780888618381,0.3980171208944794
"Java, Git",Linux,0.10752118644067797,0.3432203389830508,0.07891949152542373,0.7339901477832512,2.1385391960104605,1.0,0.04201603346739442,2.4690050219711237,0.5965307788819628,0.21225071225071224,0.5949785475925632,0.48196420969409476
Webpack,JavaScript,0.0715042372881356,0.3432203389830508,0.0524364406779661,0.7333333333333333,2.1366255144032924,1.0,0.027894732117207697,2.462923728813559,0.5729398952445158,0.14473684210526316,0.5939784946236558,0.44305555555555554
Webpack,"JavaScript, Git",0.0715042372881356,0.263771186440678,0.04025423728813559,0.5629629629629629,2.134285289305369,1.0,0.021393479783108297,1.6845913530594654,0.5723871858768426,0.1364452423698384,0.4063842259525712,0.3577867023650156
Ansible,Linux,0.0413135593220339,0.3432203389830508,0.030190677966101694,0.7307692307692307,2.1291547958214627,1.0,0.01601102413099684,2.439467312348668,0.5531840651352138,0.0852017937219731,0.5900744416873449,0.4093660968660968
"Ansible, Prometheus",Linux,0.02754237288135593,0.3432203389830508,0.020127118644067795,0.7307692307692307,2.1291547958214627,1.0,0.010674016087331225,2.439467312348668,0.5453503038642358,0.05740181268882175,0.5900744416873449,0.39470560303893637
Java,"Python, Git",0.1393008474576271,0.3019067796610169,0.08951271186440678,0.6425855513307985,2.1284237208992067,1.0,0.04745684160442402,1.9531757122250275,0.6159745106964042,0.2545180722891566,0.4880132935603548,0.469538389700487
"Bash, Grafana",Linux,0.03336864406779661,0.3432203389830508,0.024364406779661018,0.7301587301587301,2.127376053301979,1.0,0.012911609451307097,2.4339481555333995,0.5482310899344848,0.06917293233082708,0.5891449052739375,0.4005731922398589
"Git, Terraform",Linux,0.03125,0.3432203389830508,0.022775423728813558,0.7288135593220338,2.123456790123457,1.0,0.01204978813559322,2.4218749999999996,0.5461365341335334,0.06475903614457831,0.5870967741935483,0.3975857920066959
"SQL, Java",Linux,0.1128177966101695,0.3432203389830508,0.08209745762711865,0.7276995305164319,2.120210977800962,1.0,0.04337609523125539,2.411966686148451,0.5955358690418874,0.21954674220963177,0.5854005754959867,0.48344853069031474
"Docker, Ansible",Linux,0.03283898305084746,0.3432203389830508,0.023834745762711863,0.7258064516129031,2.114695340501792,1.0,0.012563738868141338,2.39531405782652,0.5450164293537787,0.06766917293233082,0.5825182101977106,0.3976254480286738
Django,"Python, Git",0.09057203389830508,0.3019067796610169,0.057733050847457626,0.6374269005847953,2.1113368215861295,1.0,0.030388739765871878,1.9253861399671954,0.5787884778763899,0.17246835443037975,0.4806236633566719,0.414327485380117
"Docker, Bash",Linux,0.03072033898305085,0.3432203389830508,0.022245762711864406,0.7241379310344828,2.1098339719029378,1.0,0.011701917552427464,2.3808262711864407,0.5427010148321625,0.06325301204819278,0.5799777530589544,0.39447637292464877
Node.js,"Python, Git",0.19597457627118645,0.3019067796610169,0.12447033898305085,0.6351351351351351,2.1037458511142724,1.0,0.06530428576558461,1.9132925298179535,0.6525383343144676,0.3333333333333333,0.47734077020875193,0.5237079184447606
"Kubernetes, Git",Linux,0.0323093220338983,0.3432203389830508,0.023305084745762712,0.7213114754098361,2.101598866626189,1.0,0.012215868284975584,2.3566799601196413,0.5416728865004728,0.0661654135338346,0.5756742464304602,0.39460635498886865
"AWS, Python",Docker,0.08421610169491525,0.2701271186440678,0.04766949152542373,0.5660377358490566,2.0954495005549387,1.0,0.024920438631140476,1.6818809874723655,0.5708502024291497,0.15544041450777202,0.4054276090587945,0.3712541620421753
Grafana,"Python, Linux",0.04396186440677966,0.2648305084745763,0.024364406779661018,0.5542168674698795,2.092722891566265,1.0,0.012721963875323183,1.6491639945029775,0.5461640370950258,0.08566108007448789,0.39363216554980734,0.32310843373493975
Java,Linux,0.1393008474576271,0.3432203389830508,0.09957627118644068,0.714828897338403,2.0827113552081866,1.0,0.05176538710140765,2.3031073446327683,0.6039934533551556,0.2600276625172891,0.5658039985281492,0.5024761770642633
"Ansible, Git",Linux,0.029661016949152543,0.3432203389830508,0.0211864406779661,0.7142857142857142,2.081128747795414,1.0,0.01100617638609595,2.2987288135593213,0.5353711790393013,0.06024096385542169,0.5649769585253455,0.3880070546737213
"Docker, Prometheus",Linux,0.02913135593220339,0.3432203389830508,0.02065677966101695,0.7090909090909091,2.0659932659932663,1.0,0.010658305802930194,2.257680084745763,0.5314532712241388,0.05873493975903615,0.557067448680352,0.38463804713804717
"Ansible, Jenkins",Linux,0.02913135593220339,0.3432203389830508,0.02065677966101695,0.7090909090909091,2.0659932659932663,1.0,0.010658305802930194,2.257680084745763,0.5314532712241388,0.05873493975903615,0.557067448680352,0.38463804713804717
"Bash, Jenkins",Linux,0.02913135593220339,0.3432203389830508,0.02065677966101695,0.7090909090909091,2.0659932659932663,1.0,0.010658305802930194,2.257680084745763,0.5314532712241388,0.05873493975903615,0.557067448680352,0.38463804713804717
"Git, Jenkins",Linux,0.03125,0.3432203389830508,0.021716101694915255,0.6949152542372882,2.0246913580246915,1.0,0.010990466101694917,2.152777777777778,0.5224232887490166,0.061561561561561576,0.535483870967742,0.3790934295877799
MongoDB,"Python, Git",0.20021186440677965,0.3019067796610169,0.12235169491525423,0.611111111111111,2.0241715399610136,1.0,0.06190637568227521,1.795096852300242,0.6326309452137268,0.3221757322175732,0.44292699376159156,0.508187134502924
Prometheus,"Python, Linux",0.03866525423728814,0.2648305084745763,0.02065677966101695,0.5342465753424658,2.0173150684931507,1.0,0.010417040721057168,1.578452143569292,0.5245744154835064,0.07303370786516855,0.36646796415459326,0.30612328767123287
"Bash, Git",Linux,0.03072033898305085,0.3432203389830508,0.0211864406779661,0.689655172413793,2.009365687526607,1.0,0.010642595518529158,2.1162900188323914,0.5182513661202186,0.060060060060060066,0.5274749721913237,0.37569178373776074
Data Visualization,"SQL, Python",0.10328389830508475,0.3787076271186441,0.07838983050847458,0.7589743589743589,2.004116908732293,1.0,0.03927543046179258,2.5777023981247744,0.5587354927284047,0.1942257217847769,0.6120576212647822,0.482983682983683
Tableau,"SQL, Python",0.09851694915254237,0.3787076271186441,0.0746822033898305,0.7580645161290323,2.0017144146176404,1.0,0.037373083345303065,2.5680084745762715,0.555116633747531,0.18552631578947365,0.6105931853807441,0.47763365666591473
Power BI,"SQL, Python",0.059322033898305086,0.3787076271186441,0.04449152542372881,0.75,1.9804195804195803,1.0,0.022025818730249926,2.485169491525424,0.5262762762762763,0.11305518169582772,0.5976129582267689,0.43374125874125874
PostgreSQL,"Python, Linux",0.09957627118644068,0.2648305084745763,0.05190677966101695,0.5212765957446809,1.9683404255319148,1.0,0.025535945130709566,1.5356873822975516,0.5463625450180072,0.16610169491525423,0.34882580170458033,0.3586382978723404
"SQL, PostgreSQL",Linux,0.07786016949152542,0.3432203389830508,0.05190677966101695,0.6666666666666666,1.9423868312757202,1.0,0.0251835858948578,1.9703389830508473,0.5261344055140724,0.14060258249641322,0.49247311827956985,0.4089506172839506
AWS,Docker,0.12076271186440678,0.2701271186440678,0.06302966101694915,0.5219298245614035,1.9321637426900584,1.0,0.03040837762137317,1.5267065775151607,0.5487091222030981,0.19224555735056542,0.3449952893845644,0.37763157894736843
"MongoDB, PostgreSQL",Linux,0.07680084745762712,0.3432203389830508,0.05084745762711865,0.6620689655172414,1.9289910600255429,1.0,0.02448784472852629,1.9435316499481148,0.5216580608146874,0.13773314203730275,0.48547274749721914,0.40510855683269476
Statistics,"SQL, Python",0.10911016949152542,0.3787076271186441,0.07944915254237288,0.7281553398058253,1.922737456718039,1.0,0.03812829915972421,2.2854683716707025,0.5386841062227506,0.19455252918287938,0.5624529254504672,0.4689727747980175
NumPy,"SQL, Python",0.0423728813559322,0.3787076271186441,0.03072033898305085,0.7250000000000001,1.9144055944055947,1.0,0.01467340563056593,2.2592449922958404,0.4987793713762588,0.07869742198100407,0.557374254049446,0.4030594405594406
PostgreSQL,Linux,0.09957627118644068,0.3432203389830508,0.06514830508474577,0.6542553191489362,1.906225374310481,1.0,0.030971703533467405,1.8996088657105608,0.5279770444763272,0.17251051893408137,0.4735758407687029,0.42203506698187554
"JavaScript, React",Docker,0.1551906779661017,0.2701271186440678,0.07944915254237288,0.5119453924914675,1.8952017667135113,1.0,0.037527941862970406,1.4954738058551615,0.5591222570532914,0.22970903522205205,0.3313156030652327,0.4030315197751455
"React, Git",Docker,0.1340042372881356,0.2701271186440678,0.06832627118644068,0.5098814229249011,1.8875610323180654,1.0,0.03212809268170066,1.489176120831055,0.542977028660835,0.20347003154574134,0.32848775506691824,0.3814112996977447
TensorFlow,"SQL, Python",0.04078389830508475,0.3787076271186441,0.02913135593220339,0.7142857142857142,1.8861138861138858,1.0,0.013686182580436653,2.1745233050847452,0.4897846493649916,0.07462686567164178,0.5401290951163071,0.39560439560439553
"TensorFlow, Data Visualization",SQL,0.0323093220338983,0.4793432203389831,0.02913135593220339,0.9016393442622951,1.8809890408477492,1.0,0.013644101461505314,5.293343926553671,0.4840025874508633,0.06037321624588364,0.8110835014925871,0.48120641246263923
"Python, Data Visualization",SQL,0.08739406779661017,0.4793432203389831,0.07838983050847458,0.896969696969697,1.8712472794240749,1.0,0.03649807661232404,5.053433449651046,0.5101841539740553,0.16052060737527116,0.8021147384321342,0.5302528042859534
"SQL, Git",JavaScript,0.2584745762711864,0.3432203389830508,0.16578389830508475,0.6413934426229508,1.8687512649261284,1.0,0.07707016661878772,1.8314769975786926,0.6269283432222731,0.3803159173754557,0.45399259650978324,0.5622090669904878
"Statistics, Python",SQL,0.08898305084745763,0.4793432203389831,0.07944915254237288,0.8928571428571428,1.86266771902131,1.0,0.03679573039356506,4.859463276836155,0.5083720930232558,0.16251354279523292,0.7942159569829966,0.529301499605367
"Firebase, Android",Git,0.02489406779661017,0.5026483050847458,0.023305084745762712,0.9361702127659575,1.8624756182319575,1.0,0.010792123761131858,7.791843220338985,0.47490247395190355,0.046218487394957986,0.8716606620895928,0.4912674035378786
Deep Learning,"SQL, Python",0.03919491525423729,0.3787076271186441,0.02754237288135593,0.7027027027027027,1.8555282555282555,1.0,0.012698959530307382,2.0898016178736523,0.4798787210584344,0.0705563093622795,0.521485680053455,0.38771498771498775
"Python, Power BI",SQL,0.05031779661016949,0.4793432203389831,0.04449152542372881,0.8842105263157894,1.8446292526897352,1.0,0.020372030756248202,4.496581278890599,0.48214617693145295,0.09170305676855894,0.7776088236868877,0.48851410293690023
"Tableau, Data Visualization",SQL,0.08527542372881355,0.4793432203389831,0.07521186440677965,0.8819875776397516,1.8399917641810506,1.0,0.03433566818083884,4.4118811329170375,0.4990784312126378,0.15367965367965367,0.7733393149377935,0.5194468274939089
"Python, Tableau",SQL,0.0847457627118644,0.4793432203389831,0.0746822033898305,0.88125,1.838453038674033,1.0,0.03405989658144211,4.3844781445138254,0.4982926188599947,0.15259740259740256,0.7719226856561546,0.5185255524861878
"Statistics, Data Visualization",SQL,0.09216101694915255,0.4793432203389831,0.08103813559322035,0.8793103448275862,1.8344065536292626,1.0,0.03686137693909796,4.314013317191282,0.5010410231770654,0.16522678185745143,0.7681972848773986,0.5241855591541246
PostgreSQL,"Python, Git",0.09957627118644068,0.3019067796610169,0.05508474576271186,0.5531914893617021,1.832325494587533,1.0,0.02502199439816145,1.562399112187248,0.5044796380090498,0.15902140672782875,0.35995867368353085,0.3678238148562897
Docker,"Python, Git",0.2701271186440678,0.3019067796610169,0.149364406779661,0.5529411764705882,1.8314963880288957,1.0,0.06781119829072106,1.5615243086529884,0.6220239014297626,0.35338345864661647,0.35960010711416573,0.5238390092879257
"TensorFlow, NumPy",SQL,0.034427966101694914,0.4793432203389831,0.030190677966101694,0.8769230769230769,1.8294262643433914,1.0,0.01368786582519391,4.230336334745762,0.4695460538345315,0.0624315443592552,0.7636121762266218,0.4699532511687208
"Power BI, Tableau",SQL,0.04978813559322034,0.4793432203389831,0.04343220338983051,0.8723404255319149,1.8198659927118843,1.0,0.019566598139902327,4.078478107344633,0.4741142561927291,0.08942202835332606,0.7548105019371877,0.4814740801692724
"Dart, Android",Git,0.029661016949152543,0.5026483050847458,0.02701271186440678,0.9107142857142857,1.8118320036128255,1.0,0.012103651967825337,5.5703389830508465,0.4617689870708108,0.05345911949685534,0.8204777118515137,0.48222753274123137
"Statistics, Power BI",SQL,0.05190677966101695,0.4793432203389831,0.045021186440677964,0.8673469387755102,1.8094486413349868,1.0,0.02014002352054007,3.9249511082138184,0.47183700295760755,0.09259259259259259,0.7452197562646625,0.4806347953546059
Android,Git,0.034957627118644065,0.5026483050847458,0.03177966101694915,0.9090909090909092,1.8086023565475622,1.0,0.014208268995978168,5.470868644067801,0.46328210757409444,0.06282722513089005,0.8172136702488142,0.4861576779384999
"Machine Learning, TensorFlow",SQL,0.03177966101694915,0.4793432203389831,0.02754237288135593,0.8666666666666667,1.8080294659300185,1.0,0.012309007828210284,3.904925847457627,0.46158054199629694,0.05695509309967141,0.7439131909121738,0.46206261510128915
"Deep Learning, Python",SQL,0.03177966101694915,0.4793432203389831,0.02754237288135593,0.8666666666666667,1.8080294659300185,1.0,0.012309007828210284,3.904925847457627,0.46158054199629694,0.05695509309967141,0.7439131909121738,0.46206261510128915
"NumPy, Data Visualization",SQL,0.03177966101694915,0.4793432203389831,0.02754237288135593,0.8666666666666667,1.8080294659300185,1.0,0.012309007828210284,3.904925847457627,0.46158054199629694,0.05695509309967141,0.7439131909121738,0.46206261510128915
"Android, Kotlin",Git,0.028601694915254237,0.5026483050847458,0.025953389830508475,0.9074074074074074,1.8052530929243258,1.0,0.011576796358804941,5.371398305084748,0.4591948011483764,0.05136268343815513,0.8138287382163847,0.4795203528080241
"Power BI, Data Visualization",SQL,0.05455508474576271,0.4793432203389831,0.047139830508474576,0.8640776699029126,1.8026283323499435,1.0,0.020989220500574546,3.8305463075060513,0.47094703049759234,0.09684439608269858,0.73894063151241,0.4812101056696883
"Android, React Native",Git,0.028072033898305086,0.5026483050847458,0.025423728813559324,0.9056603773584906,1.8017774419945523,1.0,0.011313368554294743,5.271927966101696,0.45784514078110805,0.05031446540880504,0.8103160728997127,0.47811996739368157
"Android, Swift",Git,0.02754237288135593,0.5026483050847458,0.02489406779661017,0.9038461538461539,1.7981681121828645,1.0,0.011049940749784545,5.172457627118645,0.4564501923700922,0.049266247379454925,0.806668305070861,0.47668598524762906
Data Visualization,SQL,0.10328389830508475,0.4793432203389831,0.08898305084745763,0.8615384615384615,1.7973310667233318,1.0,0.03947461442473427,3.760298964218453,0.4947156358113239,0.1802575107296137,0.7340636982549494,0.5235869103272418
"Data Visualization, Pandas",SQL,0.030190677966101694,0.4793432203389831,0.025953389830508475,0.8596491228070176,1.7933895512261315,1.0,0.011481693030020109,3.7096795550847452,0.4561687045107502,0.05366922234392114,0.7304349378022881,0.45689638460792864
"TensorFlow, Python",SQL,0.03389830508474576,0.4793432203389831,0.02913135593220339,0.859375,1.7928176795580109,1.0,0.012882433208848031,3.7024482109227868,0.4577352472089314,0.060175054704595186,0.7299084435401831,0.4600742403314917
Unit Testing,"SQL, Python",0.1371822033898305,0.3787076271186441,0.09216101694915255,0.6718146718146719,1.7739665739665742,1.0,0.040209070220482625,1.8931144067796617,0.5056589262152227,0.21750000000000003,0.47176990655251533,0.4575856575856576
"TensorFlow, Pandas",SQL,0.03177966101694915,0.4793432203389831,0.02701271186440678,0.8500000000000001,1.7732596685082873,1.0,0.011779346811261132,3.4710451977401147,0.4503797142489381,0.05579868708971554,0.7119023397761955,0.45317679558011054
"Flutter, Android",Git,0.023834745762711863,0.5026483050847458,0.0211864406779661,0.8888888888888888,1.7684111930687272,1.0,0.009205946118213156,4.476165254237286,0.4451302224633749,0.04192872117400419,0.7765944858596615,0.465519260039808
"TensorFlow, Deep Learning",SQL,0.03125,0.4793432203389831,0.026483050847457626,0.847457627118644,1.7679558011049723,1.0,0.011503575211864405,3.413194444444443,0.44838709677419347,0.05470459518599561,0.7070193285859613,0.4513531229515872
"Unit Testing, Java",SQL,0.1038135593220339,0.4793432203389831,0.08792372881355932,0.8469387755102041,1.7668733791859286,1.0,0.038161402973283534,3.401624293785311,0.48430601839984044,0.17754010695187164,0.7060227956899954,0.5151820949374225
AWS,Linux,0.12076271186440678,0.3432203389830508,0.07309322033898305,0.6052631578947368,1.7634827810266407,1.0,0.031645001436368864,1.6638418079096045,0.4924044002095339,0.18699186991869918,0.398981324278438,0.4091130604288499
Statistics,SQL,0.10911016949152542,0.4793432203389831,0.09216101694915255,0.8446601941747574,1.7621198304993833,1.0,0.03985979693335249,3.3517280190677976,0.48547159238454496,0.18569903948772679,0.7016464360141831,0.5184626937724616
TensorFlow,SQL,0.04078389830508475,0.4793432203389831,0.034427966101694914,0.8441558441558441,1.7610676616201475,1.0,0.014878480950157997,3.3408810028248572,0.45053731470076025,0.07088331515812431,0.7006777556116315,0.4579895242878668
Pandas,"SQL, Python",0.03972457627118644,0.3787076271186441,0.026483050847457626,0.6666666666666666,1.76037296037296,1.0,0.011439050829503016,1.8638771186440677,0.4498069498069498,0.06756756756756756,0.4634839443023585,0.36829836829836826
Java,"SQL, Python",0.1393008474576271,0.3787076271186441,0.0926906779661017,0.6653992395437263,1.7570262437182589,1.0,0.03993638456980753,1.8568169780431436,0.5005890109890111,0.21793275217932753,0.461443959299706,0.45507724214948553
"Python, Java",SQL,0.11016949152542373,0.4793432203389831,0.0926906779661017,0.8413461538461539,1.7552061198470037,1.0,0.039881679115196786,3.281715459681561,0.48353741496598646,0.1865671641791045,0.6952813209171297,0.5173581597960051
"Statistics, Tableau",SQL,0.09004237288135593,0.4793432203389831,0.07574152542372882,0.8411764705882354,1.7548521286967826,1.0,0.03258032443981615,3.2782093534212198,0.472715875509822,0.1534334763948498,0.6949554185865601,0.49959376015599616
"NumPy, Python",SQL,0.036546610169491525,0.4793432203389831,0.03072033898305085,0.8405797101449276,1.7536071743133959,1.0,0.013201969171933354,3.2659379815100165,0.44604841614376983,0.06331877729257641,0.693809250003686,0.45233405396749143
"React Native, Kotlin",Git,0.03125,0.5026483050847458,0.02754237288135593,0.8813559322033898,1.7534246575342465,1.0,0.011834613347457626,4.191964285714285,0.4435483870967742,0.05439330543933055,0.7614483493077742,0.4680752263756675
"Statistics, TensorFlow",SQL,0.03919491525423729,0.4793432203389831,0.03283898305084746,0.8378378378378379,1.7478871136329701,1.0,0.014051166151967828,3.210716807909606,0.4453355621154461,0.06761177753544166,0.6885430700283195,0.4531730625653278
"Unit Testing, Git",SQL,0.10540254237288135,0.4793432203389831,0.08792372881355932,0.8341708542713568,1.7402370970876482,1.0,0.03739973472062626,3.1397181561376484,0.4754827480436845,0.17697228144989338,0.6815000741244372,0.5087981343179988
"Python, Pandas",SQL,0.03177966101694915,0.4793432203389831,0.026483050847457626,0.8333333333333334,1.7384898710865562,1.0,0.011249685794311978,3.123940677966102,0.4387308533916849,0.0546448087431694,0.6798914886402172,0.44429097605893186
Tableau,SQL,0.09851694915254237,0.4793432203389831,0.08209745762711865,0.8333333333333334,1.7384898710865562,1.0,0.03487402596236713,3.123940677966102,0.47121034077555807,0.1655982905982906,0.6798914886402172,0.5023020257826888
Spark,"SQL, Python",0.03389830508474576,0.3787076271186441,0.022245762711864406,0.65625,1.7328671328671328,1.0,0.009408216029876472,1.807395993836672,0.4377610693400167,0.056987788331071904,0.4467178175618073,0.3574956293706294
Power BI,SQL,0.059322033898305086,0.4793432203389831,0.04925847457627119,0.8303571428571428,1.7322809786898183,1.0,0.02082285981039931,3.069134701159677,0.4493848687397074,0.10064935064935064,0.674175265223078,0.46655978689818467
"Unit Testing, Python",SQL,0.11122881355932203,0.4793432203389831,0.09216101694915255,0.8285714285714286,1.728555643251776,1.0,0.03884423926314278,3.0371645480225995,0.47423040565533686,0.1849096705632306,0.6707455311727948,0.5104183109707972
"JavaScript, Linux",SQL,0.10805084745762712,0.4793432203389831,0.08951271186440678,0.8284313725490196,1.7282634600801645,1.0,0.03771927068371157,3.0346852300242118,0.4724310953070317,0.17978723404255317,0.6704765324237527,0.5075858520203661
"Unit Testing, Linux",SQL,0.1048728813559322,0.4793432203389831,0.08686440677966102,0.8282828282828283,1.7279535688375467,1.0,0.036594302104280385,3.032060069790628,0.47063789868667927,0.17465388711395102,0.6701912307202237,0.504749148948044
"Flutter, Kotlin",Git,0.028072033898305086,0.5026483050847458,0.024364406779661018,0.8679245283018868,1.726703381911446,1.0,0.010254046520396437,3.7656628329297828,0.4330174149982229,0.04811715481171548,0.7344425020595978,0.45819830208561146
"NumPy, Deep Learning",SQL,0.03072033898305085,0.4793432203389831,0.025423728813559324,0.8275862068965517,1.7265002857687177,1.0,0.01069814259551853,3.0198093220338977,0.4341302367941712,0.052459016393442616,0.6688532641105693,0.44031244046485046
"Java, Git",SQL,0.10752118644067797,0.4793432203389831,0.08898305084745763,0.8275862068965517,1.7265002857687177,1.0,0.037443499084314845,3.0198093220338977,0.47148862512363987,0.17872340425531916,0.6688532641105693,0.5066107830062869
"Firebase, Kotlin",Git,0.02754237288135593,0.5026483050847458,0.023834745762711863,0.8653846153846153,1.7216503201750828,1.0,0.009990618715886239,3.694612590799029,0.4310336480271121,0.04707112970711296,0.7293356270992052,0.4564014752370916
Hadoop,"SQL, Python",0.034957627118644065,0.3787076271186441,0.022775423728813558,0.6515151515151515,1.7203644840008474,1.0,0.009536703713013501,1.7828389830508475,0.43389579557348174,0.05826558265582655,0.43909685086155664,0.35582750582750583
"Deep Learning, Data Visualization",SQL,0.030190677966101694,0.4793432203389831,0.02489406779661017,0.8245614035087719,1.7201899777066976,1.0,0.010422370996121803,2.9677436440677964,0.43170224386162653,0.05136612021857923,0.6630436722528601,0.43824755258311526
"Java, Linux",SQL,0.09957627118644068,0.4793432203389831,0.08209745762711865,0.824468085106383,1.7199952979898907,1.0,0.03436624712726228,2.9661658962506423,0.46489563567362424,0.16524520255863537,0.662864440163633,0.4978694016692136
"Spark, Python",SQL,0.02701271186440678,0.4793432203389831,0.022245762711864406,0.8235294117647058,1.718037049073773,1.0,0.009297402416690605,2.950388418079095,0.4295435103818337,0.045951859956236324,0.6610615762072886,0.4349691257718557
"Statistics, NumPy",SQL,0.03866525423728814,0.4793432203389831,0.03177966101694915,0.821917808219178,1.7146749413456444,1.0,0.013245733535621945,2.923688070404171,0.4335629017447199,0.06535947712418301,0.6579662481361223,0.4441080753803073
Scala,"SQL, Python",0.036016949152542374,0.3787076271186441,0.023305084745762712,0.6470588235294118,1.7085972850678732,1.0,0.00966519139615053,1.7603283898305087,0.43021978021978025,0.05953991880920162,0.4319241763201444,0.35429864253393667
"TensorFlow, Tableau",SQL,0.034957627118644065,0.4793432203389831,0.028601694915254237,0.8181818181818182,1.706880964339528,1.0,0.011844993356794026,2.8636122881355934,0.429137699719478,0.058887677208287886,0.6507907148802369,0.43892516323455555
"AWS, Hadoop",SQL,0.02913135593220339,0.4793432203389831,0.023834745762711863,0.8181818181818182,1.706880964339528,1.0,0.009870827797328353,2.8636122881355934,0.4265624052858095,0.04918032786885246,0.6507907148802369,0.4339527875439478
"Machine Learning, Python",SQL,0.06091101694915254,0.4793432203389831,0.04978813559322034,0.8173913043478261,1.705231803987509,1.0,0.02059085257469118,2.8512156981436645,0.4403943310412691,0.10151187904967601,0.6492724136405857,0.4606293538313716
"Machine Learning, Data Visualization",SQL,0.03177966101694915,0.4793432203389831,0.025953389830508475,0.8166666666666668,1.7037200736648253,1.0,0.010720024777362827,2.839946070878275,0.4266065288259724,0.05349344978165939,0.647880637504239,0.43540515653775325
Big Data,"SQL, Python",0.03283898305084746,0.3787076271186441,0.0211864406779661,0.6451612903225805,1.7035867358448,1.0,0.008750067329790287,1.7509148690292753,0.4270262869660459,0.05427408412483038,0.42887000522509117,0.3505526731333182
Kotlin,Git,0.04025423728813559,0.5026483050847458,0.034427966101694914,0.8552631578947368,1.7015140591204037,1.0,0.014194241956334386,3.436248073959938,0.42958057395143495,0.06770833333333333,0.7089849223698222,0.46187815428983414
"Dart, React Native",Git,0.03283898305084746,0.5026483050847458,0.028072033898305086,0.8548387096774194,1.7006696352697237,1.0,0.011565574727089915,3.4262005649717517,0.42598524458037973,0.055323590814196244,0.7081315057198805,0.45534348550256637
"Firebase, React Native",Git,0.02913135593220339,0.5026483050847458,0.02489406779661017,0.8545454545454546,1.7000862151547083,1.0,0.01025124111246768,3.419292902542374,0.42415061926152914,0.04911180773249738,0.7075418723981025,0.45203563559727944
"Flutter, React Native",Git,0.02913135593220339,0.5026483050847458,0.02489406779661017,0.8545454545454546,1.7000862151547083,1.0,0.01025124111246768,3.419292902542374,0.42415061926152914,0.04911180773249738,0.7075418723981025,0.45203563559727944
Unit Testing,SQL,0.1371822033898305,0.4793432203389831,0.11175847457627118,0.8146718146718146,1.6995584376799844,1.0,0.04600111543019246,2.809377206920902,0.47705538535838854,0.22140608604407133,0.6440492228895076,0.5239104929712664
"Statistics, Deep Learning",SQL,0.037076271186440676,0.4793432203389831,0.030190677966101694,0.8142857142857143,1.6987529597474347,1.0,0.012418418737431772,2.803536505867014,0.427170787254164,0.06209150326797385,0.6433076587705275,0.43863456985003946
"MongoDB, PostgreSQL",SQL,0.07680084745762712,0.4793432203389831,0.0625,0.8137931034482758,1.6977252810059058,1.0,0.02568603445489801,2.7961197426239788,0.44516565049544415,0.12660944206008584,0.6423615252394148,0.47208992188988375
"Unit Testing, JavaScript",SQL,0.10805084745762712,0.4793432203389831,0.08792372881355932,0.8137254901960784,1.69758422706099,1.0,0.03613028763286412,2.795104817127564,0.46070743782731877,0.176033934252386,0.6422316637743603,0.49857545228035965
"Deep Learning, Pandas",SQL,0.03125,0.4793432203389831,0.025423728813559324,0.8135593220338984,1.6972375690607735,1.0,0.010444253177966102,2.7926136363636367,0.42405913978494625,0.05240174672489082,0.6419125127161751,0.4332989980335238
NumPy,SQL,0.0423728813559322,0.4793432203389831,0.034427966101694914,0.8125,1.6950276243093922,1.0,0.014116812697500716,2.77683615819209,0.4281824370319945,0.07065217391304347,0.6398779247202442,0.44216160220994477
Machine Learning,SQL,0.08739406779661017,0.4793432203389831,0.07097457627118645,0.8121212121212121,1.6942374016407165,1.0,0.029082822375035913,2.771237698195735,0.4490042532549095,0.14316239316239318,0.6391504053762447,0.4800937552318768
React Native,Git,0.03919491525423729,0.5026483050847458,0.03336864406779661,0.8513513513513514,1.6937316663344062,1.0,0.01366738634731399,3.3458204930662574,0.42629635463152554,0.065625,0.7011196500014393,0.4588685102383733
"Python, Hadoop",SQL,0.028072033898305086,0.4793432203389831,0.022775423728813558,0.8113207547169811,1.6925674971333262,1.0,0.009319284598534901,2.759480932203388,0.42099993663265944,0.04699453551912568,0.6376130060077928,0.42941728343583857
Deep Learning,SQL,0.03919491525423729,0.4793432203389831,0.03177966101694915,0.8108108108108107,1.691503658354487,1.0,0.012991844118069518,2.752042978208231,0.425486953325983,0.06528835690968443,0.6366335816997057,0.43855457667612363
"Dart, Flutter",Git,0.03177966101694915,0.5026483050847458,0.02701271186440678,0.8500000000000001,1.6910432033719707,1.0,0.011038719118069522,3.315677966101697,0.42206204144677567,0.05323590814196242,0.6984025559105433,0.45187038988408856
"Swift, Kotlin",Git,0.03177966101694915,0.5026483050847458,0.02701271186440678,0.8500000000000001,1.6910432033719707,1.0,0.011038719118069522,3.315677966101697,0.42206204144677567,0.05323590814196242,0.6984025559105433,0.45187038988408856
"Hadoop, Scala",SQL,0.03072033898305085,0.4793432203389831,0.02489406779661017,0.8103448275862069,1.6905315298152026,1.0,0.010168481578569375,2.7452812018489974,0.42141611440530163,0.051310043668122265,0.6357385905216262,0.4311392646218327
"Node.js, React",SQL,0.0836864406779661,0.4793432203389831,0.06779661016949153,0.810126582278481,1.6900762291069304,1.0,0.027682082196207984,2.7421257062146887,0.4456015173410404,0.1368983957219251,0.635319417438222,0.47578152318343936
Java,SQL,0.1393008474576271,0.4793432203389831,0.1128177966101695,0.8098859315589354,1.6895741865008507,1.0,0.04604487979388107,2.738654661016949,0.47418996027446736,0.22303664921465965,0.6348572113766735,0.5226225237905174
"MongoDB, HTML/CSS",SQL,0.07786016949152542,0.4793432203389831,0.06302966101694915,0.8095238095238095,1.6888187319126544,1.0,0.02570791663674231,2.7334480932203387,0.44230834206169534,0.127545551982851,0.6341617013031052,0.4705077611154959
"Machine Learning, NumPy",SQL,0.03336864406779661,0.4793432203389831,0.02701271186440678,0.8095238095238095,1.6888187319126544,1.0,0.01101767855860385,2.7334480932203387,0.42195004029008865,0.055616139585605226,0.6341617013031052,0.43293870034201526
"Dart, Kotlin",Git,0.034957627118644065,0.5026483050847458,0.029661016949152543,0.8484848484848486,1.688028866111058,1.0,0.01208962492818156,3.2825211864406807,0.42235769170456333,0.05839416058394161,0.6953561170813569,0.45374716607593324
"Machine Learning, Statistics",SQL,0.036016949152542374,0.4793432203389831,0.02913135593220339,0.8088235294117646,1.6873578160545983,1.0,0.01186687553863832,2.723435462842241,0.42257742257742253,0.05991285403050109,0.6328167075578959,0.434798505037374
JavaScript,"Python, Git",0.3432203389830508,0.3019067796610169,0.17478813559322035,0.5092592592592593,1.6868096166341784,1.0,0.07116758833668488,1.4225295810681167,0.6199413489736071,0.37162162162162177,0.29702692069915143,0.544103313840156
"Python, Git",JavaScript,0.3019067796610169,0.3432203389830508,0.17478813559322035,0.5789473684210527,1.6868096166341782,1.0,0.07116758833668488,1.5598516949152543,0.5832528624637882,0.37162162162162177,0.35891341256366727,0.544103313840156
"Redis, Linux",Git,0.06567796610169492,0.5026483050847458,0.055614406779661014,0.846774193548387,1.6846255821068015,1.0,0.02260148843723067,3.2458742194469203,0.43496382680056134,0.10847107438016527,0.6919165893709848,0.4787084877120228
"Django, Linux",Git,0.0725635593220339,0.5026483050847458,0.0614406779661017,0.8467153284671534,1.6845084722297001,1.0,0.024966727861964952,3.244627723970946,0.43814864412453963,0.11958762886597939,0.6917982323173435,0.484474629460131
"AWS, Scala",SQL,0.030190677966101694,0.4793432203389831,0.024364406779661018,0.8070175438596492,1.6835901909469808,1.0,0.009892709979172652,2.697948767334361,0.41867119416807164,0.05021834061135371,0.6293480394781462,0.4289231365707086
"HTML/CSS, Python",Git,0.0826271186440678,0.5026483050847458,0.06991525423728813,0.846153846153846,1.683391424171192,1.0,0.02838287309681125,3.23278601694915,0.4425257190846104,0.1356628982528263,0.6906692881133774,0.4926238145416227
"Machine Learning, Deep Learning",SQL,0.03283898305084746,0.4793432203389831,0.026483050847457626,0.8064516129032258,1.682409552664409,1.0,0.010741906959207122,2.6900600282485865,0.4193866374589265,0.054525627044711006,0.6282610835821875,0.43085011584387806
"MongoDB, TypeScript",SQL,0.0736228813559322,0.4793432203389831,0.059322033898305086,0.8057553956834532,1.6809571127628282,1.0,0.024031404858517666,2.6804182360326423,0.4372958016825941,0.1201716738197425,0.6269238932353609,0.4647561508804006
"Python, TypeScript",Git,0.07838983050847458,0.5026483050847458,0.06620762711864407,0.8445945945945946,1.6802893515222281,1.0,0.02680511167767883,3.2003500368459843,0.43930114942528736,0.1286008230452675,0.6875341795469592,0.4881560960328084
"Python, TypeScript",SQL,0.07838983050847458,0.4793432203389831,0.06302966101694915,0.8040540540540541,1.6774077945348662,1.0,0.025454027219189886,2.6571449444769137,0.43819182845552007,0.12740899357601715,0.6236562096175525,0.4677728833806182
"Machine Learning, Hadoop",SQL,0.02701271186440678,0.4793432203389831,0.021716101694915255,0.803921568627451,1.6771314050482071,1.0,0.008767741399741454,2.6553495762711865,0.41495279950077674,0.04480874316939892,0.6234017513414319,0.424612718015383
"JavaScript, Java",SQL,0.11334745762711865,0.4793432203389831,0.09110169491525423,0.8037383177570092,1.67674910930965,1.0,0.03676935955903475,2.6528702582727983,0.45520407879747704,0.18162618796198518,0.6230497903613769,0.4968967831878969
"Docker, HTML/CSS",Git,0.08421610169491525,0.5026483050847458,0.07097457627118645,0.8427672955974843,1.6766540085227084,1.0,0.028643495493392707,3.1631567796610174,0.4406869642533429,0.1375770020533881,0.6838601214995211,0.49198428004321004
"SQL, HTML/CSS",Git,0.07733050847457627,0.5026483050847458,0.06514830508474577,0.8424657534246576,1.6760541016498982,1.0,0.026278256068658433,3.157102063375093,0.43716688602018045,0.12654320987654324,0.683253825842123,0.48603793466807166
"Firebase, Dart",Git,0.030190677966101694,0.5026483050847458,0.025423728813559324,0.8421052631578948,1.6753369197493206,1.0,0.010248435704538927,3.149894067796611,0.4156540141998908,0.0501043841336117,0.6825290062216245,0.4463424102933837
"NumPy, Tableau",SQL,0.034957627118644065,0.4793432203389831,0.028072033898305086,0.8030303030303031,1.6752720575924995,1.0,0.011315332339844875,2.6433344198174713,0.41768324254913747,0.05773420479302832,0.6216899411202567,0.43079691947095267
"Docker, TypeScript",Git,0.07680084745762712,0.5026483050847458,0.0646186440677966,0.8413793103448275,1.6738926637840192,1.0,0.02601482826414822,3.1354780766396444,0.43608156278509813,0.12551440329218105,0.6810693694686201,0.48496784273827254
"Node.js, TypeScript",SQL,0.07997881355932203,0.4793432203389831,0.06408898305084745,0.8013245033112583,1.6717134389521056,1.0,0.025751681000430904,2.6206391242937848,0.43674141318983517,0.1294117647058823,0.6184136950678084,0.4675130803849109
"HTML/CSS, Python",SQL,0.0826271186440678,0.4793432203389831,0.06620762711864407,0.8012820512820513,1.6716248760447656,1.0,0.026600877980465384,2.62007927829415,0.43796766743648957,0.13354700854700857,0.6183321595325666,0.46970179912168863
"Python, React",SQL,0.0826271186440678,0.4793432203389831,0.06620762711864407,0.8012820512820513,1.6716248760447656,1.0,0.026600877980465384,2.62007927829415,0.43796766743648957,0.13354700854700857,0.6183321595325666,0.46970179912168863
"JavaScript, Python",SQL,0.2129237288135593,0.4793432203389831,0.1705508474576271,0.8009950248756219,1.6710260850443912,1.0,0.06848730160155127,2.6163003177966098,0.5101987076063967,0.3269035532994924,0.6177808819584681,0.5783980649239988
"Statistics, Pandas",SQL,0.037076271186440676,0.4793432203389831,0.029661016949152543,0.8,1.6689502762430939,1.0,0.011888757720482621,2.6032838983050848,0.41625412541254125,0.06093579978237214,0.6158697863682605,0.430939226519337
"Python, Big Data",SQL,0.026483050847457626,0.4793432203389831,0.0211864406779661,0.8,1.6689502762430939,1.0,0.008491969800344728,2.6032838983050848,0.4117247007616975,0.04371584699453551,0.6158697863682605,0.4220994475138122
"Machine Learning, AWS",SQL,0.026483050847457626,0.4793432203389831,0.0211864406779661,0.8,1.6689502762430939,1.0,0.008491969800344728,2.6032838983050848,0.4117247007616975,0.04371584699453551,0.6158697863682605,0.4220994475138122
"Docker, TypeScript",SQL,0.07680084745762712,0.4793432203389831,0.0614406779661017,0.8,1.6689502762430939,1.0,0.02462671242099971,2.6032838983050848,0.4341652323580034,0.12419700214132763,0.6158697863682605,0.4640883977900553
"Python, Scala",SQL,0.02913135593220339,0.4793432203389831,0.023305084745762712,0.8,1.6689502762430939,1.0,0.009341166780379202,2.6032838983050848,0.41284779050736503,0.048034934497816595,0.6158697863682605,0.4243093922651934
Firebase,Git,0.036016949152542374,0.5026483050847458,0.030190677966101694,0.838235294117647,1.6676377611107664,1.0,0.012086819520252798,3.0745377503852063,0.41530749951802576,0.05937499999999999,0.6747478544133306,0.44914925928221655
Flutter,Git,0.036016949152542374,0.5026483050847458,0.030190677966101694,0.838235294117647,1.6676377611107664,1.0,0.012086819520252798,3.0745377503852063,0.41530749951802576,0.05937499999999999,0.6747478544133306,0.44914925928221655
Dart,Git,0.0423728813559322,0.5026483050847458,0.03548728813559322,0.8375000000000001,1.6661749209694416,1.0,0.014188631140476877,3.0606258148631054,0.4175141989169198,0.06964656964656965,0.6732694355697553,0.454050316122234
"PostgreSQL, Linux",Git,0.06514830508474577,0.5026483050847458,0.05455508474576271,0.8373983739837397,1.665972739811697,1.0,0.02180839961577133,3.0587129237288115,0.4276080200225528,0.10629514963880289,0.6730651012580411,0.472966837149931
"Flutter, Swift",Git,0.02913135593220339,0.5026483050847458,0.024364406779661018,0.8363636363636364,1.663914168023757,1.0,0.00972158009551853,3.0393714689265545,0.4109798619511848,0.04801670146137787,0.6709846064478653,0.44241785611648626
"React Native, Swift",Git,0.0323093220338983,0.5026483050847458,0.02701271186440678,0.836065573770492,1.6633211836445614,1.0,0.010772485905630569,3.0338453389830535,0.412108138274467,0.05318039624608968,0.6703853070060584,0.4449031767693345
"Deep Learning, Tableau",SQL,0.03389830508474576,0.4793432203389831,0.02701271186440678,0.796875,1.6624309392265193,1.0,0.010763789141051423,2.5632333767926982,0.412452700378397,0.05555555555555556,0.6098677517802645,0.4266142955801105
"PostgreSQL, Linux",SQL,0.06514830508474577,0.4793432203389831,0.05190677966101695,0.7967479674796747,1.6621659255266583,1.0,0.020678381302068366,2.5616313559322017,0.4261374804879458,0.10537634408602152,0.6096237666344109,0.45251763014867713
"Spark, AWS",SQL,0.028601694915254237,0.4793432203389831,0.022775423728813558,0.7962962962962963,1.6612236545938202,1.0,0.009065395180982474,2.5559514637904464,0.40975374705181195,0.046943231441048026,0.6087562638935986,0.4219050542254962
"Hadoop, Big Data",SQL,0.028601694915254237,0.4793432203389831,0.022775423728813558,0.7962962962962963,1.6612236545938202,1.0,0.009065395180982474,2.5559514637904464,0.40975374705181195,0.046943231441048026,0.6087562638935986,0.4219050542254962
"MongoDB, Python",SQL,0.1472457627118644,0.4793432203389831,0.1170550847457627,0.7949640287769784,1.658444294288326,1.0,0.046473826666187865,2.5393435920309235,0.4655799443523228,0.22972972972972971,0.6061974428595475,0.5195814619023014
"Docker, React",SQL,0.0826271186440678,0.4793432203389831,0.06567796610169492,0.7948717948717949,1.6582518770364074,1.0,0.026071216963516233,2.538201800847458,0.43270878343142366,0.13233724653148346,0.6060202937110365,0.4659441847287151
"Python, React",Git,0.0826271186440678,0.5026483050847458,0.06885593220338983,0.8333333333333333,1.6578854935019316,1.0,0.027323551062912947,2.984110169491524,0.4325635103926096,0.1333333333333333,0.6648917287894922,0.48515981735159813
"Machine Learning, Pandas",SQL,0.03072033898305085,0.4793432203389831,0.024364406779661018,0.7931034482758621,1.654562773861688,1.0,0.009638820561620224,2.5165077683615817,0.4081492040864813,0.050163576881134125,0.6026239169326834,0.42196608877881503
"Spark, Hadoop",SQL,0.028072033898305086,0.4793432203389831,0.022245762711864406,0.7924528301886792,1.653205462316272,1.0,0.00878962358158575,2.508619029275808,0.4065265343194498,0.04585152838427947,0.601374306608572,0.41943083498384237
"AWS, Big Data",SQL,0.028072033898305086,0.4793432203389831,0.022245762711864406,0.7924528301886792,1.653205462316272,1.0,0.00878962358158575,2.508619029275808,0.4065265343194498,0.04585152838427947,0.601374306608572,0.41943083498384237
"MongoDB, Python",Git,0.1472457627118644,0.5026483050847458,0.12235169491525423,0.8309352517985611,1.6531145999954513,1.0,0.04833886185722493,2.9417823656689492,0.4633002608157887,0.23192771084337346,0.6600700270454561,0.537174685962505
"AWS, Python",Linux,0.08421610169491525,0.3432203389830508,0.04766949152542373,0.5660377358490566,1.6491963661774984,1.0,0.018764812553863832,1.513448784082535,0.42984384037015616,0.12552301255230125,0.33925745587340234,0.35246331236897277
"Machine Learning, Tableau",SQL,0.03283898305084746,0.4793432203389831,0.025953389830508475,0.7903225806451613,1.6487613616111207,1.0,0.010212245942257971,2.483132333767926,0.40684444643136547,0.053376906318082784,0.5972828405473698,0.4222331135270005
"Docker, React",Git,0.0826271186440678,0.5026483050847458,0.06832627118644068,0.8269230769230769,1.6451325281673015,1.0,0.026793890045963796,2.873587570621468,0.42746656641065567,0.13217213114754095,0.6520029491275496,0.48142781875658586
"Django, Linux",SQL,0.0725635593220339,0.4793432203389831,0.057203389830508475,0.7883211678832117,1.6445860386337057,1.0,0.022420539625825908,2.4596544418468733,0.42261036021744186,0.11563169164882227,0.5934388249883049,0.45382909222889867
"Django, Redis",Git,0.06408898305084745,0.5026483050847458,0.05296610169491525,0.8264462809917356,1.6441839604977837,1.0,0.02075188298980178,2.865693099273608,0.4186247877758914,0.10309278350515463,0.6510442795659177,0.4659101794842766
Hadoop,SQL,0.034957627118644065,0.4793432203389831,0.02754237288135593,0.787878787878788,1.6436631508454713,1.0,0.01078567132289572,2.4545248184019375,0.40578822933378367,0.05658324265505984,0.5925891673602764,0.4226686757073498
"MongoDB, Git",SQL,0.1472457627118644,0.4793432203389831,0.1159957627118644,0.7877697841726619,1.643435748638658,1.0,0.04541450463228956,2.4532641482332656,0.4591224935477466,0.22717842323651447,0.592379809275672,0.5148793672244525
"MongoDB, JavaScript",SQL,0.09216101694915255,0.4793432203389831,0.0725635593220339,0.7873563218390804,1.6425731885438495,1.0,0.028386800667911515,2.4484940448923496,0.4309124513452971,0.1454352441613588,0.5915856924030355,0.46936876865434685
"Docker, JavaScript",Git,0.10010593220338983,0.5026483050847458,0.0826271186440678,0.8253968253968255,1.6420961078495326,1.0,0.03230904149310543,2.8484687981510026,0.43452030606238967,0.15885947046843177,0.6489341920651825,0.49489019352033053
"Node.js, Python",SQL,0.1541313559322034,0.4793432203389831,0.12129237288135593,0.7869415807560137,1.6417079607374077,1.0,0.047410552373599535,2.443727788408966,0.4621027964551438,0.23681489141675285,0.5907891194988342,0.5199901273945815
Pandas,SQL,0.03972457627118644,0.4793432203389831,0.03125,0.7866666666666667,1.6411344383057092,1.0,0.01220829368356794,2.4405786546610173,0.4068264044050969,0.06406080347448424,0.590261105459478,0.4259300184162063
"Firebase, Swift",Git,0.030190677966101694,0.5026483050847458,0.02489406779661017,0.8245614035087719,1.640434067254543,1.0,0.009718774687589773,2.834904661016949,0.4025587691878638,0.049009384775808136,0.6472544513573604,0.4370436100789381
Swift,Git,0.03919491525423729,0.5026483050847458,0.0323093220338983,0.8243243243243242,1.6399624070856944,1.0,0.012608064313415681,2.8310788787483685,0.4061488965604496,0.0634095634095634,0.6467777681835187,0.4443012559450915
"Spark, Scala",SQL,0.029661016949152543,0.4793432203389831,0.023305084745762712,0.7857142857142857,1.6391475927387529,1.0,0.009087277362826773,2.4297316384180787,0.40184597062326316,0.04798255179934569,0.5884319139659934,0.4171665351223362
"MongoDB, Node.js",SQL,0.1483050847457627,0.4793432203389831,0.11652542372881355,0.7857142857142857,1.6391475927387529,1.0,0.04543638681413387,2.4297316384180787,0.4578245137946631,0.22797927461139894,0.5884319139659934,0.5144041041831097
"Node.js, HTML/CSS",SQL,0.0815677966101695,0.4793432203389831,0.06408898305084745,0.7857142857142856,1.6391475927387527,1.0,0.02499001274777362,2.4297316384180774,0.4245569885708293,0.12899786780383793,0.5884319139659931,0.45970797158642457
"MongoDB, HTML/CSS",Git,0.07786016949152542,0.5026483050847458,0.06408898305084745,0.8231292517006802,1.6375848548059897,1.0,0.024952700822321164,2.811949967405474,0.42221863562785694,0.12410256410256408,0.6443748958582366,0.4753159430263148
"Dart, Swift",Git,0.03283898305084746,0.5026483050847458,0.02701271186440678,0.8225806451612903,1.6364934226180359,1.0,0.010506252693191609,2.803255007704159,0.4021433326890448,0.053125000000000006,0.6432718403242982,0.43816071246473365
"Node.js, Linux",Git,0.06832627118644068,0.5026483050847458,0.05614406779661017,0.8217054263565892,1.634752207546091,1.0,0.021799983391985064,2.789494288872513,0.41676231134757097,0.10905349794238685,0.6415120819608523,0.46670097450600795
Node.js,"SQL, Python",0.19597457627118645,0.3787076271186441,0.12129237288135593,0.6189189189189189,1.6342921942921942,1.0,0.04707530612611317,1.630341687702849,0.48271398242919017,0.26752336448598124,0.3866316444321559,0.46959931959931955
"Node.js, Linux",SQL,0.06832627118644068,0.4793432203389831,0.05349576271186441,0.7829457364341086,1.6333718788813225,1.0,0.020744027847601265,2.398740163438257,0.41620745360493977,0.1082529474812433,0.5831144968337711,0.44727397318942996
"JavaScript, Python",Git,0.2129237288135593,0.5026483050847458,0.17478813559322035,0.8208955223880597,1.6331409338974254,1.0,0.0677623841927607,2.77688029661017,0.4925608711611403,0.3232125367286974,0.6398836488484098,0.5843149898557791
"Docker, SQL",Git,0.1419491525423729,0.5026483050847458,0.11652542372881355,0.8208955223880596,1.6331409338974252,1.0,0.045174922795173794,2.776880296610168,0.45181818181818173,0.2206619859578736,0.6398836488484095,0.5263592469685293
"Firebase, Flutter",Git,0.026483050847457626,0.5026483050847458,0.021716101694915255,0.8200000000000001,1.631359325605901,1.0,0.008404441072967539,2.763064971751413,0.39754239762201754,0.04279749478079332,0.6380830670926518,0.4316016859852477
PostgreSQL,SQL,0.09957627118644068,0.4793432203389831,0.07786016949152542,0.7819148936170213,1.6312213471258963,1.0,0.030128958991669057,2.387401818933443,0.42975590236094435,0.15539112050739956,0.5811346074760286,0.4721729164217703
"Machine Learning, Scala",SQL,0.02913135593220339,0.4793432203389831,0.022775423728813558,0.7818181818181817,1.6310195881466598,1.0,0.008811505763430047,2.3863435734463265,0.3984952866694578,0.04689203925845147,0.580948857856284,0.4146659969864389
"Spark, Machine Learning",SQL,0.02913135593220339,0.4793432203389831,0.022775423728813558,0.7818181818181817,1.6310195881466598,1.0,0.008811505763430047,2.3863435734463265,0.3984952866694578,0.04689203925845147,0.580948857856284,0.4146659969864389
"Scala, Big Data",SQL,0.02913135593220339,0.4793432203389831,0.022775423728813558,0.7818181818181817,1.6310195881466598,1.0,0.008811505763430047,2.3863435734463265,0.3984952866694578,0.04689203925845147,0.580948857856284,0.4146659969864389
"MongoDB, React",SQL,0.07521186440677965,0.4793432203389831,0.058792372881355935,0.7816901408450705,1.6307524706248542,1.0,0.022740075588911238,2.384943958447239,0.41824298525329456,0.11858974358974358,0.5807029358245098,0.452171037273364
"Python, Git",Linux,0.3019067796610169,0.3432203389830508,0.16896186440677965,0.5596491228070176,1.6305826294130392,1.0,0.06534131715024419,1.4914916604767374,0.5539693941138135,0.3548387096774194,0.3295302773061688,0.5259665367121508
"Django, Python",Git,0.0704449152542373,0.5026483050847458,0.057733050847457626,0.819548872180451,1.6304618236846065,1.0,0.0223240335930767,2.7561573093220324,0.41598055359523245,0.11202466598150049,0.6371760071104277,0.4672033085875912
"Tableau, Pandas",SQL,0.03389830508474576,0.4793432203389831,0.026483050847457626,0.78125,1.6298342541436464,1.0,0.010234128124102269,2.380145278450363,0.39999999999999997,0.0544069640914037,0.5798575788402849,0.4182493093922652
MongoDB,SQL,0.20021186440677965,0.4793432203389831,0.15625,0.7804232804232805,1.6281095618112194,1.0,0.06027980016518242,2.371183888094752,0.48236614659333255,0.29858299595141696,0.5782697390021908,0.5531950656260048
"Machine Learning, Big Data",SQL,0.026483050847457626,0.4793432203389831,0.02065677966101695,0.78,1.6272265193370166,1.0,0.007962308783395577,2.3666217257318953,0.39594319354928714,0.042576419213973794,0.5774567650050866,0.41154696132596685
"Docker, HTML/CSS",SQL,0.08421610169491525,0.4793432203389831,0.06567796610169492,0.779874213836478,1.6269641057715696,1.0,0.025309548710858956,2.3652693704600485,0.4207960969421072,0.13191489361702127,0.5772151736757585,0.4584453942110567
Scala,SQL,0.036016949152542374,0.4793432203389831,0.028072033898305086,0.7794117647058824,1.6259993500162495,1.0,0.010807553504740018,2.3603107344632765,0.399377980510056,0.05760869565217392,0.5763269702591108,0.4189876503087423
"MongoDB, React",Git,0.07521186440677965,0.5026483050847458,0.0614406779661017,0.8169014084507044,1.625194793630063,1.0,0.023635561799770187,2.716305410691006,0.4159754315282222,0.118974358974359,0.63185288514902,0.4695676694519064
"MongoDB, Redis",Git,0.0625,0.5026483050847458,0.05084745762711865,0.8135593220338984,1.61854583772392,1.0,0.019431938559322036,2.667613636363637,0.4076388888888889,0.09886714727085479,0.6251331203407882,0.45735921844582167
"Docker, MongoDB",Git,0.14459745762711865,0.5026483050847458,0.11758474576271187,0.8131868131868132,1.6178047453073796,1.0,0.04490307876687734,2.6622943668993018,0.4464312609823446,0.222,0.6243841355662442,0.5235586331476743
"MongoDB, TypeScript",Git,0.0736228813559322,0.5026483050847458,0.05985169491525424,0.8129496402877698,1.6173328986968487,1.0,0.022845278386239586,2.658918676662321,0.41203317192630934,0.11589743589743588,0.6239072639651858,0.4660111742007869
"Python, Java",Git,0.11016949152542373,0.5026483050847458,0.08951271186440678,0.8125,1.6164383561643836,1.0,0.03413620367710428,2.652542372881356,0.4285714285714286,0.17105263157894735,0.6230031948881789,0.495291095890411
"Django, Python",SQL,0.0704449152542373,0.4793432203389831,0.05455508474576271,0.7744360902255638,1.6156191583932202,1.0,0.020787792211289853,2.308245056497174,0.40991895555002333,0.11016042780748662,0.566770435753677,0.4441241224608482
"NumPy, Pandas",SQL,0.03283898305084746,0.4793432203389831,0.025423728813559324,0.7741935483870968,1.6151131705578328,1.0,0.00968258492530882,2.305765738498789,0.3937796641109894,0.052230685527747546,0.5663045975125521,0.413616111210123
"Docker, Node.js",JavaScript,0.1520127118644068,0.3432203389830508,0.08421610169491525,0.5540069686411149,1.6141437604852238,1.0,0.03204224719908072,1.4726231461864403,0.448681838002192,0.20489690721649484,0.3209396425761491,0.3996886695057426
Redis,"SQL, Python",0.0858050847457627,0.3787076271186441,0.0524364406779661,0.6111111111111112,1.6136752136752137,1.0,0.01994140063918414,1.5976089588377727,0.4159907300115875,0.12724935732647813,0.3740646016860851,0.3747863247863248
"MongoDB, Linux",Git,0.06991525423728813,0.5026483050847458,0.056673728813559324,0.8106060606060607,1.6126704345882428,1.0,0.021530944771617357,2.626016949152543,0.40846869478210895,0.10985626283367557,0.6191951463516959,0.4616781620206278
"Docker, MongoDB",SQL,0.14459745762711865,0.4793432203389831,0.11175847457627118,0.7728937728937728,1.6124015947220365,1.0,0.04244666358445848,2.29256936850738,0.4440098014760905,0.218200620475698,0.563808182322933,0.5030214720822455
"MongoDB, JavaScript",Git,0.09216101694915255,0.5026483050847458,0.0746822033898305,0.8103448275862069,1.6121507212673956,1.0,0.02835762442545245,2.6223998459167945,0.41825765287122313,0.14358452138492867,0.6186698982776981,0.4794611387667599
"Docker, JavaScript",SQL,0.10010593220338983,0.4793432203389831,0.07733050847457627,0.7724867724867726,1.6115525154199188,1.0,0.029345408557167482,2.288468171068191,0.42169446975255387,0.15400843881856538,0.5630264765564869,0.4669063696688006
"SQL, React",Git,0.07786016949152542,0.5026483050847458,0.06302966101694915,0.8095238095238095,1.6105173365447338,1.0,0.02389337878842286,2.6110963983050848,0.41108896171909304,0.1218014329580348,0.6170191186165627,0.4674594811581113
"Python, Redis",Git,0.07203389830508475,0.5026483050847458,0.05826271186440678,0.8088235294117646,1.609124155457757,1.0,0.022054994972708984,2.601531942633636,0.40792860107928586,0.11282051282051281,0.6156111006702999,0.46236750759313205
"Node.js, Python",Git,0.1541313559322034,0.5026483050847458,0.12447033898305085,0.8075601374570447,1.6066106844245525,1.0,0.046996474163315136,2.5844525575060535,0.4463715210700915,0.23383084577114427,0.6130708621074551,0.5275946103512832
"HTML/CSS, TypeScript",Git,0.14565677966101695,0.5026483050847458,0.11758474576271187,0.8072727272727274,1.6060388926142353,1.0,0.04437061234199943,2.5805984170131127,0.44168439983691077,0.22155688622754488,0.6124929809274859,0.5206015901906313
"Django, MongoDB",SQL,0.06885593220338983,0.4793432203389831,0.05296610169491525,0.7692307692307693,1.6047598810029748,1.0,0.019960477413099684,2.2561793785310735,0.4047212741751991,0.10695187165775398,0.556772830424916,0.43986400339991505
"PostgreSQL, Python",SQL,0.06885593220338983,0.4793432203389831,0.05296610169491525,0.7692307692307693,1.6047598810029748,1.0,0.019960477413099684,2.2561793785310735,0.4047212741751991,0.10695187165775398,0.556772830424916,0.43986400339991505
"JavaScript, Node.js",SQL,0.10328389830508475,0.4793432203389831,0.07944915254237288,0.7692307692307692,1.6047598810029746,1.0,0.02994071611964952,2.256179378531072,0.42025989367985817,0.15789473684210525,0.5567728304249158,0.46748831279218017
"Docker, Redis",Git,0.0625,0.5026483050847458,0.05031779661016949,0.8050847457627118,1.6016859852476288,1.0,0.018902277542372878,2.551630434782608,0.40070175438596484,0.09773662551440328,0.6080937167199147,0.4525950599203443
"Unit Testing, Python",Git,0.11122881355932203,0.5026483050847458,0.08951271186440678,0.8047619047619048,1.6010437051532942,1.0,0.033603737252226366,2.5474111202976437,0.42238929128082875,0.1707070707070707,0.6074445965819768,0.4914220482713634
"Django, PostgreSQL",SQL,0.06832627118644068,0.4793432203389831,0.0524364406779661,0.7674418604651163,1.601027881279712,1.0,0.019684705813702956,2.2388241525423727,0.40293210674108904,0.10588235294117646,0.5533369608933262,0.43841706282924325
Spark,SQL,0.03389830508474576,0.4793432203389831,0.025953389830508475,0.765625,1.5972375690607734,1.0,0.009704467107153118,2.221468926553672,0.38703902613677055,0.053260869565217396,0.5498474059003052,0.40988432320441986
"Django, Node.js",SQL,0.06779661016949153,0.4793432203389831,0.05190677966101695,0.765625,1.5972375690607734,1.0,0.019408934214306235,2.221468926553672,0.401113172541744,0.10481283422459893,0.5498474059003052,0.4369561464088398
"MongoDB, Linux",SQL,0.06991525423728813,0.4793432203389831,0.05349576271186441,0.7651515151515152,1.596249790724929,1.0,0.019982359594943988,2.2169901585565888,0.4016103204853516,0.10790598290598291,0.548938006720306,0.4383768625481333
"Node.js, Git",SQL,0.14883474576271186,0.4793432203389831,0.1138771186440678,0.7651245551601424,1.5961935471186175,1.0,0.04253419231183568,2.216735683102209,0.43882143529037204,0.22142121524201852,0.5488862259840783,0.5013468079668115
"SQL, TypeScript",Git,0.07733050847457627,0.5026483050847458,0.06197033898305085,0.8013698630136986,1.5942953649840494,1.0,0.023100289966963512,2.5039085330216246,0.40400561296083676,0.1196319018404908,0.6006243891052854,0.46232876712328763
"PostgreSQL, Python",Git,0.06885593220338983,0.5026483050847458,0.05508474576271186,0.8,1.5915700737618546,1.0,0.020474428145647802,2.4867584745762716,0.39917519908987487,0.10666666666666666,0.5978700745473909,0.4547945205479452
Django,"SQL, Python",0.09057203389830508,0.3787076271186441,0.05455508474576271,0.6023391812865497,1.590512411565043,1.0,0.0202547647048262,1.562367584745763,0.4082476208785927,0.13154533844189015,0.3599457581150945,0.3731975626712469
"PostgreSQL, Node.js",SQL,0.06673728813559322,0.4793432203389831,0.05084745762711865,0.761904761904762,1.5894764535648513,1.0,0.018857391015512787,2.1867584745762714,0.39738223609534623,0.10267379679144384,0.5427021266288816,0.43399105498553014
"Node.js, HTML/CSS",Git,0.0815677966101695,0.5026483050847458,0.06514830508474577,0.7987012987012987,1.5889863561096438,1.0,0.024148390369146802,2.4707148715144887,0.4035877382995284,0.1255102040816327,0.595258841265231,0.4641557073063922
"Django, PostgreSQL",Git,0.06832627118644068,0.5026483050847458,0.05455508474576271,0.7984496124031008,1.588485635634409,1.0,0.020211000341137604,2.4676295632333765,0.39763877313345514,0.10564102564102566,0.5947527883035721,0.4534924563596115
"Docker, SQL",JavaScript,0.1419491525423729,0.3432203389830508,0.07733050847457627,0.5447761194029851,1.5872489404827714,1.0,0.028610672220626257,1.4427618782995277,0.4311855234229663,0.18961038961038962,0.30688493018777085,0.38504238068914687
"Django, Docker",Git,0.06514830508474577,0.5026483050847458,0.05190677966101695,0.7967479674796747,1.5851002767140419,1.0,0.019160094531025566,2.4469703389830495,0.39484881771405445,0.10061601642710472,0.5913313765725514,0.450007281948478
"Docker, Node.js",SQL,0.1520127118644068,0.4793432203389831,0.11546610169491525,0.759581881533101,1.5846304887673974,1.0,0.042599838857368566,2.165630373372635,0.4350749818060959,0.2238193018480492,0.5382406839618461,0.5002329297168268
Redis,Git,0.0858050847457627,0.5026483050847458,0.06832627118644068,0.7962962962962964,1.584201693790735,1.0,0.025196490771330078,2.441544684129431,0.4033792341480504,0.13136456211812628,0.5904232240760464,0.4661144284431956
Django,Git,0.09057203389830508,0.5026483050847458,0.07203389830508475,0.7953216374269007,1.5822626464299139,1.0,0.02650801897802356,2.4299182808716715,0.40464301620473464,0.13821138211382117,0.5884635265835872,0.4693151917376864
"Linux, Redis",SQL,0.06567796610169492,0.4793432203389831,0.04978813559322034,0.7580645161290321,1.5814649795045443,1.0,0.01830584781671933,2.1520480225988687,0.3935205287788874,0.10053475935828876,0.5353263544777342,0.4309659597219746
Big Data,SQL,0.03283898305084746,0.4793432203389831,0.02489406779661017,0.7580645161290321,1.5814649795045443,1.0,0.009152923908359666,2.1520480225988687,0.38015893360676745,0.05108695652173913,0.5353263544777342,0.40499910889324536
"Docker, PostgreSQL",Git,0.06197033898305085,0.5026483050847458,0.04925847457627119,0.7948717948717948,1.5813677014941503,1.0,0.01810918872091353,2.4245895127118637,0.39192364437806226,0.09558067831449127,0.5875590508178367,0.44643484369511766
"SQL, JavaScript",Git,0.2086864406779661,0.5026483050847458,0.16578389830508475,0.7944162436548223,1.5804613993891512,1.0,0.060888012604136746,2.419216886377903,0.46413128552548855,0.30388349514563107,0.5866430969332317,0.5621185538611309
"JavaScript, Java",Git,0.11334745762711865,0.5026483050847458,0.09004237288135593,0.794392523364486,1.5804142087588509,1.0,0.0330684654194197,2.418937788906009,0.41420338744816915,0.17119838872104734,0.5865954037403083,0.48676422796253804
"JavaScript, Linux",Git,0.10805084745762712,0.5026483050847458,0.0858050847457627,0.7941176470588235,1.5798673526312526,1.0,0.03149350940821602,2.41570823244552,0.4114981965338259,0.16347124117053477,0.5860427237987845,0.4824118266906341
"SQL, Linux",Git,0.17478813559322035,0.5026483050847458,0.13877118644067796,0.7939393939393938,1.579512724718204,1.0,0.05091422633582303,2.4136185194416737,0.4446050426755774,0.2576204523107178,0.5856843192306449,0.535009739119328
"JavaScript, TypeScript",Git,0.14883474576271186,0.5026483050847458,0.11811440677966102,0.7935943060498222,1.578826185270879,1.0,0.04330287408431485,2.409583211572181,0.4307248835671292,0.2214498510427011,0.5849904683941046,0.5142892499690628
"Java, Linux",Git,0.09957627118644068,0.5026483050847458,0.07891949152542373,0.7925531914893617,1.5767549267986456,1.0,0.02886764758690031,2.397490221642763,0.406237662850375,0.1508097165991903,0.5828971517911765,0.47478028383741
"Network Security, Cryptography",Python,0.02489406779661017,0.59375,0.023305084745762712,0.9361702127659575,1.5767077267637177,1.0,0.008524231991525424,6.364583333333335,0.375104933089724,0.039145907473309614,0.8428805237315876,0.4877104409057263
"Incident Response, Network Security",Python,0.02489406779661017,0.59375,0.023305084745762712,0.9361702127659575,1.5767077267637177,1.0,0.008524231991525424,6.364583333333335,0.375104933089724,0.039145907473309614,0.8428805237315876,0.4877104409057263
"Python, Jenkins",Git,0.025423728813559324,0.5026483050847458,0.020127118644067795,0.7916666666666665,1.574991218826835,1.0,0.007347924446997986,2.3872881355932187,0.37459954233409604,0.039624608967674654,0.5811146609868652,0.4158544081489286
"Unit Testing, Java",Git,0.1038135593220339,0.5026483050847458,0.08209745762711865,0.7908163265306123,1.5732994989355067,1.0,0.0299157479890836,2.377583712277801,0.4066041333028293,0.15656565656565657,0.5794049249092609,0.47707307369733987
Node.js,SQL,0.19597457627118645,0.4793432203389831,0.14777542372881355,0.754054054054054,1.5730984022696728,1.0,0.05383633923441539,2.116956137083255,0.45310987386723706,0.28012048192771083,0.5276236562096175,0.5311706734358668
"Incident Response, Cryptography",Python,0.023834745762711863,0.59375,0.022245762711864406,0.9333333333333333,1.5719298245614035,1.0,0.008093882415254237,6.093750000000002,0.3727230447252151,0.03736654804270463,0.8358974358974359,0.4853999405292893
"Unit Testing, JavaScript",Git,0.10805084745762712,0.5026483050847458,0.08527542372881355,0.7892156862745098,1.5701150850224177,1.0,0.03096384839126687,2.3595289712258567,0.40709048258361485,0.16229838709677416,0.5761865981749461,0.47943397590859316
"Django, SQL",Git,0.06779661016949153,0.5026483050847458,0.05349576271186441,0.7890625,1.5698103266596417,1.0,0.019417911519678255,2.357815442561205,0.3893789378937894,0.10348360655737704,0.5758785942492013,0.44774515937829296
"SQL, Java",Git,0.1128177966101695,0.5026483050847458,0.08898305084745763,0.7887323943661971,1.5691535938497156,1.0,0.03227537659796035,2.3541313559322026,0.4088379530916844,0.16901408450704225,0.5752148674796381,0.4828804226836254
"Docker, PostgreSQL",SQL,0.06197033898305085,0.4793432203389831,0.046610169491525424,0.7521367521367521,1.5690985503140198,1.0,0.01690510763789141,2.100580800701344,0.386652379241312,0.09421841541755888,0.5239411882341689,0.4246871605987628
"PostgreSQL, Redis",SQL,0.06408898305084745,0.4793432203389831,0.048199152542372885,0.7520661157024794,1.5689511894434045,1.0,0.017478533018529162,2.0999823446327683,0.38746369646199874,0.09732620320855614,0.5238055202912321,0.42630930094516234
"Redux, TypeScript",Git,0.05508474576271186,0.5026483050847458,0.04343220338983051,0.7884615384615385,1.5686147361595202,1.0,0.015743949296179262,2.3511171032357483,0.3836268183309636,0.08444902162718848,0.5746702711558943,0.43743414120126456
"JavaScript, HTML/CSS",Git,0.1694915254237288,0.5026483050847458,0.13347457627118645,0.7875000000000001,1.5667017913593257,1.0,0.04827994829072106,2.34047856430708,0.4355361192095886,0.24778761061946902,0.572736954206603,0.5265213382507903
"SQL, Node.js",JavaScript,0.14777542372881355,0.3432203389830508,0.07944915254237288,0.5376344086021505,1.5664409929642904,1.0,0.02872962151680552,1.4204769412692155,0.42431323803604737,0.19305019305019305,0.2960110995490808,0.384557945041816
"Unit Testing, SQL",Git,0.11175847457627118,0.5026483050847458,0.08792372881355932,0.7867298578199052,1.5651696223013498,1.0,0.03174852098893996,2.3320268361581924,0.4065241287152187,0.16700201207243462,0.5711884681192556,0.4808254136307113
"Spark, Big Data",SQL,0.02754237288135593,0.4793432203389831,0.02065677966101695,0.75,1.5646408839779005,1.0,0.007454529948290722,2.0826271186440675,0.37109658678286134,0.042483660130718956,0.5198372329603256,0.39654696132596684
"SQL, Git",Linux,0.2584745762711864,0.3432203389830508,0.13877118644067796,0.5368852459016393,1.5642582473183566,1.0,0.050057454754380934,1.4181790910454477,0.4864558342420939,0.29977116704805495,0.29487043892120574,0.47060311677798017
"PostgreSQL, Redis",Git,0.06408898305084745,0.5026483050847458,0.05031779661016949,0.7851239669421488,1.5619747624728946,1.0,0.01810357790505602,2.314598272490222,0.3844220057784529,0.09743589743589742,0.5679595842244696,0.4426146705100628
Django,SQL,0.09057203389830508,0.4793432203389831,0.06779661016949153,0.7485380116959065,1.5615909017479241,1.0,0.02438151976802643,2.070518821442649,0.3954435425160163,0.1350210970464135,0.5170292635624328,0.4449872378921521
"Node.js, React",Git,0.0836864406779661,0.5026483050847458,0.06567796610169492,0.7848101265822786,1.5613503888170093,1.0,0.023613118536340134,2.311222582253241,0.39236434831251166,0.1261444557477111,0.5673285612218764,0.4577369916367663
"MongoDB, Node.js",JavaScript,0.1483050847457627,0.3432203389830508,0.07944915254237288,0.5357142857142857,1.560846560846561,1.0,0.02854783108302212,1.4146023468057367,0.42189054726368164,0.19280205655526994,0.29308755760368665,0.3835978835978836
"Django, Docker",SQL,0.06514830508474577,0.4793432203389831,0.048728813559322036,0.7479674796747967,1.5604006647801283,1.0,0.017500415200373452,2.0658317386550022,0.3841667693065648,0.09829059829059829,0.5159334706266696,0.4248124691191663
"Docker, Node.js",Git,0.1520127118644068,0.5026483050847458,0.11917372881355932,0.7839721254355401,1.5596832168833505,1.0,0.04276479684357942,2.3022570393657737,0.42317162884308407,0.22255192878338279,0.5656436345285406,0.51053190044169
"Unit Testing, Linux",Git,0.1048728813559322,0.5026483050847458,0.08209745762711865,0.7828282828282829,1.5574075848048452,1.0,0.029383281564205693,2.2901310603074503,0.3998396640580264,0.15625,0.5633437678166113,0.47307905184617516
"Network Security, Linux",Python,0.028072033898305086,0.59375,0.025953389830508475,0.9245283018867924,1.5571002979145976,1.0,0.009285619703389831,5.382812499999993,0.3681143302007452,0.043555555555555556,0.8142235123367196,0.48411963711645595
Cryptography,Python,0.028072033898305086,0.59375,0.025953389830508475,0.9245283018867924,1.5571002979145976,1.0,0.009285619703389831,5.382812499999993,0.3681143302007452,0.043555555555555556,0.8142235123367196,0.48411963711645595
"SQL, Redis",Git,0.06091101694915254,0.5026483050847458,0.04766949152542373,0.782608695652174,1.556970724332249,1.0,0.01705267209494398,2.28781779661017,0.3809299993733158,0.09240246406570841,0.5629022549428162,0.4387226829156549
"Bash, Jenkins",Git,0.02913135593220339,0.5026483050847458,0.022775423728813558,0.7818181818181817,1.555398026630903,1.0,0.008132597044671069,2.2795286016949143,0.3677920298405206,0.044745057232049947,0.5613128085971535,0.4135645176741067
"Node.js, Git",JavaScript,0.14883474576271186,0.3432203389830508,0.07944915254237288,0.5338078291814947,1.5552919467510218,1.0,0.028366040649238727,1.4088174408073493,0.4194648413192284,0.19255455712451863,0.2901848237860178,0.3826446553314881
"Node.js, TypeScript",Git,0.07997881355932203,0.5026483050847458,0.0625,0.7814569536423841,1.5546793766879043,1.0,0.0222987849217179,2.275760785824345,0.38779602470653673,0.12016293279022404,0.560586505300129,0.4528991828275145
"PostgreSQL, Git",SQL,0.06620762711864407,0.4793432203389831,0.04925847457627119,0.744,1.5521237569060773,1.0,0.01752229738221775,2.033815545550847,0.3809427966747784,0.09925293489861259,0.5083133265513734,0.42338121546961327
"Network Security, Penetration Testing",Python,0.02701271186440678,0.59375,0.02489406779661017,0.9215686274509803,1.5521155830753353,1.0,0.008855270127118644,5.1796874999999964,0.36559376411586886,0.041777777777777775,0.8069381598793363,0.48174773923842507
"Docker, C#",Python,0.02701271186440678,0.59375,0.02489406779661017,0.9215686274509803,1.5521155830753353,1.0,0.008855270127118644,5.1796874999999964,0.36559376411586886,0.041777777777777775,0.8069381598793363,0.48174773923842507
"Django, Git",SQL,0.07203389830508475,0.4793432203389831,0.05349576271186441,0.7426470588235294,1.5493012674683133,1.0,0.018966801924734274,2.0231234866828087,0.38206971382069715,0.1074468085106383,0.5057147986356293,0.4271246343841404
"Cryptography, Firewalls",Python,0.025953389830508475,0.59375,0.023834745762711863,0.9183673469387754,1.5467239527389902,1.0,0.008424920550847457,4.976562499999995,0.3628904597909492,0.04,0.7990580847723703,0.4792550383221977
"Cryptography, Linux",Python,0.025953389830508475,0.59375,0.023834745762711863,0.9183673469387754,1.5467239527389902,1.0,0.008424920550847457,4.976562499999995,0.3628904597909492,0.04,0.7990580847723703,0.4792550383221977
TypeScript,Git,0.16896186440677965,0.5026483050847458,0.13135593220338984,0.7774294670846396,1.5466668428406738,1.0,0.04642753743536342,2.234580150393889,0.42530942247990305,0.2431372549019608,0.5524886409539931,0.5193785902335737
"Django, MongoDB",Git,0.06885593220338983,0.5026483050847458,0.05349576271186441,0.776923076923077,1.5456593985571858,1.0,0.01888544509480035,2.2295075978959686,0.37913245249439625,0.1032719836400818,0.5514704677643977,0.4416754478398315
MongoDB,"SQL, Python",0.20021186440677965,0.3787076271186441,0.1170550847457627,0.5846560846560847,1.5438191438191438,1.0,0.041233324655271464,1.4958504264277233,0.44043630697312025,0.253440366972477,0.3314839623450024,0.44687349687349687
"React, TypeScript",Git,0.131885593220339,0.5026483050847458,0.10222457627118645,0.7751004016064257,1.5420332541969775,1.0,0.03593250637388681,2.2114387863196123,0.4049069475574326,0.19203980099502488,0.5478057063183511,0.48923618605084196
"Node.js, Python",JavaScript,0.1541313559322034,0.3432203389830508,0.0815677966101695,0.5292096219931272,1.541894701115778,1.0,0.02866678037920139,1.3950575281454907,0.41548683001406866,0.1961783439490446,0.28318368251856785,0.38343197149039077
"Django, Node.js",Git,0.06779661016949153,0.5026483050847458,0.0524364406779661,0.7734375,1.5387249736564805,1.0,0.018358589485779946,2.19520748100526,0.37557392102846643,0.10122699386503067,0.5444621938232161,0.43887891859852474
"MongoDB, Redis",SQL,0.0625,0.4793432203389831,0.04608050847457627,0.7372881355932204,1.5381215469613259,1.0,0.01612155720338983,1.9818548387096773,0.37318007662835245,0.09294871794871794,0.49542217700915575,0.41671036613915163
"Node.js, Redis",SQL,0.0625,0.4793432203389831,0.04608050847457627,0.7372881355932204,1.5381215469613259,1.0,0.01612155720338983,1.9818548387096773,0.37318007662835245,0.09294871794871794,0.49542217700915575,0.41671036613915163
"Incident Response, Firewalls",Python,0.024364406779661018,0.59375,0.022245762711864406,0.9130434782608695,1.5377574370709381,1.0,0.007779396186440676,4.671874999999997,0.3584354480119952,0.037333333333333336,0.785953177257525,0.4752550129930574
Java,Git,0.1393008474576271,0.5026483050847458,0.10752118644067797,0.7718631178707225,1.535592799304451,1.0,0.03750185156923298,2.180058262711865,0.40523531640773025,0.201189296333003,0.5412966629818148,0.49288624808183124
Node.js,JavaScript,0.19597457627118645,0.3432203389830508,0.10328389830508475,0.527027027027027,1.5355355355355356,1.0,0.03602143780522839,1.3886198547215496,0.43376912942130336,0.2369380315917376,0.27986050566695725,0.41397647647647645
"MongoDB, Node.js",Git,0.1483050847457627,0.5026483050847458,0.11440677966101695,0.7714285714285715,1.534728285413217,1.0,0.03986148017810974,2.1759136652542375,0.4090888151833426,0.21322803553800596,0.5404229423398753,0.49951828992924885
"Cryptography, Penetration Testing",Python,0.023834745762711863,0.59375,0.021716101694915255,0.9111111111111112,1.5345029239766084,1.0,0.007564221398305086,4.570312500000004,0.3568280772335667,0.036444444444444446,0.7811965811965814,0.47384279908811583
"Django, Redis",SQL,0.06408898305084745,0.4793432203389831,0.047139830508474576,0.7355371900826446,1.5344687457193735,1.0,0.016419210984630853,1.96873344809322,0.3721600122088476,0.09498399146211312,0.49205922164398075,0.41693986575955433
"SQL, Node.js",Git,0.14777542372881355,0.5026483050847458,0.1138771186440678,0.7706093189964158,1.5330984133458725,1.0,0.039598052373599535,2.168142545021187,0.4080217381878098,0.21224086870681144,0.5387757127425272,0.49858179332328695
"SQL, Tableau",Python,0.08209745762711865,0.59375,0.0746822033898305,0.9096774193548386,1.532088285229202,1.0,0.025936837923728806,4.497767857142851,0.3783583586041505,0.12422907488986785,0.7776674937965258,0.517728986216224
"Webpack, TypeScript",Git,0.05296610169491525,0.5026483050847458,0.04078389830508475,0.7700000000000001,1.5318861959957852,1.0,0.014160577061189315,2.1623986735445846,0.36662889683023914,0.07921810699588479,0.5375505857294997,0.4255690200210749
HTML/CSS,Git,0.20021186440677965,0.5026483050847458,0.1541313559322034,0.7698412698412699,1.531570408282737,1.0,0.053495201630278655,2.160907364114553,0.4339591725267973,0.2808880308880309,0.5372314349950134,0.5382399183769047
"Redux, Webpack",Git,0.05508474576271186,0.5026483050847458,0.0423728813559322,0.7692307692307692,1.5303558401556292,1.0,0.014684627262280953,2.1551906779661008,0.36676008968609863,0.08221993833504625,0.5360039321700661,0.42676501580611165
"JavaScript, Node.js",Git,0.10328389830508475,0.5026483050847458,0.07944915254237288,0.7692307692307692,1.5303558401556292,1.0,0.027533676116776783,2.1551906779661008,0.386473715298287,0.1509054325955734,0.5360039321700661,0.46364594309799784
"HTML/CSS, React",Git,0.15360169491525424,0.5026483050847458,0.11811440677966102,0.7689655172413793,1.5298281312452309,1.0,0.040906775172364254,2.1527162914242344,0.4091830034179495,0.21948818897637795,0.5354706033564687,0.5019748555648413
Git,JavaScript,0.5026483050847458,0.3432203389830508,0.263771186440678,0.5247629083245522,1.5289388440073373,1.0,0.09125206478023559,1.3820042091021836,0.6955874616677574,0.45313921747042774,0.27641320235222144,0.6466407134215354
JavaScript,Git,0.3432203389830508,0.5026483050847458,0.263771186440678,0.7685185185185186,1.5289388440073373,1.0,0.09125206478023559,2.1485593220338988,0.526739214924213,0.45313921747042774,0.5345718455409618,0.6466407134215354
Unit Testing,Git,0.1371822033898305,0.5026483050847458,0.10540254237288135,0.7683397683397684,1.5285832272133641,1.0,0.036448140351192176,2.1469014830508475,0.4007792183754869,0.19722497522299304,0.5342124415606844,0.4890170917568178
"Linux, Firewalls",Python,0.028601694915254237,0.59375,0.025953389830508475,0.9074074074074074,1.5282651072124758,1.0,0.00897113347457627,4.387500000000002,0.35584091870117723,0.043516873889875664,0.7720797720797722,0.4755591898767635
"JavaScript, React",Git,0.1551906779661017,0.5026483050847458,0.11917372881355932,0.7679180887372014,1.5277443114181624,1.0,0.041167397568945704,2.1430006854436687,0.40889724834552416,0.22123893805309733,0.5333645916249586,0.5025048820925206
"JavaScript, Webpack",Git,0.0524364406779661,0.5026483050847458,0.04025423728813559,0.7676767676767676,1.527264212195719,1.0,0.013897149256679113,2.140774686809137,0.36433908975905377,0.07818930041152261,0.5328793795247468,0.42388053346957455
Incident Response,Python,0.028072033898305086,0.59375,0.025423728813559324,0.9056603773584906,1.5253227408143,1.0,0.00875595868644068,4.306250000000001,0.3543483197093552,0.042628774422735355,0.7677793904208999,0.4742396445222426
Jenkins,Git,0.04078389830508475,0.5026483050847458,0.03125,0.7662337662337662,1.5243934148043734,1.0,0.010750042642200516,2.127560028248587,0.35862759595316757,0.061013443640124086,0.5299780092112358,0.4142022361200443
"Machine Learning, NumPy",Python,0.03336864406779661,0.59375,0.030190677966101694,0.9047619047619047,1.5238095238095237,1.0,0.010378045550847457,4.265624999999996,0.35561643835616435,0.050576752440106475,0.7655677655677653,0.47780468119451164
"C#, Terraform",Python,0.02754237288135593,0.59375,0.02489406779661017,0.9038461538461539,1.5222672064777327,1.0,0.008540783898305086,4.2250000000000005,0.3528021137533028,0.041740674955595025,0.7633136094674556,0.4728865024360118
"Terraform, Jenkins",Git,0.02701271186440678,0.5026483050847458,0.02065677966101695,0.7647058823529411,1.5213537469782432,1.0,0.007078885826630278,2.11374470338983,0.35220468154599893,0.04058272632674298,0.5269059700557538,0.40290088638195
"SQL, Power BI",Python,0.04925847457627119,0.59375,0.04449152542372881,0.9032258064516129,1.5212224108658743,1.0,0.015244306144067795,4.197916666666665,0.3603859928372463,0.0743362831858407,0.7617866004962779,0.48907945095105176
"Ansible, Jenkins",Git,0.02913135593220339,0.5026483050847458,0.022245762711864406,0.7636363636363637,1.519225979499952,1.0,0.007602936027721918,2.1041802477183835,0.35202504351440517,0.043659043659043655,0.5247555426469165,0.40394673819331356
"Python, Redis",SQL,0.07203389830508475,0.4793432203389831,0.0524364406779661,0.7279411764705882,1.5186220344491386,1.0,0.017907479890835964,1.9137654603756293,0.36801808034684746,0.10509554140127389,0.47746992998623655,0.4186667208319792
"Bash, Kubernetes",Git,0.03125,0.5026483050847458,0.023834745762711863,0.7627118644067796,1.5173867228661748,1.0,0.008126986228813558,2.0959821428571423,0.3519713261648745,0.046728971962616814,0.5228966986155483,0.4050650997481738
"Node.js, Redis",Git,0.0625,0.5026483050847458,0.04766949152542373,0.7627118644067796,1.5173867228661748,1.0,0.016253972457627115,2.0959821428571423,0.36370370370370364,0.09211873080859775,0.5228966986155483,0.42877426729295776
"Machine Learning, TensorFlow",Python,0.03177966101694915,0.59375,0.028601694915254237,0.9,1.5157894736842106,1.0,0.00973252118644068,4.062500000000001,0.35144663262825193,0.0479148181011535,0.7538461538461539,0.474085637823372
"Incident Response, Linux",Python,0.025953389830508475,0.59375,0.023305084745762712,0.8979591836734694,1.5123523093447906,1.0,0.007895259533898306,3.9812499999999997,0.34780513124721935,0.03907637655417407,0.7488226059654631,0.46860492635948225
"Penetration Testing, Firewalls",Python,0.025953389830508475,0.59375,0.023305084745762712,0.8979591836734694,1.5123523093447906,1.0,0.007895259533898306,3.9812499999999997,0.34780513124721935,0.03907637655417407,0.7488226059654631,0.46860492635948225
Node.js,Git,0.19597457627118645,0.5026483050847458,0.14883474576271186,0.7594594594594594,1.5109161848887873,1.0,0.050328457160298753,2.067641877737573,0.4205711767215712,0.2707129094412331,0.5163572518205104,0.5277803092871586
"NumPy, Deep Learning",Python,0.03072033898305085,0.59375,0.02754237288135593,0.8965517241379309,1.5099818511796732,1.0,0.00930217161016949,3.9270833333333295,0.3484447246742328,0.04614019520851819,0.7453580901856761,0.4714694392322126
"Kubernetes, Jenkins",Git,0.03072033898305085,0.5026483050847458,0.023305084745762712,0.7586206896551724,1.5092474837396896,1.0,0.00786355842430336,2.060457021791767,0.3481122702434177,0.04569055036344757,0.5146707796261613,0.4024926419824861
"AWS, Ansible",Git,0.03072033898305085,0.5026483050847458,0.023305084745762712,0.7586206896551724,1.5092474837396896,1.0,0.00786355842430336,2.060457021791767,0.3481122702434177,0.04569055036344757,0.5146707796261613,0.4024926419824861
"Docker, MongoDB",JavaScript,0.14459745762711865,0.3432203389830508,0.0746822033898305,0.5164835164835164,1.504816171482838,1.0,0.025053414966963512,1.358339753466872,0.3921744285620183,0.18076923076923077,0.26380716058135406,0.3670380545380545
Machine Learning,"SQL, Python",0.08739406779661017,0.3787076271186441,0.04978813559322034,0.5696969696969697,1.5043187115914387,1.0,0.01669133555372019,1.4438484721890668,0.3673516009928253,0.11959287531806614,0.30740654628122654,0.35058275058275057
"SQL, NumPy",Python,0.034427966101694914,0.59375,0.03072033898305085,0.8923076923076924,1.502834008097166,1.0,0.010278734110169493,3.77232142857143,0.34652051374203197,0.051418439716312055,0.7349112426035505,0.47202360529746795
"Incident Response, Penetration Testing",Python,0.024364406779661018,0.59375,0.021716101694915255,0.8913043478260869,1.5011441647597252,1.0,0.007249735169491525,3.7374999999999985,0.3421784380710256,0.03641207815275311,0.7324414715719063,0.4639394174456037
Penetration Testing,Python,0.02913135593220339,0.59375,0.025953389830508475,0.890909090909091,1.5004784688995216,1.0,0.008656647245762712,3.7239583333333357,0.3435541155905898,0.043478260869565216,0.7314685314685316,0.46731003162760526
React,Git,0.17796610169491525,0.5026483050847458,0.1340042372881356,0.7529761904761905,1.4980179637713884,1.0,0.04454987790864694,2.0133755360424748,0.40442524754492476,0.24515503875968994,0.5033216694558548,0.5097863038787697
"Redux, JavaScript",Git,0.057733050847457626,0.5026483050847458,0.04343220338983051,0.7522935779816514,1.496659931748533,1.0,0.01441278323398449,2.007827212806027,0.3521778472422161,0.08401639344262296,0.5019491748981447,0.41935016096132094
"SQL, Linux",JavaScript,0.17478813559322035,0.3432203389830508,0.08951271186440678,0.5121212121212121,1.4921062476618032,1.0,0.02952186871588624,1.3461943362459206,0.39966274468101265,0.20889987639060567,0.2571652003910068,0.3864618406285073
"Penetration Testing, Linux",Python,0.02754237288135593,0.59375,0.024364406779661018,0.8846153846153847,1.4898785425101215,1.0,0.008011122881355935,3.5208333333333357,0.33811688926778455,0.04081632653061224,0.715976331360947,0.4628250874905648
"Python, Git",SQL,0.3019067796610169,0.4793432203389831,0.2155720338983051,0.7140350877192984,1.489611321120481,1.0,0.07085506589342144,1.820701622127483,0.47083101863071514,0.3810861423220974,0.45076118577216207,0.5818794223126879
Webpack,Git,0.0715042372881356,0.5026483050847458,0.05349576271186441,0.7481481481481481,1.4884127541661787,1.0,0.01755427903260557,1.9747787886340973,0.35341394949534877,0.10274669379450661,0.49361416794856616,0.427287983452367
"Power BI, Tableau",Python,0.04978813559322034,0.59375,0.04396186440677966,0.8829787234042553,1.4871220604703248,1.0,0.014400158898305086,3.471590909090909,0.34472337510577433,0.07332155477031801,0.7119476268412439,0.4785098790973105
"Webpack, HTML/CSS",Git,0.07097457627118645,0.5026483050847458,0.05296610169491525,0.7462686567164178,1.4846735762703867,1.0,0.017290851228095372,1.960150797607178,0.35139110604332946,0.10172939979654119,0.4898351692019136,0.4258213673466178
"PostgreSQL, Node.js",Git,0.06673728813559322,0.5026483050847458,0.04978813559322034,0.746031746031746,1.484202251325539,1.0,0.01624275082591209,1.9583222987288136,0.34956649841814175,0.09582059123343527,0.4893588248220836,0.42254168966497735
"SQL, Data Visualization",Python,0.08898305084745763,0.59375,0.07838983050847458,0.8809523809523809,1.4837092731829573,1.0,0.02555614406779661,3.412499999999999,0.3578566939032055,0.12971078001752848,0.7069597069597069,0.5064886793254322
"Ansible, Terraform",Git,0.02913135593220339,0.5026483050847458,0.021716101694915255,0.7454545454545455,1.4830539323690008,1.0,0.007073275010772767,1.9538816585956418,0.335488935904089,0.04257528556593977,0.48819827669667926,0.3943289587125204
"AWS, Jenkins",Git,0.02913135593220339,0.5026483050847458,0.021716101694915255,0.7454545454545455,1.4830539323690008,1.0,0.007073275010772767,1.9538816585956418,0.335488935904089,0.04257528556593977,0.48819827669667926,0.3943289587125204
"Docker, Jenkins",Git,0.02913135593220339,0.5026483050847458,0.021716101694915255,0.7454545454545455,1.4830539323690008,1.0,0.007073275010772767,1.9538816585956418,0.335488935904089,0.04257528556593977,0.48819827669667926,0.3943289587125204
Redis,SQL,0.0858050847457627,0.4793432203389831,0.06091101694915254,0.7098765432098766,1.4809358161107702,1.0,0.01978093130565929,1.7946042192571223,0.3552320016121719,0.1207983193277311,0.4427740728181557,0.41847418320714824
"TensorFlow, Tableau",Python,0.034957627118644065,0.59375,0.03072033898305085,0.8787878787878789,1.4800637958532696,1.0,0.009964247881355935,3.351562500000003,0.3361028047995761,0.051372896368467674,0.7016317016317019,0.4652636985375612
"NumPy, Tableau",Python,0.034957627118644065,0.59375,0.03072033898305085,0.8787878787878789,1.4800637958532696,1.0,0.009964247881355935,3.351562500000003,0.3361028047995761,0.051372896368467674,0.7016317016317019,0.4652636985375612
"Kubernetes, C#",Python,0.025953389830508475,0.59375,0.022775423728813558,0.8775510204081632,1.4779806659505907,1.0,0.007365598516949151,3.3177083333333326,0.332018159515409,0.038154392191659274,0.6985871271585556,0.4579548143967667
"MongoDB, Git",JavaScript,0.1472457627118644,0.3432203389830508,0.0746822033898305,0.5071942446043165,1.4777511324273913,1.0,0.024144462798046537,1.3327353705307434,0.3791198625611207,0.17961783439490445,0.24966349501044321,0.36239341859845453
"TensorFlow, NumPy",Python,0.034427966101694914,0.59375,0.030190677966101694,0.8769230769230769,1.476923076923077,1.0,0.009749073093220338,3.30078125,0.3344304260376668,0.05048715677590787,0.6970414201183431,0.46388526727509777
"SQL, MongoDB",Git,0.15625,0.5026483050847458,0.1159957627118644,0.7423728813559322,1.4769230769230768,1.0,0.03745696504237288,1.9305098684210522,0.382716049382716,0.21365853658536585,0.4820021299254525,0.48657105606258144
"Tableau, Data Visualization",Python,0.08527542372881355,0.59375,0.0746822033898305,0.8757763975155279,1.4749918273945735,1.0,0.024049920550847453,3.2703124999999997,0.35205148106625267,0.12357581069237508,0.6942188246536072,0.5007784752965686
"MongoDB, Redis",Python,0.0625,0.59375,0.05455508474576271,0.8728813559322034,1.4701159678858162,1.0,0.017445709745762712,3.1958333333333333,0.34110032362459547,0.09066901408450705,0.6870925684485006,0.48238180196253344
"Docker, Redis",Python,0.0625,0.59375,0.05455508474576271,0.8728813559322034,1.4701159678858162,1.0,0.017445709745762712,3.1958333333333333,0.34110032362459547,0.09066901408450705,0.6870925684485006,0.48238180196253344
"Docker, Redis",SQL,0.0625,0.4793432203389831,0.04396186440677966,0.7033898305084746,1.467403314917127,1.0,0.01400291313559322,1.7553571428571426,0.33975903614457825,0.08829787234042552,0.4303153611393693,0.3975512688453975
"MongoDB, Python",JavaScript,0.1472457627118644,0.3432203389830508,0.07415254237288135,0.5035971223021583,1.4672706279420908,1.0,0.023614801781097386,1.3230778678457382,0.3734516415261757,0.178117048346056,0.24418658621489905,0.35982325250910385
"Machine Learning, Tableau",Python,0.03283898305084746,0.59375,0.028601694915254237,0.8709677419354838,1.4668930390492358,1.0,0.009103548728813558,3.1484374999999973,0.32909415439535916,0.047829937998228524,0.682382133995037,0.45956950879111386
"NumPy, Pandas",Python,0.03283898305084746,0.59375,0.028601694915254237,0.8709677419354838,1.4668930390492358,1.0,0.009103548728813558,3.1484374999999973,0.32909415439535916,0.047829937998228524,0.682382133995037,0.45956950879111386
"Docker, Azure",Python,0.028601694915254237,0.59375,0.02489406779661017,0.8703703703703703,1.46588693957115,1.0,0.007911811440677964,3.1339285714285707,0.3271769646627531,0.04166666666666667,0.6809116809116809,0.45614861069812007
MongoDB,Git,0.20021186440677965,0.5026483050847458,0.1472457627118644,0.7354497354497355,1.4631497371223399,1.0,0.04660960840993966,1.879989406779661,0.3957835056458144,0.2650142993326978,0.4680821091896704,0.5141948361126443
"Serverless, C#",Python,0.028072033898305086,0.59375,0.024364406779661018,0.8679245283018868,1.461767626613704,1.0,0.007696636652542374,3.0758928571428577,0.3250207321407416,0.040780141843971635,0.6748911465892599,0.45447965933381584
"Webpack, React",Git,0.057733050847457626,0.5026483050847458,0.0423728813559322,0.7339449541284403,1.4601560309741783,1.0,0.01335346120008618,1.8693563705435412,0.33445053400786956,0.08179959100204498,0.4650565211868959,0.4091221082549472
"SQL, Deep Learning",Python,0.03177966101694915,0.59375,0.02754237288135593,0.8666666666666667,1.4596491228070176,1.0,0.008673199152542374,3.046875000000001,0.32523985860966176,0.046058458813108945,0.6717948717948719,0.45652691049658045
"NumPy, Data Visualization",Python,0.03177966101694915,0.59375,0.02754237288135593,0.8666666666666667,1.4596491228070176,1.0,0.008673199152542374,3.046875000000001,0.32523985860966176,0.046058458813108945,0.6717948717948719,0.45652691049658045
"Kubernetes, Grafana",Git,0.03177966101694915,0.5026483050847458,0.023305084745762712,0.7333333333333334,1.4589392342817,1.0,0.0073310919994254535,1.8650688559322037,0.324895563954645,0.04559585492227979,0.4638267660631879,0.3898489638215666
"Redux, HTML/CSS",Git,0.07521186440677965,0.5026483050847458,0.05508474576271186,0.7323943661971831,1.4570711942890218,1.0,0.017279629596380353,1.8585247546833186,0.33920389461626577,0.10536980749746706,0.4619388321408751,0.42099170364653676
"Grafana, Jenkins",Git,0.029661016949152543,0.5026483050847458,0.021716101694915255,0.7321428571428572,1.4565708264338402,1.0,0.006807041798333812,1.8567796610169496,0.32303759718819897,0.0425311203319502,0.4614331355545414,0.38767311455667625
"TensorFlow, Deep Learning",Python,0.03125,0.59375,0.02701271186440678,0.864406779661017,1.455842997323818,1.0,0.00845802436440678,2.9960937500000004,0.32321315623023406,0.04517271922054916,0.6662320730117341,0.45495093666369313
"Redis, Git",SQL,0.06832627118644068,0.4793432203389831,0.04766949152542373,0.6976744186046512,1.4554798920724656,1.0,0.014917756661160582,1.7221724250325943,0.3358916050786431,0.09533898305084745,0.41933804916132394,0.3985609662084029
"Power BI, Data Visualization",Python,0.05455508474576271,0.59375,0.047139830508474576,0.8640776699029126,1.4552887072049054,1.0,0.014747748940677964,2.9888392857142847,0.33090359739401376,0.07841409691629955,0.6654219566840924,0.4717355343270138
Redux,Git,0.07680084745762712,0.5026483050847458,0.05614406779661017,0.7310344827586207,1.4543657570582464,1.0,0.01754025199296179,1.8491280964797914,0.33840483226707363,0.10728744939271255,0.4592045830120084,0.4213655027070237
"Bash, Ansible",Git,0.02754237288135593,0.5026483050847458,0.020127118644067795,0.7307692307692307,1.453838048147848,1.0,0.006282991597242171,1.8473062953995154,0.32100676527921107,0.039460020768431976,0.45867125419841065,0.3854056902002107
"Bash, Terraform",Git,0.02754237288135593,0.5026483050847458,0.020127118644067795,0.7307692307692307,1.453838048147848,1.0,0.006282991597242171,1.8473062953995154,0.32100676527921107,0.039460020768431976,0.45867125419841065,0.3854056902002107
"Statistics, NumPy",Python,0.03866525423728814,0.59375,0.03336864406779661,0.863013698630137,1.453496755587599,1.0,0.01041114936440678,2.965625,0.3245528881892518,0.055702917771883284,0.6628029504741834,0.4596067601090025
"Azure, C#",Python,0.02701271186440678,0.59375,0.023305084745762712,0.8627450980392156,1.4530443756449947,1.0,0.007266287076271187,2.959821428571427,0.32044588508932553,0.03900709219858156,0.6621417797888385,0.45099788354235537
NumPy,Python,0.0423728813559322,0.59375,0.036546610169491525,0.8625,1.4526315789473685,1.0,0.01138771186440678,2.9545454545454555,0.3253815570091061,0.060954063604240286,0.6615384615384616,0.46202609277430867
"Bash, Grafana",Git,0.03336864406779661,0.5026483050847458,0.024364406779661018,0.7301587301587301,1.45262348002074,1.0,0.007591714396006893,1.8431268693918241,0.32234663490172716,0.047619047619047616,0.4574437513734637,0.3893154030140331
"Statistics, SQL",Python,0.09216101694915255,0.59375,0.07944915254237288,0.8620689655172413,1.451905626134301,1.0,0.024728548728813554,2.9453124999999987,0.3428471411901983,0.13100436681222705,0.6604774535809017,0.4979390322679873
"SQL, Redis",Python,0.06091101694915254,0.59375,0.0524364406779661,0.8608695652173913,1.4498855835240274,1.0,0.016270524364406777,2.9199218750000004,0.3304164031744404,0.0870712401055409,0.6575250836120402,0.47459178528487767
Tableau,Python,0.09851694915254237,0.59375,0.0847457627118644,0.8602150537634408,1.4487832484436898,1.0,0.026251324152542367,2.906249999999998,0.34361780258519387,0.13949433304272013,0.6559139784946234,0.5014723796917114
"AWS, SQL",Python,0.026483050847457626,0.59375,0.022775423728813558,0.86,1.4484210526315788,1.0,0.0070511122881355935,2.901785714285714,0.3180150315054281,0.038120567375886524,0.6553846153846153,0.4491793041926851
"Django, Redis",Python,0.06408898305084745,0.59375,0.05508474576271186,0.859504132231405,1.4475859069160506,1.0,0.017031912076271187,2.8915441176470593,0.3303676374559227,0.09138840070298769,0.6541640178003815,0.4761392204421967
"MongoDB, React",Python,0.07521186440677965,0.59375,0.0646186440677966,0.8591549295774648,1.4469977761304669,1.0,0.019961599576271187,2.8843749999999995,0.3340375190130134,0.10692375109553023,0.6533044420368364,0.4839931650563506
"Docker, Ansible",Git,0.03283898305084746,0.5026483050847458,0.023834745762711863,0.7258064516129031,1.4439647846629726,1.0,0.007328286591496692,1.8138708873379854,0.31790191067299484,0.046583850931677016,0.4486928441375518,0.38661239335123554
"Spark, SQL",Python,0.025953389830508475,0.59375,0.022245762711864406,0.8571428571428571,1.443609022556391,1.0,0.0068359375,2.843749999999999,0.31547942722494104,0.037234042553191495,0.6483516483516483,0.4473047024340512
"SQL, HTML/CSS",Python,0.07733050847457627,0.59375,0.06620762711864407,0.8561643835616438,1.4419610670511895,1.0,0.02029263771186441,2.8244047619047614,0.3321882893226177,0.10945709281961472,0.6459430979978925,0.48383598303862746
"Docker, Bash",Git,0.03072033898305085,0.5026483050847458,0.022245762711864406,0.7241379310344828,1.4406453253878855,1.0,0.006804236390405054,1.8028998940677965,0.3155607598230548,0.043523316062176166,0.4453380338584701,0.3841975218923731
"Machine Learning, Deep Learning",Python,0.03283898305084746,0.59375,0.028072033898305086,0.8548387096774194,1.4397283531409168,1.0,0.008573887711864406,2.7986111111111116,0.315794912066792,0.046902654867256637,0.6426799007444169,0.45105896233201925
"Azure, Terraform",Python,0.02913135593220339,0.59375,0.02489406779661017,0.8545454545454546,1.4392344497607656,1.0,0.0075973252118644065,2.7929687500000013,0.3143434202737055,0.04162976085031001,0.6419580419580421,0.4482361527856622
"AWS, Hadoop",Python,0.02913135593220339,0.59375,0.02489406779661017,0.8545454545454546,1.4392344497607656,1.0,0.0075973252118644065,2.7929687500000013,0.3143434202737055,0.04162976085031001,0.6419580419580421,0.4482361527856622
"Terraform, Grafana",Git,0.034427966101694914,0.5026483050847458,0.02489406779661017,0.7230769230769231,1.4385344897462915,1.0,0.0075889089880781385,1.7959922316384178,0.315717603669425,0.048603929679420885,0.44320471860407956,0.38630136986301367
"Ansible, Grafana",Git,0.028601694915254237,0.5026483050847458,0.02065677966101695,0.7222222222222222,1.4368340943683409,1.0,0.006280186189313416,1.790466101694915,0.3129770992366412,0.04045643153526971,0.4414862146491539,0.3816590563165906
"Statistics, Tableau",Python,0.09004237288135593,0.59375,0.07680084745762712,0.8529411764705883,1.4365325077399382,1.0,0.023338188559322043,2.7625000000000015,0.33394885793424606,0.12652705061082026,0.6380090497737558,0.4911449860943486
"Redis, Git",Python,0.06832627118644068,0.59375,0.05826271186440678,0.8527131782945736,1.4361485108119134,1.0,0.017693988347457626,2.7582236842105257,0.3259651661584578,0.09649122807017545,0.637447823494335,0.4754199254541557
"Redux, React",Git,0.06091101694915254,0.5026483050847458,0.04396186440677966,0.7217391304347827,1.4358730013286298,1.0,0.013345044976299916,1.787357653601695,0.3232490027793068,0.08460754332313965,0.44051488632680474,0.4045998075777707
"SQL, Big Data",Python,0.02489406779661017,0.59375,0.0211864406779661,0.851063829787234,1.4333706606942889,1.0,0.006405587923728813,2.7276785714285716,0.3100624660510592,0.03546099290780142,0.6333878887070377,0.4433731280961148
"SQL, React",Python,0.07786016949152542,0.59375,0.06620762711864407,0.8503401360544218,1.4321518080916578,1.0,0.01997815148305085,2.7144886363636376,0.327228029867892,0.10936132983377078,0.631606488749346,0.48092385928501646
"Machine Learning, Data Visualization",Python,0.03177966101694915,0.59375,0.02701271186440678,0.8500000000000001,1.4315789473684213,1.0,0.008143538135593223,2.708333333333335,0.31136568412923166,0.04513274336283186,0.630769230769231,0.4477475468331847
"Linux, Jenkins",Git,0.030190677966101694,0.5026483050847458,0.021716101694915255,0.7192982456140351,1.431016952285878,1.0,0.006540808585894859,1.7718154131355932,0.31057265788386995,0.04248704663212435,0.4356071221717766,0.3812508087922652
"Unit Testing, Git",Python,0.10540254237288135,0.59375,0.08951271186440678,0.8492462311557789,1.430309441946575,1.0,0.026929952330508475,2.6947916666666667,0.3362971682414229,0.1468288444830582,0.6289137997680712,0.5000022413584425
"Docker, Serverless",Python,0.028072033898305086,0.59375,0.023834745762711863,0.8490566037735848,1.429990069513406,1.0,0.0071669756355932195,2.6914062499999987,0.3093793521041477,0.03985828166519043,0.6284470246734396,0.4445996667396024
Power BI,Python,0.059322033898305086,0.59375,0.05031779661016949,0.8482142857142857,1.4285714285714286,1.0,0.015095338983050842,2.676470588235294,0.3189189189189188,0.08347978910369068,0.6263736263736264,0.46648002421307505
Ansible,Git,0.0413135593220339,0.5026483050847458,0.029661016949152543,0.717948717948718,1.4283321174785875,1.0,0.008894826378914103,1.7633378274268103,0.31280584056827143,0.0576725025746653,0.4328936948745255,0.38847910080786796
"Docker, Python",Git,0.20815677966101695,0.5026483050847458,0.149364406779661,0.7175572519083969,1.4275533104352511,1.0,0.04473475429115195,1.760893838754008,0.37823240589198026,0.26603773584905654,0.43210659382646793,0.5073560759015114
"SQL, Pandas",Python,0.03125,0.59375,0.026483050847457626,0.847457627118644,1.4272970561998215,1.0,0.007928363347457626,2.6631944444444438,0.3090322580645161,0.04424778761061947,0.6245110821382007,0.44603033006244425
"Prometheus, Grafana",Git,0.028072033898305086,0.5026483050847458,0.020127118644067795,0.7169811320754716,1.4264071415790205,1.0,0.006016758384803214,1.757309322033898,0.3075720636741716,0.03941908713692946,0.43094821869913785,0.37851164085333117
"SQL, TensorFlow",Python,0.034427966101694914,0.59375,0.02913135593220339,0.8461538461538461,1.4251012145748987,1.0,0.008689751059322032,2.640625,0.3089313319702787,0.04862953138815207,0.621301775147929,0.4476085912303575
Data Visualization,Python,0.10328389830508475,0.59375,0.08739406779661017,0.8461538461538461,1.4251012145748987,1.0,0.0260692531779661,2.640625,0.3326531708102884,0.1433536055603823,0.621301775147929,0.4966719275372264
"Docker, React",Python,0.0826271186440678,0.59375,0.06991525423728813,0.846153846153846,1.4251012145748987,1.0,0.020855402542372878,2.640624999999998,0.32516271257610746,0.11528384279475982,0.6213017751479287,0.48195292664516565
"Machine Learning, Pandas",Python,0.03072033898305085,0.59375,0.025953389830508475,0.8448275862068966,1.4228675136116153,1.0,0.007713188559322032,2.618055555555556,0.3066131370581019,0.04336283185840708,0.6180371352785147,0.44426927927650806
"Deep Learning, Tableau",Python,0.03389830508474576,0.59375,0.028601694915254237,0.84375,1.4210526315789473,1.0,0.008474576271186442,2.6,0.3066926575698506,0.04774535809018567,0.6153846153846154,0.445960637823372
"MongoDB, HTML/CSS",Python,0.07786016949152542,0.59375,0.06567796610169492,0.8435374149659864,1.4206945936269246,1.0,0.019448490466101698,2.5964673913043486,0.32112152822812257,0.10839160839160841,0.6148613291470435,0.4770764684107363
"PostgreSQL, Redis",Python,0.06408898305084745,0.59375,0.05402542372881356,0.8429752066115703,1.4197477163984342,1.0,0.015972590042372885,2.58717105263158,0.31589489219570116,0.08947368421052633,0.6134774316592501,0.4669826969721545
"Data Visualization, Pandas",Python,0.030190677966101694,0.59375,0.025423728813559324,0.8421052631578948,1.4182825484764543,1.0,0.007498013771186442,2.572916666666668,0.304102949208083,0.0424778761061947,0.6113360323886641,0.4424620874219447
"Deep Learning, Data Visualization",Python,0.030190677966101694,0.59375,0.025423728813559324,0.8421052631578948,1.4182825484764543,1.0,0.007498013771186442,2.572916666666668,0.304102949208083,0.0424778761061947,0.6113360323886641,0.4424620874219447
"AWS, Scala",Python,0.030190677966101694,0.59375,0.025423728813559324,0.8421052631578948,1.4182825484764543,1.0,0.007498013771186442,2.572916666666668,0.304102949208083,0.0424778761061947,0.6113360323886641,0.4424620874219447
Grafana,Git,0.04396186440677966,0.5026483050847458,0.03125,0.7108433734939759,1.4141963004811657,1.0,0.009152643367566791,1.7200079449152539,0.3063524109113104,0.06063720452209661,0.4186073366950228,0.38650703975014916
Redis,Python,0.0858050847457627,0.59375,0.07203389830508475,0.8395061728395062,1.413905133203379,1.0,0.021087129237288144,2.531250000000001,0.32021505009883455,0.11857018308631212,0.6049382716049384,0.48041321130824555
"Statistics, Data Visualization",Python,0.09216101694915255,0.59375,0.07733050847457627,0.8390804597701149,1.4131881427707198,1.0,0.02260990466101695,2.524553571428571,0.32206166781221524,0.1270670147954743,0.6038903625110521,0.4846606580741743
"Node.js, Redis",Python,0.0625,0.59375,0.0524364406779661,0.8389830508474576,1.4130240856378233,1.0,0.0153270656779661,2.5230263157894735,0.3117845117845118,0.08684210526315789,0.6036505867014341,0.4636485280999108
"Unit Testing, Linux",Python,0.1048728813559322,0.59375,0.08792372881355932,0.8383838383838385,1.4120148856990964,1.0,0.025655455508474576,2.513671875000001,0.3259784700933913,0.14397224631396358,0.6021756021756024,0.49323295398228495
"JavaScript, Linux",Python,0.10805084745762712,0.59375,0.09057203389830508,0.838235294117647,1.4117647058823528,1.0,0.02641684322033898,2.511363636363635,0.32699920823436257,0.1481802426343154,0.601809954751131,0.49538883349950147
"Unit Testing, JavaScript",Python,0.10805084745762712,0.59375,0.09057203389830508,0.838235294117647,1.4117647058823528,1.0,0.02641684322033898,2.511363636363635,0.32699920823436257,0.1481802426343154,0.601809954751131,0.49538883349950147
"Machine Learning, Statistics",Python,0.036016949152542374,0.59375,0.030190677966101694,0.838235294117647,1.4117647058823528,1.0,0.008805614406779658,2.511363636363635,0.3025641025641025,0.050353356890459354,0.601809954751131,0.4445413758723828
"Statistics, TensorFlow",Python,0.03919491525423729,0.59375,0.03283898305084746,0.8378378378378379,1.411095305832148,1.0,0.009567002118644072,2.505208333333335,0.30321513675000894,0.05472197705207415,0.600831600831601,0.4465727993827905
"Node.js, HTML/CSS",Python,0.0815677966101695,0.59375,0.06832627118644068,0.8376623376623376,1.4107997265892,1.0,0.01989539194915254,2.502499999999998,0.3170426401294672,0.11256544502617799,0.6003996003996002,0.47636908140922407
"Statistics, Power BI",Python,0.05190677966101695,0.59375,0.04343220338983051,0.8367346938775511,1.4092373791621913,1.0,0.012612552966101698,2.4882812500000004,0.3062951355770542,0.07211961301671065,0.5981161695447411,0.454941834003896
"Scala, Big Data",Python,0.02913135593220339,0.59375,0.024364406779661018,0.8363636363636364,1.4086124401913878,1.0,0.007067664194915255,2.4826388888888897,0.2987855499418867,0.04070796460176991,0.5972027972027973,0.43869921336469064
"Serverless, Terraform",Python,0.02913135593220339,0.59375,0.024364406779661018,0.8363636363636364,1.4086124401913878,1.0,0.007067664194915255,2.4826388888888897,0.2987855499418867,0.04070796460176991,0.5972027972027973,0.43869921336469064
"AWS, Azure",Python,0.02913135593220339,0.59375,0.024364406779661018,0.8363636363636364,1.4086124401913878,1.0,0.007067664194915255,2.4826388888888897,0.2987855499418867,0.04070796460176991,0.5972027972027973,0.43869921336469064
"Node.js, Git",Python,0.14883474576271186,0.59375,0.12447033898305085,0.8362989323843417,1.408503465068365,1.0,0.03609970868644069,2.481657608695653,0.3407406426670551,0.20137103684661525,0.5970435258691489,0.5229665937568453
"TensorFlow, Data Visualization",Python,0.0323093220338983,0.59375,0.02701271186440678,0.836065573770492,1.4081104400345128,1.0,0.007829051906779665,2.478125000000002,0.29950524271011103,0.04509283819628647,0.5964691046658264,0.4407803337184306
"Node.js, React",Python,0.0836864406779661,0.59375,0.06991525423728813,0.8354430379746834,1.4070619586942037,1.0,0.020226430084745756,2.4687499999999987,0.3157207917323523,0.11508282476024412,0.5949367088607592,0.47659752255558435
"MongoDB, TypeScript",Python,0.0736228813559322,0.59375,0.0614406779661017,0.8345323741007195,1.405528209011738,1.0,0.01772709216101695,2.455163043478261,0.3114538356893594,0.1013986013986014,0.5926950747094633,0.4690057053376033
"SQL, Git",Python,0.2584745762711864,0.59375,0.2155720338983051,0.834016393442623,1.4046591889559967,1.0,0.06210275423728817,2.4475308641975317,0.3885012285012287,0.3386023294509152,0.5914249684741489,0.5985425410567263
PostgreSQL,"SQL, Python",0.09957627118644068,0.3787076271186441,0.05296610169491525,0.5319148936170213,1.404552893914596,1.0,0.015255808316575692,1.327306432973806,0.31988235294117634,0.12453300124532998,0.24659447497778014,0.3358875167385805
"TensorFlow, Pandas",Python,0.03177966101694915,0.59375,0.026483050847457626,0.8333333333333334,1.4035087719298247,1.0,0.007613877118644068,2.4375000000000004,0.2969365426695843,0.044208664898320066,0.5897435897435899,0.4389681831697889
"Spark, AWS",Python,0.028601694915254237,0.59375,0.023834745762711863,0.8333333333333333,1.4035087719298245,1.0,0.006852489406779658,2.437499999999999,0.29596510359869127,0.03982300884955752,0.5897435897435895,0.4367380315194766
"Serverless, Linux",Python,0.028601694915254237,0.59375,0.023834745762711863,0.8333333333333333,1.4035087719298245,1.0,0.006852489406779658,2.437499999999999,0.29596510359869127,0.03982300884955752,0.5897435897435895,0.4367380315194766
"Azure, Linux",Python,0.028601694915254237,0.59375,0.023834745762711863,0.8333333333333333,1.4035087719298245,1.0,0.006852489406779658,2.437499999999999,0.29596510359869127,0.03982300884955752,0.5897435897435895,0.4367380315194766
"Java, Git",Python,0.10752118644067797,0.59375,0.08951271186440678,0.8325123152709359,1.4021260046668396,1.0,0.02567200741525423,2.425551470588235,0.3213491826593857,0.14632034632034632,0.5877226222053807,0.49163528341602103
"PostgreSQL, Git",Python,0.06620762711864407,0.59375,0.05508474576271186,0.832,1.4012631578947368,1.0,0.015773967161016943,2.4181547619047614,0.3066615035560014,0.09106830122591944,0.5864615384615384,0.4623871543264942
"Linux, Prometheus",Git,0.028601694915254237,0.5026483050847458,0.020127118644067795,0.7037037037037036,1.3999921945127423,1.0,0.005750525172364261,1.6785619703389825,0.29412271135854895,0.03937823834196891,0.40425196229243066,0.37187292666744715
TensorFlow,Python,0.04078389830508475,0.59375,0.03389830508474576,0.8311688311688311,1.3998632946001366,1.0,0.009682865466101694,2.406249999999999,0.29778954997239093,0.0564373897707231,0.5844155844155843,0.444130356708412
"MongoDB, Git",Python,0.1472457627118644,0.59375,0.12235169491525423,0.8309352517985611,1.3994698977659976,1.0,0.034924523305084734,2.4029255319148928,0.33473152106692466,0.1977739726027397,0.5838406198118427,0.5185006321437051
"Linux, Redis",Python,0.06567796610169492,0.59375,0.05455508474576271,0.8306451612903225,1.398981324278438,1.0,0.015558792372881353,2.398809523809523,0.3052418378354578,0.09019264448336252,0.5831265508684862,0.461263704641593
"SQL, Scala",Python,0.028072033898305086,0.59375,0.023305084745762712,0.830188679245283,1.3982125124131082,1.0,0.006637314618644068,2.3923611111111103,0.2930270002477087,0.03893805309734514,0.5820029027576196,0.43471967414538903
"AWS, Big Data",Python,0.028072033898305086,0.59375,0.023305084745762712,0.830188679245283,1.3982125124131082,1.0,0.006637314618644068,2.3923611111111103,0.2930270002477087,0.03893805309734514,0.5820029027576196,0.43471967414538903
"Java, Linux",Python,0.09957627118644068,0.59375,0.0826271186440678,0.8297872340425533,1.3975363941769319,1.0,0.023503707627118647,2.3867187500000013,0.3159125188536953,0.13529921942758025,0.5810147299509004,0.48447434851101795
"Docker, PostgreSQL",Python,0.06197033898305085,0.59375,0.0513771186440678,0.8290598290598291,1.3963112910481332,1.0,0.01458222987288136,2.376562500000001,0.3025781927619669,0.08501314636283962,0.5792241946088101,0.45779485654597163
"Ansible, Linux",Git,0.030190677966101694,0.5026483050847458,0.0211864406779661,0.7017543859649122,1.3961140997911003,1.0,0.0060111475689457045,1.6675909770687933,0.29255871108683773,0.04140786749482402,0.40033256730751254,0.3719520085778197
"Linux, Git",SQL,0.2076271186440678,0.4793432203389831,0.13877118644067796,0.6683673469387754,1.3943398353816663,1.0,0.03924653476012638,1.5699804432855273,0.35692125566395866,0.2531400966183575,0.36304939066165615,0.4789350546848573
"Node.js, TypeScript",Python,0.07997881355932203,0.59375,0.06620762711864407,0.827814569536424,1.3942140118508193,1.0,0.01872020656779662,2.3593750000000018,0.30732987910189996,0.10897994768962511,0.5761589403973513,0.46966107602601753
"SQL, Hadoop",Python,0.02754237288135593,0.59375,0.022775423728813558,0.8269230769230769,1.3927125506072873,1.0,0.006422139830508475,2.3472222222222214,0.2899630136292244,0.03805309734513274,0.5739644970414199,0.43264084265422353
"Docker, Grafana",Git,0.03177966101694915,0.5026483050847458,0.022245762711864406,0.7000000000000001,1.3926238145416228,1.0,0.006271769965527148,1.6578389830508478,0.29118474523288534,0.043433298862461216,0.39680511182108635,0.37212855637513176
"AWS, Grafana",Git,0.03177966101694915,0.5026483050847458,0.022245762711864406,0.7000000000000001,1.3926238145416228,1.0,0.006271769965527148,1.6578389830508478,0.29118474523288534,0.043433298862461216,0.39680511182108635,0.37212855637513176
Prometheus,Git,0.03866525423728814,0.5026483050847458,0.02701271186440678,0.6986301369863014,1.3898985233194279,1.0,0.007577687356363112,1.6503033513097072,0.29180575811591847,0.0525231719876416,0.3940507972631917,0.3761854583772392
"Unit Testing, SQL",Python,0.11175847457627118,0.59375,0.09216101694915255,0.8246445497630333,1.3888750311798455,1.0,0.02580442266949154,2.316722972972974,0.31522148883816903,0.15025906735751296,0.5683558148013126,0.48993155231238195
"Prometheus, Terraform",Git,0.029661016949152543,0.5026483050847458,0.02065677966101695,0.6964285714285714,1.385518590998043,1.0,0.005747719764435506,1.6383349950149548,0.2867540029112081,0.040372670807453416,0.3896242202951467,0.3687622309197651
Azure,Python,0.03283898305084746,0.59375,0.02701271186440678,0.8225806451612903,1.3853989813242784,1.0,0.007514565677966101,2.2897727272727266,0.2876318106651203,0.04505300353356891,0.563275434243176,0.43403786941382977
"SQL, Java",Python,0.1128177966101695,0.59375,0.0926906779661017,0.8215962441314554,1.3837410427477144,1.0,0.025705111228813554,2.2771381578947367,0.3125867803837953,0.1509922346850733,0.5608522932466594,0.4888534298266554
"Spark, Scala",Python,0.029661016949152543,0.59375,0.024364406779661018,0.8214285714285714,1.3834586466165413,1.0,0.006753177966101694,2.2749999999999995,0.2856464780710081,0.040671971706454466,0.5604395604395603,0.43123168089715813
"SQL, Node.js",Python,0.14777542372881355,0.59375,0.12129237288135593,0.8207885304659498,1.3823806828900207,1.0,0.03355071504237288,2.2668749999999998,0.32457437829241087,0.19555935098206662,0.5588640749931072,0.5125352108172746
"AWS, Serverless",Python,0.02913135593220339,0.59375,0.023834745762711863,0.8181818181818182,1.3779904306220097,1.0,0.006538003177966101,2.2343750000000004,0.2825362187064315,0.03978779840848806,0.5524475524475526,0.4291622739437191
"Machine Learning, Scala",Python,0.02913135593220339,0.59375,0.023834745762711863,0.8181818181818182,1.3779904306220097,1.0,0.006538003177966101,2.2343750000000004,0.2825362187064315,0.03978779840848806,0.5524475524475526,0.4291622739437191
"Serverless, Azure",Python,0.02913135593220339,0.59375,0.023834745762711863,0.8181818181818182,1.3779904306220097,1.0,0.006538003177966101,2.2343750000000004,0.2825362187064315,0.03978779840848806,0.5524475524475526,0.4291622739437191
"SQL, Linux",Python,0.17478813559322035,0.59375,0.1430084745762712,0.8181818181818182,1.3779904306220097,1.0,0.03922801906779662,2.2343750000000004,0.33240621879903015,0.2286198137171888,0.5524475524475526,0.5295190982077691
"SQL, JavaScript",Python,0.2086864406779661,0.59375,0.1705508474576271,0.817258883248731,1.3764360138925995,1.0,0.046643273305084734,2.2230902777777777,0.3456101840072504,0.269907795473596,0.5501757126122608,0.5522512079044726
"Unit Testing, Java",Python,0.1038135593220339,0.59375,0.0847457627118644,0.8163265306122448,1.3748657357679912,1.0,0.023106461864406777,2.2118055555555545,0.3042405437352246,0.1382886776145203,0.5478806907378334,0.4795281181161135
"Kubernetes, Prometheus",Git,0.02913135593220339,0.5026483050847458,0.020127118644067795,0.6909090909090909,1.3745377909761471,1.0,0.005484291959925306,1.6090790129611166,0.280658684354093,0.03933747412008281,0.37852647884596763,0.3654756202701408
"Docker, Prometheus",Git,0.02913135593220339,0.5026483050847458,0.020127118644067795,0.6909090909090909,1.3745377909761471,1.0,0.005484291959925306,1.6090790129611166,0.280658684354093,0.03933747412008281,0.37852647884596763,0.3654756202701408
Statistics,Python,0.10911016949152542,0.59375,0.08898305084745763,0.8155339805825242,1.373530914665304,1.0,0.024198887711864403,2.202302631578947,0.3052559311477266,0.1449525452976704,0.5459297983569827,0.48270008574175277
Docker,Git,0.2701271186440678,0.5026483050847458,0.1864406779661017,0.6901960784313725,1.3731192793239528,1.0,0.050661739622235,1.605375724093542,0.37229928090777153,0.3179765130984643,0.3770928605734093,0.5305564164548854
"SQL, TypeScript",Python,0.07733050847457627,0.59375,0.06302966101694915,0.8150684931506849,1.3727469358327324,1.0,0.01711467161016949,2.196759259259258,0.2942913100946463,0.10365853658536586,0.5447839831401473,0.4606118558527733
"Hadoop, Big Data",Python,0.028601694915254237,0.59375,0.023305084745762712,0.8148148148148148,1.3723196881091617,1.0,0.006322828389830507,2.1937499999999996,0.2792951323485674,0.038903625110521665,0.544159544159544,0.42703274193015495
"Ansible, Kubernetes",Git,0.03072033898305085,0.5026483050847458,0.0211864406779661,0.689655172413793,1.3720431670360813,1.0,0.005744914356506748,1.6025776836158188,0.2797540983606556,0.04136504653567735,0.3760052880907787,0.3659024018022601
"Docker, TypeScript",Python,0.07680084745762712,0.59375,0.0625,0.8137931034482758,1.3705989110707804,1.0,0.0168994968220339,2.1817129629629624,0.2928858290304074,0.10278745644599302,0.5416445623342174,0.45952813067150633
"Linux, Git",Python,0.2076271186440678,0.59375,0.16896186440677965,0.8137755102040816,1.3705692803437164,1.0,0.0456832627118644,2.1815068493150678,0.3412234087137277,0.2671691792294807,0.5416012558869701,0.5491714303919605
Serverless,Python,0.03389830508474576,0.59375,0.02754237288135593,0.8125,1.368421052631579,1.0,0.007415254237288137,2.1666666666666665,0.2786774628879892,0.04589585172109444,0.5384615384615384,0.4294435771632471
"Tableau, Pandas",Python,0.03389830508474576,0.59375,0.02754237288135593,0.8125,1.368421052631579,1.0,0.007415254237288137,2.1666666666666665,0.2786774628879892,0.04589585172109444,0.5384615384615384,0.4294435771632471
"Linux, Grafana",Git,0.03389830508474576,0.5026483050847458,0.023305084745762712,0.6875,1.3677555321390937,1.0,0.006266159149669635,1.5915254237288134,0.27830940988835723,0.04540763673890609,0.37167199148029817,0.3669322971548999
"Docker, HTML/CSS",Python,0.08421610169491525,0.59375,0.06832627118644068,0.8113207547169812,1.3664349553128103,1.0,0.018322960805084748,2.1531250000000006,0.2928295694513565,0.11207645525629886,0.5355587808417999,0.4631982899365459
"Spark, Hadoop",Python,0.028072033898305086,0.59375,0.022775423728813558,0.8113207547169811,1.3664349553128101,1.0,0.006107653601694914,2.1531249999999993,0.27591407388631894,0.03801945181255526,0.5355587808417995,0.42483968155117563
Unit Testing,Python,0.1371822033898305,0.59375,0.11122881355932203,0.8108108108108109,1.3655761024182078,1.0,0.029776880296610173,2.1473214285714293,0.3102721506036423,0.1794871794871795,0.5343035343035344,0.4990717747185187
Deep Learning,Python,0.03919491525423729,0.59375,0.03177966101694915,0.8108108108108107,1.3655761024182076,1.0,0.008507680084745763,2.147321428571428,0.27862918044836454,0.05286343612334802,0.5343035343035342,0.432167225209152
"Hadoop, Scala",Python,0.03072033898305085,0.59375,0.02489406779661017,0.8103448275862069,1.3647912885662432,1.0,0.006653866525423727,2.142045454545454,0.2757586327171258,0.04151943462897527,0.5331564986737399,0.4261358393060383
Scala,Python,0.036016949152542374,0.59375,0.02913135593220339,0.8088235294117646,1.3622291021671824,1.0,0.007746292372881353,2.124999999999999,0.2758441558441557,0.048500881834215165,0.5294117647058821,0.42894343285931674
"Python, Grafana",Git,0.030190677966101694,0.5026483050847458,0.02065677966101695,0.6842105263157895,1.361211247296323,1.0,0.005481486551996553,1.5749470338983051,0.2736209721463681,0.040330920372285424,0.3650580124432487,0.3626532083633742
"Spark, Big Data",Python,0.02754237288135593,0.59375,0.022245762711864406,0.8076923076923077,1.360323886639676,1.0,0.005892478813559324,2.1125000000000003,0.27238302728498814,0.03713527851458886,0.5266272189349113,0.4225794277087765
Big Data,Python,0.03283898305084746,0.59375,0.026483050847457626,0.8064516129032258,1.3582342954159592,1.0,0.006984904661016946,2.0989583333333326,0.27270536692223424,0.044130626654898496,0.5235732009925557,0.4255273229547351
"Django, PostgreSQL",Python,0.06832627118644068,0.59375,0.05508474576271186,0.8062015503875969,1.3578131374949,1.0,0.014516022245762712,2.09625,0.2828475532426641,0.09075043630017451,0.5229576624925462,0.44948792952029265
"Django, SQL",Python,0.06779661016949153,0.59375,0.05455508474576271,0.8046875,1.355263157894737,1.0,0.014300847457627122,2.08,0.28120035304501334,0.08987783595113438,0.5192307692307693,0.44828487399643174
"MongoDB, JavaScript",Python,0.09216101694915255,0.59375,0.07415254237288135,0.8045977011494252,1.3551119177253477,1.0,0.01943193855932203,2.079044117647058,0.28865644274045665,0.1212121212121212,0.5190097259062774,0.46474309678345477
"Machine Learning, Hadoop",Python,0.02701271186440678,0.59375,0.021716101694915255,0.803921568627451,1.3539731682146543,1.0,0.00567730402542373,2.0718750000000004,0.26869099937597096,0.036251105216622455,0.5173453996983409,0.42024802784628573
"JavaScript, Java",Python,0.11334745762711865,0.59375,0.09110169491525423,0.8037383177570092,1.3536645351696996,1.0,0.023801641949152533,2.069940476190475,0.2946639437637186,0.14789337919174547,0.5168943206326381,0.478586375649245
"MongoDB, Node.js",Python,0.1483050847457627,0.59375,0.11917372881355932,0.8035714285714286,1.3533834586466167,1.0,0.03111758474576272,2.0681818181818183,0.30657822001105595,0.1913265306122449,0.5164835164835165,0.5021425385497642
Hadoop,Python,0.034957627118644065,0.59375,0.028072033898305086,0.8030303030303031,1.3524720893141946,1.0,0.0073159427966101725,2.062500000000001,0.2700536420686371,0.046737213403880075,0.5151515151515154,0.4251547590084611
"Docker, SQL",Python,0.1419491525423729,0.59375,0.1138771186440678,0.8022388059701492,1.3511390416339355,1.0,0.0295948093220339,2.0542452830188673,0.3028768303186908,0.18313458262350937,0.5132032146957518,0.49701592394850014
"Django, Git",Python,0.07203389830508475,0.59375,0.057733050847457626,0.801470588235294,1.34984520123839,1.0,0.014962923728813554,2.0462962962962954,0.27929286582045154,0.09494773519163763,0.51131221719457,0.44935260009445344
"Docker, Git",Python,0.1864406779661017,0.59375,0.149364406779661,0.8011363636363635,1.3492822966507176,1.0,0.03866525423728813,2.042857142857142,0.31818853427895977,0.2367758186397985,0.5104895104895102,0.526348734895791
"Machine Learning, AWS",Python,0.026483050847457626,0.59375,0.0211864406779661,0.8,1.3473684210526315,1.0,0.005462129237288137,2.0312500000000004,0.26482589771490755,0.03536693191865605,0.5076923076923078,0.4178412132024978
"Kubernetes, Azure",Python,0.026483050847457626,0.59375,0.0211864406779661,0.8,1.3473684210526315,1.0,0.005462129237288137,2.0312500000000004,0.26482589771490755,0.03536693191865605,0.5076923076923078,0.4178412132024978
"Statistics, Deep Learning",Python,0.037076271186440676,0.59375,0.029661016949152543,0.8,1.3473684210526315,1.0,0.007646980932203392,2.0312500000000004,0.2677392739273928,0.04933920704845816,0.5076923076923078,0.4249776984834969
Pandas,Python,0.03972457627118644,0.59375,0.03177966101694915,0.8,1.3473684210526315,1.0,0.008193193855932202,2.0312500000000004,0.26847766133480416,0.0528169014084507,0.5076923076923078,0.42676181980374667
"Machine Learning, Big Data",Python,0.026483050847457626,0.59375,0.0211864406779661,0.8,1.3473684210526315,1.0,0.005462129237288137,2.0312500000000004,0.26482589771490755,0.03536693191865605,0.5076923076923078,0.4178412132024978
Spark,Python,0.03389830508474576,0.59375,0.02701271186440678,0.796875,1.3421052631578947,1.0,0.0068855932203389855,2.0,0.2638458892328862,0.04497354497354497,0.5,0.42118504683318464
"PostgreSQL, Linux",Python,0.06514830508474577,0.59375,0.05190677966101695,0.7967479674796747,1.3418913136499784,1.0,0.013224973516949151,1.998749999999999,0.27253859050702434,0.08551483420593368,0.4996873045653531,0.4420849560859569
"Deep Learning, Pandas",Python,0.03125,0.59375,0.02489406779661017,0.7966101694915254,1.3416592328278323,1.0,0.006339380296610169,1.9973958333333333,0.26286890871654084,0.04148278905560459,0.499348109517601,0.4192685102586976
"Serverless, Kubernetes",Python,0.028601694915254237,0.59375,0.022775423728813558,0.7962962962962963,1.341130604288499,1.0,0.005793167372881353,1.9943181818181817,0.2618498135984377,0.037985865724381625,0.49857549857549854,0.41732745234083324
"Docker, MongoDB",Python,0.14459745762711865,0.59375,0.1149364406779661,0.7948717948717948,1.3387314439946019,1.0,0.029081700211864403,1.9804687499999996,0.2957954658943373,0.18436703483432457,0.49506903353057186,0.49422447905944783
"PostgreSQL, Node.js",Python,0.06673728813559322,0.59375,0.05296610169491525,0.7936507936507936,1.3366750208855471,1.0,0.013340836864406777,1.9687499999999996,0.2698864926220204,0.08718395815170008,0.492063492063492,0.4414284298316412
Java,Python,0.1393008474576271,0.59375,0.11016949152542373,0.7908745247148289,1.3319991995197118,1.0,0.027459613347457626,1.9426136363636362,0.28958875739644974,0.17687074829931973,0.4852295992980403,0.48821157101040286
Python,SQL,0.59375,0.4793432203389831,0.3787076271186441,0.6378233719892953,1.330619366094795,1.0,0.09409759004237289,1.4375769704433496,0.6116191500806886,0.5453852021357741,0.3043850725491246,0.7139393103040399
SQL,Python,0.4793432203389831,0.59375,0.3787076271186441,0.7900552486187845,1.330619366094795,1.0,0.09409759004237289,1.935032894736842,0.47722470815044576,0.5453852021357741,0.483212919677008,0.7139393103040399
"JavaScript, Node.js",Python,0.10328389830508475,0.59375,0.0815677966101695,0.7897435897435898,1.3300944669365724,1.0,0.020242981991525424,1.932164634146342,0.27675838632719907,0.13253012048192772,0.4824457593688365,0.46356046570141135
Node.js,Python,0.19597457627118645,0.59375,0.1541313559322034,0.7864864864864864,1.3246088193456613,1.0,0.037771451271186446,1.9026898734177211,0.3047915280098158,0.24250000000000002,0.47442827442827434,0.5230380692914145
"Statistics, Pandas",Python,0.037076271186440676,0.59375,0.02913135593220339,0.7857142857142857,1.3233082706766917,1.0,0.007117319915254237,1.8958333333333333,0.25372537253725375,0.048415492957746484,0.4725274725274725,0.4173888110105773
PostgreSQL,Git,0.09957627118644068,0.5026483050847458,0.06620762711864407,0.6648936170212767,1.3227809788579246,1.0,0.016155783180120654,1.484160613397902,0.2710023529411764,0.12351778656126483,0.32621847597036246,0.3983056072461494
"Docker, Node.js",Python,0.1520127118644068,0.59375,0.11917372881355932,0.7839721254355401,1.3203741059966991,1.0,0.028916181144067785,1.8805443548387097,0.28613505447983884,0.19019442096365174,0.46823907799517556,0.49234288698182
"MongoDB, PostgreSQL",Git,0.07680084745762712,0.5026483050847458,0.05084745762711865,0.6620689655172414,1.3171614403546381,1.0,0.012243641823470264,1.471755015565548,0.2608230541212468,0.09619238476953906,0.32053909147662585,0.3816140401874932
"Spark, Machine Learning",Python,0.02913135593220339,0.59375,0.022775423728813558,0.7818181818181817,1.3167464114832534,1.0,0.005478681144067795,1.861979166666666,0.2477702076910389,0.03795233892321271,0.46293706293706277,0.41008839510177597
"Django, Node.js",Python,0.06779661016949153,0.59375,0.05296610169491525,0.78125,1.3157894736842106,1.0,0.012711864406779662,1.8571428571428572,0.2574545454545455,0.08703220191470842,0.46153846153846156,0.4352280330062444
"Django, Docker",Python,0.06514830508474577,0.59375,0.05084745762711865,0.7804878048780487,1.3145057766367136,1.0,0.012165651483050849,1.8506944444444438,0.2559313031161473,0.08362369337979093,0.4596622889305814,0.433062814125019
"JavaScript, Git",SQL,0.263771186440678,0.4793432203389831,0.16578389830508475,0.6285140562248995,1.311198384699017,1.0,0.03934696836397586,1.4015517636280344,0.32237111269450885,0.2871559633027523,0.2865051252824113,0.48718520490802986
Django,Python,0.09057203389830508,0.59375,0.0704449152542373,0.7777777777777779,1.3099415204678364,1.0,0.016667770127118654,1.828125000000001,0.26017139529078975,0.11475409836065577,0.45299145299145327,0.44821092278719404
"Docker, JavaScript",Python,0.10010593220338983,0.59375,0.07786016949152542,0.7777777777777778,1.3099415204678362,1.0,0.018422272245762712,1.828125,0.26292777263936773,0.12639724849527084,0.45299145299145305,0.4544553474080682
"Docker, Linux",Python,0.13029661016949154,0.59375,0.10116525423728813,0.7764227642276421,1.3076593923833972,1.0,0.023801641949152533,1.8170454545454533,0.2705231138121687,0.16241496598639454,0.4496560350218883,0.4734031751557479
"Docker, Terraform",Python,0.0614406779661017,0.59375,0.04766949152542373,0.7758620689655171,1.3067150635208709,1.0,0.011189088983050842,1.8124999999999991,0.25008778530223214,0.07846556233653008,0.44827586206896525,0.42807376418837856
"Node.js, Linux",Python,0.06832627118644068,0.59375,0.05296610169491525,0.7751937984496123,1.3055895552835577,1.0,0.0123973781779661,1.8071120689655167,0.2512279704377487,0.08695652173913043,0.44663088849135346,0.4321999322310506
"Network Security, Firewalls",Python,0.03283898305084746,0.59375,0.025423728813559324,0.7741935483870968,1.3039049235993208,1.0,0.005925582627118644,1.7991071428571428,0.24098667396860163,0.04229074889867842,0.4441687344913151,0.4085062300365457
"Docker, Git",SQL,0.1864406779661017,0.4793432203389831,0.11652542372881355,0.625,1.3038674033149171,1.0,0.027156348750359077,1.388418079096045,0.28645833333333315,0.2121504339440694,0.2797558494404883,0.4340469613259668
"Django, Linux",Python,0.0725635593220339,0.59375,0.05614406779661017,0.7737226277372263,1.3031117940837496,1.0,0.013059454449152547,1.795362903225807,0.25080546965076567,0.09201388888888888,0.44300954519932634,0.43414052885523224
"Linux, Terraform",Python,0.06302966101694915,0.59375,0.048728813559322036,0.773109243697479,1.302078726227333,1.0,0.011304952330508475,1.7905092592592595,0.24760365718779953,0.08013937282229965,0.44149967679379454,0.4275894122144844
Linux,Python,0.3432203389830508,0.59375,0.2648305084745763,0.771604938271605,1.2995451591942822,1.0,0.06104343220338987,1.778716216216217,0.35095483870967764,0.3940110323089047,0.4377967711301047,0.6088176341670246
Docker,Python,0.2701271186440678,0.59375,0.20815677966101695,0.7705882352941177,1.2978328173374614,1.0,0.0477688029661017,1.7708333333333337,0.31441739881895436,0.3174474959612278,0.43529411764705894,0.5605840373615995
"Django, MongoDB",Python,0.06885593220338983,0.59375,0.05296610169491525,0.7692307692307693,1.2955465587044535,1.0,0.01208289194915254,1.760416666666667,0.24499431171786115,0.08688097306689835,0.4319526627218936,0.42921841762162904
"MongoDB, Linux",Python,0.06991525423728813,0.59375,0.05349576271186441,0.7651515151515152,1.2886762360446573,1.0,0.011983580508474583,1.7298387096774201,0.2408489140485804,0.0876736111111111,0.42191142191142217,0.4276248209120645
"AWS, Terraform",Python,0.059322033898305086,0.59375,0.045021186440677964,0.7589285714285714,1.2781954887218046,1.0,0.009798728813559317,1.685185185185185,0.23137254901960772,0.0740418118466899,0.40659340659340654,0.4173768637695935
"Docker, AWS",Python,0.06302966101694915,0.59375,0.04766949152542373,0.7563025210084033,1.2737726669615215,1.0,0.010245630296610166,1.6670258620689653,0.22938885748382631,0.07826086956521738,0.4001292824822236,0.41829399020982166
"Python, Linux",Git,0.2648305084745763,0.5026483050847458,0.16896186440677965,0.6379999999999999,1.2692771338250788,1.0,0.03584525818730247,1.3738997097106467,0.2885728998220301,0.2823008849557522,0.2721448349307772,0.48707165437302413
JavaScript,SQL,0.3432203389830508,0.4793432203389831,0.2086864406779661,0.6080246913580247,1.2684537207557465,1.0,0.04416609810399311,1.3282897370879487,0.3222367774684788,0.3399482312338222,0.2471522047649549,0.521691903690062
"Docker, Grafana",Python,0.03177966101694915,0.59375,0.023834745762711863,0.75,1.263157894736842,1.0,0.004965572033898306,1.625,0.21517140773158283,0.039612676056338024,0.38461538461538464,0.39507136485280997
"SQL, MongoDB",Python,0.15625,0.59375,0.1170550847457627,0.7491525423728813,1.261730597680642,1.0,0.024281647245762705,1.6195101351351349,0.24585218702865758,0.18493723849372384,0.38252933507170783,0.4731489741302408
"SQL, PostgreSQL",Git,0.07786016949152542,0.5026483050847458,0.04925847457627119,0.6326530612244898,1.2586395991484054,1.0,0.010122192347744897,1.3539018361581923,0.222841896574086,0.09272183449651047,0.26139401447479954,0.36532547687146516
Firewalls,Python,0.03760593220338983,0.59375,0.028072033898305086,0.7464788732394367,1.2572275759822091,1.0,0.0057435116525423775,1.6024305555555562,0.21259384637750403,0.046532045654082525,0.3759479956663058,0.39687904411302793
Network Security,Python,0.03760593220338983,0.59375,0.028072033898305086,0.7464788732394367,1.2572275759822091,1.0,0.0057435116525423775,1.6024305555555562,0.21259384637750403,0.046532045654082525,0.3759479956663058,0.39687904411302793
Bash,Git,0.048728813559322036,0.5026483050847458,0.03072033898305085,0.6304347826086957,1.2542264168232007,1.0,0.00622688343866705,1.3457751744765702,0.21307887259043082,0.059003051881993895,0.2569338334027874,0.345775873917625
"Kubernetes, Linux",Python,0.0614406779661017,0.59375,0.045550847457627115,0.7413793103448275,1.248638838475499,1.0,0.00907044491525423,1.5708333333333329,0.21216336815580855,0.07471763683753259,0.3633952254641908,0.40904826355778395
"Docker, Bash",Python,0.03072033898305085,0.59375,0.022775423728813558,0.7413793103448275,1.248638838475499,1.0,0.004535222457627115,1.5708333333333329,0.2054390646842037,0.037852112676056336,0.3633952254641908,0.38986895936509885
Terraform,Python,0.07733050847457627,0.59375,0.057203389830508475,0.7397260273972602,1.2458543619322278,1.0,0.011288400423728813,1.5608552631578945,0.21387719522047877,0.09318377911993098,0.35932560590094825,0.4180342893453741
"Kubernetes, Terraform",Python,0.06038135593220339,0.59375,0.04449152542372881,0.7368421052631579,1.2409972299168974,1.0,0.00864009533898305,1.5437499999999997,0.2066757932034144,0.07298001737619461,0.35222672064777316,0.40588760035682425
"Docker, Kubernetes",Python,0.06038135593220339,0.59375,0.04449152542372881,0.7368421052631579,1.2409972299168974,1.0,0.00864009533898305,1.5437499999999997,0.2066757932034144,0.07298001737619461,0.35222672064777316,0.40588760035682425
MongoDB,Python,0.20021186440677965,0.59375,0.1472457627118644,0.7354497354497355,1.238652186020607,1.0,0.02836996822033898,1.535625,0.24090237743579967,0.22768222768222768,0.3487993487993488,0.4917212994822272
"Prometheus, Linux",Python,0.028601694915254237,0.59375,0.02065677966101695,0.7222222222222222,1.2163742690058479,1.0,0.0036745233050847446,1.4625,0.18312222129016015,0.03433098591549296,0.3162393162393162,0.3785062939835464
"Ansible, Grafana",Python,0.028601694915254237,0.59375,0.02065677966101695,0.7222222222222222,1.2163742690058479,1.0,0.0036745233050847446,1.4625,0.18312222129016015,0.03433098591549296,0.3162393162393162,0.3785062939835464
"Linux, Grafana",Python,0.03389830508474576,0.59375,0.024364406779661018,0.71875,1.2105263157894737,1.0,0.004237288135593223,1.4444444444444444,0.1800152555301298,0.04038630377524144,0.3076923076923077,0.37989239518287243
"Prometheus, Grafana",Python,0.028072033898305086,0.59375,0.020127118644067795,0.7169811320754716,1.2075471698113207,1.0,0.003459348516949151,1.4354166666666663,0.17683923705722063,0.03345070422535211,0.30333817126269946,0.3754397185801087
"Docker, Linux",Git,0.13029661016949154,0.5026483050847458,0.07891949152542373,0.605691056910569,1.2049997001550625,1.0,0.01342612126544096,1.2613249170015723,0.1956118336616828,0.1424474187380497,0.20718287055075002,0.3813492165480137
Linux,Git,0.3432203389830508,0.5026483050847458,0.2076271186440678,0.6049382716049383,1.2035020619495505,1.0,0.035107996983625406,1.2589214777542372,0.2574555628703095,0.3253112033195021,0.2056692830565745,0.5090023286370319
